:020000041100E9
:103000007FB50023284C294D03932800217C284AB2
:1030100001F0C3F9002812D103232800217C03AA60
:1030200001F062F900280AD1224B039A9A4206D194
:10303000214B2248E360224B636104B070BD02263D
:10304000217CFE2228001F4B009601F01FF900286A
:1030500001D00020F1E71C4BA2899A42F9D1217CD2
:10306000FF222800194B009601F010F90028F0D13A
:10307000E389174A934203D1164B17486361DCE793
:10308000164A9342E5D1164B164A1B68934206D95D
:10309000C02304222800217C9B0001F060F9124B20
:1030A00012486361C9E7C0468C61FF1FEC41FF1FF6
:1030B00081370000595953005959832054C10011D8
:1030C000ED4000119861FF1F595900009A61FF1FE0
:1030D00083050000A540001134C1001182150000D5
:1030E000B061FF1F871300004141001144C100116E
:1030F00070B5134D2B7C002B0DD0124C200001F02D
:1031000073F8297C382907D1BA22200001F016F97A
:10311000200001F0A7F870BDEB890B4A934206D15D
:103120009023022220001B0201F019F9F0E7074A60
:103130009342EDD12000064A01F02FF9E8E7C0469E
:103140008C61FF1FEC41FF1F8305000083200000FE
:10315000A23000000022024B1A825A617047C0461A
:103160008C61FF1FF7B5164B0192C318021D00209A
:10317000009388235B05D3181B685C1C1AD09CB293
:10318000402C18D88D781E0CAC466746CD782D02A1
:103190003D43AE4206D1019800280ED110000C70BC
:1031A000240A4C7003249BB20733A343D218009B1C
:1031B0009A42DED3FEBD4432F9E71000FAE7C0467A
:1031C000FC0F0000802213B503000324019189B293
:1031D000520107319B18A14304305A1A88235B051A
:1031E000C3181B68591C03D190429241104016BD70
:1031F00099B2402907D80B000733A343C018904267
:10320000ECD30020F3E74430F9E7134B134A1B6873
:10321000126810B5FA24934201D81A00F824104B12
:10322000E4021B689A4210D813000E4A12689A42B0
:103230000ED3013307D1F823DB029C4203D10A49A4
:10324000054808F045FE200010BDFC24E402ECE730
:10325000FE24E402F7E7C04600C0071100D00711C2
:1032600000E0071100F00711FFFFFF7FF0B59BB0F2
:10327000150003900491402A5CD806AC618022803E
:10328000FFF7C3FF002221000600FFF76BFF0528B0
:103290000FD92388AB420CD1002D07D0504B2A0008
:1032A0000399C01808F054FC002802D101201BB07B
:1032B000F0BD258030000699FFF784FF041E79D108
:1032C000069B0793FFF7A1FF80235B01C6188023AD
:1032D00007001B039E4201D1F826F60288235B05F6
:1032E000F31801931B68013302D0019808F080FEA7
:1032F0003C49019808F0ECFD3B1D0293331D0593FA
:103300008822029B52059B181B6808935A1C13D1F4
:1033100088235B05FF1839680198013908F0D8FD4A
:10332000380008F065FE30000799FFF74BFF0400F6
:10333000002C41D10020BAE744219AB20091402AE2
:1033400004D80320D11D814389B2009104991B0C3C
:103350008B4224D0402A22D80122300008A9FFF74E
:1033600001FF021E1BD1380008A9FFF7FBFE040075
:103370000428DDD9009A059B9B1880225201B218BF
:1033800093422AD288235B05C118009A09A808F045
:103390000FFC134B009A09A9F01808F029FB009ABA
:1033A000029B9446634402930F4B029AFB189A4285
:1033B000A6D3ADE70428BDD088235B05E0180699A5
:1033C00008F086FD0323EA1C9A4300D16EE7044B04
:1033D0000399E01808F00CFB68E70424ECE7C0460A
:1033E00004000011FFFFFF7FF80F000073B5040019
:1033F0001600402A1ED801AD6980FFF706FF0022A3
:1034000029002A80FFF7AEFE042810D92D88002E4F
:103410000BD0002C09D0321CAE4200D92A1C074B1D
:1034200092B2C118200008F0C3FB28B276BDC04399
:1034300000B2FBE703204042F8E7C0460400001159
:1034400037B5042204000D0001A81649FFF7CEFF8E
:10345000020004280BD1019BA34208D3AB4204D045
:10346000104901A80195FFF701FF01203EBD0E4C58
:1034700023682000019308F0BBFD01992000013969
:10348000019108F025FD80235B01E418074B9C4265
:10349000EED10422034901A80195FFF7E7FE0020C1
:1034A000E4E7C0465555000000C0071100000811B0
:1034B000802270B5984C994BD200002120001C60EE
:1034C00008F05EFB2300964A88331A60954B1A7801
:1034D0006A23002A00D01133E3620A232365924B4A
:1034E00037221B780821A363904B6018E3611023F7
:1034F00023628F4B3B256361C823DB00A36123005C
:103500008C331A602823013AE26321646364C26742
:10351000043A201DC2672000BC3005602000C03086
:1035200001602000C430036020000635CC30056007
:103530002000083DC83005602000D0300260220025
:10354000D43211602200D832136022000226E03209
:10355000200016604222DC30026020001B3DE43077
:1035600005602000E83001602000EC30036023009B
:103570000520F43318602300F0331A60230018325A
:1035800090331A6023009433196023001E3A983355
:103590001A60AF23DB002360664BFA252363A63B4A
:1035A0009C46A360644B6548E36063462361644BBB
:1035B000AD00A3642300FC331D60A0627320E065AE
:1035C0006D386065A06596205E4A8000E2646562A1
:1035D00059606666A06600260920A667E0665A4E16
:1035E0005A48616721002067E267326015269C31E6
:1035F00066600E001A2131602100A0310E002121E9
:1036000031602100A8310E004D4931602100F831B0
:103610000D6021006426A4310E6021005F3EAC31B4
:103620000E602100033EB0310E602600B436350036
:10363000C8262E602600B836350000262E603825B4
:103640009D60434D96215D64424D5A66DD61424D59
:103650009A645D62F53DFF3D9D621E259A67364A7C
:103660008900DD661E675E671962D8651866DA67CD
:10367000BE233A4A5B00E250394BD83963500431DB
:103680006250C4225200A350C6236246E4205B006D
:10369000E2500433E2503349334A344BD160344969
:1036A000800019503349E938FF3819503249043045
:1036B000195032493248D16132491163324951635C
:1036C0001900F4310860CE203049400011603049C3
:1036D000195019002F48F83108602F49D16582210F
:1036E0002E4A89005A501A002D490832D1671A0013
:1036F0002C49B432116088212B4A89005A501A0093
:103700002A49883211602A4ADA6408F011FB012044
:1037100008F07EFB70BDC0460004FF1F9C64FF1FC5
:10372000B06FFF1F1844FF1F4A0AFF1F3A0700002F
:1037300080C3C9019A020000DC0500006A1800007D
:1037400050C3000088130000F009FF1F204E000046
:103750006509FF1F68100000C409000040420F0007
:1037600010270000CD1BFF1FFC00FF1F0000FF1FE4
:103770005D2CFF1FE52FFF1F7D2EFF1F951FFF1FD5
:10378000B126FF1FB11FFF1F6521FF1F211FFF1F54
:10379000DD28FF1FC529FF1F9919FF1FE927FF1FFC
:1037A000F924FF1F0525FF1F211EFF1FD91EFF1F24
:1037B000991DFF1F064B074A1B68591C06D01900AC
:1037C0003231642902D85BB2137070470023FBE7E3
:1037D000081E0011680AFF1F1F20074B074A1968BF
:1037E000814204D8136883430B4313607047116808
:1037F00009238143F8E7C0460C1E0011BCF00040CD
:1038000070477047704700000223F0B5012400277D
:103810004C4E4D4D8FB033704C4B2C7019684C4A48
:1038200091701F6008F08CF9FFF742FE08F058FA1B
:103830001F22484B1A70484B1C70484B1F70FFF7F3
:10384000CBFF602346490A689A43403B13430B6011
:1038500008F0D6F908F0DCF808F01AFAC120FF21C8
:10386000404B80001A588A431A50C522920098583B
:103870008843BF390143995098583B4908408021FB
:10388000C9010143802099509958C0050902090ACD
:103890000143995080213548490108F011FB032369
:1038A0002200334901940093324808F0A1F92C22F8
:1038B000314903A808F07CF903AC6178207806F060
:1038C0000DFD02340EABA342F7D12C4C2C4B2268D9
:1038D00003201A40A023DB021343236080232268C5
:1038E0009B04134323602268264B1A4080239B03CA
:1038F00013432360244A254B934200D8012008F04B
:1039000027FB08F0CDF980232268DB0413432360F2
:10391000307808F065FB2878C0B208F029F908F083
:103920007FFB1B49042008F05BF906F0EFFE00F076
:1039300031F800F04BFD00F0E7FD00F0E5F9002064
:103940000FB0F0BD4A0AFF1F1844FF1F34F00040BB
:10395000BC61FF1F480AFF1F490AFF1F680AFF1FBB
:10396000BCF0004000E100E0FF00FFFF1C44FF1F2F
:10397000A056FF1F1C54FF1F50C0001114F0004040
:10398000FF7FF8FFFFFF9FFF0080FF1FB06FFF1F4B
:103990003B000108002210B51100112008F0A8F921
:1039A00010BD0000F8B500230926374F374C3B62A5
:1039B000E3681120B343E36008F0D2F8112008F067
:1039C000EFFA112008F074F9402322688025134390
:1039D000236080236268DB0213436360A3682C4A80
:1039E0002B43A360A36802211340A3608023A26835
:1039F0009B0113431022A360236C0720934323648D
:103A0000236C0F3A1343236480235B003B62226BD9
:103A1000204B1A402263626B1A406263A26B1A4009
:103A2000A263E26B1340E363E3681B4A1340E36065
:103A300006F054FC0121072006F064FD174B11200D
:103A40005A6C15435D6408F053FAFD21144B154A76
:103A500089005A508023C720626B5B031343636362
:103A6000E36880003343E3600F4B104A195811405C
:103A7000802212020A431A50802292051A600822FC
:103A80000B4B5A63F8BDC04600F000403CF00040CC
:103A9000FFFFDFFFEFFFEFFFFFFF7FFF003800407A
:103AA0000000FF1F5D18FF1F00E100E0FF00FFFFA7
:103AB0000000054010B5FFF71BFBE120C00408F033
:103AC0005FFA10BD70B51A4CE388002B2AD0FA2299
:103AD000D200934201D2FFF7EDFF2368E088A68869
:103AE000C0188023711C89B2124D2060A1809B00F8
:103AF000994218D3420A93B2C21AEB802260A68080
:103B00000D4A642093420AD8FA220020D200934240
:103B100005D90A21180008F07BF8C838C0B2002384
:103B20002872E38070BD08F033F983B2EB80E7E7D9
:103B30001861FF1FA461FF1FB70B000030B503A879
:103B400004880B20002C0ED14968074D087849786D
:103B5000090201430A20A94205D101212000198050
:103B6000024B1B7A137030BD192A0000A461FF1F9D
:103B7000F7B5150008AA16884A680F4F14785278CE
:103B8000120222430A24BA4214D10122DBB201926A
:103B900000962A0007F034FE041E0BD1074B1B6869
:103BA000002B07D068782A78000210434242504127
:103BB000013098472000FEBD022900002861FF1F48
:103BC00030B5012503790400BFB02B4211D00A495A
:103BD000408807F085F928420BD0084B01A95B8D7E
:103BE0004D800B80064B00221B7A60880B7104F01D
:103BF00039F93FB030BDC0462061FF1F6040FF1F54
:103C0000A461FF1F10B50549054807F01FF90421FD
:103C1000044A054807F0DCF810BDC0462061FF1FCC
:103C2000FFFF00007CC000116040FF1F10B502487C
:103C300004F09CFF10BDC046C13B0011012303707E
:103C40000B4B1A7A4270022282709A78C270DA782C
:103C50000271032242711A7982715A79C2710C225F
:103C600002729A794272DB7983720B207047C046E8
:103C7000A461FF1F022310B50370013B437005339D
:103C8000837010330371443B43712A33837144338F
:103C9000C37100230372054B04001B8843720A3072
:103CA000FFF7CCFF11231520E37010BDA461FF1FA7
:103CB00010B5142008F02CF8124B142200211860C3
:103CC00007F05EFF002008F0F3F8012008F040F84C
:103CD000022008F045F8032004F0EAF9042006F079
:103CE00003FA052003F0D4FB062004F0F5F80720C2
:103CF00001F08AFC082007F04BF8092001F020F9B8
:103D000010BDC0462C61FF1F08F08AF8012007F0A3
:103D100087FE08F0B5F80000094B10B50400984282
:103D200005D0012904D12000064907F08FF810BD05
:103D30000229FCD1013904F0D3FE0028F3D0F6E7C4
:103D4000FEFF00005261FF1F70B50D7A100004AA3B
:103D50002C00168810221440154220D1002E20D1AC
:103D60000A78022A18D14A68517815780E4A090251
:103D70002943914205D00D4A914209D01C800A2462
:103D800004E014220A491A8007F012FF200070BDD7
:103D90000C2208491A80F7E71C800124F6E7082462
:103DA000F4E70B24F2E7C046F3FF0000F4FF000045
:103DB000A842FF1F70C1001110B504000749084850
:103DC00007F044F8074804F00DFE0020E40704D58E
:103DD0000721054A054806F0FBFF10BD5261FF1F91
:103DE000FFFF0000193D0011C0C00011A440FF1FDB
:103DF00010B50B4BBEB01A780A4902A800F038FD86
:103E000001AC80B26080002808D0074B00221B88DC
:103E100021002380054B188804F024F83EB010BD23
:103E20003061FF1F3161FF1FFE40FF1F0842FF1F6F
:103E300010B50B4BBEB01A780A4902A801F032FE49
:103E400001AC80B26080002808D0074B00225B8D57
:103E500021002380054B188804F004F83EB010BD03
:103E60005A61FF1F5B61FF1FA440FF1F0842FF1F35
:103E7000F7B50E00377A1C0008AB11003D001A8818
:103E800020231D401F423CD13378022B3BD1736865
:103E90001F785B781B023B431E4FBB4208D01E4F6E
:103EA000BB4214D01D4DAB4221D00A252800FEBDD7
:103EB000002A2AD1142C2AD82200F06807F078FEB4
:103EC000174B1C70012CF1D9FFF7B2FFEEE7002A67
:103ED0001BD1202C1BD82200F06807F069FE114B83
:103EE00004211C70104B187807F06AFEDEE7E3B27D
:103EF0000124009201940A00310007F081FC0500C2
:103F0000D4E70825D2E70125D0E70B25CEE70D251C
:103F1000CCE7C046F3FF0000F4FF000002290000D8
:103F20005A61FF1F3061FF1F5162FF1F332310B51D
:103F3000040003700A220749013007F039FE064BDE
:103F40000F201B681A0AE37222731A0C1B0E62738D
:103F5000A37310BDA461FF1FCC61FF1F30B5012505
:103F600003790400BFB02B4213D00B49408806F000
:103F7000B7FF28420DD0094B01AD1B8802A82B804A
:103F8000FFF7D4FF0F236B8000222900608803F025
:103F900069FF3FB030BDC0465261FF1FFE40FF1FAA
:103FA00010B5024804F0E2FD10BDC0465D3F0011AF
:103FB00070B5160004AA148805AA15784A685078C6
:103FC000117800022A4A0843801805284BD807F0C8
:103FD000FFFF03131E29343F07221000062C0AD8C6
:103FE000121BAA4200D92A0022491A80300009195E
:103FF00007F0DEFD002070BD0720112CFBD8122237
:10400000121BAA4200D92A001B491A80EEE707209A
:104010000E2CF0D80F22121BAA4200D92A001749F1
:104020001A80E3E70720032CE5D80422121BAA42DA
:1040300000D92A0012491A80D8E707221000062C5E
:10404000D9D8121BAA4200D92A000E491A80CDE7FE
:1040500007221000062CCED8121BAA4200D92A0033
:1040600009491A80C2E700220A201A80C3E7C04625
:10407000DCD5FFFF11C100117861FF1F01C10011E4
:10408000FCC00011F4C00011ECC0001110B50D21EE
:10409000024A034806F09CFE10BDC046E0C0001175
:1040A0001441FF1F37B50F4C01AD04232A00217CBA
:1040B00000F01AF9002813D12988236849BA89B277
:1040C0004B4321891B0C5B18074A6988538049BA06
:1040D000636889B24B4361891B0C5B1893803EBDBA
:1040E0000120FCE78C61FF1FA461FF1F37B5124C54
:1040F00006236A46217C6D4600F0F6F8002818D1A8
:104100002988236849BA89B24B4321890B4A1B0C81
:104110005B1853806B4603335B78E9781B020B43D3
:104120005BBA61689BB24B4361891B0C5B1893803F
:104130003EBD0120FCE7C0468C61FF1FA461FF1F4C
:10414000F0B5022785B0154C03AD217C2B00002271
:104150000097060000F09AF8002802D0012005B070
:10416000F0BD0E23217C0122300000976B4400F04B
:104170008DF80028F2D129882368C9BA4B432189D8
:104180001B145B18064A6988538049BA636889B270
:104190004B4361891B0C5B189380E0E78C61FF1F28
:1041A000A461FF1F10B500F0F1FA034A0020138844
:1041B0000133138010BDC046A461FF1F10B500F08D
:1041C000CFFA10BD10B58024064AA4001168436BD5
:1041D000234205D113685B1A032BF8D9012010BDC7
:1041E0000020FCE76008FF1F70B5C17905000C00D6
:1041F000631E9C411A4BE402E41849000460C9B2F2
:10420000007906F0B5F9E979687949000131C9B258
:1042100006F0AEF9E8790930C0B207F049FD002395
:10422000E36661332360AA795B3B002A0ED02268E3
:104230009A43023B134323600A23E361073323625B
:1042400000232363A3630133E36370BD22689A43B1
:10425000022313432360462363610633A361EFE720
:104260000050004070B5002504000368DD66C07989
:104270000930C0B207F074FC2900207906F014F967
:104280002900607906F010F970BD0000F8B51E0035
:1042900006AB1D78002304681700E366616007F031
:1042A000C7FE01238022E3662B0027615200013BF9
:1042B00008D207F0D5FD08200A4A1168002D03D165
:1042C0002800F8BD2261F2E7236F034203D023697F
:1042D000013D3370013613685B1A032BEED90125BB
:1042E000EEE7C0466008FF1F70B51C00002305689C
:1042F0001600EB66696007F09BFE01238022EB66E7
:1043000023005200013B08D207F0AAFD08200A4A08
:104310001168002C03D1200070BD2A61F2E72B6FD9
:10432000034203D02B69013C3370013613685B1ADA
:10433000032BEED90124EEE76008FF1F002370B5C0
:1043400004681500E366616007F072FE0123E3660E
:10435000256107F085FD2000FFF734FF70BD70B5C3
:104360001D00002304681600E366616007F060FE2C
:104370000123E36626610F33626B1A42FCD02B0ADD
:1043800023611023626B1A42FCD0EDB2256107F065
:1043900067FD2000FFF716FF70BD002370B50468AD
:1043A0001500E366616007F043FE0123E3662B0A14
:1043B00023611023626B1A42FCD0EDB2256107F035
:1043C0004FFD2000FFF7FEFE70BD000010B5084C49
:1043D000E368002B08D18022064B52021B689B1811
:1043E0006360054B1B68236007F0BAFDA06010BD39
:1043F000CC61FF1FC8F00040CCF00040F0B5184A77
:10440000936A916A9942FBD116498A689A421FD3EE
:104410009A1A8B60144B4C68186893B2D2024343CB
:10442000D20E42431B0A08681B1912029B18002473
:10443000020001270D4D4B60561CAB420BD8002CDF
:1044400001D010000CC10A4A13600A4B1860F0BD7D
:10445000581E821ADDE7084A3C009B183200EBE741
:1044600000F00040CC61FF1F140AFF1F40420F0004
:10447000C8F00040CCF00040C0BDF0FF70B5194C52
:1044800023793F2B01D93F232371174A13701078EA
:10449000C0B207F035FD1823144A15491380154A98
:1044A0000B8013804B80A0790C3B421C534380222D
:1044B0001201934213D81A00CB80A0230E4D88809E
:1044C00028800E486371823B028023720C4A0D4B98
:1044D0001A60E379052B01D81023E37170BD130036
:1044E000EAE7C046C061FF1F480AFF1F0642FF1FE0
:1044F000C443FF1F0442FF1F0242FF1F0042FF1F71
:10450000E0930400B061FF1FF8B521210020FEF701
:1045100097FF114C011E114D09D10C22104BC1CB3C
:10452000C1C4280007F02CFBFFF7A8FFF8BD0C2240
:1045300020000C49FEF75AFF0C2802D0084B43CB51
:1045400043C40C2228000849FEF750FF0C28EBD08A
:104550000C220021E5E7C046C061FF1F8C61FF1FF0
:1045600064C10011FC0C0000F50C000010B50C2219
:1045700002480349FEF77AFE10BDC046C061FF1F26
:10458000FC0C0000F0B51D4C8022A54404008820DE
:1045900069465201400507F093FB902212016A44DC
:1045A0001300200032C832C316C816C38023144C2F
:1045B000144FA6689B033343A3603B6007F030FBB6
:1045C0008823A0685B05C01807F012FD002588232A
:1045D00029008022A0685B05C01840196944520078
:1045E00007F006FA80230135FF355B019D42EED1CD
:1045F000A6603E60044B9D44F0BDC046FCEFFFFF4B
:104600003843FF1F9808FF1F0410000003780021A3
:10461000013BF0B5012B05D82B4B2C4C2C4E027ACC
:10462000914200DBF0BD4268575C1A6901321A61A1
:1046300022783F2A06D8227894460132D2B22270DC
:104640006246B754522F05D101221F705A739A73D4
:104650000131E4E79A7B002A30D05A7B94466546C4
:104660000132D2B25A735F550C2AF1D91A7B452A0E
:1046700005D0DA8A013292B2DA820022E7E7012716
:104680009A8A013292B29A829A1CD7771A79DF7885
:1046900012023A4312B21A839A795F7912023A43AC
:1046A00012B25A835A781F7A1A779A785A775A7AB6
:1046B0009A77DA79DA775A1CD777DEE7DA8A013225
:1046C00092B2DA82C4E7C046EC61FF1F1062FF1F9E
:1046D0001162FF1FF0B51C4B89B018002422002185
:1046E0001E0007F04DFA40220021184807F048FA52
:1046F0000022174B00211A700A3202ABD01807F0C3
:104700003FFA144B04AC238096239B0105930123AD
:1047100021002372104B114A0793A1C9A1C2136053
:104720000022049800920599069A06F013F90400F5
:1047300062426241F31CDA77002802D1082007F0B8
:10474000D7FB200009B0F0BDEC61FF1F1162FF1F15
:104750001062FF1FFF0600000D460011DC61FF1F05
:1047600007B5084BDB7F002B0BD0002006F02EF99D
:104770000022054B00920FCB06F0ECF8082007F062
:10478000B7FB07BDEF61FF1FDC61FF1F10B5124BC8
:10479000124ADB7F1249002B0CD0138B4B80538BBA
:1047A0001BB28B800332D37F002B02D0082007F08E
:1047B00017F910BD938A002B0AD0938A5B429BB2F3
:1047C0004B80D38A002B05D0D38A5B429BB2E7E7AC
:1047D000044BF5E7034BE3E7EE61FF1FEC61FF1FBE
:1047E000A461FF1FFFFF0000F0B587B0051E6C46F7
:1047F00027D0684607F024FC1B4D022806D106226C
:104800006946280007F0A4F9002818D00F222100DB
:104810000023012094460600EA5C01331709103793
:10482000BE403700664632400600964032003A43AA
:104830004A610439062BEED12000FFF7A3FE07B032
:10484000F0BD18226946094807F03AFAAB00E35870
:10485000013305D01822FF21200007F091F9EBE782
:104860000135062DF2D1EAE76509FF1F00090011A5
:10487000F0B5002604000F00150085B0B24200D14B
:1048800084E08A784B1C01934B7812021A43CB7850
:1048900008781B0413430A79207012061A43009209
:1048A00003926670252800D190E033D8112813D8E0
:1048B00007F07EFB66001501150115011501A40026
:1048C000B200AB0015011501150115011501150107
:1048D00015011501EF000F01232800D1C7E0DB28E7
:1048E00000D0C3E1042D00D8ABE0052D00D18FE14D
:1048F0006E1F32000098791D07F05AF90522390021
:10490000200007F055F932000099601D07F050F9BA
:104910002E003BE0562853D00FD8332800D1A1E019
:10492000552836D02628DAD1BB4D13223100280075
:1049300007F026F9FEF70EFC57E0712800D172E06F
:10494000722800D184E0DC28C9D1022D00D878E09B
:104950004B7863708B78A3706B461E88032D05D04F
:10496000033DC81CAAB23100FEF780FC31001022C2
:10497000E01CFEF73BFDC61C002807DA60706DE006
:104980000C222000A54907F013F90C26300005B0D1
:10499000F0BD6A1EA24D0C2A10D8002A07D02800AC
:1049A000019907F005F9FFF769FDFFF7DFFD0C221C
:1049B0002900601C07F0FCF80D26E7E70C22EEE763
:1049C000974D984B2A0043CB43C2ECE76A1E924DA9
:1049D0000C2A11D8002A08D00199280007F0E8F81D
:1049E0000C2228009049FEF741FC13222900601C8C
:1049F00007F0DEF81426C9E70C22EDE706228B4902
:104A0000601C07F0D5F80626C0E712228849601C12
:104A100007F0CEF81326B9E708228649601C07F094
:104A2000C7F80926B2E7012D0ED04978F02908D839
:104A3000814D288801F090FC804B2A885200D35A7F
:104A400000E0FF23637009E07B4A7C4B1288F5E7A6
:104A50007B4B012D04D04A785A706270022695E78C
:104A60005B78EFE72000FFF761FA06008EE7042D80
:104A700005D9744D009B2B6007F072FAA860FFF710
:104A8000BDFC0422039003A9601C07F091F80526E1
:104A90007CE76D4E062D15D906223000019907F0EE
:104AA00057F800280ED006220199300007F080F850
:104AB000062266493000FEF7D9FB0123604A51788F
:104AC0000B43537031000622601C07F071F8072673
:104AD0005CE7012DB5D04878FFF786FEBEE70128D8
:104AE0001FD15B4AAB1E0092132B06D84B78002BCC
:104AF0000BD100F093F900F0C9F9564B00991E78DC
:104B0000601C721E07F054F840E7013D2A0001992D
:104B1000009807F04DF850490098AAB2FEF7A6FB9E
:104B2000E9E7032800D0DAE6012D2CD120700C2310
:104B30004A4A6370D27F4A4BA2709A1CD27F1026D9
:104B4000E2701A6922711A69120A62711A69120CEA
:104B5000A2711A69120EE2719A8A22729A8A120A54
:104B60006272DA8AA272DA8A120AE2721A8B2273EB
:104B70001A8B12B2121262735A8BA2735B8B1BB226
:104B80001B12E37302E74B782070002BCFD0012B70
:104B90001BD10B336370324B0B261A8BA2701A8B0E
:104BA00012B21212E2705A8B22715A8B013312B276
:104BB00012126271DA7EA2711A7FE2715A7F22723A
:104BC0009A7F6272DB7FA372E0E6032B00D038E7A6
:104BD000022D00D135E70C22224B89781878042663
:104BE000A07018786270E170884200D8CEE61B7819
:104BF0005B1A1E1CDBB2934200D9161C1A4BF6B28C
:104C00003200201DC918043606F0D2FFF6B2BDE608
:104C10001525102672E6C0468C61FF1F70C1001179
:104C2000C061FF1F64C10011F50C00009861FF1FF7
:104C30007861FF1F3C43FF1F0842FF1FA064FF1F56
:104C4000BC61FF1FCC61FF1F6509FF1FADAC0000F9
:104C50003164FF1F2F64FF1FAEDE0000EF61FF1FF6
:104C6000EC61FF1F1062FF1F1162FF1FDA2800D0E6
:104C7000E7E6042D00D8E4E6082D17D9BB797A7948
:104C80001B021343FA7912041A433B7A1B0613439F
:104C9000009A1360009B05221B68390020000393D3
:104CA00006F086FF0422601D03A9B8E6FE236370A8
:104CB000F0E7C04670470000020010B5094B0A3209
:104CC000094C92B2DA815A8298811882207802F0D7
:104CD0001FFA0422054B012120781A7006F070FF9C
:104CE00010BDC046C642FF1F7A64FF1F7964FF1FD4
:104CF000013870B5042809D807F06AF903092808B3
:104D00001200224B0221187806F05AFF70BD1F4B8B
:104D10000821187807F014F900221D4B1A72F5E7E4
:104D2000802200241A4B520060201A81DC7207F0A6
:104D3000DFF8FFF715FD154D08212878154A06F014
:104D4000A7FE2100287806F043FFDFE70F4B08217C
:104D5000187807F0F5F8602006F042FE0E48FEF7DE
:104D600089FF0E4B0E4A9B7993800E4A13800022D6
:104D7000074BDA720132FF321A810B4B5B78002B42
:104D8000C4D00A4A136006F0F3FFBFE75162FF1F69
:104D9000B061FF1F102700001142FF1FC061FF1FFD
:104DA000C443FF1F0242FF1FBC61FF1F34F00040DD
:104DB00010B5012907D1042805D18021024B8900B3
:104DC000187806F0FDFE10BD5162FF1F10B50029D6
:104DD00007D1042805D18021024B8900187806F0FC
:104DE000EFFE10BD5162FF1F0300F0B50A4D8E1893
:104DF000B14202D152008018F0BD0C782F6824090E
:104E00003C5D0F271C700C7801313C402F683C5DE5
:104E10005C700233ECE7C046FC41FF1F1022124BCE
:104E200010B51A700F23114C11492370093A063B33
:104E30001048637006F0BCFE2D2301220E490F4876
:104E40006372FFF7D1FF01220D49FFF7CDFF012269
:104E50000C49FFF7C9FF030000200B49020018703E
:104E6000FEF704FA10BDC0464E64FF1F2F64FF1FFB
:104E700011C100113164FF1F6709FF1F3964FF1F53
:104E80006609FF1F6509FF1FAEDE000070B5134CF9
:104E9000142220001249FEF7A9FA431E114D132BCC
:104EA00019D8AB78002B16D0431C2B7009236B70DC
:104EB00000230019037028780B4B01302900C0B281
:104EC000187006F07DFF297822000139C9B2002050
:104ED00005F09CFE70BDFFF7A1FFECE73164FF1FFA
:104EE000AEDE00002F64FF1F4E64FF1F10B5114B94
:104EF0001A781870002A0ED000280BD10E4B1A78A1
:104F0000062A07D85423D340DB0703D50B4B187868
:104F100002F0FEF810BD0028FCD0074B1B78012BD7
:104F200002D0033B022BF5D8044B0121187806F080
:104F300047FEEFE75264FF1F7964FF1F7A64FF1F8B
:104F400070B54D4E4D4A4E493070042005F0BCFB03
:104F5000FEF700F9FFF7BEFB06F02AFF03224949DE
:104F60004948FFF741FF2D24030004221C704749E4
:104F70000130FFF739FF30230470454D454C437035
:104F800083702E3B062220004349EB87FEF72EFA62
:104F9000062813D0200007F053F8022809D0032177
:104FA000200006F0E5FF8D23E3706E3B237119337B
:104FB0006371062220003849FEF758F9374B1B6809
:104FC000FC335C64FFF762FF0020FFF78FFF344C77
:104FD000344A0121344B1278207802F05BF8334ACE
:104FE000334B12780021207802F054F80122314B23
:104FF0001A70314B9B78552B36D1304B3B325A725D
:105000002F4B304AAB81EA812B826A822021307893
:1050100006F0EEFE0120404205F044FE0120404231
:1050200005F0E0FEFFF732F8FEF7ECFD00F0D2FCF1
:1050300001204042FEF7C0FE012006F069FDF0208D
:1050400001F06EF90121307806F0BAFD307802F0F7
:1050500019FA1D4806F0F4FCFEF7A4FC00226020BB
:10506000110006F045FE70BD6422184B5B79534376
:105070001A000A32C6E7C0465162FF1FCD4D00112B
:10508000B14D00113C43FF1F7861FF1F9861FF1F66
:10509000C642FF1F6509FF1FADAC00009C64FF1FE7
:1050A0007A64FF1F3042FF1F1142FF1F4E64FF1F33
:1050B0002F64FF1F2064FF1FBC61FF1FB061FF1F33
:1050C000C4090000CE0900005262FF1FC061FF1F2B
:1050D000F8B50D008B065DD5674B1B78002B42D0D1
:1050E000FFF78CF9654B664C664E99686268737A77
:1050F0008A1ADB039A4202D36160FEF753FC327ACC
:10510000217A531EDBB2994230D1FFF757F8637A08
:10511000002B25D0013BDBB26372002B20D15A4B10
:105120009B78552B01D106F023FEE37A002B12D099
:105130000023A27AE3729A4202D0A372FEF7C2FC65
:10514000524A534F1388380001331380FEF792FD03
:10515000390006F085FD642370795843FFF7ACFDF4
:10516000237A0133237220206840F8BD9142CED3C8
:1051700000272772FFF716F8A37ABB4202D0A77266
:10518000FEF7A0FC424F3800FEF774FD390006F030
:1051900067FDBCE70BB2002B0ADA3E4B187806F02D
:1051A000BFFD002801D006F093FC80200002DBE761
:1051B0000224214209D0334A314B127A0120023AAB
:1051C0001A72FFF793FE2000CEE70B0721D5FFF7F9
:1051D00015F92A4B2A492B4C98684A68637A821A37
:1051E000DB039A4202D34860FEF7DCFBFEF7DAFFEE
:1051F000FEF7E4FF274B08211878274A06F048FC01
:1052000000F002FC2368DB0701D5FEF7C9FE082089
:10521000AAE7CB0609D5FEF755FC174B1B78002BE8
:1052200001D1FEF703FD10209EE70124214205D0A5
:105230001A4800F0ADF906F033FEC4E78024A4005C
:1052400021420FD0042005F029F80028BBD00A4BDA
:105250001B78002BB7D02622094B11485A72FFF752
:105260002BFDB0E7042408002040214200D17CE758
:10527000FEF7BEFDA7E7C0465264FF1FCC61FF1FCB
:10528000B061FF1FC061FF1FBC61FF1FA461FF1F52
:105290001142FF1F5162FF1F10270000F441FF1F42
:1052A000C4090000F7B50400807807282BD806F061
:1052B0008FFE042A193B3B72A8D96378002B0DD1CD
:1052C00001217C4B19707C4B1A78002A56D07B4800
:1052D0007B4B007801F0DEFE00284FD00722754B93
:1052E0001A704BE061780029F8D1E378002B0BD0DD
:1052F000744A7248744B1278007801F0CBFE6070EB
:105300006378002BEAD1F7BD6A4B1B78022BFAD0E9
:105310006A4D0121287806F0F3FB0028F0D1012125
:10532000287806F04DFCEBE76378002BD6D1614C72
:10533000032807D12378052B02D1013323701DE008
:105340000223FBE7614B624D1A88002A0CD02B78B0
:10535000002B04D0594B0121187806F099FB2378D3
:10536000062B03D1013BE9E72A70F8E7042B10D1A3
:105370000121524B2970187806F022FC554B1B680E
:10538000002BC0D01B68002BBDD04A4A107898472C
:10539000B9E70323D2E76378464D002B28D10622D4
:1053A000211D4D4806F004FC62894C4B4C491A8083
:1053B000A2894C4B1A80E3890B80052129704A4948
:1053C0000A804A4A1380228A494B1A80494B1B782B
:1053D000012B0AD11F2001F01DF8FA22374B920051
:1053E00042430421187806F053FB0022384B77E73C
:1053F000312B00D072E70022354B1A7003232B703B
:10540000BCE706220021344806F092FB0023364A0E
:105410002A4D1380354A04211380354A2878138099
:1054200006F08EFD0821287806F08AFDA379083B56
:105430005A4253411F4A033313701F4B1B78002BF2
:1054400006D0234B28781A78002A06D001F060FE97
:105450000122224B52421A8090E70121197006F076
:10546000AFFBF5E7154F0821387806F069FD637842
:10547000002B00D047E71C4B1C4D0193E388019A99
:105480001B4E1380238904212B8063893878338055
:1054900006F036FB002800D035E7174B1B68002BC1
:1054A00000D130E701983288298800881B68984726
:1054B00029E7C0467964FF1F3042FF1F7A64FF1F4F
:1054C0001142FF1F4E64FF1F2F64FF1F5064FF1F18
:1054D0005264FF1F1464FF1F2164FF1F0842FF1F57
:1054E0002864FF1F2A64FF1F1E64FF1F1C64FF1F28
:1054F0001A64FF1F2064FF1F1064FF1FF0B51A4BD2
:105500001A4F1B883A880400194E1A4D85B09A42EA
:105510000DD832889A420AD3174B1A882B889A42A0
:1055200005D1164A164B12881B889A421AD00520BC
:1055300000F070FF3B8802A90B80338801904B80FC
:105540002B88104D8B800E4B2A781B88CB800E4BFE
:10555000188802F091FD0D4B08212878019A1C70E3
:1055600006F096FA05B0F0BD1E64FF1F0642FF1F4D
:105570000442FF1F0242FF1F1C64FF1F1A64FF1F2B
:105580000042FF1F7A64FF1F0842FF1F1864FF1FBD
:1055900013B50C4B1C78002C11D1002801D00A4BFC
:1055A00018600A4A0A4B11780A4A10780A4A01928E
:1055B0000A4A0092002205F021FA200016BD1124AB
:1055C000FBE7C0467964FF1F1464FF1F7864FF1F68
:1055D0006864FF1F7A64FF1F5464FF1F5864FF1F35
:1055E00010B5064B12201B78052B06D1044B132255
:1055F0001988044B187801F0FBF810BD7964FF1F7F
:105600000842FF1F7A64FF1F10B500240122114BCE
:1056100052421870104B1C70104B1A8001F032FF70
:1056200004220F4B21001A700E480C3206F080FA4B
:10563000102221000C4806F07BFA07220B4B1C605D
:105640000B4B1C700B4B1C700B4B1A700B4B1C70D4
:1056500010BDC0467A64FF1F7964FF1F0842FF1F18
:105660007864FF1F6864FF1F5864FF1F5464FF1FA6
:105670002E64FF1F2D64FF1F0A42FF1F2C64FF1FB3
:1056800010B5FFF70FFE10BDF8B5174C06002578D2
:1056900006A814240078052D23D1B41F134FA5B2FA
:1056A0001824BD421DD88D1FADB2BD4219D8FA25B0
:1056B0006D00AA4215D21D000D4F0A3DADB2BD428C
:1056C0000FD80C4C26800C4C21800C4900240A80F9
:1056D0000B4A1380FFF712FF0A4B0421187806F0DB
:1056E0002FFC2000F8BDC0467964FF1F790C000034
:1056F000750C00000642FF1F0442FF1F0242FF1FFD
:105700000042FF1F7A64FF1F70B50BB20D0086B018
:10571000002B49DA594E307806F002FB041E21D0E6
:105720000378A22B26D0D02B21D0912B17D14378F0
:105730000E2B14D1524B82889A4210D1514B1B78B8
:10574000052B0CD18368032018567F2807D04E4BB9
:105750001B68002B03D05B68002B00D0984720000B
:1057600006F0B6F980200002684006B070BDFFF771
:1057700099FDF4E74379132BF1D10389012B0AD169
:10578000424B1B78022B06D10821307806F0D8FB5B
:10579000FFF726FFE3E7052000F03CFE08210200AA
:1057A000307806F075F9DAE78020C0010142DBD1DC
:1057B000CB0730D5364B1B78002B1DD0314E03ACB8
:1057C0003378052B1AD1023B2370324B21001B7812
:1057D0002372314B1B786372284B187801F0F8FB69
:1057E000002809D00720284B30701B68002B03D0FD
:1057F0001B68002B00D098470120B5E70E20274BEF
:1058000006221B7826492370264B68441B78637058
:1058100006F0CEF9D9E7022308001840194209D052
:10582000184B1B78052B03D11F4B188806F0E8F89E
:10583000022099E70424214203D0FFF75FFE2000F5
:1058400092E7082308001840194200D18DE70F4B5A
:105850001C78012C03D0022C0DD0082084E7134BB8
:10586000134A144914481B88128809880088009438
:10587000FFF70AFFF1E7FFF7B3FEEEE77A64FF1FD9
:10588000051400007964FF1F1464FF1F1864FF1FD4
:105890005264FF1F0A42FF1F2C64FF1F2E64FF1F6C
:1058A0000B42FF1F2D64FF1F0842FF1F0042FF1F16
:1058B0000242FF1F0442FF1F0642FF1F10B502A84D
:1058C00004880B20002C10D1496808784978090217
:1058D00001430C48814209D1022119800A4B5988A1
:1058E0001170DB7800205BB2537010BD074C0A20AA
:1058F000A142FAD102211980034B998811705B797A
:10590000F0E7C0466E2A0000A461FF1F6F2A000066
:10591000F7B5150008AA16884A680F4F1478527810
:10592000120222430A24BA4214D10122DBB20192AC
:1059300000962A0005F064FF041E0BD1074B1B687C
:10594000002B07D068782A78000210434242504169
:10595000013098472000FEBD022900008C64FF1F23
:1059600030B5012503790400BFB02B4225D014497E
:10597000408805F0B5FA28420CD0124B01A95B8D86
:1059800060880B8002234B800F4B00225B888B804A
:1059900002F068FA0D49608805F0A2FAC0070CD53C
:1059A0000B4B01A91B8800220B8002234B80064B66
:1059B0009B888B80608802F055FA3FB030BDC046AE
:1059C0008464FF1F3442FF1FA461FF1F7C64FF1F1C
:1059D0008E42FF1F10B50749074805F037FA0749FF
:1059E000054805F033FA0721054A064805F0F0F9A5
:1059F00010BDC0468464FF1FFFFF00007C64FF1FD2
:105A000090C300113442FF1F10B5024803F0AEF8F6
:105A100010BDC046615900110200F0B501270A48C7
:105A20000A4E51188B1A002B00DCF0BD08241578A3
:105A30004308684038404000805B013C58406D0896
:105A4000002CF5D10132EDE7FFFF0000AAC30011E1
:105A5000F0B500250F269D4200DBF0BD4C5D070927
:105A600044403440A400A05801357840F3E70000DA
:105A700070B50C0088B06B460F2610340A780131DF
:105A80001500120935401D705A700233A142F5D13C
:105A900020236946024AFFF7DBFF08B070BDC0460D
:105AA000B0C30011F0B54E780B7889B036020C0007
:105AB000170001901E43012A61D9954B9E4200D8E0
:105AC00077E001339E421CD1062A17D1CA788B7821
:105AD00012021A430B791B0413434A7912061A4324
:105AE0008C4B5A6100221A705A808B4A5A608B4A3A
:105AF0009A608B4ADA60002009B0F0BD8822520516
:105B0000EEE7884B9E423CD182498B78002B00D037
:105B1000F6E00C2A31D10F22A3789343E2781202E7
:105B200013432279120413436279120613434B6024
:105B3000E279A07912020243207A00041043627ACB
:105B400012060243CA60E27AA07A12020243764841
:105B50004A81834208D804236E49142201980B70AD
:105B600006F026F81420C7E71201D21889235B0536
:105B70009A42F0D801238B70BDE7022AFAD00523A0
:105B8000EAE76A4A01239642E6D1FFF729FD052F8D
:105B90000CD9E378A2781B021343227912041A432A
:105BA00063791B061343624A0393136006F0E0F81F
:105BB000A1E7584D2B78002B9DD1AB78002B00D15D
:105BC000A0E02B8901339BB20093B34200D091E057
:105BD000132AD4D9CF7C8B7C3F02122120001F4393
:105BE000FFF71AFF874200D08EE0002E3DD1E37808
:105BF000A2781B0213432279E96812041A436379DD
:105C00001B06134303930A228B4212D1FF23A37076
:105C1000E370237163716B89002B09D1E37B227CD4
:105C20001B0212041343A27B13431B0901336B8134
:105C300000226B89002B8ED0002A67D1686837015B
:105C40003818000B6B6900030390984205D968610E
:105C500006F0CEF9EB780133EB7068681022A11CD6
:105C6000381805F0C5FE2E8145E76F89009A7B1E26
:105C70009BB293423AD1E278A37812021A43237975
:105C800005A81B04134362796C6812061A43EB687B
:105C900000920392211D0C22049305F089FF01203C
:105CA000260004A940421036FFF7E2FE013F012F13
:105CB00017D1009A0B232861824200D04CE70422BE
:105CC0001C49200005F094FE042203A9686805F031
:105CD000F7FFE968039AFF23914200D13CE7F73BC5
:105CE0003AE73100FFF7C4FE1036DFE70923B74279
:105CF000A4D831E7009BB34200D9FCE607232BE789
:105D0000022329E7032327E7062325E70A2323E7BE
:105D1000FFFE0000A842FF1F00000111FFFF00006E
:105D20005048593601FF0000FFFF001102FF00003C
:105D300034F00040B442FF1F10B5034C0B000122A9
:105D4000210000F06BFA10BDF95E00110B8870B5F0
:105D500006000D000224162B11D92B00032209493D
:105D600000F05CFA041E0AD1074B2A881B88191C14
:105D7000934200D9111C300089B200F0EDFA2000E6
:105D800070BDC046255F0011A264FF1F10B54A78A0
:105D90000400013A0B000220012A07D80A78002AE1
:105DA00004D005222000024900F038FA10BDC04698
:105DB000535F00110A7810B50B0004000220002A7E
:105DC00004D007222000024900F028FA10BDC04686
:105DD000FF5F00110A7810B50B0004000220002AB2
:105DE00004D009222000024900F018FA10BDC04674
:105DF0006560001110B5034C0B000B22210000F070
:105E00000DFA10BD9560001110B5034C0B000D226A
:105E1000210000F003FA10BD0761001110B5034C1A
:105E20000B000F22210000F0F9F910BD6161001193
:105E30000A7810B50B0004000220002A04D01122B9
:105E40002000024900F0EAF910BDC046716100115E
:105E5000002310B51322190000F0E0F910BD000076
:105E600010B5034C0B001722210000F0D7F910BD2C
:105E7000C3610011002310B51922190000F0CEF9FA
:105E800010BD000010B5034C0B001B22210000F0D8
:105E9000C5F910BDFD610011F7B584890D0006003C
:105EA0000121002C22D000238268D3561778002BC2
:105EB0001EDA0C2C1AD90C3CA4B21319408800939A
:105EC000230002F0B4FF431E984101307B06DB0F34
:105ED0006B703F23013C1F40A4B22870AF70AC80B0
:105EE000002C07D0B3680133AB6000210800FEBD71
:105EF0000020EBE7AC60F8E70B7803704B88437049
:105F00004B881B0A83700B79C370042070470420F0
:105F1000022B06D10020537811781B02009A0B4304
:105F2000138070470B8803700B881B0A4370022094
:105F300070470420009983420AD1537810781B02DD
:105F400003430B80D37890781B02034300204B80DF
:105F50007047F8B50D004B7801240021461C0370F2
:105F60002B788B4201D82000F8BD6B78B01C4F1CF9
:105F7000012B10D1890069184B88022233704B889D
:105F8000B9001B0A7370691805F0C2FF04360434A7
:105F9000A4B2F9B2E4E7122359436B185A880431CA
:105FA00032705B8810221B0A7370691805F0B0FF0D
:105FB00012361234ECE770B5049D14001E00052B58
:105FC00001D8042070BD637812781B0213432B8024
:105FD000E378A2781B02134302226B802A71211DF1
:105FE000681D063E05F094FFB2B22A81E92AE8D87E
:105FF0002800A11D0A3005F08BFF0020E2E70023F6
:1060000010B50A789A4201D8900010BD9A008A18FB
:106010005488013304705488DBB2240A4470948895
:1060200084709288120AC2700430EAE710B5110039
:10603000029C062B04D004201022142B01D010BD8A
:10604000022222714B7808781B0203432380CB780D
:1060500088781B02034363800431601D05F058FFFC
:106060000020ECE710B50C788B7804315C43E4B287
:1060700003702200013005F04BFF601C10BD0420AE
:10608000022B06D10020537811781B02009A0B4393
:106090001380704710B50C000A88023105F038FFF4
:1060A000208810BD70B504000D0004981100012B6C
:1060B00001D8042070BD1678527812023243028053
:1060C0000200F13255701470E125002C00D10C351E
:1060D000023B9AB24280AA42EBD80231043005F06A
:1060E00017FF0020E6E70420009983420AD1537885
:1060F00010781B0203430B80D37890781B02034374
:1061000000204B80704710B50C000A88023105F062
:10611000FFFE208810BD000070B501211E00042084
:10612000049C0E400B4218D1CB40DDB28D4214D9F5
:106130000A49DBB2098899420FD32300EE331D7060
:106140003300580011184978165C090231430133B5
:106150002152D9B28D42F4D8002070BDC042FF1F39
:1061600010B50C000A88023105F0D2FE208810BD5F
:1061700010B50C788B7804315C43E4B203702200D4
:10618000013005F0C5FE601C10BD10B5110002986D
:10619000032B01D8042010BD14785278043B12025E
:1061A00022430280CA788C781202224342809AB23B
:1061B0008280EB2AEED80431063005F0A9FE0020DB
:1061C000E9E710B50C000B8803700B881B0A4370BD
:1061D0004B8883704B881B0AC3708A880430063151
:1061E00005F096FEA088043080B210BD0420012B7B
:1061F00003D100201378009A1370704710B50C007B
:106200000B8803700B881B0A43704A8802300431E4
:1062100005F07EFE6088023080B210BDF0B589B016
:1062200003931D4B029242000700D05A019102F0E5
:1062300046F91325061E2CD0029B01240370019BF6
:10624000002B04D0001903999847001984B26B46BB
:106250001B7A5BB2002B0FDA1021380002F040FCF1
:106260001925002812D130003219E1B202F094FD54
:10627000051E0BD10C34A4B2042305A938000B80F1
:106280000C814E6001F0D6FE051E02D0300005F0F4
:1062900007FC280009B0F0BDA064FF1F70B5050021
:1062A0000C0000280CD00020814209D010222000D0
:1062B000044905F02DFE01202B7823736B7863735E
:1062C00070BDC046F0C30011F0B506000D00170008
:1062D0001C0085B002291BD00020102907D1022BF9
:1062E00007D0102B03D115E00020102C08D005B0EA
:1062F000F0BD69463800FFF7D1FF2A0069460BE080
:1063000069463000FFF7CAFF22006946380004E002
:10631000022BE9D12A003900300005F089FBE6E7BD
:10632000031CF02800D9F023032008499AB2013A4F
:106330000B80D317034006499B189B100B80D30F8B
:1063400004499B185B100B807047C046C442FF1F76
:10635000C242FF1FC042FF1F034B1B888B4202D368
:10636000024B4000C1527047C442FF1FA064FF1F90
:10637000014B4000185A7047A064FF1F1722014BC1
:106380001A807047A064FF1F70B5050019482900E6
:10639000FDF737FA1848FDF733FA184E18483178E8
:1063A000FDF72FFA3378FF2B23D00E2005F0A0FB4A
:1063B000010004004B1E99411248FDF722FA002CFF
:1063C00017D0D0232370002306220F49A3706570D5
:1063D000E01C05F09DFD0D4B2100DA8A30786281CA
:1063E0001B7E237305F0CCFC094B01001800FDF760
:1063F00008FA70BD8DC1001193C100111443FF1F35
:10640000A2C10011A8C10011BC64FF1FAC64FF1F32
:10641000AEC10011262803D8024B4000C05A704775
:106420000148FCE7C642FF1FFFFF000073B50600EE
:106430000C00144D00211C22280005F079FB124BA2
:1064400068461E70114B1C7005F0A2FB040010483A
:106450002100FDF7D6F9002C07D000230D482B7042
:106460001224FDF7CDF9200076BD062269460A48C0
:1064700005F04EFD03230948EC822C762B70FDF7C6
:10648000BFF9F0E7AC64FF1F1443FF1FCD64FF1F8B
:10649000B4C10011BBC10011BC64FF1FC9C1001110
:1064A00070B505000D4C0800E260A16010220021CB
:1064B000656005F025FC012803D11021A06802F0D9
:1064C00043FE10220021280005F01AFC012803D108
:1064D0001021606802F038FE70BDC046AC64FF1F3A
:1064E00070B5041E05D1002903D006220B4805F023
:1064F0000FFD0B4B1D78012D0DD1002C05D1022273
:106500001A7005F07DFD280070BD002220001A7071
:10651000FFF73AFFF7E70025F5E7C046BC64FF1F29
:10652000AC64FF1F030010B5002801D1002010BD8E
:106530000078094A002803D15988D1821B79137643
:106540001378022BF2D10023984200D10333137049
:10655000FFF71AFF0120EAE7AC64FF1F002911D002
:1065600000280CD04B79012803D14022524213431A
:1065700003E03F221340032802D001204B717047F3
:106580004022F4E70800FAE770B5094D01002878C9
:1065900000280BD0074C0622200005F0B9FC210092
:1065A0002878FFF7DBFF200005F042FC70BDC046F5
:1065B000CC64FF1FA664FF1F00290AD0012808D160
:1065C0003F224B799343C02B03D0403B5A42534167
:1065D000981C704770B5174D06002B78FF2B15D00F
:1065E0000A2005F085FA041E10D0D0230370C83BA2
:1065F0008370114B11491B784670C370062204301A
:1066000005F086FC2100287805F0BAFB0C4B1B78BE
:10661000012B0DD10B4B1B68002B03D09B68002B6B
:1066200000D09847084B04211878084A05F0B8FBB9
:1066300070BDC0461443FF1FCC64FF1FA664FF1F3C
:10664000C864FF1F4065FF1F4465FF1F60EA00002C
:10665000014B98687047C046AC64FF1F014BDB6874
:1066600018687047AC64FF1F074B10B5DA681368F1
:1066700001331360054B1878FF2803D08021C9012E
:1066800005F09EFA10BDC046AC64FF1F1443FF1F07
:10669000F7B50E0002F0B8F9051E1CD00E4B0662CD
:1066A0001F78002F00D10778AB791020019305F0F7
:1066B0001FFA041E0FD0D0230380C73B8370019BB9
:1066C000E91DC3700622043005F022FC21003800C9
:1066D000E66005F055FBF7BD1243FF1F014B18782C
:1066E0007047C046CC64FF1F054B002805D1054B01
:1066F0001A78054B002A00D1014B18007047C0469C
:10670000BC64FF1FCC64FF1FA664FF1F014B5868C9
:106710007047C046AC64FF1F024B1868431E984187
:10672000C0B27047D064FF1F421E03000120152A2B
:1067300003D9FF3B5A425341D8B27047F0B51C0011
:1067400000230E0085B0039002920B70029A9342D0
:1067500001D3002019E0E55C5A1CD2B2002DF8D01C
:10676000029851198142F4DC0233DFB2A35C1800B5
:106770000193FFF7D9FF002807D0013D019A039943
:10678000EBB233708A4202D1E01905B0F0BDDB19DB
:10679000DBB2DBE710B50C0002F08EF9030012202B
:1067A000002B03D02100588805F062FB10BD0000CB
:1067B00070B50E4D84006359002B15D0186A00285F
:1067C00001D005F005FB2B59586A002801D005F0CF
:1067D000FFFA2B59986A002801D005F0F9FA2859D8
:1067E00005F0F6FA00232B5170BDC046DC64FF1F94
:1067F0001C4B70B504000E00150099420AD11A4BCB
:106800001B68002B01D1122070BD1B68002BFAD031
:106810009847F9E7154B994215D1134B1B68002B8C
:106820000AD01B68002B07D09847002804D1104BD2
:106830001C70104B1D70E7E729002000FFF7AAFF2E
:106840000028E1D1F3E7080002F0DEF80028DAD0F2
:1068500003780320A342D7D12900300005F008FBBC
:10686000D2E7C046FEFF0000D864FF1FFFFF000014
:10687000D564FF1FD464FF1FF7B50400808802F0C1
:10688000C3F80025A84203D00578A08802F0F8F8E4
:106890001C4E3378002B1FD0AB421DD11A4B280061
:1068A0001978FFF777FF002818D000233370A379F9
:1068B0000820A778A688019305F01AF9011E0DD0CB
:1068C000D0230370CA3B8370019B4770868083711D
:1068D000280005F055FA01E0002DE8D1A0880B4B07
:1068E0008200D358002B01D0FFF762FF1721A08848
:1068F000FFF732FDA08801F019FEA08801F0F0FE3C
:10690000F7BDC046D564FF1FD464FF1FDC64FF1FC2
:10691000F0B587B01D000CAB1B88070001930DABD1
:106920001B88142002930EAB1B88160003930FAB39
:106930001B880091049310AB1B88059305F0D8F8D1
:10694000041E1AD0D0230370CB3B47708370C670EF
:10695000062229000430002D11D005F0D9FA019B40
:1069600021006381029B0098A381039BE381049B28
:106970002382059BA37405F003FA07B0F0BD05F070
:10698000D7F8ECE7F7B5009308AB1B8807000C209D
:106990000D001600019305F0ABF8041E13D028007B
:1069A00002F032F800280FD00078D0232370C93BC2
:1069B000A370009B21002381019B6770A580E68066
:1069C000638105F0DDF9F7BD014B1878EDE7C046AE
:1069D0001443FF1F13B5040064890389C2888188AA
:1069E000C0780094FFF7CEFF13BD000010B5044C33
:1069F0002068002803D005F0EBF90023236010BDC8
:106A0000E064FF1FA122F0B5818892004A43384B11
:106A1000384F1B6889B09B189D2292009B18827981
:106A200004001A603B68002B5FD01D78324B1B6856
:106A3000002B04D05B68002B01D000209847260073
:106A400008363100E079FFF7B7FD237DE0710200E1
:106A5000E0780493638A29000393238A0293E389ED
:106A60000193A38800933300FFF752FFE378002BD4
:106A70000BD1E289A379A18802920196E2792800DC
:106A80000092012201F0CAFFE0703B68002B20D089
:106A9000FFF7ACFF194D287800281AD0184B197849
:106AA000FFF778FE002814D02B780820A788E67816
:106AB000079305F01DF8011E09D0D0230370CA3BCF
:106AC0004670837087808671079805F059F9002316
:106AD0002B701721A088FFF73FFCA08801F026FD4E
:106AE000A08801F0FDFD09B0F0BD064B9DE7C04652
:106AF0003409FF1FE064FF1F4065FF1FD564FF1FBF
:106B0000D464FF1F1443FF1FF8B5070008000E00F0
:106B100001F07AFF041E18D02620FFF77BFC051E2B
:106B200000D12578062004F0E3FF041E0DD00021DB
:106B3000062204F0FDFFD0232370C23B21006770C2
:106B4000A370A680E8B205F01BF9F8BDF0B585B0DA
:106B500001930AAB1B78070002930BAB1B7808006C
:106B60000D000092039301F04FFF061E22D010206B
:106B700004F0BEFF041E1DD01022002104F0D8FF37
:106B80002620FFF747FC002800D13078D02323705F
:106B9000C13BA370009B21002372019B677063724D
:106BA000029BA580A372039BC0B2E3720C9BE360BF
:106BB00005F0E6F805B0F0BDF7B50D00019001F065
:106BC00023FF071E1FD00E2004F092FF041E1AD0D0
:106BD0002620FFF71FFC061E00D13E78D02323801D
:106BE000C53BA370F91D0622E01C05F091F9019B3D
:106BF0002100638101232B40AD07ED0F23736573E3
:106C0000F0B205F0BDF8F7BDF0B585B00290100008
:106C10000D0017000A9E039301F0F6FE041E31D00A
:106C2000029B002B2ED1039B02795B0724D51223F4
:106C300013430422002E08D10B99002905D10C9989
:106C4000002902D10D9900291AD01A430D9B2271F7
:106C5000002B00D0C9E0002E00D1CFE0002D00D0E5
:106C6000CCE0606A002801D005F0B2F81C213000A9
:106C700005F02EF8606205E002239A430E33D7E751
:106C800093432371654BBA00D458002C00D1AAE07D
:106C9000002E10D0236A002B03D11C2005F038F8F9
:106CA00020625E4BBA00D358186A002803D01C2219
:106CB000310005F02DF90C9B002B12D0574CBB0076
:106CC0001D596B6A002B03D1162005F021F868626C
:106CD000BB00E358586A002803D016220C9905F02F
:106CE00017F90D9B002B11D04C4DBC006659B36AAF
:106CF000002B03D1142005F00BF8B0622B59986AD1
:106D0000002803D014220D9905F002F9380001F093
:106D10007BFE051E67D0414BBA00D358002B62D0D2
:106D20001A6A3420002A00D11C389A6A002A01D03D
:106D3000143080B20B9A002A01D01C3080B25B6AFA
:106D4000002B01D0163080B204F0D2FE041E4AD0CF
:106D50001822002104F0ECFE2620FFF75BFB0190D7
:106D6000002801D12B780193D0232370029B2000AF
:106D700063700A23294EA370039BBD00A371AB5916
:106D8000A780196A1830002905D01C22A06005F0E0
:106D9000BFF8200034307359996A002907D00300E6
:106DA00014221433E060029305F0B2F802980B9BB2
:106DB000002B08D003001C221C330B992061029386
:106DC00005F0A6F802987359596A002903D01622D3
:106DD000606105F09DF86B462100187904F0D0FF42
:106DE0003800FFF7E5FC05B0F0BD10220D9B0D99B2
:106DF0001B69A018236205F08BF82CE70B9B002B76
:106E000000D13FE7012D00D03CE7606A002801D0A7
:106E100004F0DEFF1C210B982AE7C046DC64FF1F4C
:106E200010B5064C2068002806D0054B984201D0CA
:106E300004F0CEFF0023236010BDC046D064FF1FC6
:106E4000F064FF1F0B4B07B51A68002A01D1002020
:106E50000EBD6946531C012012780731FFF76EFC06
:106E60000028F4D002780123100018401A42EED016
:106E7000EEE7C046EC64FF1F0E4B37B51B680400FD
:106E80000D00002B14D021000B48FCF7BAFC0B4876
:106E90002900FCF7B6FC6846D0230370CD3B447054
:106EA00083708580FEF7ECFB002C01D0FFF7B8FF64
:106EB00037BDC046D064FF1FD9C10011DFC100112A
:106EC000F0B53A4E0124336887B0002B5AD09F7832
:106ED00000F078FC002858D00A20FFF79BFA040045
:106EE0000B20FFF797FA324B05001B7831485A1EEA
:106EF0009341DBB20593FCF783FC290421432E4820
:106F0000FCF77FFC33682D48D97A9B7A09061B046D
:106F10001943059B39431B021943FCF772FC316886
:106F2000062227480431FCF76DFC3368191DD87818
:106F3000FFF714FB33682900DA7A043303929A7955
:106F40000193029200903A002000059B04F078FF24
:106F500004001C482100FCF754FC002C0BD101203C
:106F60003368587004F0E4FF040017482100FCF770
:106F700048FC002C06D01548FCF742FC00212000FC
:106F8000FFF77AFF200007B0F0BDFFF75BFF002896
:106F900005D00620FFF73EFA04000720A1E70820ED
:106FA000FFF738FA040009209BE7C046D064FF1FB2
:106FB000CC64FF1FE5C10011F4C10011FAC100113A
:106FC00000C200110AC2001110C2001116C2001145
:106FD000F8B5284F06003B680D001124002B05D1A1
:106FE0000522254B1B78134202D112242000F8BD44
:106FF000224A10241268002AF8D01278002AF5D00C
:10700000DB071CD52B789A1E012A1DD81C480C22A0
:107010000021386004F08CFD386813240028E5D086
:1070200000230A22437029000670023004F070FF2A
:10703000FFF746FF041E0AD0FFF7F2FED6E700F086
:10704000C1FB0028DED1E1E7002BDFD0CDE70D4BFF
:107050001B78032BCAD11D20FFF7DCF90A4B1880DF
:107060000028C3D0094B04211878094A04F098FE7F
:10707000BCE7C046D064FF1FCD64FF1FEC64FF1F58
:10708000F064FF1FCC64FF1FCA64FF1F4465FF1F2D
:1070900060EA0000F7B50193194B14001A78052334
:1070A00006000F0012201A4221D0012920D1154BD1
:1070B0001D68002D1BD002201F2C18D8002C02D0D8
:1070C000019B002B13D0104B1F221E706E1C002141
:1070D000300004F02DFD01992200300004F018FF6B
:1070E000310020002C70002F06D004F079FEFEBD88
:1070F000064B12201D68DCE704F062FEF7E7C0468D
:10710000CD64FF1FEC64FF1F2443FF1FE864FF1FD3
:10711000F8B50F4E12243368002B17D01B780F3CA4
:10712000834213D100250B4F0221387804F008FF69
:10713000094B042138781D8004F002FF074B28001A
:107140001D8033685C7004F0F3FE04002000F8BD7D
:10715000D064FF1F4465FF1FE464FF1FCA64FF1F64
:1071600070B5012823D11B4C2388002B03D01A4A69
:107170001578002D07D0194B1B68002B02D018780A
:10718000FFF7C6FF70BD3B2B02D93C3B2380F9E7DC
:10719000134E0221307804F0D3FEFA2223889200A5
:1071A00002215A43307804F073FC2580EAE70B4B48
:1071B0001B68002BE6D00B4B1B785B07E2D5084B16
:1071C0000221187804F0BCFE0022024B1A80FFF75F
:1071D00027FED7E7E464FF1FC864FF1FD064FF1FCA
:1071E0004465FF1FCD64FF1FF8B51A4D28680028BD
:1071F00006D0194B984201D004F0EAFD00232B6021
:10720000164C2068002806D0154B984201D004F097
:10721000DFFD00232360134F05263B781800304024
:10722000334214D0104800F0D1FA3B7833420CD0EE
:1072300009480B4B202200212860236004F078FCD1
:1072400020220021206804F073FC0020F8BD00F02B
:10725000BDFAFAE7EC64FF1F1C65FF1FE864FF1F1F
:10726000FC64FF1FCD64FF1F1843FF1F70B50400AF
:1072700000200F4D2B68834219D021000D48FCF7E8
:10728000C0FA002C0BD101202B68587004F050FE7E
:10729000040009482100FCF7B4FA002C06D0074886
:1072A000FCF7AEFA00212000FFF7E6FD012070BDDB
:1072B000D064FF1F22C2001128C2001116C20011A3
:1072C000F0B5050000202E4E85B033680191834251
:1072D0002DD029002B48FCF794FA2B480199FCF794
:1072E00090FA3368294F5C78012C34D1FFF7AAFD5E
:1072F000002829D02000FFF78DF80400412818D974
:10730000234B02211878234A04F04AFD224B3C3CCF
:107310001C800222336821485A70FCF771FA3B78CE
:10732000002B15D128000199FFF7A6FD012005B01B
:10733000F0BDFA2292004243002AEAD0144B022107
:10734000187804F0A5FBE4E7FFF764F80200F3E720
:1073500000233B70EAE71248FCF752FA3B78002B17
:10736000E4D13368002B07D0D02303A80370CC3BB3
:1073700045708370FEF784F9FFF752FDD6E7C046EB
:10738000D064FF1F2EC2001134C20011C864FF1F59
:107390004465FF1F60EA0000E464FF1F3AC2001169
:1073A00048C2001113B52B4B81880400994235D097
:1073B0001BD8294B994221D0284B0020C9188BB2E9
:1073C000012B1AD8264B1B78FF2B0CD0A36801A8E1
:1073D0001B78D0224370022383704B4259410270C4
:1073E000C170FEF74DF9012007E01E4B0020C918BF
:1073F000072389B28B424041C0B216BD1A48FCF740
:1074000000FAA36819481978FCF7FBF91848FCF74B
:10741000F7F9A3681878FFF729FFEEE71548FCF79E
:10742000F0F9A36814481978FCF7EBF9A36813483E
:1074300099785A7809021143FCF7E3F91048FCF7F0
:10744000DFF9A36899785A78090218781143FFF791
:1074500037FFD2E70A20000006200000F8DFFFFF18
:107460002443FF1FAFDFFFFF54C200115AC20011B7
:1074700060C200116FC2001175C200117BC2001101
:1074800081C20011014B18707047C0462543FF1F91
:1074900010B50E4C207001F093FA207804F020FB18
:1074A00021780B48FCF7ADF90A4B0B481978FCF72B
:1074B000A8F90A4B0A481978FCF7A3F90948FCF720
:1074C0009FF90521207800F0A5FD10BD4465FF1F40
:1074D0008DC200110E09FF1F93C200110C09FF1F7E
:1074E00099C200119FC200110BB273B50D00002BA1
:1074F00000DBE8E09A4B187804F012FC041E0FD071
:107500000378912B10D0A22B00D1C5E0954B1878B1
:10751000FF2800D169E0210004F032FC002864D18A
:1075200080200002684076BD41788F48FCF769F9F9
:107530008E48FCF765F963780F2B00D18FE020D8D7
:10754000052B00D187E00E2BE0D18948A188FCF7FC
:1075500058F9A088874B984235D8874B984225D850
:10756000864B9842D2D1A36885481978FCF749F92F
:107570008448FCF745F9A3681878591CFEF7B0FF5A
:1075800042E03E2BC2D1A378032B00D180E077D814
:10759000012B79D0022BB9D17B4B1B68002B24D057
:1075A0005B68002B21D0200098471EE0774BC01865
:1075B0000C28ABD804F094FC1DAAAA150BAA0B0B3F
:1075C0000B3B2CAA4500724BC01807289ED8714B64
:1075D0001B68002B09D01B68002B06D020009847A1
:1075E00012E0A3681878FEF7F5FF200004F070FAA7
:1075F00096E7A36868481978FCF703F96748FCF731
:10760000FFF8A068FEF78EFF002800D17EE7ECE7C8
:10761000A3681B78002BE8D05B4B1B68002BE4D0E1
:107620001B68002BE1D021005D489847ECE7564BE2
:107630001B68002BD9D01B68002BD6D021005948DD
:10764000F3E7594B1B68002BCFD05B68002BCCD0E5
:1076500021004848E9E72000FFF70EF9C5E7A088B8
:10766000524B984203D0524B984200D04EE74E4BBB
:107670001B68002BB9D05B68002BB6D02100D4E783
:10768000153B012BB1D941E72000FFF7BBF9ACE76F
:107690002000FFF79FF9A8E7464B1B78042B07D182
:1076A00000236A4613800179408800F0D9FC9CE7EA
:1076B0003D4B1B68002B98D05B68002B95D00100D8
:1076C0003D48984791E7012421420AD02E4B1B6880
:1076D000002B04D05B68002B01D0002098470120CC
:1076E00020E78B070AD52B4B1B68002B04D05B6867
:1076F000002B01D020009847022013E70421280026
:1077000008400D4200D10EE72C4E3388002B21D0CB
:10771000013B9BB23380002B1AD1FEF7FDFF0028FE
:107720000AD0274B1C701B4B1B68002B04D05B68D6
:10773000002B01D020009847FEF7E8FF694601F0D2
:107740001AFD6846FEF720FF1D20FEF763FE30801D
:107750000420E7E6024B187804F0F2FBF8E7C04695
:107760004465FF1F2543FF1FACC20011B2C20011C8
:10777000BFC200110E20000001200000091000000F
:10778000D8C20011DEC200113C65FF1FFEDFFFFF03
:10779000AFDFFFFF4065FF1FC5C20011CBC2001164
:1077A0000C2000000B200000D864FF1F0D200000FB
:1077B00013200000CD64FF1FFFFF0000CA64FF1FFD
:1077C000C864FF1F10B501F09FF910BD014B186090
:1077D0007047C0464065FF1F0B880020162B01D85C
:1077E00017230420014A13807047C046A264FF1F7C
:1077F00000207047074A03001188814207D0918812
:107800000020994202D101308000101870470020FA
:10781000FAE7C0464C65FF1FF0B58F7806000D00F3
:10782000C5B01E2F15D1FFF7E5FF051E03D10024BB
:10783000200045B0F0BD00223B003100C07800922E
:1078400000F0B8FB0400A81C00F0D8FBFF23EB708D
:10785000EEE7264B062403931B78FF2BE8D0182F66
:10786000E6D87B08224A013BDB0002929A589446F4
:10787000002ADDD0029AD3185B68002BD8D0087894
:10788000002802D14B78012B02D10624122FCFD130
:1078900007AFAB88697800976446AA68A047041EC2
:1078A000C6D1AB78029A5B08013BDB00D3183900E4
:1078B00030005B689847041E0BD1AB78042BB6D020
:1078C000039A310010782200009700F073FB040047
:1078D000AEE76A78002AABD1AA7805A93B8808717F
:1078E00030000A704B80FEF727FAA0E72843FF1FFD
:1078F00000C400111D4B37B5050098420BD000297C
:107900000AD1FFF777FF002805D11948FFF772FF6A
:10791000002800D0058037BD01291AD1FFF76AFF82
:10792000041EF8D001235B420380A378FF2BF2D022
:10793000FE2B07D00023E0781422009329001E3389
:1079400000F038FBA01C00F059FB01235B42638070
:10795000E1E70229DFD1013901F0C2F80028DAD1CC
:107960002800FFF747FF041EDFD1D4E7FEFF000029
:10797000FFFF0000022210B5074B52421A80074851
:1079800001325A809A80DA8000F084FA044801F0CB
:1079900029F8002010BDC0464C65FF1F1978001162
:1079A000F57800110388F7B50400002B02D10225F9
:1079B0002800FEBD42680221137825485268FEF770
:1079C00083FC00282ED0234F01253A88002AEFD0CF
:1079D000802321885B0201259B1A9942E8DC0C2058
:1079E00004F096F9061E31D03B8822889C4600237D
:1079F0001800019561469DB2491989B2AA421BD867
:107A0000002801D062443A8000233000082208C0D8
:107A1000210004F07DFA104A1368002B13D10025D1
:107A20001660C5E76268022113780C485268FEF7B9
:107A30004BFC0028C7D1BAE760681D01401941819D
:107A400001330198D6E71A001B68E6E71325AFE774
:107A50006EC400112643FF1F4865FF1F6CC4001150
:107A6000014B18707047C0462843FF1F14230A00BB
:107A700010B51A40194204D00122102101F04CF82F
:107A800010BD4B06F9D4C843022340001840F7E765
:107A900010B514008B0604D50122102101F03CF82A
:107AA00010BD08230A001A40194202D14BB2002B24
:107AB0000FDA102101F030F8002808D02300F2334B
:107AC0001B78002BECD0F1342378012BE8D1002077
:107AD000E6E703208907FAD4E2E70000F0B51F00CB
:107AE000184B85B01C68019002910392002C27D19D
:107AF000200005B0F0BDA5683301ED186B89019A2F
:107B0000934211D3029A93420ED8002F04D10A9BBC
:107B1000002B10D12C00EBE73B002978039A686812
:107B2000FEF7D2FB0028F2D10136B6B2A388B342E9
:107B3000E1D82468DAE7A3680A9A5B891380E9E749
:107B40000026F3E74865FF1F37B50C000A8849880F
:107B50000123914217D3002A15D0651D23792A00ED
:107B600002210A48FEF7B0FB102300280BD023792E
:107B70006188208800242A000094FFF7AFFF0A23C1
:107B8000A04200D0230018003EBDC0466EC40011C4
:107B900013B50A0008884988012388420BD80028B9
:107BA00009D00024137905320094FFF797FF0A23C8
:107BB000A04200D02300180016BD13B50A000888A3
:107BC0004988012388420BD8002809D00024137962
:107BD00005320094FFF782FF0A23A04200D0230061
:107BE000180016BDF0B58BB003904A8808880E00C7
:107BF0000123824213D3002811D00023012704ACB3
:107C000023700022718813000092FFF767FF0500C0
:107C10002078002D06D122780A23002A41D11800AD
:107C20000BB0F0BD002835D12B78022B18D167702E
:107C30006A8983000130E31880005A806968022253
:107C4000201804F065F923780133DBB22370042B8C
:107C500019D93B006889013080B2002BD1D0DAE716
:107C600002236370122358436A89231804305A8010
:107C700069681022201804F04BF923780133DBB235
:107C80002370002BE5D10A4A6B899B185A42534155
:107C9000DBB2DFE76378012BE4D12B78022BC7D06E
:107CA000B9E721000398FEF771F80023B7E7C04653
:107CB0000100FFFF0F4BF0B504001868002816D034
:107CC00083685D89A54207D88288AE18B44203DA7A
:107CD00012019A18934201D10068EFE71E005F89F4
:107CE0001036A74204D1002900D00D801800F0BD45
:107CF0003300EFE74865FF1F70B505000C000888EA
:107D00000021FFF7D7FF03000120002B04D0220041
:107D10002800197AFFF7BCFE70BDF7B50C000025EE
:107D200001902300EE331B78AB4201D800200AE01B
:107D30006B00E65A00213000E718FFF7BBFF002870
:107D400002D126800130FEBD017A0198FFF78EFE38
:107D5000002802D03B882380F5E70135EDB2E0E74B
:107D600010B5040008880021FFF7A4FF03000120DC
:107D7000002B03D02000197AFFF778FE10BD000019
:107D8000054B1B68002B01D1180004E09A6852894A
:107D90008242F6D1988870474865FF1FF0B50E27DC
:107DA000002687B0039302ABFF183E8005001F4BEF
:107DB00040891400984207D02B78013000976A68F8
:107DC00080B2FFF78BFE060002212B7818486A6804
:107DD000FEF77AFA00280FD06C892000FFF7D0FF59
:107DE000002802D0013C0419A4B2039B002B00D050
:107DF0001C80300007B0F0BD02212B780D486A6866
:107E0000FEF762FA0028E7D102212B780A486A6857
:107E1000FEF75AFA002807D0002EDED03B88A34296
:107E2000DBD17489013CDFE76C89DEE7FFFF0000EE
:107E30006EC400116CC400116AC4001110B50C00AE
:107E4000FFF7D8FC03000220002B0AD0002C00D042
:107E500023609B781720FE2B03D00138FF2B00D125
:107E6000002010BD73B50D0001A904001600FFF736
:107E7000E5FF172805D0002E04D129002000FEF7C9
:107E800001F876BD01221021200000F045FE0028F7
:107E9000F3D0F6E7014B18607047C0465865FF1FE6
:107EA00037B56B469D1D010004000222280003F037
:107EB0007FFE2B88B02B0ED12379122B09D1230002
:107EC000FA331B78012B06D10121608800F0E0F81D
:107ED00001E01B2BF8D037BD10B5054B04211870FD
:107EE00000F098F8FFF746FDFEF748FA10BDC046CF
:107EF0005C65FF1F0020F0B50BB20F0087B0834216
:107F000034DA274B187803F00BFF051E2BD00378CB
:107F1000A02B25D103AE3100FDF7BEFF041E0BD10F
:107F2000B378DB0724D51F4B06341B68002B03D026
:107F30003100688898470400A868002801D003F041
:107F4000AFFD002C08D1184A039B1340174A9342F7
:107F500006D0B3781B2B03D00121688800F098F875
:107F6000280003F0B5FD80200002784007B0F0BD86
:107F70000F4B1B68002B10D0310068889847041EF7
:107F8000DAD07378002BD7D1B27801A90A704B8070
:107F90000C716888FDF7D0FECEE70624F1E7C046F5
:107FA0005C65FF1F5465FF1F00FFFF00000112000A
:107FB0005865FF1FF7B50190FC200D0017001E004B
:107FC00003F096FD04001320002C12D0B0232000F3
:107FD0002370089BF4226770658026710830002B9F
:107FE00008D0190003F094FF2100019803F0C8FEA7
:107FF0000020FEBD089903F09BFDF5E710B5041EB7
:1080000006D00078FD2803D803F01AFEFF23237062
:1080100010BD00000A1F93B210B504000220032B0C
:1080200005D882400020024BD1529B189C7010BD95
:108030007C65FF1F0B8870B5043B04000D00022017
:10804000032B0BD80121200000F04AFD030014206F
:10805000002B03D02900200000F0DEFB70BD0000E3
:1080600007B51300034A00920A00012100F02CFC1E
:108070000EBDC0469D82001107B5019203220092F9
:10808000024B0A00122100F047FC0EBD1B830011B9
:1080900007B56B4601AA11800449D88008780633D9
:1080A000012802D1190003F0F3FE07BD5D65FF1F33
:1080B0000C4B10B518700023FF210B4A138013815D
:1080C00093819380094A5380137051729381937204
:1080D000D174D3821375517703F0AAFD00F0FCF937
:1080E00010BDC0468C65FF1F7C65FF1F5E65FF1FCE
:1080F000F0B58DB06B46002003910C229B5E83424D
:1081000000DBB1E05D4B187803F00AFE051E00D1DC
:10811000A5E00378902B00D09EE006AF01004688D2
:10812000380000F013FA79680400002900D19DE0BE
:108130003B88052B6FD13B89032B1CD905AC200054
:1081400000F0A2F86288172A60D83989131D994275
:1081500031D17968237804310291D90738D5607814
:1081600000F08EF9071E06D0002303712378012B3F
:1081700008D0132B23D0A868002800D179E003F0A1
:108180008FFC76E06288029909A800F0A6F80290B8
:10819000380000F08BF909AA2378387A019200227E
:1081A00031000092029A00F012F9380000F064F9F0
:1081B000029B002BDFD0300000F080F9DBE7037872
:1081C000032BD8D16288029909A800F0D6F8DEE71F
:1081D00009AF122B12D13800029900F0B4F8021E38
:1081E000E9D127498B88002BC5D08879237801975E
:1081F00061780091310000F0EAF8BCE700233A0012
:108200003B8061783000FFF72BFFB4E71D4B09AAD4
:1082100009936178F6E7042B02D09A1F012AAAD8A5
:10822000174A043B9B00995A0029A4D0D218907891
:1082300031003A0000F0ADF800289CD13B88042BB7
:1082400003D001213000FFF723FF012C04D1A868DF
:10825000002801D003F024FC280003F039FC802022
:10826000039B0002434018000DB0F0BD012800D16F
:1082700081E701213000FFF70BFFEDE78C65FF1F61
:108280007C65FF1F010017000B7803704B7843706B
:10829000CB788A781B021343438070470A88030017
:1082A00002700A88120A42700A88012A06D14A8896
:1082B00082704A88120AC2700420704702208242EB
:1082C000FBD14A8804309A704A88120ADA708A8888
:1082D0001A718A88120A5A71EFE710B5040001205A
:1082E00082420CD94B780A781B02134323808342C5
:1082F00006D1CB788A781B0213436380002010BD1F
:10830000022BFBD1CB788A781B02134363804B7915
:108310000A791B021343A380F0E70B8803700B88D4
:108320001B0A43704B8883704B881B0AC3708B8871
:1083300003718B881B0A4371CB888371CB881B0A1E
:10834000C3710820704703000120082A14D14A781D
:108350000878120202431A80CA788878120202430F
:108360005A804A790879120202439A80CA79887938
:10837000120202430020DA80704710B50400012089
:10838000022A05D100204B780A781B021343238070
:1083900010BDF8B5060010200F00150003F0A8FB73
:1083A00004000120002C0ED0A0230C2229002380E1
:1083B0006780201D002D07D003F0AAFD21003000AA
:1083C00003F0DEFC0020F8BD03F0B2FBF6E7F7B5E2
:1083D0001E00009008AB142017001D78019103F0D7
:1083E00087FB041E12D0A2230370019B47704380B9
:1083F000099B057146710C220830002B07D019002B
:1084000003F086FD2100009803F0BAFCF7BD09993E
:1084100003F08EFBF6E737B5041E0FD04388002B20
:108420000CD00025C1881323007A172201950095EE
:10843000FFF7CDFFFF2365806372257037BD000015
:1084400010B50C4904004A88002A09D08B89002BFA
:1084500005D00020CB8A0222834201D010BD012228
:1084600013000A20434300204032C854C8184280F9
:108470000472F3E75E65FF1F0023438003707047BB
:10848000094B00211A0010B55C88002C06D01C791D
:10849000844203D10A234B43D01810BD01310A3363
:1084A0000329F1D10020F8E75E65FF1F10B5040035
:1084B000407A03F0C5FBFF23637210BD70470430A0
:1084C00010B580B203F0C4FC002803D00421494257
:1084D00003F096FC10BD000070B50025104CA0689C
:1084E0002580A581A580A84202D003F0D9FAA56015
:1084F00000250C4C0C4B606D1D80230058331D7003
:10850000A84202D003F0CCFA656500256068002817
:1085100001D003F0C5FA013508340A2DF6D170BD3B
:108520002466FF1FC865FF1F1866FF1F70B5041E75
:1085300009D1054D2880A881A880A868002802D00C
:1085400003F0AEFAAC6070BD2466FF1FF0B54B8837
:1085500085B00193002343600A7905000F00022AC9
:1085600000D07BE0CA88032A17D98B685E78197817
:108570003602DC78D8790E4399781B7A24021B02E4
:108580000C43034353495BBA0B80331D93421ED106
:10859000042C04D0631F022B0ED9012015E0019A90
:1085A0004D4B1201D35A002B06D00198FFF7BEFFA6
:1085B0004A4A1369013313610421B8682E812C8063
:1085C000494203F01DFC6860002005B0F0BD434D3A
:1085D000042C06D0631F022B0FD9EB680133EB602C
:1085E000DBE7019A3C4B1201D35A002B05D00198CE
:1085F000FFF79CFF2B6901332B61374B300002934F
:10860000019B029A1B010193002301998C468B5216
:10861000130063449C8003939E81FFF750FF039BEC
:10862000041E986016D00421B868494203F0E8FBA4
:10863000FA880100043A200003F06AFC0199029ACA
:10864000FB888A5A043B9B18029A8B522B68013391
:108650002B60A2E7AB690133AB619EE71E4B02932F
:10866000019B1E01029BF35A002B2DD002998C19FD
:10867000A068002828D0012A26D1FA889B189BB22E
:108680007352A189994217D39B1AC018B96803F095
:108690003FFC029BA289F35A934200D07DE700225F
:1086A0002B81A3882B80A3686B60029BF2520B4A3C
:1086B00053680133536070E7084A9368013393604D
:1086C0000198FFF733FF68E7044A536901335361A8
:1086D000F6E7C0468E65FF1F2466FF1F9465FF1FE7
:1086E00070B5051E15D10B4C0B4B18802300583369
:1086F0001870606D002802D003F0D2F9656525007E
:1087000050356068002801D003F0CAF90834AC4243
:10871000F7D170BDC865FF1F1866FF1FF0B51700C1
:10872000A12285B0920001934243394B06001B6899
:108730000C009B18D933FF331D78FDF719FE043068
:10874000854204DD3000FDF713FE0430C5B2BD42A2
:1087500007D33A0000213000019B03F0A9F905B0CE
:10876000F0BD2900380003F013FB2300C6B25033DC
:108770001E700393019B29006365380003F078FAAB
:10878000CBB20293002B02D0039B01361E70002651
:108790002300503303931B78B34204D8606D002844
:1087A00031D10020DBE7029A2800002A04D0013BE7
:1087B0001000B34200D02800F700E719387003F02A
:1087C000AFF9786000280ED03A78019903F0A0FB49
:1087D000019A3B780136D3180E4A0193D369F6B259
:1087E0000133D361D4E7039B18706065A74205D1BC
:1087F000084A1320D36A0133D362B0E7606803F0FC
:108800004FF90834F2E703F04BF900236365C8E73A
:108810003409FF1F9465FF1FF7B50D000700042101
:10882000686803F0EDFA2B89040003702B891B0A9A
:1088300043702B8883702B881B0AC3702E890225F6
:108840000436F6B2F42E15D81B4B9F4214D10C20DF
:1088500003F04EF91135011E0CD0902303708E3BAE
:108860000371043B4380154B8460C680187803F085
:1088700087FA00252800FEBD5C237B43104AD318ED
:108880000093583301931B78002B0FD10300320063
:1088900038000099FFF742FF019B05001B78002B71
:1088A000E8D13800009903F0DBF8E3E7054A072533
:1088B000536A01335362DDE7FEFF00008C65FF1F42
:1088C000C865FF1F9465FF1FF0B587B000901720A3
:1088D0000F0016000193FFF7F2FD1325041E18D0B8
:1088E0000C98031E02D00199201D9847030AE370DB
:1088F000052303A9A07004300881277000986670D2
:108900000B804C60FFF788FF051E02D0200003F0AB
:10891000C7F8280007B0F0BDF0B587B01F000CAB5A
:108920001B780391059301210DAB06001C7804927E
:1089300000F0D6F81425002821D02000FFF780FD94
:108940000135041E1BD01149059B0A7803700132C2
:10895000D2B2131EC68001D101231A000B702271FE
:108960003000049B03990097FFF7AEFF051E09D165
:10897000230021000648074A093303F021FB2800A1
:1089800007B0F0BD002363802370F8E79065FF1FF8
:108990001784001130750000F8B505000E00064C74
:1089A000064F2368002B02D031002800984704347A
:1089B000BC42F6D1F8BDC0463466FF1F4866FF1FB3
:1089C0000123064A5B425380002313715362044A19
:1089D000136053609360D360136170474866FF1F54
:1089E0003466FF1F0200002310B506499C00085999
:1089F000002801D1625010BD0133052BF6D11320A0
:108A0000F9E7C0463466FF1F034A5388181A4342E9
:108A100058414042104070474866FF1FF0B585B08E
:108A200002930AAB1F780CAB1B88009008000E0065
:108A300001920393FFF7E8FF05001120002D1BD1E1
:108A40000E48FFF7E1FF04001520002C14D0062289
:108A50000B99A771E01D03F05BFA019B30002371B5
:108A6000029B29006371009B66802370039B6562F3
:108A7000E381FFF791FF280005B0F0BDFFFF000084
:108A800010B5FFF7C1FF04000220002C12D060884F
:108A90000121FFF781FF606A002801D003F098F9F7
:108AA00028220021200003F043F8012300205B422C
:108AB0006380207110BD000030B5074A074C55880F
:108AC000010013780020A54204D05B1A59424B41A3
:108AD0005842104030BDC0464866FF1FFFFF0000EF
:108AE000084A10B501230C00904208D0FFF78CFF14
:108AF000031E04D0037923405A1E9341DBB21800B1
:108B000010BDC046FEFF0000024B1879431E98417D
:108B1000C0B270474866FF1F70B504000D00160014
:108B2000FFF772FF002804D10F4B9C4200D0143095
:108B300070BD10230279416A134000290AD1052033
:108B4000002BF5D0897E0C20A94289414942494237
:108B50000840EDE70F20002BEAD09207F2D40A3844
:108B6000002EEFD0E4E7C046FEFF0000030010B582
:108B7000002800D110BD0348034A41889142F9D032
:108B80009847F7E74866FF1FFFFF0000002330B556
:108B9000C45CCD5C6C40D4540133102BF8D130BD93
:108BA0000F23002210B5C45C64002243CA54C25C87
:108BB000D209013BF7D210BD0200010010B52032EE
:108BC000103103F045F810BDF0B58DB005901020C0
:108BD00007931700069103F09BF80190102003F013
:108BE00097F8019B13240290002B05D000280CD18C
:108BF0001324019803F0ECF8029B002B02D018001C
:108C000003F0E6F820000DB0F0BD102003F080F86E
:108C10000600102003F07CF813240500002E00D17C
:108C2000B3E0002819D01022002102F081FF3200A9
:108C30002900059803F00CF8041E0ED133787F2B21
:108C400056D830000199FFF7ABFF019B1B787F2BB3
:108C500058D802990198FFF7A3FF300003F0B8F845
:108C6000002D02D0280003F0B3F8002CC1D1102051
:108C700003F04EF80600102003F04AF80390002E8F
:108C800000D180E000287CD03A0001210F3223007F
:108C90001211049106D013B204930F233B405A42A1
:108CA00053411BB2049A013A1201002B34D0069BA7
:108CB000D2B298180199039AFFF768FF1022002199
:108CC000300002F035FF049D069F013DADB22D013D
:108CD0007D19AF4242D0002C33D0300003F078F839
:108CE000039B002B00D184E7180003F071F880E7A4
:108CF00029003000FFF754FF28002649019AFFF7AA
:108D000045FFA2E729000198FFF74AFF2800214903
:108D1000029AFFF73BFFA0E70F2506993D408A180E
:108D200008A8D9B28D4207D9D15C19540133102B50
:108D3000F7D1039A0299BFE7691A4F427941C901F5
:108D4000F3E73900300008AAFFF720FF320005984A
:108D500008A902F07DFF10370400BAE7002CBCD14F
:108D60003000039908AAFFF711FF320008A90598FF
:108D700002F06EFF082204003100079803F0C8F8E3
:108D8000ABE71324A9E71324AAE7002800D069E77A
:108D90002EE7C04674C40011F0B58BB00F0016006A
:108DA0000225009000283FD0002A3DD00B1DDBB2E9
:108DB0001800029302F0ACFF1135041E34D0FDF709
:108DC0004DFC05003A000099201D02F0B9FFEBB2FE
:108DD0000393E3702B0CDBB22F0A00936370FFB296
:108DE0002B0E2370A7700193FDF732FC10220100B7
:108DF00006A802F0A5FF2100029A04AB06A8FFF71F
:108E0000E3FE051E0DD1039B08223370009B04A9CD
:108E1000B370019B7770F370301D02F091FFFDF786
:108E200023FC200002F0D4FF28000BB0F0BDF0B509
:108E30008FB00D00149E039004920593002A03D175
:108E4000022420000FB0F0BD002EF9D00398FFF7E8
:108E5000DBFD1424071EF4D07278337812021A4313
:108E6000B3781B041343F27812061A43036A019283
:108E7000934201D30133E3D1002D03D03B79012488
:108E80009B07DED50822002106A802F051FE059BB3
:108E900013240433DBB21800029302F039FF051EDD
:108EA000CFD0059A0499043002F04AFF0422310021
:108EB000280002F045FF3900102210310AA802F004
:108EC0003FFF2900029A06AB0AA8FFF77DFE041EA9
:108ED0000FD1082206A908A802F032FF0822311D8E
:108EE00008A802F0A5FD012807D101990398FDF714
:108EF000CFFB280002F06CFFA3E70124F9E7000094
:108F000070B51C4C05002368181E10D0002D14D11C
:108F10001A78002A0CD1981C083202F0F9FF02F0EE
:108F2000A7FD0135002808D123681D70012070BD00
:108F30000A331800082202F0EBFF2368002BF5D05B
:108F4000122002F0D5FD061E0DD0C123216803704A
:108F5000457002311022023002F0DAFF236831003E
:108F6000587802F00DFF206802F032FF00232360E2
:108F7000DCE7C0467066FF1FF8B504002020FDF74F
:108F800049FA0D4EA700BB590500002B0DD0002853
:108F90000BD0D878FF2809D108492A000C55F3597D
:108FA00007480333611803F00BF8F8BD290002F0FD
:108FB00067FD0028F0D1F8E78C66FF1F7466FF1F7D
:108FC000C9A1001170B5064D84006359002B05D06E
:108FD000D87802F035FEFF226359DA7070BDC046C2
:108FE0008C66FF1F70B506008CB00C0015000021C8
:108FF0003022684602F09CFD31001022684602F0E3
:109000009FFE1D2021000322684402F099FE68465D
:10901000FFF7D2FD2D21040003222800694402F04D
:109020008FFE20000CB070BDF0B50400170097B0A3
:1090300001931CAB1D7830221EAB00910AA80021C1
:109040001E7802F075FD2100102202AC0AA802F081
:1090500077FE10220021200002F06AFD072239006D
:10906000200002F06DFE07220199A01802F068FEB0
:1090700033005A1E9341A3732B005A1E93410021C3
:10908000102206A8E37302F053FD06221D9907A8DB
:1090900002F056FE1A2006221F99001902F050FE17
:1090A000102200990EA802F04BFE10230EAA117890
:1090B0002078013B4140DBB2117001340132002BBA
:1090C000F5D10AA8FFF778FD102212A904000EA816
:1090D00002F01EFF102206AB0EA908781D78013A97
:1090E0006840D2B2087001330131002AF5D10AA8D4
:1090F000FFF762FD044310222098E4B212A902F0A7
:109100001FFE200017B0F0BD70B50E0014008CB02B
:109110000100102268461D0002F012FE31000822F4
:1091200004A802F00DFE2100082206A802F008FEA5
:109130006846FFF741FD04001022280008A902F04C
:10914000FFFD20000CB070BDF8B506000D00002436
:109150003719AC4200D3F8BD02F01AFF030A3B7086
:10916000631CDBB201379D4203D90234F054E4B2F0
:10917000EEE71C00EDE7F7B507000C00022500281C
:1091800018D0002916D001AE03213000FFF7DCFF14
:109190003F23B27831001A400133134338002200D4
:1091A000B370FFF71FFF051E04D103223100E01C3E
:1091B00002F0AEFE2800FEBD03785807DA08C00FA3
:1091C000D20080009B0710439B0F1843C0B270472A
:1091D00007230B40C908C9000B4303707047000008
:1091E00070B50400FFF7EEFE134DA4006359002B89
:1091F00021D0186A002801D002F0EAFD2B59986EA0
:10920000002801D002F0E4FD2B59D86E002801D0CF
:1092100002F0DEFD2B59186F002801D002F0D8FDB6
:109220002B59586F002801D002F0D2FD285902F0C6
:10923000CFFD00232B5170BD8C66FF1F0E4B8000AD
:10924000C35870B50C00002B0FD09D68002D0CD0BA
:109250002B78201D0B706B784B70A97CFFF7B8FF43
:109260002B7E23726B69E36070BD10220021200009
:1092700002F05EFCF8E7C0468C66FF1F014B1860E9
:109280007047C0468866FF1F074A03008000825867
:1092900010B5002A06D0D088984203D1012901D107
:1092A000FFF79EFF10BDC0468C66FF1FF0B5254E30
:1092B00095B087000B93BB590500099112200A92C3
:1092C000002B2FD0D888FFF79FFB04001420002C20
:1092D00028D0280010A9FFF7B1FFBB591E781F6ADC
:1092E000002E21D0FDF7FAF907900020FDF7FCF9D8
:1092F0000890A5793800E61D10AF0CA900F0E2FA3D
:109300000EA9380000F0D7FA0B9B0A990493089B2A
:1093100009980193079B0396009302950EAB0CAA44
:10932000FFF782FE15B0F0BDFDF7D8F9050030005B
:10933000FDF7DAF9A37906000793E31D089310A857
:10934000DBE7C0468C66FF1F30B50D4C85002A59FF
:10935000030085B00120002A0DD018006946FFF7F0
:109360006DFF2B59D8881B78002B06D0054B6A4619
:10937000072100F0DAFB05B030BD034BF7E7C0462C
:109380008C66FF1FB7980011C598001130B5094CC5
:109390008500295985B010226846253102F0B8FDB4
:1093A0002A591121044BD0886A4600F0BEFB05B053
:1093B00030BDC0468C66FF1F6199001130B5094C65
:1093C0008500295985B010226846353102F0A0FD8C
:1093D0002A591121044BD0886A4600F0A6FB05B03B
:1093E00030BDC0468C66FF1F9F990011F8B54D4FE8
:1093F00086001020F4590D0002F08AFCF359206217
:10940000186A132200286DD02900033A9C6802F0E4
:109410007FFDF359197800295AD1227D186A9446A4
:109420006646027B0F0072400126324201D1674638
:109430003740227DB2433A432275077BD6B27A4049
:109440000027920701D4B607F70F0226227D7F007E
:10945000B2433A432275067BD7B272400026B44627
:10946000520702D47F07FA0F9446624604269700FB
:10947000227DB2433A432275627D002794466646B8
:10948000427B72400126324201D1674637400126B5
:10949000627DB2433A436275477BD6B27A40002779
:1094A000920701D4B607F70F0226627D7F00B24310
:1094B0003A436275407BD6B242400020520701D445
:1094C0007607F00F0426627D8000B2430243627586
:1094D0006A78002A08D06278002A05D00522053370
:1094E000DA7700221000F8BD04222879104205D155
:1094F000A07C104202D10533033AF1E720782C78A2
:10950000002902D102002000140018220428E9D802
:10951000042CE7D805216143034A05335218125C35
:10952000DEE7C0468C66FF1F84C4001110B50A0038
:109530001121024B00F0F9FA10BDC046FB99001151
:109540000B0030B587B001AD2B806B4604001100D5
:10955000981D082202F0DCFC2A000B212000024B9F
:1095600000F0E3FA07B030BD239A001110B50A00ED
:109570001121024B00F0D9FA10BDC046779A0011B4
:1095800037B56D460B0004001100681C06222B70D5
:1095900002F0BEFC6A4608212000024B00F0C5FA2A
:1095A00037BDC046979A001110B50A001121024B31
:1095B00000F0BBFA10BDC046E79A00117FB5050068
:1095C0000B4BAA00D4580800002C0FD0666F237FE5
:1095D000E28821780396266F0296E66E0196A46EC5
:1095E0000094FDF711FB2800FFF7FAFD7FBDC04690
:1095F0008C66FF1F10B51721FFF7E0FF10BD0000BC
:1096000070B50A000D00064B0221040000F08DFA2F
:10961000060029782000FFF7D1FF300070BDC0465A
:10962000C7990011F0B587B000236C46237083689A
:1096300005001E78701E0A2857D801A902F0C8FC40
:1096400006063135393D4145494D5100180000F0BD
:1096500040F90623122849D000281AD16888FFF75C
:10966000D3F90823002813D04279002A44D1254B8E
:109670001A78072312070BD5234B1A680723002AF1
:1096800006D01768002F03D0310001AAB8470300A5
:1096900023702378002B2AD16888FFF76DFC07B070
:1096A000F0BD180000F06CF9D6E7180000F087F95B
:1096B000D2E7180000F093F9CEE7180000F0ADF9FA
:1096C000CAE7180000F0C3F9C6E7180000F0F6F981
:1096D000C2E7180000F0F6F9BEE7180000F013FA30
:1096E000BAE7180000F013FAB6E707232370210049
:1096F0006888FFF785FFD2E70523012AC8D1034B0D
:10970000BBE7C046CD64FF1F8466FF1F8866FF1F4E
:10971000F8B52C4F8600F35904000D00002B40D003
:10972000DA8882423DD15A78062A33D11A78002A43
:109730002ED0012099681A6A097D014206D0157B56
:10974000054203D007225A700120F8BD02200142D1
:1097500004D0157B054201D00922F4E70420014220
:1097600004D0127B024201D00B22ECE7164B1B689F
:10977000002BE9D05B68002BE6D020009847BB594E
:1097800000215B78122BDFD12000FFF717FFDBE70A
:109790000E4BECE7112A04D1002900D03225290014
:1097A000F2E7002D08D12000FFF72EF9002803D0A2
:1097B000102302791343037121002800FDF7A4F957
:1097C000C2E7C0468C66FF1F8466FF1F8866FF1FC6
:1097D00070B50E4E8500AB590400002B13D01B78DA
:1097E000002B11D10A4B1B68002B04D05B68002BA7
:1097F00001D02000984773595B78122B03D10021C8
:109800002000FFF7DBFE70BD024BECE78C66FF1F0C
:109810008866FF1F8466FF1F094B8000C358102015
:10982000002B0CD01A6A002A09D09B68002B06D0A6
:10983000127A1B7E101C9A4200D9181CC0B27047C5
:109840008C66FF1F70B503000D0014000220002A73
:1098500030D000292ED013700B78081D53704B7830
:109860009370FFF7A9FCE070012002212B7A23718D
:109870006B7B034063716A7B0A401343042263716C
:109880006E7B1640334363716E7BF608F6003343FC
:1098900063712B7B0340A371287B014000200B43A5
:1098A000A371297B0A401343A3712A7BD208D200FB
:1098B0001343A37170BD10B50A0001000120FFF72A
:1098C000C1FF10BD10B50A0001000220FFF7BAFF6A
:1098D00010BD70B506000C000220002E30D000290B
:1098E0002ED07378201D0B70B3784B70F178FFF792
:1098F0006FFC01223579257271794B1008001340F5
:10990000934010400343881010408000C90803436F
:10991000C9000B436373B1794B10080013409340A7
:1099200010400343881002409200C9081343C90045
:109930000B4321202373FCF76DFD854201D21220D9
:1099400070BD2220257AFCF765FD8542F7D8237883
:109950001820042BF4D86378012BF1D80020EFE70E
:10996000030010B50220002909D0002B07D00322E4
:10997000481C0A7019000D3202F0CAFA002010BD0E
:1099800003000222080010B5002B06D0002904D0E5
:109990000E32591C02F0BCFA0022100010BD030068
:1099A00010B50220002909D0002B07D00422481C42
:1099B0000A7019000C3202F0ABFA002010BD10B58D
:1099C000FFF7DEFF10BD03000220002906D0002BA8
:1099D00004D0052200200A701B784B7070470300EA
:1099E0000220002B08D0002906D05B7800200B70E5
:1099F000013B082B00D918307047030010B5022036
:109A0000002909D0002B07D00622481C0A70190033
:109A10000A3202F07DFA002010BD10B5FFF7B0FF4A
:109A200010BD02000B00022010B500290ED0002A44
:109A30000CD007211970118859701188090A997082
:109A400011180822D81C02F063FA002010BD030090
:109A50000A00022010B5002B0CD000290AD09978FA
:109A60005878090201431180901CD91C082202F089
:109A70004FFA002010BD030010B50220002909D0C4
:109A8000002B07D00822481C0A701900921802F017
:109A90003FFA002010BD02000B00022010B5002983
:109AA0000BD0002A09D009211970117818185970A3
:109AB000511C062202F02CFA002010BD10B5FFF751
:109AC0005FFF10BD02000B00022010B5002A09D074
:109AD000002907D05178197011180622581C02F07D
:109AE00017FA002010BD030010B50220002909D08C
:109AF000002B07D00A22481C0A701900063202F017
:109B000007FA002010BD10B5FFF73AFF10BD0200A4
:109B10000B00022010B5002A06D0002904D018003E
:109B20005178FFF755FB002010BDF0B51F0006234C
:109B300087B003AD06000800298101922B80FEF753
:109B4000BEFC1324011E68600CD00198B847041EA7
:109B500005D129003000FEF76DFA041E02D06868B6
:109B600001F09EFF3000FFF707FA200007B0F0BDBC
:109B7000F0B504008BB0019115000021102202A85D
:109B800001F0D6FF334EA700B85900283CD0C38857
:109B9000A34239D10378002B36D14278062A18D156
:109BA00002000100553235310C3006ABFFF7ACFA3C
:109BB000002829D12000FFF72FFE020006A902A8E5
:109BC00002F0A6F9200002A902F05AF801200BB019
:109BD000F0BD816E002917D00B8A112A28D19D4231
:109BE0000ED101981231093A01F022FF012807D164
:109BF000BB5920009D6EFFF70FFE29000200DEE733
:109C000032212000FFF7DAFC2000FEF7FDFE061EE1
:109C10001BD0416A002918D00B8AAB4215D108220B
:109C20000198123101F004FF01280ED1716A0AE097
:109C30009D42E9D108220198123101F0F9FE012874
:109C4000E2D1BB59996E8A7EB9E7200002F068F92B
:109C5000BCE7C0468C66FF1FF0B56E4D87007E598D
:109C600085B0337802900393002B00D085E0B36871
:109C7000346A01937078062817D101221B7D1342A4
:109C800002D0217B114218D10222134202D0217B43
:109C9000114251D10422134203D0237B134200D03E
:109CA0008EE0019B5A7DEB5982E007380428F8D8F2
:109CB00002F08EF9032E42658600B36E002B03D1AD
:109CC0001C2002F025F8B066EB599C6E002C1CD0CD
:109CD00010220021200001F02BFF0298FFF79CFDCD
:109CE00001002000FFF730FA02F052F92082200034
:109CF00008211230FFF728FA0298FFF78DFDA076B1
:109D0000EB592100D888FFF711FC0822EB591CE021
:109D1000B36E002B05D01A00198AF0881232FFF7B3
:109D20000FFC0222019B197DEB59114250D0207B80
:109D300010424DD0073208E0F488FCF7E7FC010040
:109D40002000FFF713FC0A22EB595A705A78073AA1
:109D5000042A12D8D888FEF757FE002856D0C389A7
:109D60005A08D2182C49029B0298CB549B00EB58FE
:109D700041180433294802F023F905B0F0BDFCF77F
:109D8000ADFC03000120834201D100200393EB5975
:109D9000DE88FCF7A9FC039902003000FFF7F0FB16
:109DA000019AEB59117D0422114218D1019A527D7A
:109DB00001210A4218D0607B084215D00C22C4E76A
:109DC000F688FCF745FC01003000FFF7EDFB68E783
:109DD00004221142EAD0217B1142E7D0AAE7217B7D
:109DE0001142E3D00B22B0E702210A4204D0607B8B
:109DF000084201D00E22A8E704210A4204D0627B67
:109E00000A4201D01022A0E712229EE7FA22520055
:109E1000A8E7C0468C66FF1F9066FF1FD3A1001104
:109E200010B5064B1A780423100018401A4200D0CF
:109E30000348FFF723FA002010BDC046CD64FF1F82
:109E40002C43FF1F70B50400FFF7D0FA051E43D165
:109E50002000FFF779FA234EA400A0598268937C72
:109E6000DB0708D50321036A1B790B40012B02D1C4
:109E7000017F0B430377431DD97F8B1E022B0DD827
:109E8000022900D00121C088FCF796FE0421335935
:109E90001A7F59700A431A77280070BD01290CD126
:109EA00002231022437000210C3001F041FE305992
:109EB00010213530FFF748F9EEE70529ECD10223F0
:109EC000D118437010220C3002F022F804233259CA
:109ED000117F0B431377EAE708251828DCD1053DED
:109EE000DAE7C0468C66FF1FF0B58BB0059143885A
:109EF0007C4F9E00F45915000493002C15D10129C4
:109F000002D000200BB0F0BD101D57781678FFF777
:109F100053F9EB68320002932B7A04990193009075
:109F20003B002000FCF712FEEBE7E388049A934223
:109F300001D00820E6E72378012B00D1D0E0059B73
:109F4000581E092800D9CBE002F042F805CA0A29B8
:109F5000C8506C859AB229000498FFF773FFD1E7C7
:109F6000200029001022453001F0D2FFB9594B786A
:109F7000042B02D1013B4B70C3E70B000A002533D1
:109F800035320C310498FFF791F90498FFF7FEF988
:109F90000522431E9841BB59C0005A70B2E7200009
:109FA00029001022553001F0B3FF049B4D4C9D0059
:109FB000295904980A0006AB55320C31FFF776F99F
:109FC00029591022453106A801F032FD012808D197
:109FD0000498FFF7F3F90590002804D106222B59C5
:109FE0005A7005988EE708230593FAE763780C2BDF
:109FF00076D1E36E002B03D11C2001F089FEE066D0
:10A00000BB59D86E00286BD01022290001F080FFC8
:10A01000BB590498DC6EFFF7FFFB0D22A076BB59FD
:10A020005A706EE7E06E00285AD063780D2B57D136
:10A030002B8808220382A91C123001F069FFBB594A
:10A040009A68517D0222114226D0186A407B104244
:10A0500022D00C32E4E763780E2B41D1236F002B22
:10A0600003D1162001F054FE2067BB59186F002859
:10A0700003D01022290001F04BFF0F22BB59CFE77C
:10A0800063780F2B2CD1206F0622691C103001F051
:10A090003FFFBB599A68517D0422114203D0196ACF
:10A0A000497B1142D5D100210498FFF787FA28E7B0
:10A0B000606F002808D1143001F02AFEBB59606798
:10A0C000586F002800D134E71022290001F020FF4A
:10A0D0000122BB5952425B6F1A61E4E72978E3E73A
:10A0E00007200FE78C66FF1F10B5064C207001F0AB
:10A0F00057FD06212078FDF78DFF0348FEF772FC1F
:10A1000010BDC0469F66FF1F8992001100200BB250
:10A1100070B50D00834216DA264B187801F000FE68
:10A12000041E0DD00378922B0ED0A02B37D0224BDB
:10A130001878FF283AD0210001F022FE002835D1FE
:10A1400080200002684070BD43780E2B0BD03E2B60
:10A15000EDD18378052B12D0082BE8D18179808846
:10A16000FFF7D6FA08E0154B82889A42DFD1836860
:10A170001878591CFEF7C4FE0028D8D016E0104B02
:10A180001B785B0712D50F4B1B68002B0ED09B680A
:10A19000002B0BD0C289811D80889847ECE7FFF720
:10A1A00041FAA068002801D001F07AFC200001F0FB
:10A1B0008FFCC5E79F66FF1F2543FF1F1820000087
:10A1C000CD64FF1F8866FF1F10B50078FFF712FAF5
:10A1D00010BD10B50078FFF7FBFA10BD0C23434308
:10A1E000084A10B59B185A68002A03D0012901D1EA
:10A1F000904710BD9B68002BFBD00029F9D19847F0
:10A20000F7E7C046BC66FF1F01238340094A10B52B
:10A21000946B1C439463506B98435063D46B200041
:10A220009843012901D120001843D063116B0B43DF
:10A23000136310BD00800040F0B500240127154BCA
:10A2400085B0DA6B144E03921A6C0192DA64019BAA
:10A25000E3403B4217D0039DE5403D400295E5B207
:10A2600002992800FFF7BAFF316A736A002908D003
:10A270003900002B01D0029979402800FFF7C4FF74
:10A2800001E0002BF9D101340C36172CDFD105B0D9
:10A29000F0BDC04600800040A066FF1F064B0121B4
:10A2A0005A68C2400A4204D01B68C34018000840E4
:10A2B00070471B6DF9E7C046008000400122064B45
:10A2C0008240002903D0D9680A43DA607047D96810
:10A2D0009143D960FAE7C046003800400322424368
:10A2E00070B50F4DAB189C785E780123361B013694
:10A2F000B340013BA340A140DB430C00122808D827
:10A30000525D0849920052181168194021431160AA
:10A3100070BD054A11680B4023431360F8E7C0463F
:10A32000CBC4001108F0004014F00040C21F70B50B
:10A33000D4B20623092C0BD80125084C95400029DE
:10A3400008D00021FFF7CAFF23682B4323600023B6
:10A35000180070BD2368AB43F8E7C04600380040E2
:10A36000214BF0B51B185B78022B21D10324444309
:10A370001E4A1F4EA35C12199478012215008540D5
:10A38000B76B013CE4B23D43A240B563194C1228BF
:10A3900015D89B0000290CD117495B1899680A430E
:10A3A0009A600123205C154A834011680B431360B7
:10A3B000F0BD11495B18996891439960F1E70E4B24
:10A3C00000290DD159690A435A61225C1328E8D04B
:10A3D0000123203A93400A49086803430B60E7E7EA
:10A3E000596991435961F0E7A066FF1FCBC4001182
:10A3F0000080004010C5001100F00040A0F00040B7
:10A40000A4F00040F8B500241B4E1C4D1C4B1B5DF6
:10A41000012B1FD1194A9269E2401A420BD0012246
:10A42000B25693402200143AD2B2022A09D81549F2
:10A430004A6913434B61013402360C35172CE5D1C0
:10A44000F8BD0022B2560F499200521891680B4392
:10A450009360F0E7022BEED1E7B23800FFF71EFF62
:10A4600001235840C1B23800FFF77AFF3800FFF7E8
:10A4700015FF6877DFE7C0469DC40011A066FF1F87
:10A48000A166FF1F00F00040012202388240054B08
:10A49000002903D059690A435A61704759699143A9
:10A4A0005961FAE700380040F8B50E0001210F00AD
:10A4B0008740114A0400D368FD43BB43D360831E29
:10A4C0008B4201D8FFF7E0FF00212000FFF72EFFAD
:10A4D0000A4A0B4B5168012E05D139431B195160B3
:10A4E0005E700020F8BD2940516002221C19627084
:10A4F0009A6915409D61F4E70038004000800040F3
:10A50000A066FF1F012210B58240074B002906D02C
:10A5100019680A431A600121FFF7C6FF10BD1968C8
:10A5200091431960F7E7C046008000400C2370B5E6
:10A53000002543430A4A29009B181D70094B04005B
:10A540001B185D70FFF7B0FF0123A34006492800E8
:10A550000A681A430A6005490A689A430A6070BD8E
:10A56000BC66FF1FA066FF1F3480004030800040A3
:10A5700070B504000E00FF2813D003250540FFF737
:10A58000D5FF084AA3089B009B183F22ED00AA4074
:10A59000AE40196820009143314319600121FFF753
:10A5A0008DFE70BD18380040F8B50C244443134BA1
:10A5B0000500E4186368002B03D1A3681220002B68
:10A5C0001AD0022201270E4B00215B195A70280075
:10A5D0002770FFF769FF63681E1E08D0A3683E005E
:10A5E000002B04D02800FFF759FE4640F6B22800A1
:10A5F0003100FFF709FE0020F8BDC046BC66FF1F12
:10A60000A066FF1FF7B5C420FF222A4B800019580F
:10A61000002591433F3A0A431A508022264E5202A7
:10A62000264F1A60264B5C5D002C22D0AB1E012BFE
:10A6300003D80121E8B2FFF727FF012C19D11E4BE7
:10A640009B69EB40234214D0EBB218000193FFF753
:10A6500025FE01000198FFF755FF0123FB569C40A2
:10A66000EBB2143BE443022B1AD8164A5369234039
:10A670005361337F002B0DD0ECB22000FFF794FF25
:10A680002000FFF70BFE737F0100834202D0200001
:10A69000FFF7A4FD01350C360237172DC2D1F7BDE7
:10A6A0000023FB56074A9B009B189A6814409C6045
:10A6B000DFE7C04600E100E0A066FF1F9DC4001177
:10A6C000A166FF1F00F0004070B50E0015000400E9
:10A6D000FFF72CFF0C236343094A20009B189D6061
:10A6E0005E60FFF761FFF021064B074A8900051EF7
:10A6F0005A5002D02000FFF719FF280070BDC04655
:10A70000BC66FF1F0000FF1F39A2001170B5134D7A
:10A7100007202C78002C1FD19822210052002800FD
:10A7200001F02EFA0123C420FF222B700C4B800075
:10A730001C635C630B4B1C605C600B4B19589143B2
:10A740003F3A0A431A50802252021A600D20074AEB
:10A75000074901F0CDFA200070BDC046A066FF1F7A
:10A7600000800040A0F0004000E100E005A60011DC
:10A7700005A40011F8B50600012826D00B220827F1
:10A78000164C01239340164A164DD3677301ED18FA
:10A79000287C0021FFF792FD0021687CFFF78EFDE9
:10A7A00000258023380023732571257025732572B9
:10A7B000656001F0F5FB380001F0D2F90A4BAE42BA
:10A7C00007D1EB2292009E50F8BD11221927074CA9
:10A7D000D7E7F12292009D50F6E7C04600400040C6
:10A7E00004E100E05468FF1F0000FF1F00900040DC
:10A7F000F0B587B0050001F02BF904902800FFF7B1
:10A80000B9FF012D00D17DE005230427082603931D
:10A81000444C06330193444B6A019B181A7CFF2A6F
:10A8200002D15B7CFF2B6BD0300001F041FA30008D
:10A8300001F0B6FB3C4B6A0102936B010593029B4E
:10A8400002219E18307CFFF749FD0221707CFFF742
:10A8500045FD39000027307CFFF78AFE707C0399A4
:10A86000FFF786FE27737169049B18114B08C01807
:10A8700001F08EFA802327612373030ADBB2237170
:10A88000F37EC0B22070BB4244D01B232373029BD3
:10A890006A019B181A7E0123002A3DD0872222726A
:10A8A000636062687F3313436A0194466360029B6E
:10A8B00063449B7E002B03D00223626813436360D2
:10A8C0001A4A002D2AD1EB21194B89005350019BC4
:10A8D000184A9B089B009B180322019CC020224021
:10A8E000FF24D200944080001958A1438024944052
:10A8F00022000A431A500123019A93400D4A136023
:10A9000007B0F0BD092308270393DB1919260A4C69
:10A91000019380E70323B9E72272C5E7F121074BD2
:10A92000D3E7C046004000405468FF1F0000FF1FEF
:10A930004D1BFF1F00E100E0009000408D1BFF1F3A
:10A9400010B50020FFF754FF10BD10B50120FFF730
:10A950004FFF10BDF0B587B005930CAB1D78174FB6
:10A960006E01F35D029002AC112003910492002B62
:10A970001ED1637A0C380193002B19D119002022C3
:10A98000F01901F0FDF80E4BF31807CC07C39C46F5
:10A990006246236828001360FFF72AFF0123F3555E
:10A9A000002D07D129000820064A01F0A1F9002056
:10A9B00007B0F0BD1920044A0199F6E75468FF1F5B
:10A9C0006468FF1F41A900114BA9001170B5040074
:10A9D000FFF7D0FE084D660120220021701901F01A
:10A9E000CFF80023082073559C4200D0192001F0B5
:10A9F0000FFB002070BDC0465468FF1F70B51D00DE
:10AA000002240C2910D8094ACA40D2070CD5FBF7FA
:10AA10000DFD041E08D1059A04992800FBF740FD9E
:10AA2000FCF7E2FBFFF7FCF9200070BD12100000FC
:10AA300030B50D7802232C009C43184201D02B43E3
:10AA40001C0008252300AB43284201D02B002343E0
:10AA500020241D00A543204201D01C4325002A23A9
:10AA60000D70184204D011781E3B0B43137030BD9B
:10AA70000028FCD10C2113788B43F7E7F8B51D00B3
:10AA800006AB1B88140007AA0E000B201778002BBA
:10AA900027D10A78022A49D14A68507811780002F1
:10AAA000244A08438018042840D801F091FA031280
:10AAB0001D1B2300F06801F003F8021CC0B2B8426D
:10AAC00000D93A1CD2B22000F1682A8001F020FAA5
:10AAD00006E00222F3681B882A8023701B0A637039
:10AAE0000020F8BD0622EEE701232B80F3681B78D7
:10AAF0002370F5E7F368002B16D008222A801A8805
:10AB000022701A88120A62705A88A2705A88120A31
:10AB1000E2709A8822719A88120A6271DA88A271A8
:10AB2000DB881B0AE371DBE72B80D9E701202B8050
:10AB3000D7E7C04600D6FFFFF7B516000A781D001C
:10AB400008AB1F880C000123022A18D14A685078EC
:10AB5000117800022B4A0843801803280FD801F00F
:10AB600037FA02254439E06800F0AAFFC0B2072393
:10AB7000B84204D37B190193152B02DD0D23180075
:10AB8000FEBDE0682A003100C01901F0C1F96B4632
:10AB900000209B88E268D0541B4B1B68834203D083
:10ABA0001B68834200D098470023E8E70B23002F5F
:10ABB000E5D1022DE2D1737832781B021343E268AB
:10ABC0001380114B1B68002BEED01B68002BEBD0C1
:10ABD0000120E8E70B23002FD1D1062DCED12A008A
:10ABE0003100E06801F094F9DEE70B23002FC6D1B5
:10ABF000012DC3D132787533012AC0D8E3681A70A9
:10AC0000D2E7C04600D6FFFFAC68FF1F70B50C004E
:10AC10001500072837D801F0DBF9041436361B3647
:10AC2000242E182015290BD8184E1622002130008A
:10AC300000F07EFF22002900300001F069F90020B9
:10AC400070BD18200229FBD11288114B1A80F6E73B
:10AC500018200829F4D10A000E48290000F0A8FFA6
:10AC6000EDE718200129EBD10B4B10780B49DA697D
:10AC7000FFF7DEFEE3E718200129E1D1064B10784B
:10AC80000749DA6BF4E70220DAE7C0469468FF1F51
:10AC9000CE43FF1FC443FF1F5443FF1F7C43FF1FCE
:10ACA0009C43FF1F030010B50020DB0704D50721DC
:10ACB000024A034800F08CF810BDC04628C50011B8
:10ACC0005443FF1F054A03001068002803D0828800
:10ACD0009A4201D1806870470068F6E7A46AFF1FB6
:10ACE0000A88030008009A4204D08A8804309A42F5
:10ACF00000D000207047000073B5060068461500BC
:10AD000001960180FCF74EFE041E11D1002D0FD0DC
:10AD10007689002E11D00C2000F0FAFF00280ED00A
:10AD2000084A0460136886808560002B02D1106099
:10AD3000200076BD1A001B68F7E70224F8E7132409
:10AD4000F6E7C046A46AFF1FF8B5F22200230D4FB4
:10AD50000D4E7968050042433370994200D07B6004
:10AD60000A4C0021200000F0E3FE00231A007C6062
:10AD70009D4201D13570F8BD01332280DBB2F2343F
:10AD8000F6E7C0469C6BFF1F9A6BFF1FA86AFF1F68
:10AD9000012100220A4B10B549420A4C19809980C2
:10ADA0009A719A70084B2070012019805A60FFF741
:10ADB000CBFF2078FCF754FE0448FDF713FE10BDCE
:10ADC000B468FF1FA46BFF1F9C6BFF1F7DAE0011BB
:10ADD000022310B5002802D0FFF78EFF03001800F1
:10ADE00010BD0000030010B50020DB0704D50421CE
:10ADF000024A0348FFF780FF10BDC0463CC5001162
:10AE0000D443FF1FF0B50E2687B003930CAB1F8809
:10AE100002ABF6180500080031000292FCF74AFF69
:10AE200004000120002C0FD03088FFF74BFF0300F7
:10AE30000E20002B08D05E68002E05D021002800CF
:10AE4000039B029A0097B04707B0F0BD0A4B10B5BC
:10AE5000984207D10122002352420A808B708A80D7
:10AE60008B7110BDFFF73CFF0028FAD001235B4235
:10AE7000038000238370F4E7FFFF0000F8B50500AE
:10AE800001290AD1134E00243388F227AB4219D08E
:10AE900028001149FFF7DAFF06E0022904D1013941
:10AEA000FDF71EFE0028EDD0F8BD3B00634372683D
:10AEB000D018D35A002B09D03A00002100F038FEF8
:10AEC0000134E4B2054B1B78A342EED801235B4268
:10AED0003380DDE79C6BFF1FB468FF1F9A6BFF1F79
:10AEE00010B5FFF7FDFE03000020834200D09878E4
:10AEF00010BD0000F0B589B01C000EAB80CB0390F4
:10AF00001E8810AB1B78049202930B7A0D00DB06AF
:10AF100016D42B780593022B24D00498FFF7D2FE89
:10AF2000002812D003689C46002B0ED0029B220002
:10AF3000019329003B00644603980096A04705E072
:10AF40000498FFF7BFFE002802D10E2009B0F0BD23
:10AF50008368002BF9D00A2229000398984700281B
:10AF6000D7D0F3E76B6858781A786A4B0002104321
:10AF70009842D2D8043B984210D2674B984242D0B4
:10AF800015D8664BC0180128C7D80B20002EDDD17C
:10AF9000EB681A7859683A80200028E0604BC018A6
:10AFA000032800D978E001F013F8836A779D5D4BA0
:10AFB0009842B2D10B20002EC8D101233B80EB6810
:10AFC00031001B7823706889013080B2FCF772FE73
:10AFD0003A88031E0ED0017802328A183A804289DC
:10AFE00062704289120AA27059680278E01C00F06F
:10AFF0008FFF06E004323A8031000422601C00F02A
:10B0000097FD0020A2E70B20002E9FD1EB6807A937
:10B010001E8804233B80330A300026706370FCF7DF
:10B0200049FE051E28D004AB9A890E2304A95B189B
:10B030003D49C668FCF7B2FE00280BD12B783B488F
:10B040006A680599FBF740F9002803D1012304AA97
:10B050005B42D3813278022A06D17168201D00F04C
:10B0600057FF3B8802333B800E2304AA9B181B88A2
:10B07000A3701B0AE370C4E704ABDE81F4E70B2086
:10B08000002E00D062E7E9680398FFF729FF02234A
:10B090003B8020706670B4E70B20002E00D055E78F
:10B0A0000222EB681B883A8023701B0A6370A8E7B2
:10B0B000E86800F005FDC2B203000720B24200D2EA
:10B0C00044E70DD00299DBB27118994202DB921B62
:10B0D000D3B20293029BE9681A003B8089195BE7AF
:10B0E0000023F6E70B20002E00D02FE70722EB68A5
:10B0F0003A801A7822705A7862705A88A2705A88F8
:10B10000120AE2701A792271DA886271DB881B0AEE
:10B11000A37176E7042900000228000000D8FFFF91
:10B12000FFD6FFFF03280000FFFF00006CC40011E2
:10B13000F0B58DB06B460020089120229B5E8342C3
:10B140003DDAA54B187800F0EBFD071E32D00378EE
:10B15000B02B2CD10079023816281FD800F028FF18
:10B1600017001E001E001E0031001E0094001E006D
:10B170001B011E0050011E0071011E00CB011E00AC
:10B1800050021E001E001E008E021E00B902934BCC
:10B1900093491B8878880B80FAF7D8FD3800FCF7B4
:10B1A0007FFE904B1B68002B01D038009847380079
:10B1B00000F08EFC8020089B0002434018000DB078
:10B1C000F0BDEE220021864800F0B2FC0BAA3B7BCA
:10B1D0007989388900923A000D32FCF77FFC04002F
:10B1E0007F4B1B78002C3DD144E07F4B7888059342
:10B1F00006AB9A8A7D4B4100CB5A7D4E073BDBB2B2
:10B2000002930023210001930096059BFFF772FE35
:10B21000734D00280FD133883A8A9A420BD13800F7
:10B220000599123000F004FC002804D02B786289C4
:10B230009B00EB185A80162606ABF6189A8A200057
:10B2400033007989FCF7AAFD2B7804009A00AA182C
:10B2500051880029C4D00133DBB22B70002806D0FE
:10B2600031889180634A12889A42BED802E0012157
:10B2700049429180002B04D059497888FAF79AFD09
:10B280008CE73E890A2479E000253E89574B0693D6
:10B290007B88069A5B009B5A033B9D4202DB002D94
:10B2A000F0D05BE0162206A812183B7B7989009249
:10B2B0003A0030000D32FCF711FC0590002858D000
:10B2C0004689017A7888FCF7D1FB041E44D1464BAD
:10B2D00078880793069B4100C95A454B0439C9B287
:10B2E00006AAD28A06930291019400930599079BBE
:10B2F000FFF700FE041E2FD1069B39491A88931CC4
:10B30000002D26D14B807988384B4900CB5A5119F2
:10B31000033B8B4220DD059B31485B8941190B7152
:10B32000A91C0135C9B2EDB2059145191B0A2B7153
:10B33000059B2D490433181800F0EAFD2C4B059AA3
:10B340001B88D318DDB22C4B9E4205D00136B6B215
:10B350009CE749889942D6D0002D0CD0204C28007B
:10B36000618800F055FC207021007888FAF732FDE2
:10B3700014E7059CF0E7002C00D183E77B78142BC1
:10B3800000D10BE716493B794E800B700C71788821
:10B39000FAF7D2FC02E7162406ABE418210038893C
:10B3A000FCF788FC011E00D18FE1788822880F4CC1
:10B3B00045002C5B0A4D013CE4B2029400240F4B83
:10B3C00001940095FFF796FD041E00D016E12900B8
:10B3D0007888FAF70FFDE1E6A46BFF1FC442FF1F58
:10B3E000BC68FF1FB068FF1FB069FF1FA064FF1F8C
:10B3F000A06AFF1FC242FF1FFFFF0000BE68FF1FC1
:10B40000162406ABE41821003889FCF753FC011E12
:10B4100000D15AE178882288B24C45002C5BB24DAD
:10B42000013CE4B202947C89B04B01940095FFF793
:10B4300061FD041E00D0E1E029007888FAF7E4FC01
:10B44000ACE60025A84B1D803B00F6331B78A64ACE
:10B4500078880792AB4208D9A24B128806930699C6
:10B4600043005B5A013B9A4203DB0799FAF7D6FC8B
:10B4700094E616246B00FB18059306ABE418059BB5
:10B4800021001889FCF716FC011E03D1059B01243D
:10B490001E8973E77888964B2288069C099343009F
:10B4A0001B5B944E013BDBB2029300230096019399
:10B4B000099BFFF71FFD041E02D0059B1E895DE757
:10B4C0007B88069A5B009B5A079A108832888118FD
:10B4D0008B4203DC1B1A013B9AB23280824C023051
:10B4E0000999001900F014FD2388328801359B1852
:10B4F0002380EDB2A8E70BAA3B7B798938890092BB
:10B500003A000D32FCF7EAFA00250600002E04D1BD
:10B510000A24002D00D171E063E0317A7888FCF7CD
:10B52000A5FA0100041E67D16E4C714B7888059412
:10B530000793059B4400E45A6E4B063CE4B206AA0E
:10B54000928A06930294019100933100079BFFF7C2
:10B55000D1FC041E50D1069B634A1B88002D34D1B8
:10B5600004335380604C728963191A716B1C9BB24F
:10B57000E318120A1A7106AB9A8A162306A81B183A
:10B5800079893000FCF70AFCFF212B1DAA1C9BB215
:10B590000335059306000B0092B2ADB2002803D02C
:10B5A00006ABDB8AD9B21B0AA218651911712B717F
:10B5B000059B504D181D2A884D49201800F0A8FC05
:10B5C0002B88059AD3189DB2A0E751881A1D914285
:10B5D00007D17A8805995200525AEB18053A9A42D7
:10B5E000C0DC414C2800618800F0D2FB20702100B3
:10B5F0007888FAF71DFCD1E5002DF2D13E89BDE631
:10B60000162606ABF61831003889FCF753FB3D00CF
:10B610000400FA3500282DD0037A9B060CD40022B2
:10B620007B893989788800923A000C32FFF7EAFB6F
:10B63000041E10D03E8915E03088FFF743FB002838
:10B640001AD08368002B17D02100122278889847DF
:10B65000041EE4D0EEE72B78002B02D17888FAF7AD
:10B66000F7FB00262B78002B00D097E5002C00D1AB
:10B6700094E583E60124DDE70E24DBE7162506AB1F
:10B68000ED1829003889FCF715FB041E1DD0037A3C
:10B690009B0609D4184B7A8819888A4263D01748C8
:10B6A00081425FD00924A9E72888FFF70BFB002817
:10B6B0000DD08368002B0AD0210012227888984789
:10B6C000041EE7D09AE7100053E0012496E70E2409
:10B6D00094E7094B7A881B889A423FD07888FAF71A
:10B6E000C9FB5BE5A064FF1FBC68FF1FBE68FF1FAE
:10B6F000B069FF1FA06AFF1F9C6BFF1FFFFF0000C8
:10B70000F223059851684343CD18C95A00291FD028
:10B710003B7A012B0BD16C88AB887888AA1D0094EA
:10B72000FFF770FB041E02D000233B722E88F2222A
:10B730000021280000F0FCF900232B80059B013339
:10B74000DBB20593144B05991B78144A8B42D7D86A
:10B7500001235B421380002CC0D00FE6002634008A
:10B760000596EFE71A8058680B4B1A78F22353437B
:10B770001B18984296D002000188F2320029A2D10B
:10B780003C0008342100F22200F0C2FB210078883E
:10B79000FAF766FB02E5C0469A6BFF1F9C6BFF1F22
:10B7A00070B504000E001500FFF79AFA031E08D1C9
:10B7B00031000548FFF794FA03001120002B02D056
:10B7C0001C8000209D7070BDFFFF0000F8B50B4F7E
:10B7D00006003B780D001400FF2B0ED00A2000F06D
:10B7E00087F9011E09D0B12303800023468003712D
:10B7F000C5800481387800F0C3FAF8BD1544FF1FF6
:10B80000F8B50F0006A90600088807A90B250988C6
:10B8100000281FD10235022B1CD154781378240242
:10B820001C43230073358B4314D1FD68300029007D
:10B83000FFF756FB84420CD0290022003000FFF7AE
:10B84000AFFF1125002805D1220030007989FFF7CC
:10B85000BDFF00252800F8BDF0B50E7885B0039037
:10B860000AA805880120022E0DD14C68277864783B
:10B8700024023C43054FBC4205D10398DBB201963C
:10B880000095FFF7BDFF05B0F0BDC04602290000DE
:10B8900071460420014202D0EFF3098002E0EFF389
:10B8A0000880FFE710B504002948F7F7A9FF002C2E
:10B8B0001FD028482168F7F7A4FF27486168F7F7E9
:10B8C000A0FF2648A168F7F79CFF2548E168F7F735
:10B8D00098FF24482169F7F794FF23486169F7F737
:10B8E00090FF2248A169F7F78CFF2148E169F7F73B
:10B8F00088FFEFF30881EFF309841E48F7F781FF13
:10B9000021001D48F7F77DFF1C4B1D481968F7F70C
:10B9100078FF1C4B1C481968F7F773FF1B4B1C483A
:10B920001968F7F76EFF1B4B1B481968F7F769FF9B
:10B930001A4B1B481968F7F764FF1A4B1A48196825
:10B94000F7F75FFF194B1B68002B00D09847FEE705
:10B95000EAC20011FAC2001102C300110AC30011A9
:10B9600012C300111AC3001123C300112BC300110D
:10B9700033C300113CC3001145C3001104ED00E0C6
:10B980004EC3001124ED00E058C3001128ED00E083
:10B9900064C300112CED00E06EC3001134ED00E033
:10B9A00078C3001138ED00E084C30011A86BFF1FBD
:10B9B000074A084B934202D200211970064B00211E
:10B9C0009A4202D8F7F720FFFEE719700133F7E734
:10B9D000AC6BFF1F1844FF1F1944FF1F000000003D
:10B9E00001B40248844601BC604700BF5930FF1FC4
:10B9F00001B40248844601BC604700BF3537FF1FD1
:10BA000001B40248844601BC604700BF25260000FF
:10BA100001B40248844601BC604700BFE53AFF1FFD
:10BA200001B40248844601BC604700BFA54F010035
:10BA300001B40248844601BC604700BFCD4C010000
:10BA400001B40248844601BC604700BF3555000080
:10BA500001B40248844601BC604700BFD1A5000084
:10BA600001B40248844601BC604700BF3D19FF1F76
:10BA700001B40248844601BC604700BFD91B0000E6
:10BA800001B40248844601BC604700BF5147010031
:10BA900001B40248844601BC604700BF8B520100DC
:10BAA00001B40248844601BC604700BFD949010087
:10BAB00001B40248844601BC604700BF1119FF1F52
:10BAC00001B40248844601BC604700BFDD5201005A
:10BAD00001B40248844601BC604700BF434D0100E9
:10BAE00001B40248844601BC604700BF5D170000F6
:10BAF00001B40248844601BC604700BF1D4D0100EF
:10BB000001B40248844601BC604700BFC94A010035
:10BB100001B40248844601BC604700BF6DBC000010
:10BB200001B40248844601BC604700BF017F0000A9
:10BB300001B40248844601BC604700BF154D0100B6
:10BB400001B40248844601BC604700BFC9A9000097
:10BB500001B40248844601BC604700BFF30E0000F8
:10BB600001B40248844601BC604700BF6939FF1F29
:10BB700001B40248844601BC604700BF153AFF1F6C
:10BB800001B40248844601BC604700BFB70E000004
:10BB900001B40248844601BC604700BFB95E0000A2
:10BBA00001B40248844601BC604700BFC9260000BA
:10BBB00001B40248844601BC604700BF810E00000A
:10BBC00001B40248844601BC604700BF0D52010029
:10BBD00001B40248844601BC604700BF2124000034
:10BBE00001B40248844601BC604700BF4136FF1FD4
:10BBF00001B40248844601BC604700BF45500000C4
:10BC000001B40248844601BC604700BFBD3AFF1F33
:10BC100001B40248844601BC604700BF350E0000F5
:10BC200001B40248844601BC604700BF3536FF1F9F
:10BC300001B40248844601BC604700BF7918000087
:10BC400001B40248844601BC604700BF11470100AF
:10BC500001B40248844601BC604700BFE5480000CB
:10BC600001B40248844601BC604700BF056A000079
:10BC700001B40248844601BC604700BF090E0000C1
:10BC800001B40248844601BC604700BF311B00007C
:10BC900001B40248844601BC604700BFC166010090
:10BCA00001B40248844601BC604700BFCD32FF1F8B
:10BCB00001B40248844601BC604700BF2939FF1F18
:10BCC00001B40248844601BC604700BF6536FF1FCF
:10BCD00001B40248844601BC604700BFF94C010032
:10BCE00001B40248844601BC604700BFC12DFF1F5C
:10BCF00001B40248844601BC604700BF9D30FF1F6D
:10BD000001B40248844601BC604700BF1D4B0100DE
:10BD100001B40248844601BC604700BF3D4B0100AE
:10BD200001B40248844601BC604700BFF54E0100E3
:10BD300001B40248844601BC604700BFADAE0000BC
:10BD400001B40248844601BC604700BF4551010070
:10BD500001B40248844601BC604700BF3D180000A2
:10BD600001B40248844601BC604700BF214601007F
:10BD700001B40248844601BC604700BF913AFF1FEE
:10BD800001B40248844601BC604700BF594F01001E
:10BD900001B40248844601BC604700BF090E0000A0
:10BDA00001B40248844601BC604700BF59520100FB
:10BDB00001B40248844601BC604700BFFD33FF1F49
:10BDC00001B40248844601BC604700BF5522000010
:10BDD00001B40248844601BC604700BF014C010029
:10BDE00001B40248844601BC604700BF4D1F0000FB
:10BDF00001B40248844601BC604700BF0124000032
:10BE000001B40248844601BC604700BF55490100A7
:10BE100001B40248844601BC604700BF456B010085
:10BE200001B40248844601BC604700BFED4A0100EE
:10BE300001B40248844601BC604700BFC521000030
:10BE400001B40248844601BC604700BF851F000062
:10BE500001B40248844601BC604700BFE9280000E5
:10BE600001B40248844601BC604700BF9DA90000A0
:10BE700001B40248844601BC604700BF8D12000037
:10BE800001B40248844601BC604700BF85520100EE
:10BE900001B40248844601BC604700BFE1170000BE
:10BEA00001B40248844601BC604700BFC51D0000C4
:10BEB00001B40248844601BC604700BFB14E000097
:10BEC00001B40248844601BC604700BFB54C010084
:10BED00001B40248844601BC604700BFDD38FF1F43
:10BEE00001B40248844601BC604700BF013BFF1F0C
:10BEF00001B40248844601BC604700BF1930FF1FEF
:10BF000001B40248844601BC604700BFDD66010001
:10BF100001B40248844601BC604700BFE94C0100FF
:10BF200001B40248844601BC604700BF091B000001
:10BF300001B40248844601BC604700BF691F00008D
:10BF400001B40248844601BC604700BFB3520100FF
:10BF500001B40248844601BC604700BF8D32FF1F18
:10BF600001B40248844601BC604700BF156B010064
:10BF700001B40248844601BC604700BF055E000072
:10BF800001B40248844601BC604700BF051AFF1F88
:10BF900001B40248844601BC604700BF295101003A
:10BFA00001B40248844601BC604700BFA939FF1FA5
:10BFB00001B40248844601BC604700BF293BFF1F13
:10BFC00001B40248844601BC604700BFA946010095
:10BFD00001B40248844601BC604700BF153BFF1F07
:10BFE00001B40248844601BC604700BFEDA50000D3
:10BFF00001B40248844601BC604700BFE937FF1F17
:10C0000001B40248844601BC604700BF291C0000FF
:10C0100001B40248844601BC604700BFE930FF1FFD
:10C0200001B40248844601BC604700BF0130FF1FD5
:10C0300001B40248844601BC604700BF75A90000F6
:10C0400001B40248844601BC604700BFF138FF1FBD
:10C0500000030103020303030403050306020702AE
:10C06000080309030A030B030C030D030E030F035C
:10C070001003110313031403150316033D3B0011B2
:10C08000713B0011000000000200000092C000118E
:10C09000192A0F180A000000F1590000FD240000C1
:10C0A00041460100F18000110DA10011E974001159
:10C0B000F57E00110957001131B10011D150001166
:10C0C000493D0011713E00110000000016160000ED
:10C0D00002000000DCC00011F4FFF3FFD2FC0000FE
:10C0E000B13F00110000000000000000496E6B62CB
:10C0F000697264004942532D563135003030303179
:10C10000006769746875622E636F6D2F707676783C
:10C110000049425354483250000000000200000021
:10C1200030C10011292A282A272A262A252A242A2A
:10C130000A180000744000001027000060F00000A2
:10C140000400000006640000204E00000000000013
:10C15000060000005C440000102700006CEE0000A8
:10C1600007000000050000001F501D10023CB40035
:10C1700000012C0021000000810200003031323328
:10C18000343536373839414243444546005B5132F5
:10C19000735D005B51325D696E6974646F6E650D2D
:10C1A0000A005B5132745D005B5132615D005B518E
:10C1B000326D5D005B514230735D005B5142305D1A
:10C1C0006C6C6661696C0D0A005B5142315D73797C
:10C1D0006E63696E69740D0A005B5534735D005BB4
:10C1E0005534695D005B55385D73657470617261CB
:10C1F0006D0D0A005B5538695D005B5538745D0054
:10C200005B5538645D6469723D005B5538705D0054
:10C210005B5538655D005B55585D706172616D0DF1
:10C220000A005B5532735D005B5532655D005B55FE
:10C2300033735D005B5533695D005B55335D6D6F36
:10C2400064656164760D0A005B55585D656E6469CE
:10C25000730D0A005B55306F5D005B5530735D00F8
:10C260005B55305D616476706172616D0D0A005BD3
:10C2700055316F5D005B5531735D005B5531695D14
:10C28000005B55315D616476656E0D0A005B514758
:10C29000675D005B5147685D005B5147745D005B03
:10C2A00051475D6761707265670D0A005B514573A8
:10C2B0005D005B51455D6761706D73670D0A005BE2
:10C2C00051456F5D005B5131735D005B51315D62C3
:10C2D000756663706C0D0A005B5130735D005B51D5
:10C2E000305D626463706C0D0A005B5A305D68619A
:10C2F00072646661756C740D0A005B5A615D723020
:10C300003D005B5A625D72313D005B5A635D723283
:10C310003D005B5A645D72333D005B5A655D72316E
:10C32000323D005B5A315D6C723D005B5A325D708C
:10C33000633D005B5A335D7073723D005B5A355D3F
:10C340006D73703D005B5A365D7073703D005B5AD3
:10C35000345D696373723D005B5A34615D73686379
:10C3600073723D005B5A375D636673723D005B5AC2
:10C37000385D686673723D005B5A38615D6D6D664D
:10C3800061723D005B5A395D626661723D0000007A
:10C39000BD580011115900110000000002000000FA
:10C3A000A8C300116F2A6E2A1A18000001A000000D
:10C3B000000000006410B71DC8206E3BAC30D926C9
:10C3C0009041DC76F4516B6B5861B24D3C71055075
:10C3D0002083B8ED44930FF0E8A3D6D68CB361CB9D
:10C3E000B0C2649BD4D2D38678E20AA01CF2BDBD51
:10C3F000FB349B5F80000080001000000000000004
:10C400000F5F0011D9770011335F0011E57B001138
:10C41000B75F0011BB7B00112D600011917B0011F3
:10C420007F600011617D0011E7600011617D0011E6
:10C43000196100111B7D00112D600011497B001155
:10C44000A5600011F97C0011000000000000000050
:10C450008B610011F97C0011ED610011F177001181
:10C46000052A042A012A002A022903280128002873
:10C47000011800180000000000000000000000008B
:10C480000000008701010201020101020102030311
:10C4900004010301010101010303020103000D0076
:10C4A0000E001000110013001401070108010A0119
:10C4B0000B011C011D0204020502070208021902F9
:10C4C0001A021C021D0301030203170002010005EA
:10C4D00004000807000B0A001716001D1C010201CA
:10C4E000010504010E0D01111001141301171601AD
:10C4F0001A19020201020B0A020E0D021110021497
:10C5000013021716030504030807030B0A030E0D95
:10C510000001020307090A0B0E0F1011121417185D
:10C52000191A1B1F202122007DAA001139AB00110E
:10C53000000000000200000072C4001100000000B2
:10C5400059B80011000000000200000070C4001182
:020000041FFFDC
:1000000000000000B13C001198C0001194C0001124
:100010002C61FF1F00000000000000000000000035
:1000200000000000000000000000000000000000D0
:1000300000000000000000000000000000000000C0
:1000400000000000000000000000000000000000B0
:1000500000000000000000000000000000000000A0
:100060000000000000000000000000000000000090
:100070000000000000000000000000000000000080
:100080000000000000000000000000000000000070
:100090000000000000000000000000000000000060
:1000A0000000000000000000000000000000000050
:1000B0000000000000000000000000000000000040
:1000C0000000000000000000000000000000000030
:1000D0000000000000000000000000000000000020
:1000E0000000000000000000000000000000000010
:1000F0000000000000000000000000000000000000
:1001000000000000000000000000000000000000EF
:1001100000000000000000000000000000000000DF
:1001200000000000000000000000000000000000CF
:1001300000000000000000000000000000000000BF
:1001400000000000000000000000000000000000AF
:10015000000000000000000000000000000000009F
:10016000000000000000000000000000000000008F
:10017000000000000000000000000000000000007F
:10018000000000000000000000000000000000006F
:10019000F132FF1F3931FF1FC1660100000000006E
:1001A000000000000000000000000000000000004F
:1001B000000000000000000000000000000000003F
:1001C000000000000000000000000000000000002F
:1001D000000000000000000000000000000000001F
:1001E000000000000000000000000000000000000F
:1001F00000000000000000000000000000000000FF
:1002000000000000000000000000000000000000EE
:1002100000000000000000000000000000000000DE
:1002200000000000000000000000000000000000CE
:1002300000000000000000000000000000000000BE
:1002400000000000000000000000000000000000AE
:10025000000000000000000000000000000000009E
:10026000000000000000000000000000000000008E
:10027000000000000000000000000000000000007E
:10028000000000000000000000000000000000006E
:10029000000000000000000000000000000000005E
:1002A000000000000000000000000000000000004E
:1002B000000000000000000000000000000000003E
:1002C000000000000000000000000000000000002E
:1002D000000000000000000000000000000000001E
:1002E000000000000000000000000000000000000E
:1002F00000000000000000000000000000000000FE
:1003000000000000000000000000000000000000ED
:1003100000000000000000000000000000000000DD
:1003200000000000000000000000000000000000CD
:1003300000000000000000000000000000000000BD
:1003400000000000000000000000000000000000AD
:10035000000000000000000000000000000000009D
:10036000000000000000000000000000000000008D
:1003700091B8001100000000000000000000000023
:10038000000000000000000000000000000000006D
:10039000000000000000000000000000000000005D
:1003A0000000000000000000000000004D1BFF1FC7
:1003B000000000000000000000000000000000003D
:1003C000000000000000000000000000000000002D
:1003D000000000000000000000000000000000001D
:1003E000000000000000000000000000000000000D
:1003F00000000000000000000000000000000000FD
:10183800000000204118FF1F054981F3088881F343
:101848000988002080F31488BFF36F8F02F0F4FA40
:101858000000002070B500241E491F4A1F484C6331
:1018680008CA1B051B0DE4188242F9D11C4B8022C3
:101878008B63002109201B4B920519621A4B1B4DE3
:10188800DA671B4BDA688243DA609A6819480240C3
:101898009A601120296002F083F8112002F060F8A4
:1018A80080226B6C112093436B64EE23DB0063434F
:1018B800114A1B0CD3800122104B9A7201F0C8FB0D
:1018C8000F4B1B78002B04D10E4B1021187802F017
:1018D80013FA70BD00000540880505400006054064
:1018E800FF01000000F0004004E100E00038004083
:1018F8003CF00040FFDFFFFF1861FF1FB061FF1FD2
:101908005264FF1F5162FF1F10B502F06DF90728DE
:1019180004D0122808D0022808D010BD044A042098
:10192800136B01331363F8E70220F6E71420F4E79A
:101938009465FF1FF8B507000C00260025005036F7
:1019480030785135002804D10300287058342370AA
:10195800F8BD2978CA00481E8141A3183800A25C46
:101968005B68C9B2FFF7D0FF00280DD12B78DA00E9
:10197800A218013350602B703378044A013B33704E
:10198800136A01331362D8E70123DFE79465FF1F69
:101998005C234343074910B5C9180B0058331B781B
:1019A800012B05D1FFF7C6FF034A936A01339362FF
:1019B80010BDC046C865FF1F9465FF1F10B502F033
:1019C8006BF9064A0121130010CB4942D967044B31
:1019D800136002F0F9F8200010BDC04600E100E0F5
:1019E8001000100010B5040002F056F9024B1C60FC
:1019F80002F0EAF810BDC04600E100E010B50400AE
:101A080002F04AF94021094A200013688B43136009
:101A180000F082FA01F04AFC0022054B01201A600E
:101A2800044B04321A6002F0F7F9FEE71CF000409C
:101A3800C4F00040C0F00040431E5A425341A02267
:101A4800F0B5D2015B421340144E154A40019B1871
:101A58003218127E8BB00191002A19D01A00083270
:101A6800D46F0022E5B206AFE4B294420CDC301821
:101A7800C369002B06D0019A03A8027006AA426027
:101A8800057298470BB0F0BD1978B9540132ECE7EC
:101A98001A7D1A7806AB01251A70E8E75468FF1F0B
:101AA800004000407FB5244B4101CA5C0400002A75
:101AB8002AD05A18107E002826D0907E002823D0DD
:101AC8001079022820D11689D588701B80B2021C93
:101AD800102800D9102292B2AE4216D1591801230B
:101AE8000B710023CA69CB800B819A4206D06846E5
:101AF800032103730171029301A890470820002C69
:101B080000D0192001F0A4FA7FBD013C6042444195
:101B1800A0206442C001044008485B182418084803
:101B2800DD680633013A92B28242EDD019884E1C24
:101B38001E80695C2170F5E75468FF1F0040004073
:101B4800FFFF00000F220E4B10B5986810400238B6
:101B58000A280BD801F0DAFF0D0A0B0A0A110A0A43
:101B68000A0A060002210020FFF766FF10BD0121C6
:101B7800F9E70020FFF796FFF8E7DB6FF6E7C046C6
:101B8800004000400F220E4B10B5986810400238F4
:101B98000A280BD801F0BAFF0E0A0B0A0A120A0A21
:101BA8000A0A060002210120FFF746FF10BD0121A5
:101BB8000800F9E70120FFF775FFF7E7DB6FF5E7A6
:101BC80000900040584B70B51B68012B03D1574A51
:101BD800936D0133936502F08FF9554B554A1860A0
:101BE800554B564C1A600123554A1360554A1360E9
:101BF8002378002B06D006225349544802F014FAE1
:101C080000232370524A534B10681B78C1B2002B33
:101C18000ED1514CC0B223785BB2002B4FDB237836
:101C280024785BB264B21B0424021B191B181360CE
:101C38000B1C50294ED95023484AFF211078DBB29B
:101C4800474A02284ED11068464C474D26788843AB
:101C580029788E4243D9217824782E785D10013D69
:101C6800A31B6B434901CB1A10335B111843106057
:101C780002F0AAF8031F012B48D83C4B1B78002B15
:101C880006D03B4B1B78002B02D0002002F0DCF87A
:101C9800A122384B92009978374B4A431B689B180E
:101CA800832292009B181B78033B012B03D8AF209B
:101CB800400002F059F90122304BDA8270BD2378D6
:101CC80024785BB264B2FF33FF341B0424021B196F
:101CD8000138ABE7CAB2022AAED20223ACE72378B6
:101CE800DBB2C3E71068264E884326490D7834785E
:101CF800A54209D90C780D78367859100139AB1BF3
:101D08004B436401E31AAFE70B78E9E70228D2D125
:101D18001D4B1B78013B022B03D91C4B1B78022B54
:101D2800C9D16C20C5E7C0469809FF1FFC0FFF1FEB
:101D38009464FF1FFF3F0000141003409864FF1FC6
:101D48000C10034000100340D50BFF1F7211FF1F3A
:101D5800B40003408C09FF1F680AFF1F490AFF1FD0
:101D680094000340460AFF1F470AFF1FF908FF1F98
:101D78002209FF1F300DFF1F3409FF1FBC0BFF1F77
:101D8800450AFF1F440AFF1F1C09FF1F2309FF1FE5
:101D980010B501F0C1FF0022014B1A8010BDC046EA
:101DA8009064FF1F10B502F05FF8A121054A890071
:101DB8009478054A61431268044B5218528C1A8071
:101DC80010BDC046300DFF1F3409FF1F9064FF1F70
:101DD80010B50D4B0D4A9978A1239B004B4312680F
:101DE800D218531DD97F0A4B1B88994209D2441C2B
:101DF80007D0C82805D0D2695B1A5A43054B53430C
:101E0800C01801F021FF10BD300DFF1F3409FF1F5E
:101E18009064FF1F7102000070B5244D2B68002BE1
:101E280028D001F0F1FF2B68D8402B680400002B64
:101E380027D001F039FF2B68D8401D4B1D4A9978EF
:101E4800A1239B004B431268D118D25C91239B00BD
:101E5800002A20D0CA580132CA50174B17491B68AC
:101E68000868834214D3D23B181A012A1AD0144B9B
:101E7800186070BD01F0C8FF124B196802F02CF809
:101E8800D3E701F011FF0F4B196802F025F8D4E7EA
:101E98000D495B18E8E7CA500C4B1B68DB68E4186F
:101EA800201AE4E7F530FF30E1E7C0461C08FF1FC1
:101EB800300DFF1F3409FF1F9C09FF1F9464FF1F8B
:101EC800A009FF1F1808FF1F2DFF3F009C64FF1F7C
:101ED80070B504000D00282916D10300A433C28868
:101EE8001B889B1A0B4A9BB293420DD906006A368F
:101EF80005223100653001F0BFFF002804D1310010
:101F0800200001F051FF70BD2900200001F08CFE77
:101F1800F9E7C046FE7F000073B50190012002F08A
:101F280073F8134CA36AA26A9342FBD1114D124E67
:101F38002B6002F059F8114A106073689C46104BE8
:101F4800196800238C4501D27368CB1A0D490B60C0
:101F580001992B68CB18E362A423616A5B030B43E6
:101F68006362094B1B78002B01D00F38106073BDDA
:101F780000F00040340AFF1F28100040E408FF1F4B
:101F8800180AFF1F1C0AFF1F1C09FF1F70B58024B9
:101F98001025E405A3682B43A36001F01DFEA36888
:101FA800AB43A36070BD000073B5009280221C0093
:101FB8001023D2050191916806000B43936000221B
:101FC8005C4BD7301A6001F087FE3300FC33186889
:101FD8009D2335009B00F358CA352A000121002BA8
:101FE80000D0002101F070FF31002A78524BCB312C
:101FF8001A604B780A781B0213438A7812041A4332
:10200800CB781B0613434D4A1BBA13604B790A79E8
:102018001B0213438A7912041A43CB791B06134314
:10202800474A1BBA13604B7A0A7A1B0213438A7A0F
:1020380012041A43CB7A00991B061343414A1BBA70
:102048001360009B019A1B0213433F4A13603F4BE6
:1020580022001B1B9C46032944DC0323009A009999
:102068009A43009B9B089B00C91A9BB2032949D13C
:102078003649E01852188178407809040002014373
:10208800E05C0433014311600022FF2B4DDDF02298
:102098002F4B12011A600F222E4B1A602E4A13681A
:1020A800002BFCD00023234A28491360009A091BFF
:1020B80004320B191B68043A180A23706070180C54
:1020C8001B0EA070E3700434002AF2DC3300FC33EA
:1020D8001A68102101321A608022D20593688B4356
:1020E800936073BD6346D578981893782D061B04C2
:1020F8002B43157804392B43557804322D022B4392
:102108000360A8E702290AD11049E05C5218E118D7
:10211800497809020143043311609BB2B4E70129ED
:10212800B2D10A495218E15CF5E7084959180A6022
:102138000433AAE7000004403C000440380004408F
:1021480034000440300004400C0004400001044006
:102158000400044010000440140004407FB514003B
:10216800802201931023D2050D00916800900B4343
:10217800936000236B4A00981360D73001F0ACFDE0
:10218800009B009AFC3358689D2316009B00D15889
:10219800CA363200002900D086E001F095FE327878
:1021A8000099614BCB311A604B780A781B021343B4
:1021B8008A78019E12041A43CB7800991B061343B0
:1021C8005A4A1BBA1360CF314B780A781B02134363
:1021D8008A78A44612041A43CB7800991B06134345
:1021E800534A1BBA1360D3314B780A781B02134346
:1021F8008A7812041A43CB781B0613434D4A1BBA3C
:1022080013604D4A23022B4313603200231D19002B
:1022180003934A4B9B1B0293029BD578981893789B
:102228002D061B042B43157804392B4355780432AB
:102238002D022B4303600329EEDCA3081C0003993D
:102248009A008B1A0134191FA400072B2ED13B4B7F
:10225800E018019B19198B7849781B0409020B4374
:102268000199095D0B430360083214000023FF2C19
:1022780031DD334B334A1A600F22334B1A60012386
:10228800284A1360314B1A68002AFCD006221B68C2
:102298001340042B24D0802210210020D2059368FB
:1022A8008B43936004B070BD012176E702290AD1FF
:1022B800224B0198E118019B005D1B195B781B02FA
:1022C80003430B60D0E70129D0D101991B4B095D6D
:1022D800E3181960C8E7194AA21813600434C6E75E
:1022E8000023104A13606346002B0CDC009B10216E
:1022F800FC335A68012001325A608022D205936863
:102308008B439360CEE7029B9B191B681A0A3370B4
:1023180072701A0C1B0EF37004235B42B2709C445B
:102328000436E0E7000004403C0004403800044064
:1023380034000440300004400C0004400001044014
:1023480004000440080F000010000440140004407A
:1023580070B5061E19D002225A4B9B799343012B64
:1023680013D1594B1A78FF2A0FD15A78FF2A0CD16A
:102378009A78FF2A09D1DA78FF2A06D11A79FF2A32
:1023880003D15B79FF2B00D199E0504B0C201A78D0
:10239800012A08D000224E4D1A7029780B00093BFB
:1023A800042B01D8212070BD4B1F012BFAD9454CB5
:1023B800A37B042B00D982E0A279032A00D97EE00E
:1023C8009A1ED2B2012A02D860881F2877D9002E17
:1023D80056D0012E73D1A0880128E3D0002907D157
:1023E800581E032803D801F091FB121715122E70FE
:1023F8002978481E032811D80025364B1D6028234C
:10240800237501F0C1FDA84227D0A580CAE70221A3
:102418002970EDE70421FBE70321F9E707390129D2
:10242800C0D82D490968C96A8906BBD52B490878DF
:102438000028B7D1012A01D9002BB3D102230B7090
:102448008021274D263389012878237501F0B4FBB4
:1024580080212878890101F04FFC0123A380214BBA
:102468001B78002B0AD0FA2280211F4B92001B8870
:1024780009025A431A4B187801F076FC002092E7BB
:1024880001F00AFC2B78A680073B012B03D91748DB
:102498002E7001F049FD114B114C1A78002A06D014
:1024A80080210022207889011A7001F085FB01F053
:1024B8008BFB80212078090201F07EFBDEE71220E9
:1024C80071E7C046A60BFF1F6B09FF1F1A09FF1F04
:1024D8001C09FF1F4809FF1F9C64FF1F2309FF1FDA
:1024E8001B09FF1F2109FF1F2C09FF1F00100040B7
:1024F80010B5002901D001F04FFD10BD73B5634B35
:1025080000919978A1239B004B43614A0600146807
:102518001022E418D6235B00E0583623FF33E35C2F
:102528009343222B42D15B4B0F3A1A60002303607E
:10253800012501F061FD009B1880E8235B00E35C46
:10254800002B01D0B3425CDD534A0092002200996F
:10255800CA70AD32FF32A2581168002903D09288A0
:10256800D24392071BD03822FF32A25C002A16D031
:102578009B225200A25C002A11D1B3420FDAA42395
:102588005B00E15AE018090A023101F055FD230009
:102598000122FE331A87009B013E0135DA70E823D9
:1025A8005B00E35C002B2ED0A8B276BD0025036843
:1025B800AB42BED081880430090A023101F03CFDEB
:1025C800D6235B00E3581D60B2E7009B9A00230006
:1025D800B133FF33985881880430090A023101F079
:1025E8002BFD009B01330093E8235B00E35C009A1A
:1025F8009342EADCE822F61AED1800235200A354AD
:10260800A2E70023EFE7200001F0B6FB002821D065
:10261800002E1FDD43190093731988260193B60015
:10262800200001F091FB5A308000201840680135E5
:1026380081880430090A023101F0FEFC200001F013
:1026480013FBA3590133A351009B9D4202D0019B68
:102658009D42E5D1114BE35C002BA5D095239B004F
:10266800E35C002BA0D00E4BE15A00299CD00D4A08
:10267800A35C994202D90133A35495E700231A2198
:102688002000A35401F0F8FA8EE7C046300DFF1F72
:102698003409FF1F00140340E010FF1F5A02000016
:1026A800720200005E0200000D4970B54A6E0D4CC2
:1026B800D2038B69D20BA24206D80B4D0224AA4240
:1026C80004D901F021FB70BD02246442E218150010
:1026D8007E2425402242F4D0A3432B438B61F0E7AC
:1026E80000F000400A200000FC1C000073B51E4BDF
:1026F8001E4D1A78002A10D1AA7B002A02D1013275
:102708001A7003E0032AFAD0022AF8D001F03CFC40
:1027180000220120164B1A7076BD164B164C1B680A
:102728000193164B9E78012323702078C0B200F0E5
:10273800A1FBAB7B002B0CD101F07EFAA1239B00FF
:102748007343019AD318832292009B181B78237035
:10275800E2E7032B02D101F0EFFAEFE70020022BAA
:10276800DAD101F031FCE9E71C09FF1FA60BFF1FB6
:102778002309FF1F3409FF1F490AFF1F300DFF1FE0
:1027880070B586B00CAD2E780DAD2D780593AC469E
:10279800104D14002B780AAA049363461278039309
:1027A8000B9B009201932200059B029601F0C4F94D
:1027B800049B2B70012C01D0042C08D180220649DF
:1027C8008B889343054A1278D20113438B8006B055
:1027D80070BDC0461C09FF1F6C11FF1F7809FF1F41
:1027E8000B001B3B70B504003020E02B0DD8130004
:1027F800E025493BFF3B9BB2ED00AB4205D8034BBC
:10280800200019825A8201F0A7FB70BD8410FF1FB7
:1028180010B501F071FB054B00205B68052B04D94E
:10282800034A5268D20200D4980810BD0010004034
:10283800FCE100E070B501F02FFA0D4B1B68FC338A
:10284800DC691D6AFFF7E4FF6419844204D2094B6E
:1028580001241B68002B07D004220024064B1A70A1
:10286800064A93690133936101F0AEF9200070BD07
:102878009C64FF1F9809FF1F2309FF1FFC0FFF1F00
:1028880070B50C4C2368FC335D6A01F005FAFFF75C
:10289800BFFF23680024FC339B6AEB18834204D2F1
:1028A800054B1B68A34200D1441B01F08DF92000A1
:1028B80070BDC0469C64FF1F9809FF1FD722044BB8
:1028C80092009B5810B5002B00D0984710BDC04609
:1028D8000000FF1F10B501F001F9FFF7EFFF2749CE
:1028E800274BCA6D1A4084235B001343CB65254BE5
:1028F8001B68186A01F088FB234B244A1A60244B92
:10290800244A1A60A022244B52001A60234B1878DC
:1029180001F04AFB2249234801F036F90023214AF5
:102928002149936002339360204B214813600323AD
:10293800936001F029F910221E4BFF201A608022B3
:1029480052031A60802292031A60802212041A60CD
:1029580001F07AFA012001F09FFAFA20400001F014
:10296800F3FA582001F000FB134801F0BDFA0120EA
:1029780001F022FB072001F037FA10BD00F00040FB
:1029880000FEFEFF9C64FF1F000003400180063D1F
:10299800BC00034034080000A40003404A0AFF1F9B
:1029A8007102000014100040FFFF3F00C30900003F
:1029B8002810004000E100E030750000674D2B68EA
:1029C80088331B6883F3088801F0F6F9644A65497F
:1029D800136800200B401360634B644A1B689342E2
:1029E80000D1A6E001F098FA0221614A13688B43EE
:1029F8001360FFF76FFF5F4B002418785E4EC0B27C
:102A080001F082FA0223B460B3605C4B01203360AA
:102A180001F0FAFA0323B36001F01EF9060001F091
:102A28006BFA009001F018F9554B186001F0F4F8B2
:102A3800544B1A68B2426441B31A80221B1BD2035A
:102A4800934201D39B029B0A2A68D16AC90700D422
:102A580072E04D491C0C09689BB24C43594324024F
:102A6800090A641803204949FC3293680A684849EE
:102A78009B1A484A0E681268474D9B18474A9A188D
:102A8800034092089B192A600B60042B03D901327A
:102A980003402A600B6015192800414901F01CFA0F
:102AA800404E3F493368C31833602800019301F052
:102AB80073F83D4D2868081839492860884205D9B7
:102AC800019B0133336001F067F8296001F04CF88D
:102AD800364B1B78002B0ED001F00EFA344B1968D8
:102AE800009BE21A12188A4233D2C918091B091A24
:102AF800304801F049F8304D2B7A002B0FD001F007
:102B0800FBF9009BE968E21A1218914224D9C91806
:102B1800091B091A294801F037F800232B72284BA2
:102B280083F3088801F058F9002001F0F5F901F065
:102B3800DBF801F0F1F95CE7DC0199000234641A72
:102B48005900641A09214B438033CB40A408E41888
:102B580088E7FA218900CBE71A49DBE79C64FF1F65
:102B68001CF00040FFFFC1FF0C0AFF1FB641210304
:102B780010000040490AFF1F14100040C30900005C
:102B8800100AFF1F340AFF1F380AFF1F200AFF1F01
:102B9800280AFF1F1C0AFF1F240AFF1FC409000080
:102BA800710200006008FF1F2C0AFF1F1C09FF1F8D
:102BB800E408FF1F00100040740BFF1F3C1000408A
:102BC80000000020DC050000A022054B92009B5865
:102BD80010B5002B01D0984710BD01F055F9FBE75F
:102BE8000000FF1FA122054B92009B5810B5002B37
:102BF80001D0984710BD01F047F9FBE70000FF1F1F
:102C0800A222054B92009B5810B5002B01D0984783
:102C180010BD01F039F9FBE70000FF1FA322054BA7
:102C280092009B5810B5002B01D0984710BD01F0B9
:102C38002BF9FBE70000FF1FA422054B92009B58CD
:102C480010B5002B01D0984710BD01F01DF9FBE726
:102C58000000FF1F70B501F04FF94F4B186001F0ED
:102C680023F90400C30702D401F0F6F870BD00226E
:102C78004A4B1A604A4B18780138042829D800F0C2
:102C880045FF0320181C2400200000F05DFF0128E8
:102C9800ECD0444C2378042B6ED100F0ADFF002813
:102CA800E4D001F0B9F9582001F05EF9022323704D
:102CB800DCE7200000F078FFE9E7200000F0A4FF3F
:102CC800E5E7200001F030F8E1E7200001F05CF8CA
:102CD800DDE701F079F80500012808D1324B1B78AF
:102CE800053B012B03D82000FFF76EFFD1E72D4BE2
:102CF8001B78022B01D0052B20D1022D28D12B4B7C
:102D08009B7BAB431CD12000FFF76CFF264B187848
:102D18000128BED16405BCD4244925224B7B03423B
:102D280005D1233A13405A42534126331A000B7DEA
:102D38009342AED9322000F00FFFAAE7022D07D147
:102D4800194B1B78052B11D12000FFF759FFDDE740
:102D5800012D0BD1012B03D12000FFF75FFF98E76E
:102D6800062B03D12000FFF767FF92E7200001F050
:102D78008BF8022D8DD1C9E7032B04D10C4B987C1D
:102D880001F00AF872E7072B00D06FE7094B987B30
:102D980001F05AF96AE7C0469C09FF1F9809FF1F0E
:102DA8009009FF1F2309FF1F1C09FF1FA60BFF1F08
:102DB800BC0BFF1FD40BFF1FFA210A4B0A4A49001C
:102DC8001A640A4A5A500A4A04395A50094A0831B8
:102DD8009A64094A5A50094A5C315A50084ADA66D4
:102DE8007047C0460000FF1F8927FF1F8928FF1F63
:102DF8003D28FF1F5923FF1FF526FF1FD91DFF1F61
:102E0800AD1DFF1F73B50B0CFF22009300239446E2
:102E18001E0014001D00019089B201229A40100082
:102E28000840184136186046B6B2FF2803D1012E73
:102E380001D198B28446009802401A41AD18ADB24B
:102E4800FF2C02D1012D00D19CB20133102BE4D10B
:102E58000320012E07D1012D04D1019B24016444D4
:102E68001C70013876BD102EFCD10238102DF9D017
:102E78000230F7E78023F7B59C46264B264F01938F
:102E88002649274A274D284C284B02281AD1604644
:102E980038600868264E3040802636033043086084
:102EA80001990978002909D11660224A2A60224A24
:102EB8002260E02219689143A03A1BE08021C902F0
:102EC8001160F2E766463E600F68194E3E40802763
:102ED800FF023E430E600199097800290DD1176061
:102EE80001280ED1154A2A60154A2260E022196885
:102EF8009143C03A0A431A60F7BD802189021160E4
:102F0800EEE7E0210F4A02432A600F4A22601A685E
:102F18008A43F0E74B0AFF1FE0000340D800034054
:102F2800900003400000034050000340400003406D
:102F3800FFFFE3FF0280063D804508220180063D31
:102F4800806608220080069880550822F8B51E4B36
:102F580080261A68002014003440324232D11A68A0
:102F68001A4F32431A6001223B68063093433B6094
:102F780001F04AF80122164D2B681E432E603B686B
:102F88000A2613433B608027BF00124B1B683B4255
:102F980011D1013EF6B2FF2E09D17E220E4B1C68DC
:102FA8002B68E40B1440934323432B6005E008206F
:102FB80001F02AF8E9E7002EEFD180222B6860089B
:102FC80093432B60F8BDC046C4F000405CF000405D
:102FD80018F0004068F0004060F0004010B500F0C4
:102FE8000BFF01215820034A00F0A6FFFFF7AEFFB0
:102FF80010BDC046600AFF1F10B5782200210348A3
:1030080000F0AAFE00F040FE002010BDDC67FF1FA4
:1030180070B5040000F040FE00230C200B4A0100AC
:1030280059438D18515C00290DD0A14208D10123C4
:1030380000246B7000F040FE00F0C6FD200070BD5B
:1030480001330A2BEBD11224F6E7C046DC67FF1FD9
:1030580070B5040000F020FE002319001D000C4A82
:103068001078002808D0A04200D15570507801315E
:103078001B180C320A29F3D1002B05D100F004FEED
:1030880000F0A2FD002070BD00F016FEF8E7C04673
:10309800DC67FF1FF7B504000C20002384460E4DA3
:1030A800019267465F43E85D7E19A04212D000286E
:1030B8000BD10A4B9C4662461B7808331370019B60
:1030C80070707C557160B360FEBD01330A2BE8D186
:1030D8000320F9E70720F7E7DC67FF1FD867FF1F22
:1030E80070B500240C26104B32006243D5189A5C48
:1030F800824211D10D4A1378F833137000F0CCFDD9
:1031080009222900121B72430C31280000F064FFC9
:1031180000F05AFD002070BD002A02D001340A2CAC
:10312800E2D11220F7E7C046DC67FF1FD867FF1F10
:103138008020F8B5484BC0051B68C1248360474B05
:10314800FF251A68012313434361454BA4001A68FD
:10315800444B40211A60444B1A68444B1A60444B54
:103168001A59AA431A51C52292009E58AE433143B8
:10317800802699509F583F49F6010F403E439E5084
:103188009E5880273602360A3043985080201A59B4
:1031980000020A4002431A5104341A59364E3F04B9
:1031A800324080263A431A511A5936061202120A38
:1031B80032431A5108341A5980260A4002431A51D8
:1031C800C32292009F58B446AF4337439F509F583D
:1031D800294E0F4007439F509F583740802636049A
:1031E800374380269F509F5836063F023F0A374391
:1031F8009F50C0221F59AF433A431A511A5912021D
:10320800120A1643C6221E5192009C58AC436546CA
:103218002C439C509C5800250C4020439850C720B4
:1032280080001A58154C1140C02212020A431A5045
:10323800134B1B78DB08AB4201DC0020F8BD237878
:10324800002B06D0A368002B00D0984701350C341A
:10325800EEE71220F2E7C0465043FF1F4C43FF1F22
:10326800B0F00040D467FF1FB4F00040D067FF1FE4
:1032780000E100E0FF00FFFFFFFF00FFDC67FF1F2A
:10328800D867FF1F030010B51F2809D807220020A0
:103298001340072404490A78A24313430B7010BD56
:1032A80000230620F5E7C046D867FF1F034A0449F4
:1032B800136800200B4013607047C0461CF00040A4
:1032C800FFFFC1FF054B06491B780A6805485B07E5
:1032D80002401B0B134300200B607047D867FF1F89
:1032E8001CF00040FFFFC1FF70B50C25FFF7EAFF97
:1032F8000A4B1C780A4BE4086543ED18002C01D1F1
:10330800200070BD2B78002B06D06B68002B00D0F6
:103318009847013C0C3DF1E71220F2E7D867FF1F00
:10332800D067FF1F1FB5002102220B0001910091F9
:10333800052000F079FD02230B490A681A42FCD1E6
:1033480020230393039B5A1E0392002BFAD1074AAA
:103358001368002BFCDA0B246C442000012100F0D8
:10336800B3FC207804B010BD90C8004000C80040ED
:1033780013B504000A4B0193019B002B01D11120C6
:1033880016BDFFF7CFFF23000340044205D00520F8
:1033980000F03AFE019B013BEDE71800F0E7C0465C
:1033A800FFFFFF0707B500F077FC80220821D20550
:1033B800936A0191002B01D10739916202210C4ACD
:1033C80011600199481E01900029FAD1033111605A
:1033D800053101910199481E01900029FAD1116027
:1033E800002B02D18022D205936200F0EDFB07BDCD
:1033F80000C00040F0B52D4C89B02378002B4FD188
:10340800FEF7DCFA02232A4F03903A681A42FCD1ED
:1034180020230693069B5A1E0692002BFAD1254EAE
:103428003368002BFCDA0120FFF7A2FF011E02D04F
:10343800112009B0F0BD030003220190009005ADF2
:103448009F2000F0F1FC0321280000F03DFC02233E
:103458003A681A42FCD120230793079B5A1E079209
:10346800002BFAD13368002BFCDA0120FFF780FF2C
:103478000028DDD10398FEF7B5FAAA786B78110415
:103488001B020B4329780B4363601300113B0A4965
:10349800052B07D801239340A3600B6001232370F9
:1034A8000020C6E780231B03F6E7C0463843FF1F0A
:1034B80090C8004000C800409808FF1F1E4B30B558
:1034C8005A6818781D4B85B0D31859424B410121D1
:1034D8000093002300F050FD194B1A4A02259A6305
:1034E80000221A6510325A658022C4219D65164B48
:1034F8001648D202DA6789004258154B80241A40D0
:1035080080231B0413434350642341200393E405A1
:1035180000F006FA402000F003FA6562039D6B1E76
:103528000393002DFAD103236362FFF73BFFA562E3
:10353800FFF760FF05B030BD4443FF1F95FFFEF75E
:1035480000C80040050001FF04E100E000E100E0E0
:10355800FFFF00FFF0B585B00700FEF72FFA022342
:1035680005002D4C22681A42FCD120230093009BB1
:103578005A1E0092002BFAD1284E3368002BFCDA31
:103588000120FFF7F5FE002803D01124200005B024
:10359800F0BD234B2360022322681A42FCD120236A
:1035A8000193019B5A1E0192002BFAD13368002B1C
:1035B800FCDA0120FFF7DCFE0028E6D1194B1F607A
:1035C800022322681A42FCD120230293029B5A1E2E
:1035D8000292002BFAD13368002BFCDA0120FFF7A6
:1035E800C7FE0028D1D1104B2360022322681A425B
:1035F800FCD120230393039B5A1E0392002BFAD17C
:103608003368002BFCDA0120FFF7B2FE041EBCD1A0
:103618002800FEF7E7F9B9E790C8004000C8004065
:1036280001000006A8C800400180000110B5002074
:10363800FFF790FF10BD000010B5064B18705960D9
:10364800FFF73CFF00211320034AFFF723FD00206A
:1036580010BDC0464443FF1FC534FF1FF0B504002A
:1036680085B003920291FEF7A9F9882263035B0BE8
:1036780052051A438023DB059D6A8023274F009259
:10368800BA68002601901B039A420CD9F823260039
:103698001B041E401C4206D08022214B52025E624F
:1036A80019680A431A60002D0BD100F0F5FA0222BE
:1036B8001C4B1A608023DB055A62013A9A6200F0BB
:1036C80083FA0023039A934220D1002D0AD100F0F7
:1036D800E3FA144B03221D608023DB055A629D62C6
:1036E80000F072FA8023BA681B039A4208D9002EA8
:1036F80006D000220A4B0C495A621A680A401A601E
:103708000198FEF76FF9002005B0F0BD009A029904
:10371800D2181278CA540133D4E7C0463843FF1F81
:1037280000C8004000C00040FFFFFEFFF0B587B0B2
:10373800029103920400FEF741F9019000F0ACFAFF
:10374800802302250122234EDB0535605D629A62E3
:1037580000F03AFA204F3B682B42FCD12023049317
:10376800049B5A1E0492002BFAD11C4D2B68002B87
:10377800FCDA0120FFF7FCFD002802D0112007B079
:10378800F0BD2000039A029900F096FB0223040082
:103798003A681A42FCD120230593059B5A1E0592CC
:1037A800002BFAD12B68002BFCDA0120FFF7E0FD93
:1037B800051EE3D100F070FA80230322DB05356093
:1037C8005A629D6200F000FA0198FEF70BF9E0B228
:1037D800D5E7C04600C0004090C8004000C800407F
:1037E800F0B5802489B00600FEF7E8F8E405A36A7E
:1037F80002250393029000F04FFA0123304F3D60F9
:103808006562A36200F0E0F92E4C23682B42FCD1DC
:1038180020230593059B5A1E0592002BFAD12A4DA9
:103828002B68002BFCDA0120FFF7A2FD002803D04B
:103838001124200009B0F0BD244B23600223226824
:103848001A42FCD120230693069B5A1E0692002B8F
:10385800FAD12B68002BFCDA0120FFF789FD021E44
:10386800E6D11B4B03211E6003000190009020202D
:1038780000F0DAFA022322681A42FCD120230793C7
:10388800079B5A1E0792002BFAD12B68002BFCDAF3
:103898000320FFF76DFD041ECAD100F0FDF9802357
:1038A8000322DB053C605A629C6200F08DF9039BA1
:1038B800002B01D1FFF776FD0298FEF793F8B8E7E1
:1038C80000C0004090C8004000C800400100000649
:1038D80094C8004007B5000201910422000A01A91A
:1038E800FFF724FF0EBD000073B5050005240B4A41
:1038F800A3005B429B1819686B46DE1D3000FFF77A
:1039080081FA022804D133782B55013CEFD276BDD9
:10391800052CFCD00128FAD10230F8E7140900116F
:103928001F2807D8012380228340D20591680B43C2
:10393800936070473F2808D80123802220388340AD
:10394800D20551690B435361F3E75F28F1D801238E
:10395800802240388340D205116A0B431362E8E79E
:103968001F2807D8012280218240C9058B6893430C
:103978008B6070473F2808D8012280212038824078
:10398800C9054B6993434B61F3E75F28F1D80122DE
:10399800802140388240C9050B6A93430B62E8E7EF
:1039A8001F2810D880230200DB05153A1968012A60
:1039B80006D820229143196019680A431A60704793
:1039C80001228240F6E73F2811D880230200DB0558
:1039D800353AD968032A06D810229143D960D968A4
:1039E8000A43DA60EBE7012220388240F5E75F28D6
:1039F800E5D842238022181A413B8340D205516AF8
:103A080099435162516A0B435362D8E710B50400D9
:103A1800012813D1A022184992050B685B015B09A4
:103A280013430B60154B164A19681140154A0A438F
:103A38001A60402219680A431A6010BD0028FCD198
:103A480001000A2000F098F821000B2000F094F8FB
:103A5800C0220A4B920019680A4340211A601A686A
:103A68008A431A60B022044912060B685B015B099D
:103A780013430B60E1E7C04614F000401CF000401F
:103A88007F00FEFF80FD010072B6074A136801330C
:103A980013600422054B1A600023054A1360802234
:103AA800D2055360FEE7C0467808FF1FC0F000400B
:103AB800C4F0004005490B68002B05D1044A0A6090
:103AC80004490A60044A13607047C046140AFF1F7D
:103AD800841E0000380AFF1FC4F000400023034A78
:103AE8001360034A1360034A1360704754F00040A0
:103AF80040F1004044F1004002B4714649084900D1
:103B0800095649008E4402BC7047C04602B471464B
:103B180049084900095C49008E4402BC7047C04608
:103B280003B47146490840004900095A49008E44C7
:103B380003BC70470000000001B40248844601BC81
:103B4800604700BF9D6A000001B40248844601BC7A
:103B5800604700BF0134010001B40248844601BC3B
:103B6800604700BF6137010001B40248844601BCC8
:103B7800604700BFD544010001B40248844601BC37
:103B8800604700BFDDA2001101B40248844601BCB1
:103B9800604700BF2D6C010001B40248844601BC97
:103BA800604700BF090E000001B40248844601BC0A
:103BB800604700BF0934010001B40248844601BCD3
:103BC800604700BFB352010001B40248844601BCFB
:103BD800604700BF9DA9000001B40248844601BCAB
:103BE800604700BFDD3F000001B40248844601BCC5
:103BF800604700BFE927000001B40248844601BCC1
:103C0800604700BF01D7000001B40248844601BCE8
:103C1800604700BF0534010001B40248844601BC76
:103C2800604700BFC166010001B40248844601BC78
:103C3800604700BF51B8000001B40248844601BC87
:103C4800604700BFE9F6000001B40248844601BCA1
:103C5800604700BF8937010001B40248844601BCAF
:103C6800604700BF156B010001B40248844601BCDF
:103C7800604700BF5976010001B40248844601BC80
:103C8800604700BF53B9000001B40248844601BC34
:103C9800604700BFADAE000001B40248844601BCD5
:103CA800604700BF75A9000001B40248844601BC02
:103CB800604700BF6D0B010001B40248844601BC97
:103CC800604700BF21A9000001B40248844601BC36
:103CD800604700BF3D71010001B40248844601BC41
:103CE800604700BF8944000001B40248844601BC13
:103CF800604700BF8552010001B40248844601BCF8
:103D0800604700BF0D52010001B40248844601BC5F
:103D1800604700BFD1AE000001B40248844601BC30
:103D2800604700BF8D82000001B40248844601BC90
:103D3800604700BFF535010001B40248844601BC64
:103D4800604700BF75F8000001B40248844601BC12
:103D5800604700BFD9B0000001B40248844601BCE6
:103D6800604700BFB70E000001B40248844601BC9A
:103D7800604700BF8B52010001B40248844601BC71
:103D8800604700BF71B0000001B40248844601BC1E
:103D9800604700BFF935010001B40248844601BC00
:103DA800604700BF4DF9000001B40248844601BCD9
:103DB800604700BF85C1000001B40248844601BCC9
:103DC800604700BFC9A9000001B40248844601BC8D
:103DD800604700BFDD0C010001B40248844601BC05
:103DE800604700BF7997000001B40248844601BCCF
:103DF800604700BFF90D010001B40248844601BCC8
:103E0800604700BFED68010001B40248844601BC68
:103E1800604700BFE90B010001B40248844601BCB9
:103E2800604700BFA1AF000001B40248844601BC4E
:103E3800604700BF496D010001B40248844601BCD7
:103E4800604700BFB1B9001101B40248844601BC03
:103E5800604700BFED6B010001B40248844601BC15
:103E6800604700BFDD0A010001B40248844601BC76
:103E7800604700BFF9ED000001B40248844601BC68
:103E8800604700BFCD4C010001B40248844601BC24
:103E9800604700BFE917010001B40248844601BC2D
:103EA800604700BF6911010001B40248844601BCA3
:103EB800604700BFBD0B010001B40248844601BC45
:103EC800604700BF9573010001B40248844601BCF5
:103ED800604700BF2144000001B40248844601BC89
:103EE800604700BF090E000001B40248844601BCC7
:103EF800604700BF8D11010001B40248844601BC2F
:103F0800604700BFC95C010001B40248844601BC97
:103F1800604700BF8914010001B40248844601BC0F
:103F2800604700BF016C010001B40248844601BC2F
:103F3800604700BFC1A5000001B40248844601BC27
:103F4800604700BF0167010001B40248844601BC14
:103F5800604700BF8512010001B40248844601BCD5
:103F6800604700BF116E000001B40248844601BCDE
:103F7800604700BF7912010001B40248844601BCC1
:103F8800604700BFC56D010001B40248844601BC0A
:103F9800604700BFA9D8000001B40248844601BCAC
:103FA800604700BFE9D4000001B40248844601BC60
:103FB800604700BFEDA5000001B40248844601BC7B
:103FC800604700BFE512010001B40248844601BC05
:103FD800604700BF19FA000001B40248844601BCDA
:103FE800604700BF810E000001B40248844601BC4E
:103FF800604700BFBD5C010001B40248844601BCB3
:10400800604700BFCD0C010001B40248844601BCE2
:10401800604700BF0189000001B40248844601BC22
:10402800604700BF6DF6000001B40248844601BC39
:10403800604700BFE94C010001B40248844601BC56
:10404800604700BFC115010001B40248844601BCA5
:08405800604700BFC1F7000042
:10406000020000006EC400110100000088C00011B1
:10407000020000006AC4001101000000A040FF1F00
:104080000200000090C0001101000000AC61FF1FA1
:104090000200000068C40011030000002061FF1F3F
:1040A00012000000020000006EC4001101000000B8
:1040B000D0C00011020000006AC40011010000001D
:1040C000CDC0001102000000DAC0001103000000A2
:1040D0005B61FF1F0200000068C4001103000000C4
:1040E0007061FF1F020000006AC40011010000009F
:1040F000CCC0001102000000D8C000110300000075
:104100003161FF1F0200000068C4001103000000BD
:104110005261FF1F020000006EC400110100000088
:104120001CC10011020000006AC40011010000005F
:10413000E941FF1F020000002EC100110100000034
:1041400011C10011020000006AC40011010000004A
:10415000E841FF1F020000002CC100110100000017
:104160007861FF1F020000006AC400110100000016
:10417000E741FF1F020000002AC1001101000000FA
:1041800001C10011020000006AC40011010000001A
:10419000E641FF1F0200000028C1001101000000DD
:1041A000FCC00011020000006AC400110100000000
:1041B000E541FF1F0200000026C1001101000000C0
:1041C000F4C00011020000006AC4001101000000E8
:1041D000E441FF1F0200000024C1001101000000A3
:1041E000ECC0001102020202020200000000000006
:1041F00016150000F14C0011B54C00117CC10011E6
:1042000090011D0018001800FFFF070102030405BC
:10421000060201060000000000000000000000008F
:10422000000000000000000000000000000000008E
:1042300003000000020000006EC400110100000035
:104240009CC30011020000006AC4001101000000BC
:10425000A442FF1F02000000A6C3001101000000DD
:10426000A661FF1F0200000068C4001103000000E7
:104270008464FF1F020000006AC4001101000000F6
:10428000A442FF1F02000000A4C3001101000000AF
:10429000A861FF1F0200000068C4001103000000B5
:1042A0007C64FF1F120000000001000000000111EB
:1042B000FFFF0000504859360000000000000000D9
:1042C0000B000500F0000000B400002800280028C2
:1042D0003075A000A000A000A00000080008E001C8
:1042E000F00010001000100010001000100050002E
:1042F0005000500010001000D00700000000000027
:104300000F0001000500307507001000010081FF5B
:1043100000000000FF000000A57300116171001192
:10432000C16E0011FFFF0100FF000000E99E0011B7
:10433000599C0011719B001100000000000000005A
:1043400000000800040000003B0001085902E001E1
:1043500088212800020000006EC400110100000046
:1043600034C50011020000006AC400110100000001
:10437000D143FF1F0200000066C4001101000000CD
:104380009468FF1F020000006AC4001101000000D1
:10439000D043FF1F0200000064C4001101000000B0
:1043A000CE43FF1F020000006AC40011010000009C
:1043B000CC43FF1F0200000062C400110100000096
:1043C000C443FF1F180018001D00900102000003E5
:1043D00002020000020000006EC400110100000093
:1043E00048C50011020000006AC40011010000006D
:1043F0001444FF1F0200000060C400110000000010
:10440000000000000200000068C40011030000006A
:06441000B468FF1F20FF4D
:040000051FFF184180
:00000001FF
