:020000041100E9
:103000007FB50023284C294D03932800217C284AB2
:1030100001F025FA002812D103232800217C03AAFD
:1030200001F0C4F900280AD1224B039A9A4206D132
:10303000214B2248E360224B636104B070BD02263D
:10304000217CFE2228001F4B009601F081F9002808
:1030500001D00020F1E71C4BA2899A42F9D1217CD2
:10306000FF222800194B009601F072F90028F0D1D8
:10307000E389174A934203D1164B17486361DCE793
:10308000164A9342E5D1164B164A1B68934206D95D
:10309000C02304222800217C9B0001F0C2F9124BBE
:1030A00012486361C9E7C0464461FF1FA441FF1F86
:1030B000813700005959530059598320BCBE001173
:1030C000B14100115061FF1F595900005261FF1FAB
:1030D00083050000694100119CBE001182150000AB
:1030E0006861FF1F8713000005420011ACBE00118C
:1030F00070B5134D2B7C002B0DD0124C200001F02D
:10310000D5F8297C382907D1BA22200001F078F9B6
:10311000200001F009F970BDEB890B4A934206D1FA
:103120009023022220001B0201F07BF9F0E7074AFE
:103130009342EDD12000064A01F091F9E8E7C0463C
:103140004461FF1FA441FF1F83050000832000008E
:10315000A23000000022024B1A825A617047C0461A
:103160004461FF1FF7B5164B0192C318021D0020E2
:10317000009388235B05D3181B685C1C1AD09CB293
:10318000402C18D88D781E0CAC466746CD782D02A1
:103190003D43AE4206D1019800280ED110000C70BC
:1031A000240A4C7003249BB20733A343D218009B1C
:1031B0009A42DED3FEBD4432F9E71000FAE7C0467A
:1031C000FC0F0000802213B503000324019189B293
:1031D000520107319B18A14304305A1A88235B051A
:1031E000C3181B68591C03D190429241104016BD70
:1031F00099B2402907D80B000733A343C018904267
:10320000ECD30020F3E74430F9E7134B134A1B6873
:10321000126810B5FA24934201D81A00F824104B12
:10322000E4021B689A4210D813000E4A12689A42B0
:103230000ED3013307D1F823DB029C4203D10A49A4
:10324000054808F0E1FB200010BDFC24E402ECE797
:10325000FE24E402F7E7C04600C0071100D00711C2
:1032600000E0071100F00711FFFFFF7FF0B59BB0F2
:10327000150003900491402A5CD806AC618022803E
:10328000FFF7C3FF002221000600FFF76BFF0528B0
:103290000FD92388AB420CD1002D07D0504B2A0008
:1032A0000399C01808F0E0FC002802D101201BB0EF
:1032B000F0BD258030000699FFF784FF041E79D108
:1032C000069B0793FFF7A1FF80235B01C6188023AD
:1032D00007001B039E4201D1F826F60288235B05F6
:1032E000F31801931B68013302D0019808F03CFAEF
:1032F0003C49019808F088FB3B1D0293331D059360
:103300008822029B52059B181B6808935A1C13D1F4
:1033100088235B05FF1839680198013908F074FBB0
:10332000380008F021FA30000799FFF74BFF04003E
:10333000002C41D10020BAE744219AB20091402AE2
:1033400004D80320D11D814389B2009104991B0C3C
:103350008B4224D0402A22D80122300008A9FFF74E
:1033600001FF021E1BD1380008A9FFF7FBFE040075
:103370000428DDD9009A059B9B1880225201B218BF
:1033800093422AD288235B05C118009A09A808F045
:103390001BFA134B009A09A9F01808F02DFC009AAB
:1033A000029B9446634402930F4B029AFB189A4285
:1033B000A6D3ADE70428BDD088235B05E0180699A5
:1033C00008F022FB0323EA1C9A4300D16EE7044B6A
:1033D0000399E01808F010FC68E70424ECE7C04605
:1033E00004000011FFFFFF7FF80F000073B5040019
:1033F0001600402A1ED801AD6980FFF706FF0022A3
:1034000029002A80FFF7AEFE042810D92D88002E4F
:103410000BD0002C09D0321CAE4200D92A1C074B1D
:1034200092B2C118200008F0CFF928B276BDC0438F
:1034300000B2FBE703204042F8E7C0460400001159
:1034400037B5042204000D0001A81649FFF7CEFF8E
:10345000020004280BD1019BA34208D3AB4204D045
:10346000104901A80195FFF701FF01203EBD0E4C58
:1034700023682000019308F077F9019920000139B1
:10348000019108F0C1FA80235B01E418074B9C42CC
:10349000EED10422034901A80195FFF7E7FE0020C1
:1034A000E4E7C0465555000000C0071100000811B0
:1034B000F0B589B010226946234808F005FB234B7C
:1034C000009A6C469A4211D1019B0F2B35D8069970
:1034D000029A8C4618001100002604AD013808D26B
:1034E000002E01D00A00A160013229D10023A3607F
:1034F00023E04F1CF2D161460126EFE7103610227F
:103500002900300008F0E0FAA368A868013300D170
:10351000A060882329685B05C9186B6829601A03B5
:10352000120B6A60814203D03B4201D108F04CF992
:103530006368013B6360002BE0D1A06809B0F0BD77
:10354000E027014E3F03F6E70000011150485936CD
:1035500007B508F0E1FBFFF7ABFF002803D00190AF
:1035600001984168084707BD10B508F0D5FBFFF783
:103570009FFF040008F0E8FA200010BD13B5040016
:1035800008F0CAFB002C03D0019401984168084759
:1035900013BDC0468022F8B5964C974BD20000214F
:1035A00020001C6008F098FB2300944A88331A60BE
:1035B000934B1A786A23002A00D01133E3620A235E
:1035C0002365904B37221B780820A3638E4B21186C
:1035D000E361102323628D4B3B256361C823DB002D
:1035E000A36123008C331A602823013AE26320642C
:1035F0006364CA67043A211DCA672100BC310D60AB
:103600002100C03108602100C4310B602100063563
:10361000CC310D602100083DC8310D602100D03152
:103620000A602200D43210602200D83213602200D7
:103630000227E032210017604222DC310A602100BB
:103640001B3DE4310D602100E83108602100EC31C0
:103650000B6023000521F43319602300F0331A6056
:103660002300183290331A6023009433186023002B
:103670001E3A98331A60AF23DB002360644BFA26AE
:103680002363644B644DE360644BF031A364230017
:10369000FF31FC33B600A16021611E60A562732575
:1036A000E5656D3D6565A56596255D4AAD00E264FD
:1036B000666258606766A56600270925A767E56604
:1036C000584F594D606720002567E2673A6015271B
:1036D0009C30676007001A2038602000A030070087
:1036E000212038602000A83007004C4838602000B6
:1036F000F830066026006427A436376026005F3F56
:10370000AC3637602600033FB03637602600C63738
:10371000B436376026000027B836376038269E60FA
:10372000424E96205E64424E5A66DE61414E9A6475
:103730005E62F53EFF3E9E621E269A67354A800015
:10374000DE661F675F67DD651D661862DA67BE2388
:10375000394A5B00E250394BD838235004302250AC
:10376000C4225200A350C623E4205B00E15004337E
:10377000334AE1503349344BD16034498000195009
:103780003349E938FF381950324904301950324969
:103790003248D16132491163324951631900F43121
:1037A0000860CE203049400011603049195019009E
:1037B0002F48F83108602F49D16582212E4A8900AF
:1037C0005A501A002D490832D1671A002C49B432D8
:1037D000116088212B4A89005A501A002A498832E0
:1037E00011602A4ADA6408F0AFF8012008F08CFA78
:1037F000F8BDC0460004FF1F5464FF1F206FFF1F69
:10380000D043FF1F4A0AFF1F3A07000080C3C901C7
:103810009A020000DC0500006A18000050C3000096
:1038200088130000F009FF1F204E00006509FF1FEC
:1038300068100000C409000040420F00102700007B
:10384000FC00FF1FC11BFF1F0000FF1F192CFF1FE3
:10385000A12FFF1F392EFF1F811FFF1F7926FF1F7A
:103860009D1FFF1F4D21FF1F0D1FFF1F9D28FF1FC5
:103870008529FF1F8D19FF1FA927FF1FD524FF1FB3
:10388000E124FF1F0D1EFF1FC51EFF1F851DFF1F0B
:103890000223F0B501250024594E91B03370594BE5
:1038A000594F1D703A680393584B29009A700420B1
:1038B000574A2300009408F027F98023DB059D6216
:1038C000FFF752FE534BC218C0239B029A4201D20B
:1038D000FFF754FE3C6008F077F9FFF75BFE08F055
:1038E00053F81F2201254C4B1A704C4B1D704C4B4A
:1038F0001C704C4B05AC19689143163A0A431A6088
:10390000602219689143403A0A431A6008F054F85B
:1039100008F052F9444B9847C120FF21434B8000E7
:103920001A588A431A50C522920098588843BF39C2
:103930000143995098583E4908408021C9010143EC
:10394000802099509958C0050902090A01439950ED
:1039500080213848490107F057FF03232A003649E0
:1039600000933648019508F057F82C22344905A8F1
:1039700007F02AFF6178207806F0E6FB023410ABEE
:10398000A342F7D12F4C304B226803201A40A023CA
:10399000DB0213432360802322689B0413432360CC
:1039A00022682A4B1A4080239B0313432360284A32
:1039B000284B934200D8012008F03EF908F07CF82B
:1039C00080232268DB0413432360307807F0CCFFA8
:1039D000039B1878C0B207F05FFF08F015F90C4997
:1039E000042007F029FF06F0C7FD00F035F800F0CD
:1039F0004FFD00F0EBFD00F0E9F9002011B0F0BD43
:103A00004A0AFF1FD043FF1F34F000407461FF1FBC
:103A10003B000108000001E0480AFF1F490AFF1FA0
:103A2000680AFF1FBCF00040E1A2000000E100E0D6
:103A3000FF00FFFFD443FF1F5856FF1FD453FF1F43
:103A4000B8BD001114F00040FF7FF8FFFFFF9FFF9B
:103A50000080FF1F206FFF1F002210B511001120F2
:103A600007F08AFF10BD0000F8B500230926374F84
:103A7000374C3B62E3681120B343E36008F08CF8F5
:103A8000112008F071F9112007F0FEFF4023226891
:103A900080251343236080236268DB021343636045
:103AA000A3682C4A2B43A360A36802211340A360A0
:103AB0008023A2689B0113431022A360236C07207C
:103AC00093432364236C0F3A1343236480235B00E6
:103AD0003B62226B204B1A402263626B1A40626386
:103AE000A26B1A40A263E26B1340E363E3681B4AD4
:103AF0001340E36006F028FB0121072006F038FCA4
:103B0000174B11205A6C15435D6408F0EDF8FD2148
:103B1000144B154A89005A508023C720626B5B03FF
:103B200013436363E36880003343E3600F4B104A41
:103B300019581140802212020A431A50802292051D
:103B40001A6008220B4B5A63F8BDC04600F00040D3
:103B50003CF00040FFFFDFFFEFFFEFFFFFFF7FFFC5
:103B6000003800400000FF1F5118FF1F00E100E077
:103B7000FF00FFFF0000054010B5FFF7B9FAE12094
:103B8000C00407F019FE10BD70B51A4CE388002B75
:103B90002AD0FA22D200934201D2FFF7EDFF236828
:103BA000E088A688C0188023711C89B2124D20605D
:103BB000A1809B00994218D3420A93B2C21AEB80AB
:103BC0002260A6800D4A642093420AD8FA2200207F
:103BD000D200934205D90A21180007F005FEC83823
:103BE000C0B200232872E38070BD07F0CDFF83B21E
:103BF000EB80E7E7D060FF1F5C61FF1FB70B0000A1
:103C000030B503A804880B20002C0ED14968074D5D
:103C100008784978090201430A20A94205D1012107
:103C200020001980024B1B7A137030BD192A000046
:103C30005C61FF1FF7B5150008AA16884A680F4F88
:103C400014785278120222430A24BA4214D1012273
:103C5000DBB2019200962A0007F008FD041E0BD18A
:103C6000074B1B68002B07D068782A7800021043A6
:103C700042425041013098472000FEBD0229000019
:103C8000E060FF1F30B5012503790400BFB02B426F
:103C900011D00A49408807F059F828420BD0084B48
:103CA00001A95B8D4D800B80064B00221B7A60883A
:103CB0000B7104F00DF83FB030BDC046D860FF1F57
:103CC0001840FF1F5C61FF1F10B50549054806F04D
:103CD000F3FF0421044A054806F0B0FF10BDC046BA
:103CE000D860FF1FFFFF0000E4BD00111840FF1F58
:103CF00010B5024804F070FE10BDC046853C0011AE
:103D0000012303700B4B1A7A4270022282709A7858
:103D1000C270DA780271032242711A7982715A797B
:103D2000C2710C2202729A794272DB7983720B2083
:103D30007047C0465C61FF1F022310B50370013B52
:103D400043700533837010330371443B43712A334E
:103D500083714433C37100230372054B04001B8835
:103D600043720A30FFF7CCFF11231520E37010BD1A
:103D70005C61FF1F10B5142007F0E6FF124B142200
:103D80000021186007F0A8FF002007F005FD0120C2
:103D900007F0F2FC022007F087FD032004F0BEF8D4
:103DA000042006F0D7F8052003F0F6FA062003F009
:103DB000C9FF072001F05EFB082006F01FFF092065
:103DC00001F020F910BDC046E460FF1F07F0A4FE1B
:103DD000012007F0E9FD07F01FFF0000094B10B5B7
:103DE0000400984205D0012904D12000064906F0BC
:103DF00063FF10BD0229FCD1013904F0A7FD0028A2
:103E0000F3D0F6E7FEFF00000A61FF1F70B50D7AE0
:103E1000100004AA2C00168810221440154220D14C
:103E2000002E20D10A78022A18D14A6851781578D4
:103E30000E4A09022943914205D00D4A914209D008
:103E40001C800A2404E014220A491A8007F0BCFCF2
:103E5000200070BD0C2208491A80F7E71C8001245D
:103E6000F6E70824F4E70B24F2E7C046F3FF00006E
:103E7000F4FF00006042FF1FD8BE001110B504001F
:103E80000749084806F018FF074804F0E1FC002045
:103E9000E40704D50721054A054806F0CFFE10BD0A
:103EA0000A61FF1FFFFF0000DD3D001128BE001169
:103EB0005C40FF1F10B50B4BBEB01A780A4902A830
:103EC00000F038FD01AC80B26080002808D0074BBC
:103ED00000221B8821002380054B188803F0F8FE80
:103EE0003EB010BDE860FF1FE960FF1FB640FF1F36
:103EF000C041FF1F10B50B4BBEB01A780A4902A88B
:103F000001F02AFE01AC80B26080002808D0074B87
:103F100000225B8D21002380054B188803F0D8FE1A
:103F20003EB010BD1261FF1F1361FF1F5C40FF1FF9
:103F3000C041FF1FF7B50E00377A1C0008AB110017
:103F40003D001A8820231D401F423CD13378022BAC
:103F50003BD173681F785B781B023B431E4FBB420B
:103F600008D01E4FBB4214D01D4DAB4221D00A25B4
:103F70002800FEBD002A2AD1142C2AD82200F0687D
:103F800007F022FC174B1C70012CF1D9FFF7B2FF90
:103F9000EEE7002A1BD1202C1BD82200F06807F086
:103FA00013FC114B04211C70104B187807F084FE91
:103FB000DEE7E3B20124009201940A00310007F029
:103FC00055FB0500D4E70825D2E70125D0E70B25EE
:103FD000CEE70D25CCE7C046F3FF0000F4FF00005C
:103FE000022900001261FF1FE860FF1F0962FF1F26
:103FF000332310B5040003700A220749013007F08B
:10400000E3FB064B0F201B681A0AE37222731A0C9B
:104010001B0E6273A37310BD5C61FF1F8461FF1FE1
:1040200030B5012503790400BFB02B4213D00B49F2
:10403000408806F08BFE28420DD0094B01AD1B884D
:1040400002A82B80FFF7D4FF0F236B8000222900EA
:10405000608803F03DFE3FB030BDC0460A61FF1FDF
:10406000B640FF1F10B5024804F0B6FC10BDC046B4
:104070002140001170B5160004AA148805AA15780D
:104080004A685078117800022A4A084380180528A7
:104090004BD807F0C9FC03131E29343F0722100038
:1040A000062C0AD8121BAA4200D92A0022491A80DB
:1040B0003000091907F088FB002070BD0720112C83
:1040C000FBD81222121BAA4200D92A001B491A80CF
:1040D000EEE707200E2CF0D80F22121BAA4200D9BF
:1040E0002A0017491A80E3E70720032CE5D80422A9
:1040F000121BAA4200D92A0012491A80D8E70722C7
:104100001000062CD9D8121BAA4200D92A000E4949
:104110001A80CDE707221000062CCED8121BAA4227
:1041200000D92A0009491A80C2E700220A201A8011
:10413000C3E7C046DCD5FFFF79BE00113061FF1F29
:1041400069BE001164BE00115CBE001154BE0011B6
:1041500010B50D21024A034806F070FD10BDC0469F
:1041600048BE0011CC40FF1F37B50F4C01AD0423F2
:104170002A00217C00F01AF9002813D1298823682D
:1041800049BA89B24B4321891B0C5B18074A6988DD
:10419000538049BA636889B24B4361891B0C5B1831
:1041A00093803EBD0120FCE74461FF1F5C61FF1F5F
:1041B00037B5124C06236A46217C6D4600F0F6F8AE
:1041C000002818D12988236849BA89B24B4321892C
:1041D0000B4A1B0C5B1853806B4603335B78E97802
:1041E0001B020B435BBA61689BB24B4361891B0C9A
:1041F0005B1893803EBD0120FCE7C0464461FF1F71
:104200005C61FF1FF0B5022785B0154C03AD217C22
:104210002B0000220097060000F09AF8002802D038
:10422000012005B0F0BD0E23217C01223000009753
:104230006B4400F08DF80028F2D129882368C9BAB0
:104240004B4321891B145B18064A6988538049BA7D
:10425000636889B24B4361891B0C5B189380E0E76C
:104260004461FF1F5C61FF1F10B500F0F1FA034AC3
:10427000002013880133138010BDC0465C61FF1F0E
:1042800010B500F0CFFA10BD10B58024064AA40086
:104290001168436B234205D113685B1A032BF8D9CD
:1042A000012010BD0020FCE76008FF1F70B5C17938
:1042B00005000C00631E9C411A4BE402E4184900FF
:1042C0000460C9B2007906F089F8E9796879490093
:1042D0000131C9B206F082F8E8790930C0B207F0BE
:1042E000D3FB0023E36661332360AA795B3B002A9A
:1042F0000ED022689A43023B134323600A23E361F2
:104300000733236200232363A3630133E36370BD98
:1043100022689A43022313432360462363610633D2
:10432000A361EFE70050004070B50025040003686A
:10433000DD66C0790930C0B207F02EFC2900207973
:1043400005F0E8FF2900607905F0E4FF70BD00008A
:10435000F8B51E0006AB1D78002304681700E3665D
:10436000616007F0D9FC01238022E3662B002761FE
:104370005200013B08D207F0E7FB08200A4A116807
:10438000002D03D12800F8BD2261F2E7236F03421C
:1043900003D02369013D3370013613685B1A032B88
:1043A000EED90125EEE7C0466008FF1F70B51C007E
:1043B000002305681600EB66696007F0ADFC012379
:1043C0008022EB6623005200013B08D207F0BCFBC1
:1043D00008200A4A1168002C03D1200070BD2A6110
:1043E000F2E72B6F034203D02B69013C3370013697
:1043F00013685B1A032BEED90124EEE76008FF1F58
:10440000002370B504681500E366616007F084FC62
:104410000123E366256107F097FB2000FFF734FFD7
:1044200070BD70B51D00002304681600E36661606E
:1044300007F072FC0123E36626610F33626B1A42B8
:10444000FCD02B0A23611023626B1A42FCD0EDB220
:10445000256107F079FB2000FFF716FF70BD0023F0
:1044600070B504681500E366616007F055FC012330
:10447000E3662B0A23611023626B1A42FCD0EDB273
:10448000256107F061FB2000FFF7FEFE70BD000014
:1044900010B5084CE368002B08D18022064B52026D
:1044A0001B689B186360054B1B68236007F03CFB8F
:1044B000A06010BD8461FF1FC8F00040CCF0004038
:1044C000F0B5184A936A916A9942FBD116498A68F5
:1044D0009A421FD39A1A8B60144B4C68186893B297
:1044E000D2024343D20E42431B0A08681B19120230
:1044F0009B180024020001270D4D4B60561CAB4257
:104500000BD8002C01D010000CC10A4A13600A4BD2
:104510001860F0BD581E821ADDE7084A3C009B185F
:104520003200EBE700F000408461FF1F140AFF1F18
:1045300040420F00C8F00040CCF00040C0BDF0FF8A
:1045400070B5194C23793F2B01D93F232371174AAA
:1045500013701078C0B207F03FF91823144A1549B8
:104560001380154A0B8013804B80A0790C3B421CB2
:10457000534380221201934213D81A00CB80A02308
:104580000E4D888028800E486371823B0280237222
:104590000C4A0D4B1A60E379052B01D81023E37107
:1045A00070BD1300EAE7C0467861FF1F480AFF1F8D
:1045B000BE41FF1F7C43FF1FBC41FF1FBA41FF1FCD
:1045C000B841FF1FE09304006861FF1FF8B5212187
:1045D0000020FEF735FF114C011E114D09D10C22B0
:1045E000104BC1CBC1C4280007F076FBFFF7A8FF32
:1045F000F8BD0C2220000C49FEF7F8FE0C2802D072
:10460000084B43CB43C40C2228000849FEF7EEFEBA
:104610000C28EBD00C220021E5E7C0467861FF1F93
:104620004461FF1FCCBE0011FC0C0000F50C000023
:1046300010B50C2202480349FEF718FE10BDC04613
:104640007861FF1FFC0C0000F0B51D4C8022A544D2
:104650000400882069465201400507F0FDF99022C8
:1046600012016A441300200032C832C316C816C3B0
:104670008023144C144FA6689B033343A3603B6014
:1046800007F072FA8823A0685B05C01807F06CF881
:104690000025882329008022A0685B05C0184019E6
:1046A0006944520007F0A8FA80230135FF355B0109
:1046B0009D42EED1A6603E60044B9D44F0BDC046D5
:1046C000FCEFFFFFF042FF1F9808FF1F04100000DF
:1046D00003780021013BF0B5012B05D82B4B2C4C66
:1046E0002C4E027A914200DBF0BD4268575C1A6999
:1046F00001321A6122783F2A06D822789446013284
:10470000D2B222706246B754522F05D101221F70D7
:104710005A739A730131E4E79A7B002A30D05A7BAE
:10472000944665460132D2B25A735F550C2AF1D9CC
:104730001A7B452A05D0DA8A013292B2DA82002247
:10474000E7E701279A8A013292B29A829A1CD777B8
:104750001A79DF7812023A4312B21A839A795F7992
:1047600012023A4312B25A835A781F7A1A779A7809
:104770005A775A7A9A77DA79DA775A1CD777DEE756
:10478000DA8A013292B2DA82C4E7C046A461FF1F1E
:10479000C861FF1FC961FF1FF0B51C4B89B018002D
:1047A000242200211E0007F097FA40220021184819
:1047B00007F092FA0022174B00211A700A3202AB5E
:1047C000D01807F089FA144B04AC238096239B0180
:1047D0000593012321002372104B114A0793A1C9AD
:1047E000A1C213600022049800920599069A05F070
:1047F000E7FF040062426241F31CDA77002802D12D
:10480000082007F071FA200009B0F0BDA461FF1F75
:10481000C961FF1FC861FF1FFF060000D1460011DC
:104820009461FF1F07B5084BDB7F002B0BD00020E6
:1048300006F002F80022054B00920FCB05F0C0FFF6
:10484000082007F051FA07BDA761FF1F9461FF1F01
:1048500010B5124B124ADB7F1249002B0CD0138B80
:104860004B80538B1BB28B800332D37F002B02D043
:10487000082006F0F1FF10BD938A002B0AD0938A1E
:104880005B429BB24B80D38A002B05D0D38A5B421C
:104890009BB2E7E7044BF5E7034BE3E7A661FF1F95
:1048A000A461FF1F5C61FF1FFFFF0000F0B587B030
:1048B000051E6C4627D0684606F04EFF1B4D0228A9
:1048C00006D106226946280007F0CEF9002818D044
:1048D0000F2221000023012094460600EA5C0133E8
:1048E00017091037BE403700664632400600964032
:1048F00032003A434A610439062BEED12000FFF71B
:10490000A3FE07B0F0BD18226946094807F0A4F8D5
:10491000AB00E358013305D01822FF21200007F037
:10492000DBF9EBE70135062DF2D1EAE76509FF1F58
:1049300000090011F0B5002604000F00150085B035
:10494000B24200D184E08A784B1C01934B7812026A
:104950001A43CB7808781B0413430A792070120697
:104960001A43009203926670252800D190E033D854
:10497000112813D807F0C0F86600150115011501BC
:104980001501A400B200AB001501150115011501B8
:104990001501150115011501EF000F01232800D1A4
:1049A000C7E0DB2800D0C3E1042D00D8ABE0052D23
:1049B00000D18FE16E1F32000098791D06F004FFD0
:1049C00005223900200006F0FFFE32000099601D2C
:1049D00006F0FAFE2E003BE0562853D00FD83328BD
:1049E00000D1A1E0552836D02628DAD1BB4D1322BC
:1049F0003100280007F070F9FEF7ACFB57E0712892
:104A000000D172E0722800D184E0DC28C9D1022DE7
:104A100000D878E04B7863708B78A3706B461E8863
:104A2000032D05D0033DC81CAAB23100FEF71EFCC1
:104A300031001022E01CFEF7D9FCC61C002807DA62
:104A400060706DE00C222000A54906F0BDFE0C262A
:104A5000300005B0F0BD6A1EA24D0C2A10D8002A05
:104A600007D02800019906F0AFFEFFF769FDFFF7B8
:104A7000DFFD0C222900601C06F0A6FE0D26E7E7EC
:104A80000C22EEE7974D984B2A0043CB43C2ECE74C
:104A90006A1E924D0C2A11D8002A08D001992800CC
:104AA00006F092FE0C2228009049FEF7DFFB13224D
:104AB0002900601C06F088FE1426C9E70C22EDE7E9
:104AC00006228B49601C06F07FFE0626C0E71222F4
:104AD0008849601C06F078FE1326B9E7082286494B
:104AE000601C06F071FE0926B2E7012D0ED0497850
:104AF000F02908D8814D288801F088FC804B2A884D
:104B00005200D35A00E0FF23637009E07B4A7C4BDC
:104B10001288F5E77B4B012D04D04A785A706270F9
:104B2000022695E75B78EFE72000FFF761FA0600C1
:104B30008EE7042D05D9744D009B2B6006F0F4FF21
:104B4000A860FFF7BDFC0422039003A9601C06F0D7
:104B50003BFE05267CE76D4E062D15D9062230005A
:104B6000019907F081F800280ED006220199300043
:104B700006F02AFE062266493000FEF777FB012385
:104B8000604A51780B43537031000622601C06F0D6
:104B90001BFE07265CE7012DB5D04878FFF786FE9F
:104BA000BEE701281FD15B4AAB1E0092132B06D82B
:104BB0004B78002B0BD100F093F900F0C9F9564B5C
:104BC00000991E78601C721E06F0FEFD40E7013D54
:104BD0002A000199009806F0F7FD50490098AAB202
:104BE000FEF744FBE9E7032800D0DAE6012D2CD1DB
:104BF00020700C234A4A6370D27F4A4BA2709A1CE1
:104C0000D27F1026E2701A6922711A69120A627143
:104C10001A69120CA2711A69120EE2719A8A227232
:104C20009A8A120A6272DA8AA272DA8A120AE27224
:104C30001A8B22731A8B12B2121262735A8BA273DE
:104C40005B8B1BB21B12E37302E74B782070002BC7
:104C5000CFD0012B1BD10B336370324B0B261A8B39
:104C6000A2701A8B12B21212E2705A8B22715A8BF6
:104C7000013312B212126271DA7EA2711A7FE271EE
:104C80005A7F22729A7F6272DB7FA372E0E6032B67
:104C900000D038E7022D00D135E70C22224B89786D
:104CA00018780426A07018786270E170884200D8E5
:104CB000CEE61B785B1A1E1CDBB2934200D9161C91
:104CC0001A4BF6B23200201DC918043606F07CFDDE
:104CD000F6B2BDE61525102672E6C0464461FF1FF8
:104CE000D8BE00117861FF1FCCBE0011F50C00008A
:104CF0005061FF1F3061FF1FF442FF1FC041FF1FC3
:104D00005864FF1F7461FF1F8461FF1F6509FF1F47
:104D1000ADAC0000E963FF1FE763FF1FAEDE0000DC
:104D2000A761FF1FA461FF1FC861FF1FC961FF1FAB
:104D3000DA2800D0E7E6042D00D8E4E6082D17D9DC
:104D4000BB797A791B021343FA7912041A433B7A2E
:104D50001B061343009A1360009B05221B68390051
:104D60002000039306F030FD0422601D03A9B8E67D
:104D7000FE236370F0E7C04670470000020010B5E4
:104D8000094B0A32094C92B2DA815A829881188210
:104D9000207802F09FF90422054B012120781A7037
:104DA00006F08AFF10BDC0467E42FF1F3264FF1F1F
:104DB0003164FF1F013870B5042809D806F034FEAD
:104DC000030928081200224B0221187806F074FF0C
:104DD00070BD1F4B0821187806F0E6FF00221D4B1E
:104DE0001A72F5E7802200241A4B520060201A81C3
:104DF000DC7206F079FFFFF715FD154D08212878C4
:104E0000154A06F0A9FE2100287806F005FDDFE727
:104E10000F4B0821187806F0C7FF602006F01CFD34
:104E20000E48FEF789FF0E4B0E4A9B7993800E4A7F
:104E300013800022074BDA720132FF321A810B4BCA
:104E40005B78002BC4D00A4A136006F0ADFEBFE7C2
:104E50000962FF1F6861FF1F10270000C941FF1F83
:104E60007861FF1F7C43FF1FBA41FF1F7461FF1F62
:104E700034F0004010B5012907D1042805D1802164
:104E8000024B8900187806F017FF10BD0962FF1F5A
:104E900010B5002907D1042805D18021024B8900D3
:104EA000187806F009FF10BD0962FF1F0300F0B576
:104EB0000A4D8E18B14202D152008018F0BD0C7814
:104EC0002F6824093C5D0F271C700C7801313C4091
:104ED0002F683C5D5C700233ECE7C046B441FF1FB5
:104EE0001022124B10B51A700F23114C1149237068
:104EF000093A063B1048637006F066FC2D23012238
:104F00000E490F486372FFF7D1FF01220D49FFF7E9
:104F1000CDFF01220C49FFF7C9FF030000200B4918
:104F200002001870FEF7A2F910BDC0460664FF1F0C
:104F3000E763FF1F79BE0011E963FF1F6709FF1FC9
:104F4000F163FF1F6609FF1F6509FF1FAEDE00004A
:104F500070B5134C142220001249FEF747FA431E85
:104F6000114D132B19D8AB78002B16D0431C2B7086
:104F700009236B7000230019037028780B4B013054
:104F80002900C0B2187006F0D7FB29782200013939
:104F9000C9B2002005F070FD70BDFFF7A1FFECE77E
:104FA000E963FF1FAEDE0000E763FF1F0664FF1F1B
:104FB00010B5114B1A781870002A0ED000280BD1AA
:104FC0000E4B1A78062A07D85423D340DB0703D5A3
:104FD0000B4B187802F07EF810BD0028FCD0074B70
:104FE0001B78012B02D0033B022BF5D8044B012187
:104FF000187806F061FEEFE70A64FF1F3164FF1FB7
:105000003264FF1F70B54D4E4D4A4E49307004203A
:1050100005F090FAFEF79EF8FFF7BEFB06F024FCC1
:10502000032249494948FFF741FF2D240300042288
:105030001C7047490130FFF739FF30230470454D9C
:10504000454C437083702E3B062220004349EB877A
:10505000FEF7CCF9062813D0200006F07DFB0228CD
:1050600009D00321200006F01FFE8D23E3706E3B64
:10507000237119336371062220003849FEF7F6F8D0
:10508000374B1B68FC335C64FFF762FF0020FFF7BF
:105090008FFF344C344A0121344B1278207801F0D0
:1050A000DBFF334A334B12780021207801F0D4FF24
:1050B0000122314B1A70314B9B78552B36D1304B36
:1050C0003B325A722F4B304AAB81EA812B826A8283
:1050D0002021307806F040FC0120404205F018FD08
:1050E0000120404205F0B4FDFFF732F8FEF7ECFD79
:1050F00000F0CAFC01204042FEF7C0FE012006F08D
:1051000073FDF02001F066F90121307806F0D4FD3E
:10511000307802F03BF91D4806F0EEFBFEF7A4FCE8
:1051200000226020110006F027FC70BD6422184B9D
:105130005B7953431A000A32C6E7C0460962FF1F73
:10514000914E0011754E0011F442FF1F3061FF1F98
:105150005061FF1F7E42FF1F6509FF1FADAC0000BD
:105160005464FF1F3264FF1FE841FF1FC941FF1F46
:105170000664FF1FE763FF1FD863FF1F7461FF1FF3
:105180006861FF1FC4090000CE0900000A62FF1F0A
:105190007861FF1FF8B50D008B065DD5674B1B7856
:1051A000002B42D0FFF78CF9654B664C664E996830
:1051B0006268737A8A1ADB039A4202D36160FEF74F
:1051C00053FC327A217A531EDBB2994230D1FFF779
:1051D00057F8637A002B25D0013BDBB26372002BBA
:1051E00020D15A4B9B78552B01D106F0DDFCE37A98
:1051F000002B12D00023A27AE3729A4202D0A3724B
:10520000FEF7C2FC524A534F138838000133138013
:10521000FEF792FD390006F0B7FA6423707958431F
:10522000FFF7ACFD237A0133237220206840F8BDDC
:105230009142CED300272772FFF716F8A37ABB421C
:1052400002D0A772FEF7A0FC424F3800FEF774FDB3
:10525000390006F099FABCE70BB2002B0ADA3E4B94
:10526000187806F0C9FA002801D006F035FC802035
:105270000002DBE70224214209D0334A314B127A83
:105280000120023A1A72FFF793FE2000CEE70B07C7
:1052900021D5FFF715F92A4B2A492B4C98684A6803
:1052A000637A821ADB039A4202D34860FEF7DCFB82
:1052B000FEF7DAFFFEF7E4FF274B08211878274AAC
:1052C00006F04AFC00F0FAFB2368DB0701D5FEF785
:1052D000C9FE0820AAE7CB0609D5FEF755FC174BF7
:1052E0001B78002B01D1FEF703FD10209EE701245F
:1052F000214205D01A4800F081F806F01DFCC4E7F1
:105300008024A40021420FD0042004F0FDFE0028D8
:10531000BBD00A4B1B78002BB7D02622094B114873
:105320005A72FFF72BFDB0E7042408002040214209
:1053300000D17CE7FEF7BEFDA7E7C0460A64FF1F69
:105340008461FF1F6861FF1F7861FF1F7461FF1F89
:105350005C61FF1FC941FF1F0962FF1F102700008A
:10536000AC41FF1FC4090000F0B51A4B1A4F1B884F
:105370003A880400194E1A4D85B09A420DD83288E9
:105380009A420AD3174B1A882B889A4205D1164A9B
:10539000164B12881B889A421AD0052001F070F82B
:1053A0003B8802A90B80338801904B802B88104DDD
:1053B0008B800E4B2A781B88CB800E4B188802F00E
:1053C00091FD0D4B08212878019A1C7006F0C4FB52
:1053D00005B0F0BDD663FF1FBE41FF1FBC41FF1FDC
:1053E000BA41FF1FD463FF1FD263FF1FB841FF1FE5
:1053F0003264FF1FC041FF1FD063FF1F13B50C4B6A
:105400001C78002C11D1002801D00A4B18600A4AE0
:105410000A4B11780A4A10780A4A01920A4A009205
:10542000002205F021FA200016BD1124FBE7C0463A
:105430003164FF1FCC63FF1F3064FF1F2064FF1F18
:105440003264FF1F0C64FF1F1064FF1F10B5064B72
:1054500012201B78052B06D1044B13221988044B0C
:10546000187801F0E9F910BD3164FF1FC041FF1F3A
:105470003264FF1F10B500240122114B52421870F4
:10548000104B1C70104B1A8001F080FF04220F4B50
:1054900021001A700E480C3206F0D6FB10222100B3
:1054A0000C4806F0D1FB07220B4B1C600B4B1C7009
:1054B0000B4B1C700B4B1A700B4B1C7010BDC04675
:1054C0003264FF1F3164FF1FC041FF1F3064FF1FA4
:1054D0002064FF1F1064FF1F0C64FF1FE663FF1FA3
:1054E000E563FF1FC241FF1FE463FF1FF8B5174CC0
:1054F0000600257806A814240078052D23D1B41FB2
:10550000134FA5B21824BD421DD88D1FADB2BD42A8
:1055100019D8FA256D00AA4215D21D000D4F0A3D7B
:10552000ADB2BD420FD80C4C26800C4C21800C49EA
:1055300000240A800B4A1380FFF716FF0A4B042150
:10554000187806F031FC2000F8BDC0463164FF1F1A
:10555000790C0000750C0000BE41FF1FBC41FF1F0D
:10556000BA41FF1FB841FF1F3264FF1FF0B50BB2F5
:105570000D0089B0002B00DB70E1A44E307806F0FE
:105580003BF9041E50D00378A22B00D122E1D02B8E
:105590001AD0912B45D143780E2B42D19C4B828857
:1055A0009A423ED19B4B1B78052B3AD1836803204E
:1055B00018567F2835D0984B1B68002B31D05B687C
:1055C000002B2ED098472CE08078072829D806F0A9
:1055D0002BFA0428183F3F74A8D86378002B0CD10D
:1055E00001218C4B19708D4B1A78002A5BD08C4BA3
:1055F000307801F031FD002855D00722854B1A7014
:1056000051E061780029F8D1E378002B11D0854A68
:10561000854B1278307801F01FFD60706378002BA5
:10562000EBD1200006F058FA80200002684009B053
:10563000F0BD784B1B78022BF3D00121307806F0B7
:10564000F3FA0028EAD10121307806F035FBE5E7CE
:105650006378002BD1D16F4F032807D13B78052BFE
:1056600002D101333B701EE00223FBE76F4B1A8827
:105670006F4B0293002A0BD01B78002B03D0012123
:10568000307806F069FA3B78062B04D1013BE9E754
:10569000029B1A70F7E7042B41D10121029B30785D
:1056A000197006F009FB5C4B1B68002BB9D01B6816
:1056B000002BB6D0574A107884E76378554F002BFB
:1056C00027D10622211D5B4806F07EF862895A4BDD
:1056D0005A491A80A2895A4B1A80E3890B80052106
:1056E000397058490A80584A1380228A574B1A80C9
:1056F000574B1B78012B09D11F2000F0C1FEFA2265
:10570000920042430421307806F026FA0022484BEA
:1057100075E7312B00D070E70022454B1A70032348
:10572000A0E706220021434806F08EFA0023454AEE
:1057300004211380444A30781380444A138006F0D1
:1057400033FB0821307806F02FFBA379083B5A423F
:105750005341304A03331370304B1B78002B06D073
:10576000334B30781A78002A06D001F0B3FC0122BE
:10577000314B52421A8096E70121197006F09CFACB
:10578000F5E70821307806F00FFB6378002B00D096
:1057900047E72C4B2D4F0293E388029A0421138094
:1057A000294B307803932389039A138063893B80C4
:1057B00006F03AFA002800D033E7264B1B68002B8E
:1057C00000D12EE7039902983A88098800881B685F
:1057D000984726E74379132B00D022E70389012B52
:1057E0000AD11D4B1B78022B06D10821307806F018
:1057F000DBFAFFF72BFE14E7052000F041FE08213D
:105800000200307806F0A8F90BE7C0463264FF1FAB
:10581000051400003164FF1FCC63FF1FE841FF1F28
:10582000C941FF1F0664FF1FE763FF1F0864FF1FD6
:105830000A64FF1FD963FF1FC041FF1FE063FF1F02
:10584000E263FF1FD663FF1FD463FF1FD263FF1FF6
:10585000D863FF1FC863FF1FD063FF1F8020C001F4
:10586000014200D0E2E6CB0731D5324B1B78002B4A
:105870001DD0314E05AC3378052B1AD1023B237075
:105880002E4B21001B7823722D4B1B7863722D4BFE
:10589000187801F085FB002809D007202A4B3070CA
:1058A0001B68002B03D01B68002B00D098470120F9
:1058B000BCE60E20254B06221B7825492370254B7C
:1058C0001B78637002ABC01805F07EFFD8E7022397
:1058D00008001840194209D0174B1B78052B03D13B
:1058E0001D4B188806F058F802209FE60424214238
:1058F00003D0FFF739FD200098E608230800184080
:10590000194200D193E6154B1C78012C03D0022CD0
:105910000DD008208AE6124B124A134913481B88FF
:105920001288098800880094FFF7E0FDF1E7FFF78F
:105930008DFDEEE70A64FF1F3164FF1FC241FF1FA8
:10594000E463FF1F3264FF1FCC63FF1FE663FF1F8A
:10595000C341FF1FE563FF1FC041FF1FD063FF1F4F
:10596000B841FF1FBA41FF1FBC41FF1FBE41FF1FCF
:1059700010B502A804880B20002C10D149680878C3
:105980004978090201430C48814209D1022119805A
:105990000A4B59881170DB7800205BB2537010BD40
:1059A000074C0A20A142FAD102211980034B9988A1
:1059B00011705B79F0E7C0466E2A00005C61FF1F42
:1059C0006F2A0000F7B5150008AA16884A680F4F1D
:1059D00014785278120222430A24BA4214D10122C6
:1059E000DBB2019200962A0005F040FE041E0BD1A6
:1059F000074B1B68002B07D068782A7800021043F9
:105A000042425041013098472000FEBD022900006B
:105A10004464FF1F30B5012503790400BFB02B4259
:105A200025D01449408805F091F928420CD0124B3A
:105A300001A95B8D60880B8002234B800F4B0022F5
:105A40005B888B8002F044F90D49608805F07EF98F
:105A5000C0070CD50B4B01A91B8800220B80022329
:105A60004B80064B9B888B80608802F031F93FB0F9
:105A700030BDC0463C64FF1FEC41FF1F5C61FF1F4F
:105A80003464FF1F4642FF1F10B50749074805F061
:105A900013F90749054805F00FF90721054A06489B
:105AA00005F0CCF810BDC0463C64FF1FFFFF0000AE
:105AB0003464FF1FF8BE0011EC41FF1F10B502480F
:105AC00002F08AFF10BDC046155A00110200F0B561
:105AD00001270A480A4E51188B1A002B00DCF0BD32
:105AE000082415784308684038404000805B013C3A
:105AF00058406D08002CF5D10132EDE7FFFF0000A2
:105B000012BF0011F0B500250F269D4200DBF0BD4D
:105B10004C5D070944403440A400A058013578404A
:105B2000F3E7000070B50C0088B06B460F26103408
:105B30000A7801311500120935401D705A70023380
:105B4000A142F5D120236946024AFFF7DBFF08B0E6
:105B500070BDC04618BF0011F0B54E780B7889B003
:105B600036020C00170001901E43012A61D9954BA3
:105B70009E4200D877E001339E421CD1062A17D1FD
:105B8000CA788B7812021A430B791B0413434A79A3
:105B900012061A438C4B5A6100221A705A808B4AA3
:105BA0005A608B4A9A608B4ADA60002009B0F0BDD7
:105BB00088225205EEE7884B9E423CD182498B7881
:105BC000002B00D0F6E00C2A31D10F22A3789343AA
:105BD000E278120213432279120413436279120607
:105BE00013434B60E279A07912020243207A000449
:105BF0001043627A12060243CA60E27AA07A120265
:105C0000024376484A81834208D804236E4914220D
:105C100001980B7005F0D8FD1420C7E71201D218C7
:105C200089235B059A42F0D801238B70BDE7022AD5
:105C3000FAD00523EAE76A4A01239642E6D1FFF744
:105C400005FC052F0CD9E378A2781B0213432279B7
:105C500012041A4363791B061343624A03931360C9
:105C600005F0A2FFA1E7584D2B78002B9DD1AB7812
:105C7000002B00D1A0E02B8901339BB20093B342EB
:105C800000D091E0132AD4D9CF7C8B7C3F02122123
:105C900020001F43FFF71AFF874200D08EE0002E3E
:105CA0003DD1E378A2781B0213432279E9681204FC
:105CB0001A4363791B06134303930A228B4212D1C2
:105CC000FF23A370E370237163716B89002B09D1EB
:105CD000E37B227C1B0212041343A27B13431B09A8
:105CE00001336B8100226B89002B8ED0002A67D193
:105CF000686837013818000B6B69000303909842FD
:105D000005D9686105F030FDEB780133EB70686808
:105D10001022A11C381805F06FFF2E8145E76F890E
:105D2000009A7B1E9BB293423AD1E278A37812028A
:105D30001A43237905A81B04134362796C68120681
:105D40001A43EB6800920392211D0C22049305F084
:105D50003BFD0120260004A940421036FFF7E2FE79
:105D6000013F012F17D1009A0B232861824200D0F6
:105D70004CE704221C49200005F03EFF042203A941
:105D8000686805F069FEE968039AFF23914200D133
:105D90003CE7F73B3AE73100FFF7C4FE1036DFE798
:105DA0000923B742A4D831E7009BB34200D9FCE6EF
:105DB00007232BE7022329E7032327E7062325E709
:105DC0000A2323E7FFFE00006042FF1F00000111CD
:105DD000FFFF00005048593601FF0000FFFF00118F
:105DE00002FF000034F000406C42FF1F10B5034C6E
:105DF0000B000122210000F06BFA10BDAD5F001115
:105E00000B8870B506000D000224162B11D92B004B
:105E10000322094900F05CFA041E0AD1074B2A88C4
:105E20001B88191C934200D9111C300089B200F064
:105E3000EDFA200070BDC046D95F00115A64FF1F03
:105E400010B54A780400013A0B000220012A07D855
:105E50000A78002A04D005222000024900F038FA0E
:105E600010BDC046076000110A7810B50B00040091
:105E70000220002A04D007222000024900F028FA5C
:105E800010BDC046B36000110A7810B50B000400C5
:105E90000220002A04D009222000024900F018FA4A
:105EA00010BDC0461961001110B5034C0B000B2248
:105EB000210000F00DFA10BD4961001110B5034C2E
:105EC0000B000D22210000F003FA10BDBB61001190
:105ED00010B5034C0B000F22210000F0F9F910BDA2
:105EE000156200110A7810B50B0004000220002A88
:105EF00004D011222000024900F0EAF910BDC0468A
:105F000025620011002310B51322190000F0E0F9FA
:105F100010BD000010B5034C0B001722210000F04B
:105F2000D7F910BD77620011002310B519221900AE
:105F300000F0CEF910BD000010B5034C0B001B2281
:105F4000210000F0C5F910BDB1620011F7B58489D8
:105F50000D0006000121002C22D000238268D356B8
:105F60001778002B1EDA0C2C1AD90C3CA4B213198A
:105F700040880093230002F090FE431E98410130B8
:105F80007B06DB0F6B703F23013C1F40A4B22870DF
:105F9000AF70AC80002C07D0B3680133AB60002138
:105FA0000800FEBD0020EBE7AC60F8E70B7803705B
:105FB0004B8843704B881B0A83700B79C370042095
:105FC00070470420022B06D10020537811781B0261
:105FD000009A0B43138070470B8803700B881B0AD1
:105FE0004370022070470420009983420AD15378FD
:105FF00010781B0203430B80D37890781B02034375
:1060000000204B807047F8B50D004B78012400212B
:10601000461C03702B788B4201D82000F8BD6B78AA
:10602000B01C4F1C012B10D1890069184B8802222B
:1060300033704B88B9001B0A7370691805F06CFC4B
:1060400004360434A4B2F9B2E4E7122359436B18BE
:106050005A88043132705B8810221B0A73706918E9
:1060600005F05AFC12361234ECE770B5049D1400AA
:106070001E00052B01D8042070BD637812781B0226
:1060800013432B80E378A2781B02134302226B8018
:106090002A71211D681D063E05F03EFCB2B22A8120
:1060A000E92AE8D82800A11D0A3005F035FC0020B7
:1060B000E2E7002310B50A789A4201D8900010BD9B
:1060C0009A008A185488013304705488DBB2240A79
:1060D0004470948884709288120AC2700430EAE78F
:1060E00010B51100029C062B04D004201022142BA2
:1060F00001D010BD022222714B7808781B020343A5
:106100002380CB7888781B02034363800431601DB1
:1061100005F002FC0020ECE710B50C788B78043118
:106120005C43E4B203702200013005F0F5FB601C13
:1061300010BD0420022B06D10020537811781B02D9
:10614000009A0B431380704710B50C000A88023187
:1061500005F0E2FB208810BD70B504000D00049826
:106160001100012B01D8042070BD1678527812025C
:10617000324302800200F13255701470E125002C88
:1061800000D10C35023B9AB24280AA42EBD80231D0
:10619000043005F0C1FB0020E6E7042000998342AB
:1061A0000AD1537810781B0203430B80D378907880
:1061B0001B02034300204B80704710B50C000A8877
:1061C000023105F0A9FB208810BD000070B5012147
:1061D0001E000420049C0E400B4218D1CB40DDB2BF
:1061E0008D4214D90A49DBB2098899420FD32300A2
:1061F000EE331D703300580011184978165C0902FF
:10620000314301332152D9B28D42F4D8002070BD00
:106210007842FF1F10B50C000A88023105F07CFBA4
:10622000208810BD10B50C788B7804315C43E4B243
:1062300003702200013005F06FFB601C10BD10B52B
:1062400011000298032B01D8042010BD1478527855
:10625000043B120222430280CA788C781202224345
:1062600042809AB28280EB2AEED80431063005F0E3
:1062700053FB0020E9E710B50C000B8803700B8876
:106280001B0A43704B8883704B881B0AC3708A8833
:106290000430063105F040FBA088043080B210BD08
:1062A0000420012B03D100201378009A137070474B
:1062B00010B50C000B8803700B881B0A43704A88CA
:1062C0000230043105F028FB6088023080B210BD36
:1062D000F0B589B003931D4B029242000700D05ADB
:1062E000019102F022F81325061E2CD0029B0124F6
:1062F0000370019B002B04D00019039998470019E3
:1063000084B26B461B7A5BB2002B0FDA1021380087
:1063100002F01CFB1925002812D130003219E1B21D
:1063200002F070FC051E0BD10C34A4B2042305A9A5
:1063300038000B800C814E6001F0B2FD051E02D0CA
:10634000300005F081FA280009B0F0BD5864FF1F45
:1063500070B505000C0000280CD00020814209D047
:1063600010222000044905F0D7FA01202B7823736E
:106370006B78637370BDC04658BF0011F0B506005E
:106380000D0017001C0085B002291BD00020102929
:1063900007D1022B07D0102B03D115E00020102CC1
:1063A00008D005B0F0BD69463800FFF7D1FF2A00DC
:1063B00069460BE069463000FFF7CAFF22006946D4
:1063C000380004E0022BE9D12A003900300005F042
:1063D00053FBE6E7031CF02800D9F023032008490B
:1063E0009AB2013A0B80D317034006499B189B10C1
:1063F0000B80D30F04499B185B100B807047C0467D
:106400007C42FF1F7A42FF1F7842FF1F034B1B880D
:106410008B4202D3024B4000C15270477C42FF1FA7
:106420005864FF1F014B4000185A70475864FF1F03
:106430001722014B1A8070475864FF1F70B5050082
:106440000E2005F041FA041E13D0D0230370002360
:106450000622837007494570033005F05DFA064B4C
:106460002100DA8A62811B7E2373044B187805F0C1
:1064700013FB70BD7464FF1F6464FF1FCC42FF1FD9
:10648000262803D8024B4000C05A70470148FCE759
:106490007E42FF1FFFFF000070B506000C00094D93
:1064A0001C220021280005F0CFFB074B1E70074B74
:1064B0001C7005F041FA0123002801D000231220AE
:1064C0002B7070BD6464FF1FCC42FF1F8564FF1FEB
:1064D00070B505000D4C0800E260A160102200219B
:1064E000656005F089FA012803D11021A06802F047
:1064F00061FD10220021280005F07EFA012803D159
:106500001021606802F056FD70BDC0466464FF1F34
:1065100070B5041E05D1002903D006220D4805F0F0
:10652000FBF90D4B1D78012D11D1002C05D1022254
:106530001A7005F021FB280070BD00221A70074B6D
:106540001B78FF2BF7D02000FFF778FFF3E700253B
:10655000F1E7C0467464FF1F6464FF1FCC42FF1F55
:10656000030010B5002801D1002010BD00780B4AAF
:10657000002803D15988D1821B7913761378022B16
:10658000F2D10023984200D103331370044B1B78DF
:10659000FF2B01D0FFF752FF0120E6E76464FF1FE5
:1065A000CC42FF1F002911D000280CD04B790128C4
:1065B00003D140225242134303E03F2213400328F9
:1065C00002D001204B7170474022F4E70800FAE73F
:1065D00070B5094D0100287800280BD0074C062221
:1065E000200005F099F921002878FFF7DBFF200053
:1065F00005F0C2FB70BDC0468464FF1F5E64FF1FD0
:1066000000290AD0012808D13F224B799343C02B9F
:1066100003D0403B5A425341981C704770B5174D08
:1066200006002B78FF2B15D00A2005F04DF9041E2B
:1066300010D0D0230370C83B8370114B11491B78D5
:106640004670C3700622043005F066F921002878F0
:1066500005F022FA0C4B1B78012B0DD10B4B1B685C
:10666000002B03D09B68002B00D09847084B0421D7
:106670001878084A05F068F870BDC046CC42FF1F84
:106680008464FF1F5E64FF1F8064FF1FAC64FF1FF4
:10669000B064FF1F60EA0000014B98687047C04675
:1066A0006464FF1F014BDB68186870476464FF1F58
:1066B000074B10B5DA68136801331360054B18787F
:1066C000FF2803D08021C90105F0F6FA10BDC046AD
:1066D0006464FF1FCC42FF1FF7B50E0002F0CAF83A
:1066E000051E1CD00E4B06621F78002F00D10778C4
:1066F000AB791020019305F0E7F8041E0FD0D023EA
:106700000380C73B8370019BE91DC37006220430E0
:1067100005F002F921003800E66005F0BDF9F7BD8B
:10672000CA42FF1F014B18787047C0468464FF1FA0
:10673000054B002805D1054B1A78054B002A00D1DE
:10674000014B18007047C0467464FF1F8464FF1F2C
:106750005E64FF1F014B58687047C0466464FF1FAA
:10676000024B1868431E9841C0B270478864FF1FEF
:10677000421E03000120152A03D9FF3B5A42534110
:10678000D8B27047F0B51C0000230E0085B003900E
:1067900002920B70029A934201D3002019E0E55C4B
:1067A0005A1CD2B2002DF8D0029851198142F4DC63
:1067B0000233DFB2A35C18000193FFF7D9FF002872
:1067C00007D0013D019A0399EBB233708A4202D19E
:1067D000E01905B0F0BDDB19DBB2DBE710B50C004A
:1067E00002F0A0F803001220002B03D021005888EB
:1067F00005F02AF910BD000070B50E4D84006359F4
:10680000002B15D0186A002801D005F05DFA2B592D
:10681000586A002801D005F057FA2B59986A0028C9
:1068200001D005F051FA285905F04EFA00232B51FA
:1068300070BDC0469464FF1F1C4B70B504000E0071
:10684000150099420AD11A4B1B68002B01D1122066
:1068500070BD1B68002BFAD09847F9E7154B994299
:1068600015D1134B1B68002B0AD01B68002B07D0D7
:106870009847002804D1104B1C70104B1D70E7E79F
:1068800029002000FFF7AAFF0028E1D1F3E7080064
:1068900001F0F0FF0028DAD003780320A342D7D11B
:1068A0002900300005F0D0F8D2E7C046FEFF000016
:1068B0009064FF1FFFFF00008D64FF1F8C64FF1FAB
:1068C000F7B50400808801F0D5FF0025A84203D069
:1068D0000578A08802F00AF81C4E3378002B1FD0F0
:1068E000AB421DD11A4B28001978FFF777FF00281B
:1068F00018D000233370A3790820A778A6880193C5
:1069000004F0E2FF011E0DD0D0230370CA3B837058
:10691000019B477086808371280005F0BDF801E077
:10692000002DE8D1A0880B4B8200D358002B01D05A
:10693000FFF762FF1721A088FFF768FDA08801F02C
:106940002BFDA08801F002FEF7BDC0468D64FF1F3D
:106950008C64FF1F9464FF1FF0B587B01D000CAB63
:106960001B88070001930DAB1B88142002930EAB0C
:106970001B88160003930FAB1B880091049310AB88
:106980001B88059304F0A0FF041E1AD0D0230370C7
:10699000CB3B47708370C670062229000430002D5F
:1069A00011D004F0B9FF019B21006381029B009884
:1069B000A381039BE381049B2382059BA37405F0C1
:1069C0006BF807B0F0BD05F03FF9ECE7F7B50093C1
:1069D00008AB1B8807000C200D001600019304F083
:1069E00073FF041E13D0280001F044FF00280FD0CD
:1069F0000078D0232370C93BA370009B2100238122
:106A0000019B6770A580E680638105F045F8F7BDBE
:106A1000014B1878EDE7C046CC42FF1F13B50400C8
:106A200064890389C2888188C0780094FFF7CEFF0B
:106A300013BD000010B5044C2068002803D005F0F9
:106A400043F90023236010BD9864FF1FA122F0B515
:106A5000818892004A43384B384F1B6889B09B1895
:106A60009D2292009B18827904001A603B68002BDB
:106A70005FD01D78324B1B68002B04D05B68002B65
:106A800001D000209847260008363100E079FFF752
:106A9000B7FD237DE0710200E0780493638A29004A
:106AA0000393238A0293E3890193A388009333001D
:106AB000FFF752FFE378002B0BD1E289A379A1887D
:106AC00002920196E27928000092012201F0DCFE98
:106AD000E0703B68002B20D0FFF7ACFF194D287801
:106AE00000281AD0184B1978FFF778FE002814D028
:106AF0002B780820A788E678079304F0E5FE011EAE
:106B000009D0D0230370CA3B46708370878086719A
:106B1000079804F0C1FF00232B701721A088FFF70E
:106B200075FCA08801F038FCA08801F00FFD09B0C9
:106B3000F0BD064B9DE7C0463409FF1F9864FF1F58
:106B4000AC64FF1F8D64FF1F8C64FF1FCC42FF1FCE
:106B5000F8B5070008000E0001F08CFE041E18D0E6
:106B60002620FFF78DFC051E00D12578062004F0B5
:106B7000ABFE041E0DD00021062205F065F8D023DF
:106B80002370C23B21006770A370A680E8B204F0B6
:106B900083FFF8BDF0B585B001930AAB1B78070001
:106BA00002930BAB1B7808000D000092039301F0D9
:106BB00061FE061E22D0102004F086FE041E1DD0A9
:106BC0001022002105F040F82620FFF759FC00288C
:106BD00000D13078D0232370C13BA370009B2100EB
:106BE0002372019B67706372029BA580A372039B53
:106BF000C0B2E3720C9BE36004F04EFF05B0F0BD41
:106C0000F7B50D00019001F035FE071E1FD00E20D4
:106C100004F05AFE041E1AD02620FFF731FC061E8F
:106C200000D13E78D0232380C53BA370F91D0622F6
:106C3000E01C04F071FE019B2100638101232B40C5
:106C4000AD07ED0F23736573F0B204F025FFF7BDB8
:106C5000F0B585B0029010000D0017000A9E039356
:106C600001F008FE041E31D0029B002B2ED1039BA5
:106C700002795B0724D5122313430422002E08D186
:106C80000B99002905D10C99002902D10D990029F1
:106C90001AD01A430D9B2271002B00D0C9E0002EA0
:106CA00000D1CFE0002D00D0CCE0606A002801D0F8
:106CB00005F00AF81C21300005F03EF8606205E09E
:106CC00002239A430E33D7E793432371654BBA00EF
:106CD000D458002C00D1AAE0002E10D0236A002B3B
:106CE00003D11C2005F030F820625E4BBA00D35867
:106CF000186A002803D01C22310004F00DFE0C9B02
:106D0000002B12D0574CBB001D596B6A002B03D1CE
:106D1000162005F019F86862BB00E358586A00288D
:106D200003D016220C9904F0F7FD0D9B002B11D017
:106D30004C4DBC006659B36A002B03D1142005F0FA
:106D400003F8B0622B59986A002803D014220D99D9
:106D500004F0E2FD380001F08DFD051E67D0414BC7
:106D6000BA00D358002B62D01A6A3420002A00D10E
:106D70001C389A6A002A01D0143080B20B9A002A7B
:106D800001D01C3080B25B6A002B01D0163080B27B
:106D900004F09AFD041E4AD01822002104F054FF8A
:106DA0002620FFF76DFB0190002801D12B7801937D
:106DB000D0232370029B200063700A23294EA37006
:106DC000039BBD00A371AB59A780196A1830002935
:106DD00005D01C22A06004F09FFD200034307359C0
:106DE000996A002907D0030014221433E06002934B
:106DF00004F092FD02980B9B002B08D003001C228C
:106E00001C330B992061029304F086FD029873599C
:106E1000596A002903D01622606104F07DFD6B469B
:106E20002100187904F038FE3800FFF7E5FC05B0C2
:106E3000F0BD10220D9B0D991B69A018236204F070
:106E40006BFD2CE70B9B002B00D13FE7012D00D001
:106E50003CE7606A002801D004F036FF1C210B9843
:106E60002AE7C0469464FF1F10B5044C2068002830
:106E700003D004F029FF0023236010BD8864FF1FA6
:106E80000B4B07B51A68002A01D100200EBD6946D8
:106E9000531C012012780731FFF774FC0028F4D04E
:106EA00002780123100018401A42EED0EEE7C046E7
:106EB000A464FF1FF0B51F4F01203B6887B0002B73
:106EC00025D09B78059300F0B3FB002821D00A2041
:106ED000FFF7D6FA04000B20FFF7D2FA164B050095
:106EE0001E78731E9E413B68F6B2191DD878FFF7D5
:106EF00059FB3B682900DA7A043303929A790193AB
:106F00000292009033002000059A04F0B5FC07B00F
:106F1000F0BDFFF7B5FF002805D00620FFF7B0FA57
:106F200004000720D8E70820FFF7AAFA0400092088
:106F3000D2E7C0468864FF1F8464FF1F70B50A4E05
:106F4000040033780D00FF2B0DD0042004F0BCFCAE
:106F5000011E08D0D0230370CE3B45708370C470EF
:106F6000307804F099FD70BDDC42FF1F70B504005D
:106F700006200D0004F0A8FC011E0AD0D0230370E7
:106F8000CD3B8370054B44701B688580187804F0F6
:106F900083FD002C01D0FFF767FF70BD8864FF1FE1
:106FA000F8B5264F06003B680D001124002B05D1D3
:106FB0000522234B1B78134202D112242000F8BD76
:106FC000204A10241268002AF8D01278002AF5D03E
:106FD000DB0719D52B789A1E012A1AD80C2004F049
:106FE000B3FE132438600028E8D000230A2243703F
:106FF00029000670023004F08FFCFFF75BFF041ECF
:107000000AD0FFF731FFD9E700F012FB0028E1D1E9
:10701000E4E7002BE2D0D0E70B4B1B78032BCDD15C
:107020001D20FFF72DFA094B18800028C6D0084B09
:1070300004211878074A04F087FBBFE78864FF1F24
:107040008564FF1FA464FF1F8464FF1F8264FF1F09
:10705000B064FF1F60EA0000F7B50193194B1400FC
:107060001A78052306000F0012201A4221D00129A8
:1070700020D1154B1D68002D1BD002201F2C18D8C5
:10708000002C02D0019B002B13D0104B1F221E702E
:107090006E1C0021300004F0D7FD01992200300061
:1070A00004F03AFC310020002C70002F06D004F0D0
:1070B000FBFCFEBD064B12201D68DCE704F03CFB28
:1070C000F7E7C0468564FF1FA464FF1FDC42FF1F73
:1070D000A064FF1FF8B50F4E12243368002B17D0A1
:1070E0001B780F3C834213D100250B4F02213878C7
:1070F00004F05AFE094B042138781D8004F054FE38
:10710000074B28001D8033685C7004F0B5FD040057
:107110002000F8BD8864FF1FB064FF1F9C64FF1F40
:107120008264FF1F70B5012823D11B4C2388002BDC
:1071300003D01A4A1578002D07D0194B1B68002B75
:1071400002D01878FFF7C6FF70BD3B2B02D93C3B3D
:107150002380F9E7134E0221307804F025FEFA224D
:107160002388920002215A43307804F0F5FC2580F0
:10717000EAE70B4B1B68002BE6D00B4B1B785B0739
:10718000E2D5084B0221187804F00EFE0022024BD3
:107190001A80FFF769FED7E79C64FF1F8064FF1F1A
:1071A0008864FF1FB064FF1F8564FF1FF8B51E4D84
:1071B0002868002803D004F087FD00232B601B4EB5
:1071C0003068002803D004F07FFD00233360184F9F
:1071D00005243B7818002040234221D0154800F0B8
:1071E0002BFA3B78234213D0202004F0ADFD286019
:1071F000002813D02022002104F026FD202004F0D6
:10720000A3FD041E306005D02022002104F01CFDE7
:10721000002004E0286804F057FD2C601320F8BD1E
:1072200000F00AFAF4E7C046A464FF1FA064FF1F41
:107230008564FF1FD042FF1F10B50A4C23681A1E39
:107240000ED0002808D10130587004F015FD002838
:1072500005D02368002B02D00021FFF787FE012212
:10726000100010BD8864FF1FF7B5274E0500336876
:107270000191181E21D05C78244F012C30D1FFF7EA
:10728000FFFD002825D02000FFF7FAF80400412870
:1072900014D91F4B022118781E4A04F055FA1E4BD0
:1072A0003C3C1C80022233685A703B78002B14D17E
:1072B00028000199FFF75AFE0120FEBDFA22920034
:1072C0004243002AEED0124B0221187804F044FC0D
:1072D000E8E7FFF7D5F80200F3E700233B70EBE7A0
:1072E0003B78002BE8D1032004F0EEFA011E08D011
:1072F000D0230370CC3B457083703368187804F05A
:10730000CBFBFFF7B1FDD7E78864FF1F8064FF1F49
:10731000B064FF1F60EA00009C64FF1F10B51749AE
:10732000838802008B4220D011D815498B4217D098
:10733000144900205B1899B2012907D89268117886
:107340005A425341D8B2FFF7F9FD012010BD0E4A51
:1073500000209B1807229BB29A424041C0B2F5E739
:1073600083681878FFF768FFF0E7836899785A78A0
:10737000090218781143FFF777FFE7E70A200000BA
:1073800006200000F8DFFFFFAFDFFFFF014B1870A2
:107390007047C046DD42FF1F10B5064C207001F05B
:1073A00045FA207804F0D8FC0521207800F068FD2B
:1073B00010BDC046B064FF1F0BB273B50D00002BAB
:1073C00000DBC4E0884B187804F016FA041E0ED0D7
:1073D0000378912B0FD0A22B00D1A1E0834B18781A
:1073E000FF2852D0210004F057FB00284DD1802007
:1073F0000002684076BD43780F2B76D013D8052B5A
:1074000070D00E2BEAD18088794B98422BD8794BDB
:1074100098421BD8784B9842E0D1A3681878591C41
:10742000FFF776F838E03E2BD8D18378032B74D061
:107430006CD8012B6ED0022BD0D1704B1B68002B67
:1074400023D05B68002B20D098471EE06C4BC018FF
:107450000C28C3D804F0C0FA1DC2C2150BC20B0B16
:107460000B3223C23C00674BC0180728B6D8664BC6
:107470001B68002B09D01B68002B06D02000984702
:107480000AE0A3681878FFF7C9F8200004F024FB8D
:10749000ADE7A068FFF764F800289FD0F5E7A36880
:1074A0001B78002BF1D0554B1B68002BEDD01B68CF
:1074B000002BEAD0210055489847EDE74F4B1B6859
:1074C000002BE2D01B68002BDFD021005048F3E7EF
:1074D000504B1B68002BD8D05B68002BD5D0210007
:1074E0004348E9E7FFF7ECF9CFE780884A4B984239
:1074F00003D04A4B984200D070E7464B1B68002BE4
:10750000C3D05B68002BC0D02100D5E7153B012B11
:10751000BBD963E7FFF79AFAB7E7FFF77FFAB4E75B
:107520003F4B1B78042B07D100236A461380017957
:10753000408800F0CBFCA8E7364B1B68002BA4D09A
:107540005B68002BA1D00100364898479DE70124D5
:1075500021420AD0294B1B68002B04D05B68002B0A
:1075600001D000209847012043E78B070AD5264B1E
:107570001B68002B04D05B68002B01D020009847CB
:10758000022036E70421280008400D4200D131E7EF
:10759000254E3388002B21D0013B9BB23380002B3A
:1075A0001AD1FFF7DDF800280AD0204B1C70164BCB
:1075B0001B68002B04D05B68002B01D0200098478B
:1075C000FFF7C8F8694601F00CFD6846FFF700F8C0
:1075D0001D20FEF755FF308004200AE7024B187883
:1075E00004F0E2FBF8E7C046B064FF1FDD42FF1F76
:1075F0000E2000000120000009100000A864FF1FF9
:10760000FEDFFFFFAFDFFFFFAC64FF1F0C200000B9
:107610000B2000009064FF1F0D20000013200000CD
:107620008564FF1FFFFF00008264FF1F8064FF1F4F
:1076300010B501F09FF910BD014B18607047C046AE
:10764000AC64FF1F0B880020162B01D817230420E1
:10765000014A13807047C0465A64FF1F00207047DC
:10766000074A03001188814207D09188002099427F
:1076700002D101308000101870470020FAE7C046A0
:10768000B864FF1FF0B58F7806000D00C5B01E2F3F
:1076900015D1FFF7E5FF051E03D10024200045B0FA
:1076A000F0BD00223B003100C078009200F0B8FB32
:1076B0000400A81C00F0D8FBFF23EB70EEE7264B7C
:1076C000062403931B78FF2BE8D0182FE6D87B08FD
:1076D000224A013BDB0002929A589446002ADDD0F0
:1076E000029AD3185B68002BD8D00878002802D102
:1076F0004B78012B02D10624122FCFD107AFAB88D4
:10770000697800976446AA68A047041EC6D1AB7882
:10771000029A5B08013BDB00D318390030005B683C
:107720009847041E0BD1AB78042BB6D0039A3100D6
:1077300010782200009700F073FB0400AEE76A782F
:10774000002AABD1AA7805A93B88087130000A70DD
:107750004B80FEF74BFBA0E7E042FF1F68BF001124
:107760001D4B37B5050098420BD000290AD1FFF711
:1077700077FF002805D11948FFF772FF002800D0D5
:10778000058037BD01291AD1FFF76AFF041EF8D022
:1077900001235B420380A378FF2BF2D0FE2B07D09E
:1077A0000023E0781422009329001E3300F038FBF8
:1077B000A01C00F059FB01235B426380E1E7022932
:1077C000DFD1013901F0C2F80028DAD12800FFF733
:1077D00047FF041EDFD1D4E7FEFF0000FFFF0000DB
:1077E000022210B5074B52421A80074801325A80D4
:1077F0009A80DA8000F084FA044801F029F8002029
:1078000010BDC046B864FF1F857600116177001176
:107810000388F7B50400002B02D102252800FEBD25
:1078200042680221137825485268FEF7A7FD002818
:107830002ED0234F01253A88002AEFD080232188BB
:107840005B0201259B1A9942E8DC0C2004F07CFACB
:10785000061E31D03B8822889C46002318000195E3
:1078600061469DB2491989B2AA421BD8002801D0AD
:1078700062443A8000233000082208C0210004F04E
:107880004BF8104A1368002B13D100251660C5E78A
:107890006268022113780C485268FEF76FFD0028D9
:1078A000C7D1BAE760681D014019418101330198D1
:1078B000D6E71A001B68E6E71325AFE7D6BF00112D
:1078C000DE42FF1FB464FF1FD4BF0011014B1870CC
:1078D0007047C046E042FF1F14230A0010B51A404B
:1078E000194204D00122102101F04CF810BD4B06C2
:1078F000F9D4C843022340001840F7E710B514003C
:107900008B0604D50122102101F03CF810BD08239C
:107910000A001A40194202D14BB2002B0FDA102193
:1079200001F030F8002808D02300F2331B78002B38
:10793000ECD0F1342378012BE8D10020E6E70320D6
:107940008907FAD4E2E70000F0B51F00184B85B0B4
:107950001C68019002910392002C27D1200005B0F1
:10796000F0BDA5683301ED186B89019A934211D3DC
:10797000029A93420ED8002F04D10A9B002B10D1FB
:107980002C00EBE73B002978039A6868FEF7F6FCC9
:107990000028F2D10136B6B2A388B342E1D82468F8
:1079A000DAE7A3680A9A5B891380E9E70026F3E720
:1079B000B464FF1F37B50C000A884988012391423F
:1079C00017D3002A15D0651D23792A0002210A4801
:1079D000FEF7D4FC102300280BD02379618820887F
:1079E00000242A000094FFF7AFFF0A23A04200D032
:1079F000230018003EBDC046D6BF001113B50A00D3
:107A000008884988012388420BD8002809D000241F
:107A1000137905320094FFF797FF0A23A04200D0A4
:107A20002300180016BD13B50A00088849880123F1
:107A300088420BD8002809D000241379053200941D
:107A4000FFF782FF0A23A04200D02300180016BDD2
:107A5000F0B58BB003904A8808880E00012382425B
:107A600013D3002811D00023012704AC2370002277
:107A7000718813000092FFF767FF05002078002D42
:107A800006D122780A23002A41D118000BB0F0BD9C
:107A9000002835D12B78022B18D167706A898300B2
:107AA0000130E31880005A8069680222201803F030
:107AB00033FF23780133DBB22370042B19D93B0049
:107AC0006889013080B2002BD1D0DAE702236370DD
:107AD000122358436A89231804305A806968102297
:107AE000201803F019FF23780133DBB22370002B39
:107AF000E5D10A4A6B899B185A425341DBB2DFE752
:107B00006378012BE4D12B78022BC7D0B9E7210091
:107B10000398FEF795F90023B7E7C0460100FFFF81
:107B20000F4BF0B504001868002816D083685D89F3
:107B3000A54207D88288AE18B44203DA12019A1817
:107B4000934201D10068EFE71E005F891036A7421B
:107B500004D1002900D00D801800F0BD3300EFE7FC
:107B6000B464FF1F70B505000C0008880021FFF702
:107B7000D7FF03000120002B04D022002800197A2F
:107B8000FFF7BCFE70BDF7B50C0000250190230087
:107B9000EE331B78AB4201D800200AE06B00E65AB6
:107BA00000213000E718FFF7BBFF002802D1268034
:107BB0000130FEBD017A0198FFF78EFE002802D049
:107BC0003B882380F5E70135EDB2E0E710B504000E
:107BD00008880021FFF7A4FF03000120002B03D039
:107BE0002000197AFFF778FE10BD0000054B1B68D6
:107BF000002B01D1180004E09A6852898242F6D124
:107C000098887047B464FF1FF0B50E27002687B030
:107C1000039302ABFF183E8005001F4B4089140000
:107C2000984207D02B78013000976A6880B2FFF73E
:107C30008BFE060002212B7818486A68FEF79EFB2F
:107C400000280FD06C892000FFF7D0FF002802D059
:107C5000013C0419A4B2039B002B00D01C8030000F
:107C600007B0F0BD02212B780D486A68FEF786FB4D
:107C70000028E7D102212B780A486A68FEF77EFBCC
:107C8000002807D0002EDED03B88A342DBD17489C8
:107C9000013CDFE76C89DEE7FFFF0000D6BF001183
:107CA000D4BF0011D2BF001110B50C00FFF7D8FCF3
:107CB00003000220002B0AD0002C00D023609B7808
:107CC0001720FE2B03D00138FF2B00D1002010BD60
:107CD00073B50D0001A904001600FFF7E5FF172892
:107CE00005D0002E04D129002000FEF725F976BD2D
:107CF00001221021200000F045FE0028F3D0F6E715
:107D0000014B18607047C046C464FF1F37B56B460F
:107D10009D1D010004000222280003F055FD2B8860
:107D2000B02B0ED12379122B09D12300FA331B7803
:107D3000012B06D10121608800F0E0F801E01B2B47
:107D4000F8D037BD10B5054B0421187000F098F835
:107D5000FFF746FDFEF76CFB10BDC046C864FF1F71
:107D60000020F0B50BB20F0087B0834234DA274B06
:107D7000187803F041FD051E2BD00378A02B25D1E8
:107D800003AE3100FEF7E2F8041E0BD1B378DB0737
:107D900024D51F4B06341B68002B03D031006888A4
:107DA00098470400A868002801D003F04DFD002C7E
:107DB00008D1184A039B1340174A934206D0B37860
:107DC0001B2B03D00121688800F098F8280003F0ED
:107DD00083FE80200002784007B0F0BD0F4B1B6887
:107DE000002B10D0310068889847041EDAD07378D1
:107DF000002BD7D1B27801A90A704B800C7168882A
:107E0000FDF7F4FFCEE70624F1E7C046C864FF1F84
:107E1000C064FF1F00FFFF0000011200C464FF1FC9
:107E2000F7B50190FC200D0017001E0003F04CFD7B
:107E300004001320002C12D0B02320002370089BD4
:107E4000F4226770658026710830002B08D0190075
:107E500003F062FD2100019803F01EFE0020FEBD2C
:107E6000089903F0F1FEF5E710B5041E06D000787E
:107E7000FD2803D803F0F0FEFF23237010BD00009F
:107E80000A1F93B210B504000220032B05D88240CC
:107E90000020024BD1529B189C7010BDE864FF1F5C
:107EA0000B8870B5043B04000D000220032B0BD897
:107EB0000121200000F04AFD03001420002B03D014
:107EC0002900200000F0DEFB70BD000007B51300A4
:107ED000034A00920A00012100F02CFC0EBDC046AE
:107EE0000981001107B5019203220092024B0A009A
:107EF000122100F047FC0EBD8781001107B56B46CB
:107F000001AA11800449D88008780633012802D1DB
:107F1000190003F009FF07BDC964FF1F0C4B10B522
:107F200018700023FF210B4A1380138193819380E3
:107F3000094A53801370517293819372D174D38222
:107F40001375517703F040FD00F0FCF910BDC046F9
:107F5000F864FF1FE864FF1FCA64FF1FF0B58DB00F
:107F60006B46002003910C229B5E834200DBB1E054
:107F70005D4B187803F040FC051E00D1A5E00378A6
:107F8000902B00D09EE006AF01004688380000F03C
:107F900013FA79680400002900D19DE03B88052B85
:107FA0006FD13B89032B1CD905AC200000F0A2F84F
:107FB0006288172A60D83989131D994231D17968AE
:107FC000237804310291D90738D5607800F08EF912
:107FD000071E06D0002303712378012B08D0132B32
:107FE00023D0A868002800D179E003F02DFC76E0CA
:107FF0006288029909A800F0A6F80290380000F003
:108000008BF909AA2378387A019200223100009274
:10801000029A00F012F9380000F064F9029B002B7C
:10802000DFD0300000F080F9DBE70378032BD8D1F4
:108030006288029909A800F0D6F8DEE709AF122B92
:1080400012D13800029900F0B4F8021EE9D1274994
:108050008B88002BC5D088792378019761780091AF
:10806000310000F0EAF8BCE700233A003B80617879
:108070003000FFF72BFFB4E71D4B09AA0993617885
:10808000F6E7042B02D09A1F012AAAD8174A043B0C
:108090009B00995A0029A4D0D218907831003A0058
:1080A00000F0ADF800289CD13B88042B03D00121BF
:1080B0003000FFF723FF012C04D1A868002801D06D
:1080C00003F0C2FB280003F007FD8020039B0002A1
:1080D000434018000DB0F0BD012800D181E7012117
:1080E0003000FFF70BFFEDE7F864FF1FE864FF1FA8
:1080F000010017000B7803704B784370CB788A78B7
:108100001B021343438070470A88030002700A88E9
:10811000120A42700A88012A06D14A8882704A8867
:10812000120AC2700420704702208242FBD14A88A2
:1081300004309A704A88120ADA708A881A718A881A
:10814000120A5A71EFE710B50400012082420CD9DF
:108150004B780A781B0213432380834206D1CB78E5
:108160008A781B0213436380002010BD022BFBD1D1
:10817000CB788A781B02134363804B790A791B0200
:108180001343A380F0E70B8803700B881B0A43702E
:108190004B8883704B881B0AC3708B8803718B8854
:1081A0001B0A4371CB888371CB881B0AC3710820DB
:1081B000704703000120082A14D14A780878120277
:1081C00002431A80CA788878120202435A804A7998
:1081D0000879120202439A80CA798879120202430E
:1081E0000020DA80704710B504000120022A05D172
:1081F00000204B780A781B021343238010BDF8B58A
:10820000060010200F00150003F05EFB04000120A3
:10821000002C0ED0A0230C22290023806780201D73
:10822000002D07D003F078FB2100300003F034FC70
:108230000020F8BD03F008FDF6E7F7B51E0000903A
:1082400008AB142017001D78019103F03DFB041EBC
:1082500012D0A2230370019B47704380099B0571D4
:1082600046710C220830002B07D0190003F054FB94
:108270002100009803F010FCF7BD099903F0E4FC1D
:10828000F6E737B5041E0FD04388002B0CD000252D
:10829000C1881323007A172201950095FFF7CDFFBF
:1082A000FF2365806372257037BD000010B50C494F
:1082B00004004A88002A09D08B89002B05D00020B1
:1082C000CB8A0222834201D010BD012213000A2072
:1082D000434300204032C854C81842800472F3E778
:1082E000CA64FF1F0023438003707047094B0021BD
:1082F0001A0010B55C88002C06D01C79844203D18A
:108300000A234B43D01810BD01310A330329F1D1A0
:108310000020F8E7CA64FF1F10B50400407A03F09C
:108320009BFCFF23637210BD7047043010B580B210
:1083300003F032FD002803D00421494203F0A4FCDD
:1083400010BD000070B50025104CA0682580A581E7
:10835000A580A84202D003F077FAA56000250C4C56
:108360000C4B606D1D80230058331D70A84202D055
:1083700003F06AFA656500256068002801D003F003
:1083800063FA013508340A2DF6D170BD9065FF1FE0
:108390003465FF1F8465FF1F70B5041E09D1054DAC
:1083A0002880A881A880A868002802D003F04CFA91
:1083B000AC6070BD9065FF1FF0B54B8885B0019330
:1083C000002343600A7905000F00022A00D07BE0F9
:1083D000CA88032A17D98B685E7819783602DC7848
:1083E000D8790E4399781B7A24021B020C4303436D
:1083F00053495BBA0B80331D93421ED1042C04D029
:10840000631F022B0ED9012015E0019A4D4B12017A
:10841000D35A002B06D00198FFF7BEFF4A4A1369D2
:10842000013313610421B8682E812C80494203F086
:108430002BFC6860002005B0F0BD434D042C06D035
:10844000631F022B0FD9EB680133EB60DBE7019A66
:108450003C4B1201D35A002B05D00198FFF79CFF2B
:108460002B6901332B61374B30000293019B029A39
:108470001B010193002301998C468B521300634426
:108480009C8003939E81FFF750FF039B041E98601E
:1084900016D00421B868494203F0F6FBFA880100BF
:1084A000043A200003F038FA0199029AFB888A5AAC
:1084B000043B9B18029A8B522B6801332B60A2E776
:1084C000AB690133AB619EE71E4B0293019B1E011A
:1084D000029BF35A002B2DD002998C19A06800281A
:1084E00028D0012A26D1FA889B189BB27352A18901
:1084F000994217D39B1AC018B96803F00DFA029B72
:10850000A289F35A934200D07DE700222B81A388F1
:108510002B80A3686B60029BF2520B4A53680133B5
:10852000536070E7084A9368013393600198FFF73E
:1085300033FF68E7044A536901335361F6E7C046E5
:10854000FA64FF1F9065FF1F0065FF1F70B5051ED1
:1085500015D10B4C0B4B1880230058331870606DED
:10856000002802D003F070F9656525005035606879
:10857000002801D003F068F90834AC42F7D170BD8F
:108580003465FF1F8465FF1FF0B51700A12285B079
:10859000920001934243394B06001B680C009B1864
:1085A000D933FF331D78FDF73DFF0430854204DDEC
:1085B0003000FDF737FF0430C5B2BD4207D33A00A3
:1085C00000213000019B03F08FF905B0F0BD2900B8
:1085D000380003F0D9FA2300C6B250331E7003935B
:1085E000019B29006365380003F026FACBB20293A1
:1085F000002B02D0039B01361E700026230050334F
:1086000003931B78B34204D8606D002831D1002059
:10861000DBE7029A2800002A04D0013B1000B34295
:1086200000D02800F700E719387003F0D5FA786019
:1086300000280ED03A78019903F06EF9019A3B7840
:108640000136D3180E4A0193D369F6B20133D361D0
:10865000D4E7039B18706065A74205D1084A132030
:10866000D36A0133D362B0E7606803F0EDF80834F1
:10867000F2E703F0E9F800236365C8E73409FF1F58
:108680000065FF1FF7B50D0007000421686803F0BF
:10869000FBFA2B89040003702B891B0A43702B887B
:1086A00083702B881B0AC3702E8902250436F6B20C
:1086B000F42E15D81B4B9F4214D10C2003F004F963
:1086C0001135011E0CD0902303708E3B0371043BC7
:1086D0004380154B8460C680187803F0DDF90025CF
:1086E0002800FEBD5C237B43104AD3180093583307
:1086F00001931B78002B0FD1030032003800009942
:10870000FFF742FF019B05001B78002BE8D13800E2
:10871000009903F0D1F8E3E7054A0725536A0133CE
:108720005362DDE7FEFF0000F864FF1F3465FF1FA2
:108730000065FF1FF0B587B0009017200F001600EE
:108740000193FFF7F2FD1325041E18D00C98031EA9
:1087500002D00199201D9847030AE370052303A95D
:10876000A070043008812770009866700B804C6000
:10877000FFF788FF051E02D0200003F065F82800EF
:1087800007B0F0BDF0B587B01F000CAB1B780391AC
:10879000059301210DAB06001C78049200F0D6F879
:1087A0001425002821D02000FFF780FD0135041E8C
:1087B0001BD01149059B0A7803700132D2B2131EF7
:1087C000C68001D101231A000B7022713000049B76
:1087D00003990097FFF7AEFF051E09D12300210082
:1087E0000648074A093303F057FA280007B0F0BDDE
:1087F000002363802370F8E7FC64FF1F838200116D
:1088000030750000F8B505000E00064C064F2368D1
:10881000002B02D03100280098470434BC42F6D126
:10882000F8BDC046A065FF1FB465FF1F0123064ABF
:108830005B425380002313715362044A13605360F8
:108840009360D36013617047B465FF1FA065FF1F7D
:108850000200002310B506499C000859002801D1E8
:10886000625010BD0133052BF6D11320F9E7C04645
:10887000A065FF1F034A5388181A434258414042DB
:1088800010407047B465FF1FF0B585B002930AAB86
:108890001F780CAB1B88009008000E000192039318
:1088A000FFF7E8FF05001120002D1BD10E48FFF750
:1088B000E1FF04001520002C14D006220B99A771AB
:1088C000E01D03F029F8019B30002371029B290071
:1088D0006371009B66802370039B6562E381FFF7F1
:1088E00091FF280005B0F0BDFFFF000010B5FFF7B5
:1088F000C1FF04000220002C12D060880121FFF784
:1089000081FF606A002801D003F0DEF928220021EF
:10891000200003F099F9012300205B42638020715D
:1089200010BD000030B5074A074C55880100137888
:108930000020A54204D05B1A59424B4158421040D6
:1089400030BDC046B465FF1FFFFF0000084A10B5E8
:1089500001230C00904208D0FFF78CFF031E04D0C7
:10896000037923405A1E9341DBB2180010BDC04664
:10897000FEFF0000024B1879431E9841C0B27047B9
:10898000B465FF1F70B504000D001600FFF772FFFD
:10899000002804D10F4B9C4200D0143070BD10232E
:1089A0000279416A134000290AD10520002BF5D035
:1089B000897E0C20A9428941494249420840EDE79D
:1089C0000F20002BEAD09207F2D40A38002EEFD005
:1089D000E4E7C046FEFF0000030010B5002800D108
:1089E00010BD0348034A41889142F9D09847F7E700
:1089F000B465FF1FFFFF0000002330B5C45CCD5CF1
:108A00006C40D4540133102BF8D130BD0F23002219
:108A100010B5C45C64002243CA54C25CD209013B55
:108A2000F7D210BD0200010010B52032103102F063
:108A3000FBFE10BDF0B58DB0059010200793170018
:108A4000069103F081F90190102003F07DF9019B5C
:108A500013240290002B05D000280CD11324019878
:108A600003F032F9029B002B02D0180003F02CF91E
:108A700020000DB0F0BD102003F066F906001020B4
:108A800003F062F913240500002E00D1B3E00028A2
:108A900019D01022002103F0D7F8320029000598E0
:108AA00002F0C2FE041E0ED133787F2B56D8300060
:108AB0000199FFF7ABFF019B1B787F2B58D80299D8
:108AC0000198FFF7A3FF300003F0FEF8002D02D05D
:108AD000280003F0F9F8002CC1D1102003F034F97C
:108AE0000600102003F030F90390002E00D180E042
:108AF00000287CD03A0001210F322300121104918A
:108B000006D013B204930F233B405A4253411BB289
:108B1000049A013A1201002B34D0069BD2B2981865
:108B20000199039AFFF768FF10220021300003F03B
:108B30008BF8049D069F013DADB22D017D19AF421A
:108B400042D0002C33D0300003F0BEF8039B002B42
:108B500000D184E7180003F0B7F880E7290030005F
:108B6000FFF754FF28002649019AFFF745FFA2E7C7
:108B700029000198FFF74AFF28002149029AFFF7D0
:108B80003BFFA0E70F2506993D408A1808A8D9B2F7
:108B90008D4207D9D15C19540133102BF7D1039AB8
:108BA0000299BFE7691A4F427941C901F3E73900D9
:108BB000300008AAFFF720FF3200059808A902F04C
:108BC00033FE10370400BAE7002CBCD13000039903
:108BD00008AAFFF711FF320008A9059802F024FE49
:108BE000082204003100079802F096FEABE7132438
:108BF000A9E71324AAE7002800D069E72EE7C046BA
:108C0000DCBF0011F0B58BB00F00160002250090FC
:108C100000283FD0002A3DD00B1DDBB21800029384
:108C200003F092F81135041E34D0FDF73BFD05002A
:108C30003A000099201D02F0D7FEEBB20393E370D7
:108C40002B0CDBB22F0A00936370FFB22B0E237044
:108C5000A7700193FDF720FD1022010006A802F085
:108C6000C3FE2100029A04AB06A8FFF7E3FE051E2F
:108C70000DD1039B08223370009B04A9B370019BA4
:108C80007770F370301D02F0AFFEFDF711FD20008C
:108C900003F01AF828000BB0F0BDF0B58FB00D004E
:108CA000149E039004920593002A03D1022420000D
:108CB0000FB0F0BD002EF9D00398FFF7DBFD1424B0
:108CC000071EF4D07278337812021A43B3781B046B
:108CD0001343F27812061A43036A0192934201D3B6
:108CE0000133E3D1002D03D03B7901249B07DED56E
:108CF0000822002106A802F0A7FF059B13240433D5
:108D0000DBB21800029303F01FF8051ECFD0059ABE
:108D10000499043002F068FE04223100280002F0B9
:108D200063FE3900102210310AA802F05DFE29000E
:108D3000029A06AB0AA8FFF77DFE041E0FD1082297
:108D400006A908A802F050FE0822311D08A802F06A
:108D500093FE012807D101990398FDF7BDFC280077
:108D600002F0B2FFA3E70124F9E7000070B51C4C44
:108D700005002368181E10D0002D14D11A78002A7F
:108D80000CD1981C083202F0C7FD02F0A5FD013598
:108D9000002808D123681D70012070BD0A33180017
:108DA000082202F0B9FD2368002BF5D0122002F052
:108DB0008BFD061E0DD0C123216803704570023162
:108DC0001022023002F0A8FD23683100587802F02A
:108DD00063FE206802F078FF00232360DCE7C046D2
:108DE000DC65FF1FF8B504002020FDF749FB0D4EA0
:108DF000A700BB590500002B0DD000280BD0D87858
:108E0000FF2809D108492A000C55F35907480333B4
:108E1000611802F041FFF8BD290002F0C5FC0028EE
:108E2000F0D1F8E7F865FF1FE065FF1F35A00011DE
:108E300070B5064D84006359002B05D0D87802F038
:108E40000BFFFF226359DA7070BDC046F865FF1F43
:108E500070B506008CB00C00150000213022684669
:108E600002F0F2FE31001022684602F0BDFD1D2026
:108E700021000322684402F0B7FD6846FFF7D2FDE7
:108E80002D21040003222800694402F0ADFD2000DA
:108E90000CB070BDF0B50400170097B001931CAB87
:108EA0001D7830221EAB00910AA800211E7802F026
:108EB000CBFE2100102202AC0AA802F095FD102280
:108EC0000021200002F0C0FE07223900200002F03D
:108ED0008BFD07220199A01802F086FD33005A1E6F
:108EE0009341A3732B005A1E93410021102206A820
:108EF000E37302F0A9FE06221D9907A802F074FD93
:108F00001A2006221F99001902F06EFD1022009906
:108F10000EA802F069FD10230EAA11782078013BFB
:108F20004140DBB2117001340132002BF5D10AA8A7
:108F3000FFF778FD102212A904000EA802F0ECFC45
:108F4000102206AB0EA908781D78013A6840D2B20B
:108F5000087001330131002AF5D10AA8FFF762FD3C
:108F6000044310222098E4B212A902F03DFD200033
:108F700017B0F0BD70B50E0014008CB001001022C7
:108F800068461D0002F030FD3100082204A802F0FE
:108F90002BFD2100082206A802F026FD6846FFF7F7
:108FA00041FD04001022280008A902F01DFD200048
:108FB0000CB070BDF8B506000D0000243719AC42A6
:108FC00000D3F8BD02F060FC030A3B70631CDBB207
:108FD00001379D4203D90234F054E4B2EEE71C009D
:108FE000EDE7F7B507000C000225002818D000298E
:108FF00016D001AE03213000FFF7DCFF3F23B2782B
:1090000031001A400133134338002200B370FFF7D8
:109010001FFF051E04D103223100E01C02F07CFC7E
:109020002800FEBD03785807DA08C00FD200800080
:109030009B0710439B0F1843C0B2704707230B4098
:10904000C908C9000B4303707047000070B50400E5
:10905000FFF7EEFE134DA4006359002B21D0186AD0
:10906000002801D002F030FE2B59986E002801D064
:1090700002F02AFE2B59D86E002801D002F024FEFF
:109080002B59186F002801D002F01EFE2B59586F83
:10909000002801D002F018FE285902F015FE002326
:1090A0002B5170BDF865FF1F0E4B8000C35870B583
:1090B0000C00002B0FD09D68002D0CD02B78201DAC
:1090C0000B706B784B70A97CFFF7B8FF2B7E237277
:1090D0006B69E36070BD10220021200002F0B4FD36
:1090E000F8E7C046F865FF1F014B18607047C0469F
:1090F000F465FF1F074A03008000825810B5002A5C
:1091000006D0D088984203D1012901D1FFF79EFFF4
:1091100010BDC046F865FF1FF0B5254E95B087001D
:109120000B93BB590500099112200A92002B2FD0F6
:10913000D888FFF79FFB04001420002C28D02800BB
:1091400010A9FFF7B1FFBB591E781F6A002E21D06E
:10915000FDF7E8FA07900020FDF7EAFA0890A579F4
:109160003800E61D10AF0CA900F0E2FA0EA9380095
:1091700000F0D7FA0B9B0A990493089B0998019376
:10918000079B0396009302950EAB0CAAFFF782FE95
:1091900015B0F0BDFDF7C6FA05003000FDF7C8FABE
:1091A000A37906000793E31D089310A8DBE7C046E8
:1091B000F865FF1F30B50D4C85002A59030085B0B6
:1091C0000120002A0DD018006946FFF76DFF2B59CA
:1091D000D8881B78002B06D0054B6A46072100F083
:1091E000DAFB05B030BD034BF7E7C046F865FF1F5B
:1091F000239700113197001130B5094C850029598A
:1092000085B010226846253102F086FB2A591121CB
:10921000044BD0886A4600F0BEFB05B030BDC046A6
:10922000F865FF1FCD97001130B5094C850029590D
:1092300085B010226846353102F06EFB2A591121A3
:10924000044BD0886A4600F0A6FB05B030BDC0468E
:10925000F865FF1F0B980011F8B54D4F86001020E0
:10926000F4590D0002F070FDF3592062186A1322C0
:1092700000286DD02900033A9C6802F04DFBF35999
:10928000197800295AD1227D186A94466646027BD5
:109290000F0072400126324201D167463740227DDD
:1092A000B2433A432275077BD6B27A400027920731
:1092B00001D4B607F70F0226227D7F00B2433A435E
:1092C0002275067BD7B272400026B446520702D4FC
:1092D0007F07FA0F9446624604269700227DB24328
:1092E0003A432275627D002794466646427B72406F
:1092F0000126324201D1674637400126627DB243E2
:109300003A436275477BD6B27A400027920701D470
:10931000B607F70F0226627D7F00B2433A436275BB
:10932000407BD6B242400020520701D47607F00FAE
:109330000426627D8000B243024362756A78002A87
:1093400008D06278002A05D005220533DA7700229A
:109350001000F8BD04222879104205D1A07C1042EB
:1093600002D10533033AF1E720782C78002902D1A5
:1093700002002000140018220428E9D8042CE7D8A1
:1093800005216143034A05335218125CDEE7C046EB
:10939000F865FF1FECBF001110B50A001121024B48
:1093A00000F0F9FA10BDC046679800110B0030B507
:1093B00087B001AD2B806B4604001100981D082278
:1093C00002F0AAFA2A000B212000024B00F0E3FA77
:1093D00007B030BD8F98001110B50A001121024B63
:1093E00000F0D9FA10BDC046E398001137B56D46BC
:1093F0000B0004001100681C06222B7002F08CFA8E
:109400006A4608212000024B00F0C5FA37BDC0466D
:109410000399001110B50A001121024B00F0BBFAAC
:1094200010BDC046539900117FB505000B4BAA0033
:10943000D4580800002C0FD0666F237FE288217873
:109440000396266F0296E66E0196A46E0094FDF7D1
:10945000FFFB2800FFF7FAFD7FBDC046F865FF1F40
:1094600010B51721FFF7E0FF10BD000070B50A002E
:109470000D00064B0221040000F08DFA0600297849
:109480002000FFF7D1FF300070BDC04633980011B7
:10949000F0B587B000236C462370836805001E7802
:1094A000701E0A2857D801A902F0BEFA0606313507
:1094B000393D4145494D5100180000F040F906235F
:1094C000122849D000281AD16888FFF7D3F9082359
:1094D000002813D04279002A44D1254B1A7807235B
:1094E00012070BD5234B1A680723002A06D01768EA
:1094F000002F03D0310001AAB8470300237023785E
:10950000002B2AD16888FFF76DFC07B0F0BD18006A
:1095100000F06CF9D6E7180000F087F9D2E71800E0
:1095200000F093F9CEE7180000F0ADF9CAE7180093
:1095300000F0C3F9C6E7180000F0F6F9C2E718001A
:1095400000F0F6F9BEE7180000F013FABAE71800C9
:1095500000F013FAB6E70723237021006888FFF7AD
:1095600085FFD2E70523012AC8D1034BBBE7C046DC
:109570008564FF1FF065FF1FF465FF1FF8B52C4FD2
:109580008600F35904000D00002B40D0DA88824297
:109590003DD15A78062A33D11A78002A2ED00120DC
:1095A00099681A6A097D014206D0157B054203D0ED
:1095B00007225A700120F8BD0220014204D0157B19
:1095C000054201D00922F4E70420014204D0127BB5
:1095D000024201D00B22ECE7164B1B68002BE9D0AE
:1095E0005B68002BE6D020009847BB5900215B78D0
:1095F000122BDFD12000FFF717FFDBE70E4BECE764
:10960000112A04D1002900D032252900F2E7002DCB
:1096100008D12000FFF72EF9002803D0102302798B
:109620001343037121002800FDF792FAC2E7C046F8
:10963000F865FF1FF065FF1FF465FF1F70B50E4E44
:109640008500AB590400002B13D01B78002B11D1DF
:109650000A4B1B68002B04D05B68002B01D0200054
:10966000984773595B78122B03D100212000FFF734
:10967000DBFE70BD024BECE7F865FF1FF465FF1FD2
:10968000F065FF1F094B8000C3581020002B0CD041
:109690001A6A002A09D09B68002B06D0127A1B7E1A
:1096A000101C9A4200D9181CC0B27047F865FF1F01
:1096B00070B503000D0014000220002A30D00029EC
:1096C0002ED013700B78081D53704B789370FFF7F2
:1096D000A9FCE070012002212B7A23716B7B0340EF
:1096E00063716A7B0A401343042263716E7B1640E8
:1096F000334363716E7BF608F600334363712B7B53
:109700000340A371287B014000200B43A371297BF8
:109710000A401343A3712A7BD208D2001343A371DA
:1097200070BD10B50A0001000120FFF7C1FF10BD98
:1097300010B50A0001000220FFF7BAFF10BD70B596
:1097400006000C000220002E30D000292ED07378A5
:10975000201D0B70B3784B70F178FFF76FFC01227E
:109760003579257271794B100800134093401040F1
:109770000343881010408000C9080343C9000B430D
:109780006373B1794B1008001340934010400343BA
:10979000881002409200C9081343C9000B432120DE
:1097A0002373FCF76DFE854201D2122070BD22208A
:1097B000257AFCF765FE8542F7D823781820042B1C
:1097C000F4D86378012BF1D80020EFE7030010B53F
:1097D0000220002909D0002B07D00322481C0A7060
:1097E00019000D3202F098F8002010BD030002228B
:1097F000080010B5002B06D0002904D00E32591CE9
:1098000002F08AF80022100010BD030010B50220FB
:10981000002909D0002B07D00422481C0A70190027
:109820000C3202F079F8002010BD10B5FFF7DEFF12
:1098300010BD03000220002906D0002B04D0052211
:1098400000200A701B784B70704703000220002B29
:1098500008D0002906D05B7800200B70013B082B54
:1098600000D918307047030010B50220002909D034
:10987000002B07D00622481C0A7019000A3202F099
:109880004BF8002010BD10B5FFF7B0FF10BD02006F
:109890000B00022010B500290ED0002A0CD00721A1
:1098A0001970118859701188090A997011180822C5
:1098B000D81C02F031F8002010BD03000A0002207D
:1098C00010B5002B0CD000290AD0997858780902DD
:1098D00001431180901CD91C082202F01DF80020C1
:1098E00010BD030010B50220002909D0002B07D0BD
:1098F0000822481C0A701900921802F00DF8002086
:1099000010BD02000B00022010B500290BD0002A68
:1099100009D009211970117818185970511C0622A4
:1099200001F0FAFF002010BD10B5FFF75FFF10BD7A
:1099300002000B00022010B5002A09D0002907D030
:109940005178197011180622581C01F0E5FF00200B
:1099500010BD030010B50220002909D0002B07D04C
:109960000A22481C0A701900063201F0D5FF0020B7
:1099700010BD10B5FFF73AFF10BD02000B0002202A
:1099800010B5002A06D0002904D018005178FFF73E
:1099900055FB002010BDF0B51F00062387B003ADB6
:1099A00006000800298101922B80FEF7BEFC1324DB
:1099B000011E68600CD00198B847041E05D129002B
:1099C0003000FEF76DFA041E02D0686801F03CFF1B
:1099D0003000FFF707FA200007B0F0BDF0B5040033
:1099E0008BB0019115000021102202A802F02CF981
:1099F000334EA700B85900283CD0C388A34239D1C0
:109A00000378002B36D14278062A18D102000100D3
:109A1000553235310C3006ABFFF7ACFA002829D1AE
:109A20002000FFF72FFE020006A902A801F074FF34
:109A3000200002A902F058F801200BB0F0BD816EA1
:109A4000002917D00B8A112A28D19D420ED10198E6
:109A50001231093A02F010F8012807D1BB59200051
:109A60009D6EFFF70FFE29000200DEE73221200085
:109A7000FFF7DAFC2000FEF7FDFE061E1BD0416A50
:109A8000002918D00B8AAB4215D108220198123157
:109A900001F0F2FF01280ED1716A0AE09D42E9D17E
:109AA00008220198123101F0E7FF0128E2D1BB59E9
:109AB000996E8A7EB9E7200002F066F9BCE7C046DD
:109AC000F865FF1FF0B56E4D87007E5985B033787D
:109AD00002900393002B00D085E0B368346A0193B1
:109AE0007078062817D101221B7D134202D0217BFA
:109AF000114218D10222134202D0217B114251D1CE
:109B00000422134203D0237B134200D08EE0019B3A
:109B10005A7DEB5982E007380428F8D801F084FF19
:109B2000032E42658600B36E002B03D11C2002F089
:109B30000BF9B066EB599C6E002C1CD01022002152
:109B4000200002F081F80298FFF79CFD0100200040
:109B5000FFF730FA01F098FE208220000821123031
:109B6000FFF728FA0298FFF78DFDA076EB59210048
:109B7000D888FFF711FC0822EB591CE0B36E002BCC
:109B800005D01A00198AF0881232FFF70FFC022262
:109B9000019B197DEB59114250D0207B10424DD0D2
:109BA000073208E0F488FCF7D5FD01002000FFF73C
:109BB00013FC0A22EB595A705A78073A042A12D831
:109BC000D888FEF757FE002856D0C3895A08D21805
:109BD0002C49029B0298CB549B00EB58411804334C
:109BE000294802F059F805B0F0BDFCF79BFD0300D1
:109BF0000120834201D100200393EB59DE88FCF75A
:109C000097FD039902003000FFF7F0FB019AEB5932
:109C1000117D0422114218D1019A527D01210A427C
:109C200018D0607B084215D00C22C4E7F688FCF7F8
:109C300033FD01003000FFF7EDFB68E7042211421D
:109C4000EAD0217B1142E7D0AAE7217B1142E3D081
:109C50000B22B0E702210A4204D0607B084201D007
:109C60000E22A8E704210A4204D0627B0A4201D0F6
:109C70001022A0E712229EE7FA225200A8E7C0466F
:109C8000F865FF1FFC65FF1F3FA0001110B5064BD4
:109C90001A780423100018401A4200D00348FFF736
:109CA00023FA002010BDC0468564FF1FE442FF1F59
:109CB00070B50400FFF7D0FA051E43D12000FFF76E
:109CC00079FA234EA400A0598268937CDB0708D55B
:109CD0000321036A1B790B40012B02D1017F0B4347
:109CE0000377431DD97F8B1E022B0DD8022900D08C
:109CF0000121C088FCF784FF042133591A7F597071
:109D00000A431A77280070BD01290CD102231022C2
:109D1000437000210C3001F097FF3059102135308D
:109D2000FFF748F9EEE70529ECD10223D11843707B
:109D300010220C3001F0F0FD04233259117F0B4347
:109D40001377EAE708251828DCD1053DDAE7C04695
:109D5000F865FF1FF0B58BB0059143887C4F9E00DE
:109D6000F45915000493002C15D1012902D00020CC
:109D70000BB0F0BD101D57781678FFF753F9EB685C
:109D8000320002932B7A0499019300903B0020004B
:109D9000FCF700FFEBE7E388049A934201D0082028
:109DA000E6E72378012B00D1D0E0059B581E092857
:109DB00000D9CBE001F038FE05CA0A29C8506C85ED
:109DC0009AB229000498FFF773FFD1E72000290019
:109DD0001022453001F0A0FDB9594B78042B02D177
:109DE000013B4B70C3E70B000A00253335320C31C1
:109DF0000498FFF791F90498FFF7FEF90522431E36
:109E00009841BB59C0005A70B2E7200029001022C7
:109E1000553001F081FD049B4D4C9D00295904985B
:109E20000A0006AB55320C31FFF776F9295910229A
:109E3000453106A801F020FE012808D10498FFF75B
:109E4000F3F90590002804D106222B595A70059881
:109E50008EE708230593FAE763780C2B76D1E36E3F
:109E6000002B03D11C2001F06FFFE066BB59D86EB8
:109E700000286BD01022290001F04EFDBB59049838
:109E8000DC6EFFF7FFFB0D22A076BB595A706EE720
:109E9000E06E00285AD063780D2B57D12B8808220A
:109EA0000382A91C123001F037FDBB599A68517D1D
:109EB0000222114226D0186A407B104222D00C3276
:109EC000E4E763780E2B41D1236F002B03D11620DA
:109ED00001F03AFF2067BB59186F002803D0102209
:109EE000290001F019FD0F22BB59CFE763780F2B32
:109EF0002CD1206F0622691C103001F00DFDBB59DA
:109F00009A68517D0422114203D0196A497B11429B
:109F1000D5D100210498FFF787FA28E7606F002861
:109F200008D1143001F010FFBB596067586F00284A
:109F300000D134E71022290001F0EEFC0122BB59C8
:109F400052425B6F1A61E4E72978E3E707200FE7E5
:109F5000F865FF1F10B5064C207001F0E5FC0621E6
:109F60002078FDF78DFF0348FEF772FC10BDC04658
:109F70000B66FF1FF590001100200BB270B50D00AD
:109F8000834216DA264B187801F036FC041E0DD0F9
:109F90000378922B0ED0A02B37D0224B1878FF28B5
:109FA0003AD0210001F078FD002835D18020000250
:109FB000684070BD43780E2B0BD03E2BEDD18378DB
:109FC000052B12D0082BE8D181798088FFF7D6FACB
:109FD00008E0154B82889A42DFD183681878591CB3
:109FE000FEF7C4FE0028D8D016E0104B1B785B07A4
:109FF00012D50F4B1B68002B0ED09B68002B0BD08B
:10A00000C289811D80889847ECE7FFF741FAA06874
:10A01000002801D001F018FC200001F05DFDC5E72B
:10A020000B66FF1FDD42FF1F182000008564FF1F25
:10A03000F465FF1F10B50078FFF712FA10BD10B5D8
:10A040000078FFF7FBFA10BD0C234343084A10B514
:10A050009B185A68002A03D0012901D1904710BDEE
:10A060009B68002BFBD00029F9D19847F7E7C04641
:10A070002866FF1F01238340094A10B5946B1C43D7
:10A080009463506B98435063D46B2000984301292C
:10A0900001D120001843D063116B0B43136310BD33
:10A0A00000800040F0B500240127154B85B0DA6B25
:10A0B000144E03921A6C0192DA64019BE3403B4216
:10A0C00017D0039DE5403D400295E5B20299280076
:10A0D000FFF7BAFF316A736A002908D03900002BF4
:10A0E00001D0029979402800FFF7C4FF01E0002B5E
:10A0F000F9D101340C36172CDFD105B0F0BDC046C4
:10A10000008000400C66FF1F064B01215A68C240C8
:10A110000A4204D01B68C3401800084070471B6DFA
:10A12000F9E7C046008000400122064B824000292A
:10A1300003D0D9680A43DA607047D9689143D9607F
:10A14000FAE7C046003800400322424370B50F4D85
:10A15000AB189C785E780123361B0136B340013B77
:10A16000A340A140DB430C00122808D8525D0849E7
:10A1700092005218116819402143116070BD054AC0
:10A1800011680B4023431360F8E7C04633C0001149
:10A1900008F0004014F00040C21F70B5D4B206238E
:10A1A000092C0BD80125084C9540002908D0002126
:10A1B000FFF7CAFF23682B4323600023180070BDFC
:10A1C0002368AB43F8E7C04600380040214BF0B5A8
:10A1D0001B185B78022B21D1032444431E4A1F4ED7
:10A1E000A35C12199478012215008540B76B013CDD
:10A1F000E4B23D43A240B563194C122815D89B0028
:10A2000000290CD117495B1899680A439A60012309
:10A21000205C154A834011680B431360F0BD11495F
:10A220005B18996891439960F1E70E4B00290DD1B5
:10A2300059690A435A61225C1328E8D00123203A65
:10A2400093400A49086803430B60E7E75969914363
:10A250005961F0E70C66FF1F33C000110080004019
:10A2600078C0001100F00040A0F00040A4F00040D1
:10A27000F8B500241B4E1C4D1C4B1B5D012B1FD140
:10A28000194A9269E2401A420BD00122B256934019
:10A290002200143AD2B2022A09D815494A69134356
:10A2A0004B61013402360C35172CE5D1F8BD002284
:10A2B000B2560F499200521891680B439360F0E731
:10A2C000022BEED1E7B23800FFF71EFF0123584002
:10A2D000C1B23800FFF77AFF3800FFF715FF687743
:10A2E000DFE7C04605C000110C66FF1F0D66FF1FAB
:10A2F00000F00040012202388240054B002903D0C3
:10A3000059690A435A617047596991435961FAE79B
:10A3100000380040F8B50E0001210F008740114AB7
:10A320000400D368FD43BB43D360831E8B4201D836
:10A33000FFF7E0FF00212000FFF72EFF0A4A0B4B3A
:10A340005168012E05D139431B1951605E70002000
:10A35000F8BD2940516002221C1962709A691540AB
:10A360009D61F4E700380040008000400C66FF1F4C
:10A37000012210B58240074B002906D019680A4314
:10A380001A600121FFF7C6FF10BD196891431960DB
:10A39000F7E7C046008000400C2370B5002543431A
:10A3A0000A4A29009B181D70094B04001B185D7098
:10A3B000FFF7B0FF0123A340064928000A681A43AB
:10A3C0000A6005490A689A430A6070BD2866FF1F43
:10A3D0000C66FF1F348000403080004070B50400E0
:10A3E0000E00FF2813D003250540FFF7D5FF084ACC
:10A3F000A3089B009B183F22ED00AA40AE401968BD
:10A4000020009143314319600121FFF78DFE70BD9B
:10A4100018380040F8B50C244443134B0500E418E9
:10A420006368002B03D1A3681220002B1AD00222EC
:10A4300001270E4B00215B195A7028002770FFF787
:10A4400069FF63681E1E08D0A3683E00002B04D07D
:10A450002800FFF759FE4640F6B228003100FFF70A
:10A4600009FE0020F8BDC0462866FF1F0C66FF1FCE
:10A47000F7B5C420FF222A4B8000195800259143CC
:10A480003F3A0A431A508022264E5202264F1A6043
:10A49000264B5C5D002C22D0AB1E012B03D8012182
:10A4A000E8B2FFF727FF012C19D11E4B9B69EB4047
:10A4B000234214D0EBB218000193FFF725FE0100F0
:10A4C0000198FFF755FF0123FB569C40EBB2143B6C
:10A4D000E443022B1AD8164A536923405361337F51
:10A4E000002B0DD0ECB22000FFF794FF2000FFF707
:10A4F0000BFE737F0100834202D02000FFF7A4FD12
:10A5000001350C360237172DC2D1F7BD0023FB569B
:10A51000074A9B009B189A6814409C60DFE7C0467E
:10A5200000E100E00C66FF1F05C000110D66FF1F73
:10A5300000F0004070B50E0015000400FFF72CFF7E
:10A540000C236343094A20009B189D605E60FFF75F
:10A5500061FFF021064B074A8900051E5A5002D0C0
:10A560002000FFF719FF280070BDC0462866FF1FB6
:10A570000000FF1FA5A0001170B5134D07202C7817
:10A58000002C1FD1982221005200280001F0A4FBCA
:10A590000123C420FF222B700C4B80001C635C63E2
:10A5A0000B4B1C605C600B4B195891433F3A0A43BC
:10A5B0001A50802252021A600D20074A074901F002
:10A5C000DBF9200070BDC0460C66FF1F0080004014
:10A5D000A0F0004000E100E071A4001171A20011A0
:10A5E000F8B50600012826D00B220827164C0123B7
:10A5F0009340164A164DD3677301ED18287C00214D
:10A60000FFF792FD0021687CFFF78EFD0025802377
:10A61000380023732571257025732572656001F05C
:10A62000A3FB380001F0B8FA0A4BAE4207D1EB2287
:10A6300092009E50F8BD11221927074CD7E7F1224E
:10A6400092009D50F6E7C0460040004004E100E063
:10A65000C067FF1F0000FF1F00900040F0B587B0EB
:10A66000050001F049FB04902800FFF7B9FF012D18
:10A6700000D17DE00523042708260393444C0633CC
:10A680000193444B6A019B181A7CFF2A02D15B7C20
:10A69000FF2B6BD0300001F0F7F9300001F064FBC4
:10A6A0003C4B6A0102936B010593029B02219E18A9
:10A6B000307CFFF749FD0221707CFFF745FD390032
:10A6C0000027307CFFF78AFE707C0399FFF786FE37
:10A6D00027737169049B18114B08C01801F054FAD4
:10A6E000802327612373030ADBB22371F37EC0B298
:10A6F0002070BB4244D01B232373029B6A019B182A
:10A700001A7E0123002A3DD087222272636062688C
:10A710007F3313436A0194466360029B63449B7ECC
:10A72000002B03D002236268134363601A4A002D92
:10A730002AD1EB21194B89005350019B184A9B08E1
:10A740009B009B180322019CC0202240FF24D200C2
:10A75000944080001958A1438024944022000A4369
:10A760001A500123019A93400D4A136007B0F0BDBF
:10A77000092308270393DB1919260A4C019380E764
:10A780000323B9E72272C5E7F121074BD3E7C0469F
:10A7900000400040C067FF1F0000FF1F411BFF1F5C
:10A7A00000E100E000900040811BFF1F10B5002079
:10A7B000FFF754FF10BD10B50120FFF74FFF10BD8C
:10A7C000F0B587B005930CAB1D78174F6E01F35DA4
:10A7D000029002AC112003910492002B1ED1637AE7
:10A7E0000C380193002B19D119002022F01901F027
:10A7F00073FA0E4BF31807CC07C39C4662462368D6
:10A8000028001360FFF72AFF0123F355002D07D11D
:10A8100029000820064A01F0AFF8002007B0F0BD7B
:10A820001920044A0199F6E7C067FF1FD067FF1F90
:10A83000ADA70011B7A7001170B50400FFF7D0FE57
:10A84000084D660120220021701901F045FA00230D
:10A85000082073559C4200D0192001F055F80020C3
:10A8600070BDC046C067FF1F70B51D0002240C29D3
:10A8700010D8094ACA40D2070CD5FBF70DFE041EBA
:10A8800008D1059A04992800FBF722FEFCF78EFCFC
:10A89000FFF7FCF9200070BD1210000030B50D78F4
:10A8A00002232C009C43184201D02B431C00082596
:10A8B0002300AB43284201D02B00234320241D005A
:10A8C000A543204201D01C4325002A230D701842C5
:10A8D00004D011781E3B0B43137030BD0028FCD10F
:10A8E0000C2113788B43F7E7F8B51D0006AB1B88E6
:10A8F000140007AA0E000B201778002B27D10A7826
:10A90000022A49D14A68507811780002244A084343
:10A910008018042840D801F087F803121D1B23007B
:10A92000F06801F0A1F8021CC0B2B84200D93A1C8C
:10A93000D2B22000F1682A8000F0EEFF06E0022289
:10A94000F3681B882A8023701B0A63700020F8BDFF
:10A950000622EEE701232B80F3681B782370F5E7CE
:10A96000F368002B16D008222A801A8822701A88D1
:10A97000120A62705A88A2705A88120AE2709A8883
:10A9800022719A88120A6271DA88A271DB881B0A26
:10A99000E371DBE72B80D9E701202B80D7E7C046A6
:10A9A00000D6FFFFF7B516000A781D0008AB1F8818
:10A9B0000C000123022A18D14A685078117800024D
:10A9C0002B4A0843801803280FD801F02DF80225E0
:10A9D0004439E06801F048F8C0B20723B84204D314
:10A9E0007B190193152B02DD0D231800FEBDE068D5
:10A9F0002A003100C01900F08FFF6B4600209B88B1
:10AA0000E268D0541B4B1B68834203D01B6883420F
:10AA100000D098470023E8E70B23002FE5D1022D53
:10AA2000E2D1737832781B021343E2681380114B32
:10AA30001B68002BEED01B68002BEBD00120E8E751
:10AA40000B23002FD1D1062DCED12A003100E06892
:10AA500000F062FFDEE70B23002FC6D1012DC3D12A
:10AA600032787533012AC0D8E3681A70D2E7C0463D
:10AA700000D6FFFF1868FF1F70B50C0015000728EF
:10AA800037D800F0D1FF041436361B36242E182098
:10AA900015290BD8184E16220021300001F0D4F8E9
:10AAA00022002900300000F037FF002070BD182080
:10AAB0000229FBD11288114B1A80F6E718200829C9
:10AAC000F4D10A000E48290000F07EFEEDE71820C0
:10AAD0000129EBD10B4B10780B49DA69FFF7DEFE49
:10AAE000E3E718200129E1D1064B10780749DA6B1A
:10AAF000F4E70220DAE7C0460068FF1F8643FF1F25
:10AB00007C43FF1F0C43FF1F3443FF1F5443FF1FB1
:10AB1000030010B50020DB0704D50721024A0348D3
:10AB200000F08CF810BDC04690C000110C43FF1F10
:10AB3000054A03001068002803D082889A4201D198
:10AB4000806870470068F6E7106AFF1F0A880300F4
:10AB500008009A4204D08A8804309A4200D000202B
:10AB60007047000073B50600684615000196018025
:10AB7000FCF74EFE041E11D1002D0FD07689002E59
:10AB800011D00C2001F0E0F800280ED0084A046033
:10AB9000136886808560002B02D11060200076BD8E
:10ABA0001A001B68F7E70224F8E71324F6E7C0460B
:10ABB000106AFF1FF8B5F22200230D4F0D4E796881
:10ABC000050042433370994200D07B600A4C00215B
:10ABD000200001F039F800231A007C609D4201D169
:10ABE0003570F8BD01332280DBB2F234F6E7C0469F
:10ABF000086BFF1F066BFF1F146AFF1F0121002255
:10AC00000A4B10B549420A4C198099809A719A7082
:10AC1000084B2070012019805A60FFF7CBFF207885
:10AC2000FCF754FE0448FDF713FE10BD2068FF1F1B
:10AC3000106BFF1F086BFF1FE9AC0011022310B55A
:10AC4000002802D0FFF78EFF0300180010BD00009F
:10AC5000030010B50020DB0704D50421024A034895
:10AC6000FFF780FF10BDC046A4C000118C43FF1F3A
:10AC7000F0B50E2687B003930CAB1F8802ABF61815
:10AC80000500080031000292FCF74AFF0400012091
:10AC9000002C0FD03088FFF74BFF03000E20002B55
:10ACA00008D05E68002E05D021002800039B029A80
:10ACB0000097B04707B0F0BD0A4B10B5984207D1D6
:10ACC0000122002352420A808B708A808B7110BD52
:10ACD000FFF73CFF0028FAD001235B4203800023EA
:10ACE0008370F4E7FFFF0000F8B5050001290AD1E1
:10ACF000134E00243388F227AB4219D028001149A3
:10AD0000FFF7DAFF06E0022904D10139FDF71EFE44
:10AD10000028EDD0F8BD3B0063437268D018D35AC9
:10AD2000002B09D03A00002100F08EFF0134E4B27C
:10AD3000054B1B78A342EED801235B423380DDE74D
:10AD4000086BFF1F2068FF1F066BFF1F10B5FFF782
:10AD5000FDFE03000020834200D0987810BD000063
:10AD6000F0B589B01C000EAB80CB03901E8810ABF1
:10AD70001B78049202930B7A0D00DB0616D42B7815
:10AD80000593022B24D00498FFF7D2FE002812D09E
:10AD900003689C46002B0ED0029B220001932900E1
:10ADA0003B00644603980096A04705E00498FFF72F
:10ADB000BFFE002802D10E2009B0F0BD8368002B31
:10ADC000F9D00A222900039898470028D7D0F3E742
:10ADD0006B6858781A786A4B000210439842D2D8B0
:10ADE000043B984210D2674B984242D015D8664B2C
:10ADF000C0180128C7D80B20002EDDD1EB681A78C7
:10AE000059683A80200028E0604BC018032800D918
:10AE100078E000F009FE836A779D5D4B9842B2D1DD
:10AE20000B20002EC8D101233B80EB6831001B783A
:10AE300023706889013080B2FCF772FE3A88031EE5
:10AE40000ED0017802328A183A80428962704289B3
:10AE5000120AA27059680278E01C00F05DFD06E05D
:10AE600004323A8031000422601C00F0EDFE002024
:10AE7000A2E70B20002E9FD1EB6807A91E880423B0
:10AE80003B80330A300026706370FCF749FE051ED4
:10AE900028D004AB9A890E2304A95B183D49C668E3
:10AEA000FCF7B2FE00280BD12B783B486A68059965
:10AEB000FBF764FA002803D1012304AA5B42D38183
:10AEC0003278022A06D17168201D00F025FD3B88EA
:10AED00002333B800E2304AA9B181B88A3701B0A15
:10AEE000E370C4E704ABDE81F4E70B20002E00D052
:10AEF00062E7E9680398FFF729FF02233B8020708F
:10AF00006670B4E70B20002E00D055E70222EB68F4
:10AF10001B883A8023701B0A6370A8E7E86800F07A
:10AF2000A3FDC2B203000720B24200D244E70DD015
:10AF30000299DBB27118994202DB921BD3B20293E1
:10AF4000029BE9681A003B8089195BE70023F6E75A
:10AF50000B20002E00D02FE70722EB683A801A78EA
:10AF600022705A7862705A88A2705A88120AE27067
:10AF70001A792271DA886271DB881B0AA37176E77D
:10AF8000042900000228000000D8FFFFFFD6FFFFC1
:10AF900003280000FFFF0000D4BF0011F0B58DB002
:10AFA0006B460020089120229B5E83423DDAA54B30
:10AFB000187800F021FC071E32D00378B02B2CD17A
:10AFC0000079023816281FD800F096FD17001E00E1
:10AFD0001E001E0031001E0094001E001B011E00FA
:10AFE00050011E0071011E00CB011E0050021E0008
:10AFF0001E001E008E021E00B902934B93491B884F
:10B0000078880B80FAF7FCFE3800FCF77FFE904B47
:10B010001B68002B01D038009847380000F05CFD19
:10B020008020089B0002434018000DB0F0BDEE22C6
:10B030000021864800F008FE0BAA3B7B79893889FD
:10B0400000923A000D32FCF77FFC04007F4B1B7826
:10B05000002C3DD144E07F4B7888059306AB9A8A5B
:10B060007D4B4100CB5A7D4E073BDBB20293002360
:10B07000210001930096059BFFF772FE734D002897
:10B080000FD133883A8A9A420BD138000599123091
:10B0900000F0F2FC002804D02B7862899B00EB18AA
:10B0A0005A80162606ABF6189A8A20003300798952
:10B0B000FCF7AAFD2B7804009A00AA1851880029F1
:10B0C000C4D00133DBB22B70002806D031889180C8
:10B0D000634A12889A42BED802E001214942918017
:10B0E000002B04D059497888FAF7BEFE8CE73E89D8
:10B0F0000A2479E000253E89574B06937B88069AFF
:10B100005B009B5A033B9D4202DB002DF0D05BE0CD
:10B11000162206A812183B7B798900923A0030006B
:10B120000D32FCF711FC0590002858D04689017AB1
:10B130007888FCF7D1FB041E44D1464B78880793EE
:10B14000069B4100C95A454B0439C9B206AAD28AA6
:10B1500006930291019400930599079BFFF700FE67
:10B16000041E2FD1069B39491A88931C002D26D125
:10B170004B807988384B4900CB5A5119033B8B429D
:10B1800020DD059B31485B8941190B71A91C0135F4
:10B19000C9B2EDB2059145191B0A2B71059B2D49CA
:10B1A0000433181800F0B8FB2C4B059A1B88D318F1
:10B1B000DDB22C4B9E4205D00136B6B29CE74988E1
:10B1C0009942D6D0002D0CD0204C2800618800F088
:10B1D0000BFB207021007888FAF756FE14E7059CD7
:10B1E000F0E7002C00D183E77B78142B00D10BE72C
:10B1F00016493B794E800B700C717888FAF7F6FD92
:10B2000002E7162406ABE41821003889FCF788FC15
:10B21000011E00D18FE1788822880F4C45002C5BFD
:10B220000A4D013CE4B2029400240F4B01940095B6
:10B23000FFF796FD041E00D016E129007888FAF782
:10B2400033FEE1E6106BFF1F7C42FF1F2868FF1FE3
:10B250001C68FF1F1C69FF1F5864FF1F0C6AFF1F3B
:10B260007A42FF1FFFFF00002A68FF1F162406AB6B
:10B27000E41821003889FCF753FC011E00D15AE183
:10B2800078882288B24C45002C5BB24D013CE4B278
:10B2900002947C89B04B01940095FFF761FD041E78
:10B2A00000D0E1E029007888FAF708FEACE6002536
:10B2B000A84B1D803B00F6331B78A64A788807927E
:10B2C000AB4208D9A24B12880693069943005B5AF9
:10B2D000013B9A4203DB0799FAF7FAFD94E616243C
:10B2E0006B00FB18059306ABE418059B2100188939
:10B2F000FCF716FC011E03D1059B01241E8973E790
:10B300007888964B2288069C099343001B5B944ED9
:10B31000013BDBB20293002300960193099BFFF7E8
:10B320001FFD041E02D0059B1E895DE77B88069ADF
:10B330005B009B5A079A1088328881188B4203DC85
:10B340001B1A013B9AB23280824C023009990019D3
:10B3500000F0E2FA2388328801359B182380EDB291
:10B36000A8E70BAA3B7B7989388900923A000D3215
:10B37000FCF7EAFA00250600002E04D10A24002D6D
:10B3800000D171E063E0317A7888FCF7A5FA01001A
:10B39000041E67D16E4C714B788805940793059B0A
:10B3A0004400E45A6E4B063CE4B206AA928A069325
:10B3B0000294019100933100079BFFF7D1FC041E1A
:10B3C00050D1069B634A1B88002D34D1043353802F
:10B3D000604C728963191A716B1C9BB2E318120AD4
:10B3E0001A7106AB9A8A162306A81B1879893000B1
:10B3F000FCF70AFCFF212B1DAA1C9BB20335059309
:10B4000006000B0092B2ADB2002803D006ABDB8A77
:10B41000D9B21B0AA218651911712B71059B504DE9
:10B42000181D2A884D49201800F076FA2B88059AB5
:10B43000D3189DB2A0E751881A1D914207D17A888E
:10B4400005995200525AEB18053A9A42C0DC414C19
:10B450002800618800F098FB207021007888FAF7B6
:10B4600041FDD1E5002DF2D13E89BDE6162606ABA1
:10B47000F61831003889FCF753FB3D000400FA351B
:10B4800000282DD0037A9B060CD400227B893989B1
:10B49000788800923A000C32FFF7EAFB041E10D0C5
:10B4A0003E8915E03088FFF743FB00281AD08368F7
:10B4B000002B17D02100122278889847041EE4D070
:10B4C000EEE72B78002B02D17888FAF71BFD0026D7
:10B4D0002B78002B00D097E5002C00D194E583E673
:10B4E0000124DDE70E24DBE7162506ABED18290065
:10B4F0003889FCF715FB041E1DD0037A9B0609D47E
:10B50000184B7A8819888A4263D0174881425FD0E5
:10B510000924A9E72888FFF70BFB00280DD08368D2
:10B52000002B0AD02100122278889847041EE7D009
:10B530009AE7100053E0012496E70E2494E7094BA4
:10B540007A881B889A423FD07888FAF7EDFC5BE551
:10B550005864FF1F2868FF1F2A68FF1F1C69FF1F10
:10B560000C6AFF1F086BFF1FFFFF0000F223059806
:10B5700051684343CD18C95A00291FD03B7A012B8B
:10B580000BD16C88AB887888AA1D0094FFF770FBFC
:10B59000041E02D000233B722E88F22200212800D4
:10B5A00000F052FB00232B80059B0133DBB2059397
:10B5B000144B05991B78144A8B42D7D801235B4260
:10B5C0001380002CC0D00FE6002634000596EFE76C
:10B5D0001A8058680B4B1A78F22353431B18984271
:10B5E00096D002000188F2320029A2D13C00083432
:10B5F0002100F22200F090F921007888FAF78AFC05
:10B6000002E5C046066BFF1F086BFF1F70B5040004
:10B610000E001500FFF79AFA031E08D13100054805
:10B62000FFF794FA03001120002B02D01C800020A9
:10B630009D7070BDFFFF0000F8B50B4F06003B7812
:10B640000D001400FF2B0ED00A2000F03DF9011E62
:10B6500009D0B1230380002346800371C580048193
:10B66000387800F019FAF8BDCD43FF1FF8B50F0088
:10B6700006A90600088807A90B25098800281FD1FC
:10B680000235022B1CD15478137824021C4323006A
:10B6900073358B4314D1FD6830002900FFF756FB4A
:10B6A00084420CD0290022003000FFF7AFFF1125A3
:10B6B000002805D1220030007989FFF7BDFF002561
:10B6C0002800F8BDF0B50E7885B003900AA805886B
:10B6D0000120022E0DD14C682778647824023C4367
:10B6E000054FBC4205D10398DBB201960095FFF7E8
:10B6F000BDFF05B0F0BDC04602290000034B10B5E8
:10B700001B68002B00D09847FEE7C046146BFF1F54
:10B7100007B501A8FFF7F2FF044A05480021121AF5
:10B7200000F0DAFAF8F7B4F8FEE7C046186BFF1F2E
:10B73000D043FF1F0000000001B40248844601BC52
:10B74000604700BF5522000001B40248844601BC96
:10B75000604700BF5952010001B40248844601BC51
:10B76000604700BFAD38FF1F01B40248844601BCEA
:10B77000604700BFA537FF1F01B40248844601BCE3
:10B78000604700BF3D18000001B40248844601BC78
:10B79000604700BF056A000001B40248844601BC4E
:10B7A000604700BFB14E000001B40248844601BCAE
:10B7B000604700BF5147010001B40248844601BC04
:10B7C000604700BFF919FF1F01B40248844601BC5D
:10B7D000604700BF810E000001B40248844601BCEE
:10B7E000604700BFDD66010001B40248844601BC29
:10B7F000604700BF350E000001B40248844601BC1A
:10B80000604700BFF54E010001B40248844601BC08
:10B81000604700BFB54C010001B40248844601BC3A
:10B82000604700BF2124000001B40248844601BCE7
:10B83000604700BFE548000001B40248844601BCEF
:10B84000604700BFFD35FF1F01B40248844601BCBC
:10B85000604700BFD949010001B40248844601BCD9
:10B86000604700BF1530FF1F01B40248844601BC89
:10B87000604700BFB933FF1F01B40248844601BCD2
:10B88000604700BF851F000001B40248844601BC28
:10B89000604700BF2951010001B40248844601BC41
:10B8A000604700BFD139FF1F01B40248844601BC84
:10B8B000604700BF2146010001B40248844601BC34
:10B8C000604700BF3119FF1F01B40248844601BC24
:10B8D000604700BF1D4D010001B40248844601BC11
:10B8E000604700BFD91B000001B40248844601BC78
:10B8F000604700BF0519FF1F01B40248844601BC20
:10B90000604700BF3555000001B40248844601BCC1
:10B91000604700BFA530FF1F01B40248844601BC48
:10B92000604700BFE94C010001B40248844601BCF5
:10B93000604700BFC926000001B40248844601BC2C
:10B94000604700BF5125000001B40248844601BC95
:10B95000604700BFADAE000001B40248844601BCA0
:10B96000604700BF0124000001B40248844601BCC6
:10B97000604700BFEDA5000001B40248844601BC49
:10B98000604700BF5930FF1F01B40248844601BC24
:10B99000604700BF7D2DFF1F01B40248844601BCF3
:10B9A000604700BF2526000001B40248844601BC60
:10B9B000604700BFA54F010001B40248844601BCA6
:10B9C000604700BF793AFF1F01B40248844601BCBA
:10B9D000604700BF7918000001B40248844601BCEA
:10B9E000604700BFBD3AFF1F01B40248844601BC56
:10B9F000604700BF4551010001B40248844601BCC4
:10BA0000604700BF1D4B010001B40248844601BCE1
:10BA1000604700BF9938FF1F01B40248844601BC4B
:10BA2000604700BF4550000001B40248844601BC95
:10BA3000604700BFD13AFF1F01B40248844601BCF1
:10BA4000604700BF090E000001B40248844601BCF3
:10BA5000604700BF8D12000001B40248844601BC5B
:10BA6000604700BF2136FF1F01B40248844601BC75
:10BA7000604700BFDD52010001B40248844601BCAA
:10BA8000604700BFCD4C010001B40248844601BCB0
:10BA9000604700BFE538FF1F01B40248844601BC7F
:10BAA000604700BF594F010001B40248844601BC01
:10BAB000604700BF4D1F000001B40248844601BC2E
:10BAC000604700BF8932FF1F01B40248844601BCB1
:10BAD000604700BF6571010001B40248844601BCA3
:10BAE000604700BF434D010001B40248844601BCD9
:10BAF000604700BF311B000001B40248844601BC0E
:10BB0000604700BFE53AFF1F01B40248844601BC0C
:10BB1000604700BFC56D010001B40248844601BC06
:10BB2000604700BFED4A010001B40248844601BCF1
:10BB3000604700BF156B010001B40248844601BC98
:10BB4000604700BFC51D000001B40248844601BC27
:10BB5000604700BF9DA9000001B40248844601BCB3
:10BB6000604700BF8B52010001B40248844601BC0B
:10BB7000604700BFF135FF1F01B40248844601BC95
:10BB8000604700BF291C000001B40248844601BC84
:10BB9000604700BF090E000001B40248844601BCA2
:10BBA000604700BF2539FF1F01B40248844601BC2D
:10BBB000604700BF4D3AFF1F01B40248844601BCF4
:10BBC000604700BFA13AFF1F01B40248844601BC90
:10BBD000604700BFC9A9000001B40248844601BC07
:10BBE000604700BF017F000001B40248844601BCE9
:10BBF000604700BF6DBC000001B40248844601BC30
:10BC0000604700BFF136FF1F01B40248844601BC03
:10BC1000604700BFBD2FFF1F01B40248844601BC2E
:10BC2000604700BF8552010001B40248844601BC50
:10BC3000604700BFC94A010001B40248844601BC04
:10BC4000604700BF4932FF1F01B40248844601BC6F
:10BC5000604700BF154D010001B40248844601BC95
:10BC6000604700BF1147010001B40248844601BC8F
:10BC7000604700BFF30E000001B40248844601BCD7
:10BC8000604700BF691F000001B40248844601BC40
:10BC9000604700BF5549010001B40248844601BC19
:10BCA000604700BFA946010001B40248844601BCB8
:10BCB000604700BF055E000001B40248844601BC35
:10BCC000604700BF0D52010001B40248844601BC28
:10BCD000604700BF014C010001B40248844601BC2A
:10BCE000604700BFB70E000001B40248844601BCA3
:10BCF000604700BFD52FFF1F01B40248844601BC36
:10BD0000604700BFD1A5000001B40248844601BCD1
:10BD1000604700BF456B010001B40248844601BC86
:10BD2000604700BF75A9000001B40248844601BC09
:10BD3000604700BFE117000001B40248844601BC1F
:10BD4000604700BFF94C010001B40248844601BCC1
:10BD5000604700BF3D4B010001B40248844601BC6E
:10BD6000604700BF5D17000001B40248844601BC73
:10BD7000604700BF6539FF1F01B40248844601BC1B
:10BD8000604700BFC521000001B40248844601BCE1
:10BD9000604700BF091B000001B40248844601BC93
:10BDA000604700BFE928000001B40248844601BC96
:08BDB000604700BFB35201001F
:10BDB8000003010302030303040305030602070249
:10BDC800080309030A030B030C030D030E030F03F7
:10BDD800100311031303140315031603013C001188
:10BDE800353C00110000000002000000FABD0011FF
:10BDF800192A0F180A000000F1590000FD2400005C
:10BE0800414601005D7F0011799F0011B97300114F
:10BE1800617D00116D5500119DAF00119551001104
:10BE28000D3E0011353F00110000000016160000FD
:10BE38000200000044BE0011F4FFF3FFD2FC000032
:10BE4800754000110000000000000000496E6B62A0
:10BE5800697264004942532D563135003030303113
:10BE6800006769746875622E636F6D2F70767678D7
:10BE780000494253544832500000000002000000BC
:10BE880098BE0011292A282A272A262A252A242A60
:10BE98000A180000744000001027000060F000003D
:10BEA8000400000006640000204E000000000000AE
:10BEB800060000005C440000102700006CEE000043
:10BEC80007000000050000001F501D10023CB400D0
:10BED80000012C00210000008102000030313233C3
:10BEE800343536373839414243444546000000006E
:10BEF80071590011C559001100000000020000002E
:10BF080010BF00116F2A6E2A1A18000001A0000045
:10BF1800000000006410B71DC8206E3BAC30D92665
:10BF28009041DC76F4516B6B5861B24D3C71055011
:10BF38002083B8ED44930FF0E8A3D6D68CB361CB39
:10BF4800B0C2649BD4D2D38678E20AA01CF2BDBDED
:10BF5800FB349B5F800000800010000000000000A0
:10BF6800C35F001145760011E75F0011517A001197
:10BF78006B600011277A0011E1600011FD79001152
:10BF880033610011CD7B00119B610011CD7B001145
:10BF9800CD610011877B0011E1600011B5790011B6
:10BFA80059610011657B00110000000000000000CD
:10BFB8003F620011657B0011A16200115D760011DE
:10BFC800052A042A012A002A022903280128002810
:10BFD8000118001800000000000000000000000028
:10BFE80000000087010102010201010201020303AE
:10BFF80004010301010101010303020103000D0013
:10C008000E001000110013001401070108010A01B5
:10C018000B011C011D020402050207020802190295
:10C028001A021C021D030103020317000201000586
:10C0380004000807000B0A001716001D1C01020166
:10C04800010504010E0D0111100114130117160149
:10C058001A19020201020B0A020E0D021110021433
:10C0680013021716030504030807030B0A030E0D32
:10C078000001020307090A0B0E0F101112141718FA
:10C08800191A1B1F20212200E9A80011A5A90011D7
:10C098000000000002000000DABF001100000000EC
:10C0A800C5B600110000000002000000D8BF001152
:020000041FFFDC
:1000000000000000753D001100BE0011FCBD001194
:10001000E460FF1F0000000000000000000000007E
:1000200000000000000000000000000000000000D0
:1000300000000000000000000000000000000000C0
:1000400000000000000000000000000000000000B0
:1000500000000000000000000000000000000000A0
:100060000000000000000000000000000000000090
:100070000000000000000000000000000000000080
:100080000000000000000000000000000000000070
:100090000000000000000000000000000000000060
:1000A0000000000000000000000000000000000050
:1000B0000000000000000000000000000000000040
:1000C0000000000000000000000000000000000030
:1000D0000000000000000000000000000000000020
:1000E0000000000000000000000000000000000010
:1000F0000000000000000000000000000000000000
:1001000000000000000000000000000000000000EF
:1001100000000000000000000000000000000000DF
:1001200000000000000000000000000000000000CF
:1001300000000000000000000000000000000000BF
:1001400000000000000000000000000000000000AF
:10015000000000000000000000000000000000009F
:10016000000000000000000000000000000000008F
:10017000000000000000000000000000000000007F
:10018000000000000000000000000000000000006F
:10019000AD32FF1FF530FF1FC166010000000000F7
:1001A000000000000000000000000000000000004F
:1001B000000000000000000000000000000000003F
:1001C000000000000000000000000000000000002F
:1001D000000000000000000000000000000000001F
:1001E000000000000000000000000000000000000F
:1001F00000000000000000000000000000000000FF
:1002000000000000000000000000000000000000EE
:1002100000000000000000000000000000000000DE
:1002200000000000000000000000000000000000CE
:1002300000000000000000000000000000000000BE
:1002400000000000000000000000000000000000AE
:10025000000000000000000000000000000000009E
:10026000000000000000000000000000000000008E
:10027000000000000000000000000000000000007E
:10028000000000000000000000000000000000006E
:10029000000000000000000000000000000000005E
:1002A000000000000000000000000000000000004E
:1002B000000000000000000000000000000000003E
:1002C000000000000000000000000000000000002E
:1002D000000000000000000000000000000000001E
:1002E000000000000000000000000000000000000E
:1002F00000000000000000000000000000000000FE
:1003000000000000000000000000000000000000ED
:1003100000000000000000000000000000000000DD
:1003200000000000000000000000000000000000CD
:1003300000000000000000000000000000000000BD
:1003400000000000000000000000000000000000AD
:10035000000000000000000000000000000000009D
:10036000000000000000000000000000000000008D
:1003700011B70011000000000000000000000000A4
:10038000000000000000000000000000000000006D
:10039000000000000000000000000000000000005D
:1003A000000000000000000000000000411BFF1FD3
:1003B000000000000000000000000000000000003D
:1003C000000000000000000000000000000000002D
:1003D000000000000000000000000000000000001D
:1003E000000000000000000000000000000000000D
:1003F00000000000000000000000000000000000FD
:08183800206FFF1F4118FF1F84
:10184000024981F3088802F06FFA0000206FFF1F41
:1018500070B500241E491F4A1F484C6308CA1B0567
:101860001B0DE4188242F9D11C4B80228B630021AE
:1018700009201B4B920519621A4B1B4DDA671B4B53
:10188000DA688243DA609A68194802409A60112047
:10189000296002F067F8112002F044F880226B6C96
:1018A000112093436B64EE23DB006343114A1B0C4E
:1018B000D3800122104B9A7201F0ACFB0F4B1B78C6
:1018C000002B04D10E4B1021187802F065FA70BD80
:1018D000000005408805054000060540FF010000A6
:1018E00000F0004004E100E0003800403CF000401F
:1018F000FFDFFFFFD060FF1F6861FF1F0A64FF1F4B
:101900000962FF1F10B502F097FA072804D01228C9
:1019100008D0022808D010BD044A0420136B0133FC
:101920001363F8E70220F6E71420F4E70065FF1FD1
:10193000F8B507000C0026002500503630785135E8
:10194000002804D10300287058342370F8BD29788A
:10195000CA00481E8141A3183800A25C5B68C9B266
:10196000FFF7D0FF00280DD12B78DA00A218013341
:1019700050602B703378044A013B3370136A013393
:101980001362D8E70123DFE70065FF1F5C234343B1
:10199000074910B5C9180B0058331B78012B05D126
:1019A000FFF7C6FF034A936A0133936210BDC04636
:1019B0003465FF1F0065FF1F10B502F075F9064A78
:1019C0000121130010CB4942D967044B136002F088
:1019D0003BFA200010BDC04600E100E010001000FE
:1019E00010B5040002F060F9024B1C6002F02CFA02
:1019F00010BDC04600E100E010B5040002F054F94B
:101A00004021094A200013688B43136000F07EFADE
:101A100001F02EFC0022054B01201A60044B043219
:101A20001A6002F0F1F9FEE71CF00040C4F000403B
:101A3000C0F00040431E5A425341A022F0B5D201EB
:101A40005B421340144E154A40019B183218127E17
:101A50008BB00191002A19D01A000832D46F0022ED
:101A6000E5B206AFE4B294420CDC3018C369002B37
:101A700006D0019A03A8027006AA42600572984730
:101A80000BB0F0BD1978B9540132ECE71A7D1A7821
:101A900006AB01251A70E8E7C067FF1F0040004051
:101AA0007FB5244B4101CA5C0400002A2AD05A1891
:101AB000107E002826D0907E002823D0107902289E
:101AC00020D11689D588701B80B2021C102800D93D
:101AD000102292B2AE4216D1591801230B71002385
:101AE000CA69CB800B819A4206D0684603210373F2
:101AF0000171029301A890470820002C00D0192002
:101B000001F088FA7FBD013C60424441A02064425C
:101B1000C001044008485B1824180848DD680633F3
:101B2000013A92B28242EDD019884E1C1E80695C47
:101B30002170F5E7C067FF1F00400040FFFF000075
:101B40000F220E4B10B59868104002380A280BD8A7
:101B500001F0BEFF0D0A0B0A0A110A0A0A0A060062
:101B600002210020FFF766FF10BD0121F9E70020E8
:101B7000FFF796FFF8E7DB6FF6E7C046004000404E
:101B80000F220E4B10B59868104002380A280BD867
:101B900001F09EFF0E0A0B0A0A120A0A0A0A060040
:101BA00002210120FFF746FF10BD01210800F9E7DF
:101BB0000120FFF775FFF7E7DB6FF5E700900040C6
:101BC000564B70B51B68012B03D1554A936D0133F9
:101BD000936502F029F8534B534A1860534B544C09
:101BE0001A600123534A1360534A13602378002B71
:101BF00006D006225149524802F0E6F8002323702D
:101C0000504A514B10681B78C1B2002B0ED14F4C7B
:101C1000C0B223785BB2002B4FDB237824785BB211
:101C200064B21B0424021B191B1813600B1C5029DF
:101C30004ED95023464A47491078DBB2FF2202288A
:101C40004BD10868444C454D267890432A789642FB
:101C500054D9227824782E785D10013DA31B6B4364
:101C60005201D31A10335B111843086002F06CF96B
:101C7000031F012B45D83A4B1B78002B06D0394B5C
:101C80001B78002B02D0002001F0BEFFA122364BB2
:101C900092009978354B4A431B689B188322920027
:101CA0009B181B78033B012B03D8AF20400001F0A9
:101CB000EBFF01222E4BDA8270BD237824785BB2D1
:101CC00064B2FF33FF341B0424021B190138ABE755
:101CD000CAB2022AAED20223ACE70868254C264DD0
:101CE000267890432A78964208D9227824782D784D
:101CF0005B10013B641B63435201B2E72378DBB204
:101D0000B2E70228D5D11D4B1B78013B022B03D92A
:101D10001B4B1B78022BCCD16C20C8E79809FF1F06
:101D2000FC0FFF1F4C64FF1FFF3F00001410034017
:101D30005064FF1F0C10034000100340D50BFF1F21
:101D40007211FF1FB40003408C09FF1F680AFF1FB8
:101D5000490AFF1F94000340460AFF1F470AFF1F5E
:101D6000F908FF1F2209FF1F300DFF1F3409FF1F55
:101D7000BC0BFF1F440AFF1F450AFF1F1C09FF1F62
:101D80002309FF1F10B501F0C7FF0022014B1A8085
:101D900010BDC0464864FF1F10B501F0EDFFA12142
:101DA000054A89009478054A61431268044B521829
:101DB000528C1A8010BDC046300DFF1F3409FF1F22
:101DC0004864FF1F10B50D4B0D4A9978A1239B0065
:101DD0004B431268D218531DD97F0A4B1B88994276
:101DE00009D2441C07D0C82805D0D2695B1A5A43CF
:101DF000054B5343C01802F007F910BD300DFF1F0B
:101E00003409FF1F4864FF1F7102000070B5244DA4
:101E10002B68002B28D002F037F82B68D8402B68AD
:101E20000400002B27D002F037F82B68D8401D4B58
:101E30001D4A9978A1239B004B431268D118D25CAC
:101E400091239B00002A20D0CA580132CA50174B58
:101E500017491B680868834214D3D23B181A012A19
:101E60001AD0144B186070BD02F00EF8124B1968AE
:101E700001F0DAFFD3E702F00FF80F4B196801F019
:101E8000D3FFD4E70D495B18E8E7CA500C4B1B6839
:101E9000DB68E418201AE4E7F530FF30E1E7C046DC
:101EA0001C08FF1F300DFF1F3409FF1F9C09FF1F77
:101EB0004C64FF1FA009FF1F1808FF1F2DFF3F00E4
:101EC0005464FF1F70B504000D00282916D10300CB
:101ED000A433C2881B889B1A0B4A9BB293420DD92C
:101EE00006006A3605223100653001F0F5FF002852
:101EF00004D13100200001F017FE70BD2900200040
:101F000001F0AAFFF9E7C046FE7F0000F8B5050022
:101F1000012001F031FE134CA36AA26A9342FBD167
:101F2000114E336001F010FF1049030008601048A3
:101F3000426894460F4A17680022BC4501D24268A5
:101F4000BA1A0D4802603268AD18A422E562606AD0
:101F5000520302436262094A1278002A01D00F3B01
:101F60000B60F8BD00F00040340AFF1FE408FF1FBB
:101F700028100040180AFF1F1C0AFF1F1C09FF1F22
:101F800070B580241025E405A3682B43A36001F0FD
:101F900033FFA368AB43A36070BD0000F7B5160024
:101FA00080221C001023D2050191916805000B438B
:101FB000936000225B4BD7301A6001F0CDFF9D2368
:101FC0002F002A009B00EB58FC37CA3201213868E9
:101FD0000092002B01D00021009A01F0D5FD2900CC
:101FE000009BCB311A78504BD3351A604B780A7866
:101FF0001B0213438A7812041A43CB781B0613433F
:102000004A4A1BBA13604B790A791B0213438A7937
:1020100012041A43CB7931001B061343444A1BBAFE
:1020200013606B782A781B021343AA7812041A43B0
:10203000EB781B0613433F4A1BBA1360019A330225
:1020400013433D4A13603D4B22001B1B9C46032952
:102050003FDC032332009A43B3089B00F11A9BB282
:10206000032946D13549E01852188178407809048F
:1020700000020143E05C0433014311600022FF2BA6
:102080004ADDF0222E4B12011A600F222D4B1A60EE
:102090002D4A1368002BFCD00023224A27491360E5
:1020A000091B321D0B191B68043A180A2370607053
:1020B000180C1B0EA070E3700434002AF2DC80229E
:1020C00010213B68D20501333B6093688B439360DA
:1020D000F7BD6346D578981893782D061B042B43DB
:1020E000157804392B43557804322D022B430360B5
:1020F000ADE702290AD11149E05C5218E11849788C
:1021000009020143043311609BB2B7E70129B5D13D
:102110000A495218E15CF5E7084959180A60043386
:10212000ADE7C046000004403C00044038000440D5
:1021300034000440300004400C000440000104401E
:10214000040004401000044014000440F0B51400E2
:1021500080221D00102385B0D205019191680600F0
:102160000B4393600023684AD730136001F0F4FEFC
:102170003300FC3358689D2337009B00F158CA3761
:102180003A00002900D083E001F0FEFC31003A78EB
:102190005E4BCB311A604B780A781B0213438A7866
:1021A000A44612041A43CB781B061343584A1BBAA1
:1021B00013604B790A791B0213438A7912041A437C
:1021C000CB791B061343534A1BBA13604B7A0A7A26
:1021D0001B0213438A7A12041A43CB7A29001B0686
:1021E00013434D4A1BBA1360019A230213434B4A0F
:1021F00013602A00231D18000393494B5B1B0193B6
:10220000019BCF785B1802938B783F061B043B43FE
:102210000F7804383B434F7804313F023B43029F21
:102220003B600328ECDCA3081C0003989900431AC8
:102230000134181FA400072B2CD1394B2819E7189B
:10224000837840781B0400020343285D03433B600E
:1022500008310C000023FF2C2EDD324B324919606F
:102260000F21324B1960012327490B60304B19684D
:102270000029FCD006211B680B40042B21D08022B2
:102280000020D20593680A318B43936005B0F0BDFE
:10229000012179E7022808D1214BE0182B195B783E
:1022A0002C5D1B0223430360D2E70128D2D11C4BD3
:1022B000285DE3181860CBE7194961180B600434F6
:1022C000C9E7002310490B606346002B0CDC330088
:1022D000FC335A68102101325A608022D20593687B
:1022E00001208B439360D1E7019B9B181B68190A5F
:1022F00013705170190C1B0ED37004235B42917044
:102300009C440432E0E7C046000004403C00044026
:102310003800044034000440300004400C00044005
:102320000001044004000440080F000010000440B5
:102330001400044070B5061E19D002225A4B9B7936
:102340009343012B13D1594B1A78FF2A0FD15A7896
:10235000FF2A0CD19A78FF2A09D1DA78FF2A06D110
:102360001A79FF2A03D15B79FF2B00D199E0504BFA
:102370000C201A78012A08D000224E4D1A702978B4
:102380000B00093B042B01D8212070BD4B1F012BF2
:10239000FAD9454CA37B042B00D982E0A279032A09
:1023A00000D97EE09A1ED2B2012A02D860881F2886
:1023B00077D9002E56D0012E73D1A0880128E3D002
:1023C000002907D1581E032803D801F081FB1217FA
:1023D00015122E702978481E032811D80025364B77
:1023E0001D602823237501F0DFFDA84227D0A580BA
:1023F000CAE702212970EDE70421FBE70321F9E791
:1024000007390129C0D82D490968C96A8906BBD591
:102410002B4908780028B7D1012A01D9002BB3D164
:1024200002230B708021274D2633890128782375DC
:1024300001F022FD80212878890101F0ADFC012303
:10244000A380214B1B78002B0AD0FA2280211F4B3E
:1024500092001B8809025A431A4B187801F054FD68
:10246000002092E701F020FC2B78A680073B012B8F
:1024700003D917482E7001F07FFD114B114C1A78CB
:10248000002A06D080210022207889011A7001F0EC
:10249000F3FC01F0D9FC80212078090201F0ECFC6A
:1024A000DEE7122071E7C046A60BFF1F6B09FF1F76
:1024B0001A09FF1F1C09FF1F4809FF1F5464FF1F53
:1024C0002309FF1F1B09FF1F2109FF1F2C09FF1FE5
:1024D0000010004010B5002901D001F0C5FB10BD6F
:1024E000F7B55E4B01919978A1239B004B435C4A61
:1024F000060014681022E418D6235B00E058362347
:10250000FF33E35C00279343222B3ED1554B0F3A18
:102510001A600760012501F0E7FC019B1880E823A1
:102520005B00E35C002B01D0B34255DD00224E4F2F
:10253000FA70AD32FF32A2581168002903D0928898
:10254000D24392071AD03822FF32A25C002A15D05B
:102550009B225200A25C002A10D1B3420EDAA423BF
:102560005B00E15AE018090A023101F025FB230063
:102570000122FE33013E01351A87FA70E8235B0021
:10258000E35C002B2AD0A8B2FEBD03683D00002BFF
:10259000C1D081880430090A023101F00DFBD62335
:1025A0005B00E3581F60B5E72300B133BA00FF3387
:1025B0009858013781880430090A023101F0FCFA89
:1025C000E8235B00E35CBB42EEDCE822F61AED1880
:1025D00000235200A354A9E70027F1E7200001F0EF
:1025E000BBFB00281FD0002E1DDD7319882647195C
:1025F0000193B600200001F07FFC5A3080002018C3
:102600004068013581880430090A023101F0D4FAAA
:10261000200001F041FBA3590133A351BD4202D078
:10262000019B9D42E6D1114BE35C002BABD095237F
:102630009B00E35C002BA6D00D4BE15A0029A2D0F1
:102640000C4AA35C994202D90133A3549BE70023AF
:102650001A212000A35401F0AFFB94E7300DFF1FB7
:102660003409FF1F00140340E010FF1F5A0200004E
:10267000720200005E0200000D4970B54A6E0D4CFA
:10268000D2038B69D20BA24206D80B4D0224AA4278
:1026900004D901F031FB70BD02246442E218150038
:1026A0007E2425402242F4D0A3432B438B61F0E7E4
:1026B00000F000400A200000FC1C0000F8B51D4B93
:1026C0001D4F1A78002A10D1BA7B002A02D101329C
:1026D0001A7003E0032AFAD0022AF8D001F064FC51
:1026E00000220120154B1A70F8BD154B154D1C68C2
:1026F000154B9E7801232B702878C0B200F09CFB0C
:10270000BB7B002B0BD101F04FFBA1239B0073433C
:10271000E41883239B00E41823782B70E4E7032B51
:1027200002D101F0C9FAF0E70020022BDCD101F060
:10273000EBFAEAE71C09FF1FA60BFF1F2309FF1F87
:102740003409FF1F490AFF1F300DFF1FF0B587B086
:102750000EAD2F780FAD2D780593AC46634614006F
:102760000E4D0CAA12782E7803930D9B00920193C4
:102770002200059B029701F05FFA2E70012C01D018
:10278000042C08D1802206498B889343054A12788D
:10279000D20113438B8007B0F0BDC0461C09FF1F58
:1027A0006C11FF1F7809FF1F0B001B3B70B5040065
:1027B0003020E02B0DD81300E025493BFF3B9BB2B6
:1027C000ED00AB4205D8034B200019825A8201F07C
:1027D000F3FB70BD8410FF1F10B501F025FA054B07
:1027E00000205B68052B04D9034A5268D20200D44A
:1027F000980810BD00100040FCE100E070B501F049
:1028000053FA0D4B1B68FC33DC691D6AFFF7E4FFCC
:102810006419844204D2094B01241B68002B07D0A1
:1028200004220024064B1A70064A9369013393610F
:1028300001F00AFB200070BD5464FF1F9809FF1FC0
:102840002309FF1FFC0FFF1F70B50C4D2B68FC33D5
:102850005C6A01F029FAFFF7BFFF2B680025FC3303
:102860009B6AE318834204D2054B1B68AB4200D13C
:10287000051B01F0E9FA280070BDC0465464FF1F33
:102880009809FF1FD722044B92009B5810B5002BCC
:1028900000D0984710BDC0460000FF1F10B501F0E2
:1028A000FFF8FFF7EFFF2749274BCA6D1A40842333
:1028B0005B001343CB65254B1B68186A01F05CF97C
:1028C000234B244A1A60244B244A1A60A022244B2A
:1028D00052001A60234B187801F0EEFA224923487F
:1028E00001F07AFB0023214A21499360023393606F
:1028F000204B214813600323936001F06DFB1022ED
:102900001E4BFF201A60802252031A60802292031D
:102910001A60802212041A6001F076F9012001F099
:102920001BF9FA20400001F03FF9582001F0ACF902
:10293000134801F001FB012001F016FB072001F014
:1029400053F910BD00F0004000FEFEFF5464FF1F6D
:10295000000003400180063DBC0003403408000035
:10296000A40003404A0AFF1F710200001410004037
:10297000FFFF3F00C30900002810004000E100E015
:1029800030750000664F3B6888331B6883F3088806
:1029900001F042F9634A6449136800200B40136058
:1029A000624B634A1B68934200D1A4E001F0ACF88B
:1029B0000221604A13688B431360FFF76FFF5E4B81
:1029C000002418785D4DC0B201F0E6F80223AC6037
:1029D000AB605B4B01202B6001F0CEF80323AB60B2
:1029E00001F072FA050001F01FF9060001F06CFA1F
:1029F000544B186001F0B8F9534B1A68AA4264416D
:102A0000AB1A80221B1BD203934201D39B029B0A69
:102A10003A68D16AC90700D470E04C491C0C0968B7
:102A20009BB24C4359432402090A64184849FC32BA
:102A300093680A6803219B1A464A474812689B1804
:102A4000464A9D18464A0B401768AD08DB190560D9
:102A50001360042B03D901350B40056013602D1959
:102A60002800404901F0E0F93F4F3E493B68C31858
:102A70003B602800019301F05FF83C4D286808187E
:102A800038492860884205D9019B01333B6001F039
:102A900053F8296001F0A8F9354B1B78002B0DD0B5
:102AA00001F0C2F8334BA21B196812188A4232D2C5
:102AB0008919091B091A304801F08EFA2F4D2B7A1B
:102AC000002B0ED001F0B0F8A21BE9681218914259
:102AD00024D98919091B091A294801F07DFA002314
:102AE0002B72284B83F3088801F056FA002001F07E
:102AF0000BF801F071F901F007F85EE7DC019900CD
:102B00000234641A5900641A09214B438033CB40C4
:102B1000A408E4188AE7FA218900CCE71A49DBE720
:102B20005464FF1F1CF00040FFFFC1FF0C0AFF1F91
:102B3000B641210310000040490AFF1F1410004055
:102B4000C3090000100AFF1F340AFF1F380AFF1FC5
:102B5000200AFF1F1C0AFF1F240AFF1FC4090000D0
:102B6000280AFF1F710200006008FF1F2C0AFF1FC8
:102B70001C09FF1FE408FF1F00100040740BFF1F1B
:102B80003C10004000000020DC050000A022054BA6
:102B900092009B5810B5002B01D0984710BD01F052
:102BA000F3F9FBE70000FF1FA122054B92009B58A1
:102BB00010B5002B01D0984710BD01F0E5F9FBE7F7
:102BC0000000FF1FA222054B92009B5810B5002B5E
:102BD00001D0984710BD01F0D7F9FBE70000FF1FB7
:102BE000A322054B92009B5810B5002B01D09847AB
:102BF00010BD01F0C9F9FBE70000FF1FA422054B3F
:102C000092009B5810B5002B01D0984710BD01F0E1
:102C1000BBF9FBE70000FF1F70B501F005F84F4B53
:102C2000186001F029F80400C30702D401F04CF841
:102C300070BD00224A4B1A604A4B187801380428AC
:102C400029D800F045FF0320181C2400200001F0C3
:102C5000BBF90128ECD0444C2378042B6ED100F052
:102C6000B3FF0028E4D000F057FF582001F00CF823
:102C700002232370DCE7200000F066FFE9E7200074
:102C800001F0BAF9E5E7200000F0A6FFE1E7200037
:102C900000F06AFFDDE701F057F90500012808D1CF
:102CA000324B1B78053B012B03D82000FFF76EFF4A
:102CB000D1E72D4B1B78022B01D0052B20D1022D03
:102CC00028D12B4B9B7BAB431CD12000FFF76CFF23
:102CD000264B18780128BED16405BCD4244925228E
:102CE0004B7B034205D1233A13405A4253412633CA
:102CF0001A000B7D9342AED9322001F0B5F8AAE755
:102D0000022D07D1194B1B78052B11D12000FFF79D
:102D100059FFDDE7012D0BD1012B03D12000FFF777
:102D20005FFF98E7062B03D12000FFF767FF92E7CC
:102D3000200001F029F9022D8DD1C9E7032B04D120
:102D40000C4B987C01F0F0F872E7072B00D06FE78E
:102D5000094B987B01F048F96AE7C0469C09FF1FC0
:102D60009809FF1F9009FF1F2309FF1F1C09FF1F60
:102D7000A60BFF1FBC0BFF1FD40BFF1FFA210A4B32
:102D80000A4A49001A640A4A5A500A4A04395A50EF
:102D9000094A08319A64094A5A50094A5C315A5022
:102DA000084ADA667047C0460000FF1F4D27FF1F24
:102DB0004928FF1FFD27FF1F3523FF1FBD26FF1FCB
:102DC000C51DFF1F991DFF1FF7B50B0CFF27012223
:102DD000009300233C001E001D009446019089B220
:102DE00062469A401000084018413618B6B2FF2FCC
:102DF00002D1012E00D19FB2009802401A41AD18B5
:102E0000ADB2FF2C02D1012D00D19CB20133102BA9
:102E1000E6D10320012E07D1012D04D1019B24010D
:102E2000E4191C700138FEBD102EFCD10238102DA3
:102E3000F9D00230F7E700008023F7B59C46264B17
:102E4000264F01932649274A274D284C284B022814
:102E50001AD1604638600868264E30408026360316
:102E60003043086001990978002909D11660224A87
:102E70002A60224A2260E02219689143A03A1BE0AE
:102E80008021C9021160F2E766463E600F68194E64
:102E90003E408027FF023E430E60019909780029D9
:102EA0000DD1176001280ED1154A2A60154A2260FB
:102EB000E02219689143C03A0A431A60F7BD8021A5
:102EC00089021160EEE7E0210F4A02432A600F4AAF
:102ED00022601A688A43F0E74B0AFF1FE0000340B4
:102EE000D80003409000034000000340500003401E
:102EF00040000340FFFFE3FF0280063D80450822BB
:102F00000180063D806608220080069880550822D0
:102F1000F8B51E4B80261A68002014003440324257
:102F200032D11A681A4F32431A6001223B680630C8
:102F300093433B6000F020FE0122164D2B681E4398
:102F40002E603B680A2613433B608027BF00124B6C
:102F50001B683B4211D1013EF6B2FF2E09D17E2201
:102F60000E4B1C682B68E40B1440934323432B60E7
:102F700005E0082000F000FEE9E7002EEFD18022F6
:102F80002B68600893432B60F8BDC046C4F0004036
:102F90005CF0004018F0004068F0004060F0004035
:102FA00010B500F0B9FF01215820034A00F0A4FD3C
:102FB000FFF7AEFF10BDC046600AFF1F10B57822B4
:102FC0000021034800F048FE00F08EFE002010BDF6
:102FD0004867FF1F70B5040000F066FE00230C2058
:102FE0000B4A010059438D18515C00290DD0A142B4
:102FF00008D1012300246B7000F026FE00F024FFAE
:10300000200070BD01330A2BEBD11224F6E7C04635
:103010004867FF1F70B5040000F046FE002319004A
:103020001D000C4A1078002808D0A04200D155702D
:10303000507801311B180C320A29F3D1002B05D12D
:1030400000F052FE00F000FF002070BD00F0FCFD1B
:10305000F8E7C0464867FF1FF7B504000C200023BF
:1030600084460E4D019267465F43E85D7E19A0429B
:1030700012D000280BD10A4B9C4662461B780833BD
:103080001370019B70707C557160B360FEBD01339D
:103090000A2BE8D10320F9E70720F7E74867FF1F6D
:1030A0004467FF1F70B500240C26104B32006243AA
:1030B000D5189A5C824211D10D4A1378F8331370F7
:1030C00000F0F2FD09222900121B72430C31280086
:1030D00000F0A2FE00F0B8FE002070BD002A02D071
:1030E00001340A2CE2D11220F7E7C0464867FF1FDF
:1030F0004467FF1F8020F8B5484BC0051B68C124FA
:103100008360474BFF251A68012313434361454BF6
:10311000A4001A68444B40211A60444B1A68444B7F
:103120001A60444B1A59AA431A51C52292009E585C
:10313000AE433143802699509F583F49F6010F40D6
:103140003E439E509E5880273602360A30439850A0
:1031500080201A5900020A4002431A5104341A59B5
:10316000364E3F04324080263A431A511A593606E9
:103170001202120A32431A5108341A5980260A40A0
:1031800002431A51C32292009F58B446AF433743BB
:103190009F509F58294E0F4007439F509F583740DC
:1031A00080263604374380269F509F5836063F02BC
:1031B0003F0A37439F50C0221F59AF433A431A5129
:1031C0001A591202120A1643C6221E5192009C5826
:1031D000AC4365462C439C509C5800250C40204332
:1031E0009850C72080001A58154C1140C022120276
:1031F0000A431A50134B1B78DB08AB4201DC00205A
:10320000F8BD2378002B06D0A368002B00D0984788
:1032100001350C34EEE71220F2E7C0460843FF1FE9
:103220000443FF1FB0F000404067FF1FB4F00040B0
:103230003C67FF1F00E100E0FF00FFFFFFFF00FF12
:103240004867FF1F4467FF1F030010B51F2809D8F8
:10325000072200201340072404490A78A24313439D
:103260000B7010BD00230620F5E7C0464467FF1F22
:10327000034A0449136800200B4013607047C0469E
:103280001CF00040FFFFC1FF054B06491B780A6890
:1032900005485B0702401B0B134300200B6070477F
:1032A0004467FF1F1CF00040FFFFC1FF70B50C25F5
:1032B000FFF7EAFF0A4B1C780A4BE4086543ED1858
:1032C000002C01D1200070BD2B78002B06D06B683C
:1032D000002B00D09847013C0C3DF1E71220F2E7AB
:1032E0004467FF1F3C67FF1F1FB5002102220B0030
:1032F00001910091052000F047FD02230B490A6867
:103300001A42FCD120230393039B5A1E0392002BE5
:10331000FAD1074A1368002BFCDA0B246C44200016
:10332000012100F009FD207804B010BD90C80040D4
:1033300000C8004013B504000A4B0193019B002B09
:1033400001D1112016BDFFF7CFFF23000340044237
:1033500005D0052000F010FC019B013BEDE71800B3
:10336000F0E7C046FFFFFF0707B500F09DFC802295
:103370000821D205936A0191002B01D1073991628E
:1033800002210C4A11600199481E01900029FAD1CE
:1033900003311160053101910199481E0190002906
:1033A000FAD11160002B02D18022D205936200F085
:1033B0004BFD07BD00C00040F0B52D4C89B023780F
:1033C000002B4FD1FEF7F8FA02232A4F03903A68F8
:1033D0001A42FCD120230693069B5A1E0692002B0C
:1033E000FAD1254E3368002BFCDA0120FFF7A2FF4B
:1033F000011E02D0112009B0F0BD0300032201908C
:10340000009005AD9F2000F0BFFC0321280000F0D4
:1034100093FC02233A681A42FCD120230793079BAE
:103420005A1E0792002BFAD13368002BFCDA0120D8
:10343000FFF780FF0028DDD10398FEF7D1FAAA78C4
:103440006B7811041B020B4329780B436360130054
:10345000113B0A49052B07D801239340A3600B6059
:10346000012323700020C6E780231B03F6E7C04634
:10347000F042FF1F90C8004000C800409808FF1F9E
:103480001E4B30B55A6818781D4B85B0D318594279
:103490004B4101210093002300F01EFC194B1A4AF6
:1034A00002259A6300221A6510325A658022C421CF
:1034B0009D65164B1648D202DA6789004258154BB3
:1034C00080241A4080231B0413434350642341206B
:1034D0000393E40500F006FA402000F003FA656269
:1034E000039D6B1E0393002DFAD103236362FFF744
:1034F0003BFFA562FFF760FF05B030BDFC42FF1F38
:1035000095FFFEF700C80040050001FF04E100E060
:1035100000E100E0FFFF00FFF0B585B00700FEF717
:103520004BFA022305002D4C22681A42FCD12023BD
:103530000093009B5A1E0092002BFAD1284E33684C
:10354000002BFCDA0120FFF7F5FE002803D0112440
:10355000200005B0F0BD234B2360022322681A42ED
:10356000FCD120230193019B5A1E0192002BFAD11A
:103570003368002BFCDA0120FFF7DCFE0028E6D1DF
:10358000194B1F60022322681A42FCD120230293A8
:10359000029B5A1E0292002BFAD13368002BFCDAF0
:1035A0000120FFF7C7FE0028D1D1104B2360022372
:1035B00022681A42FCD120230393039B5A1E0392D4
:1035C000002BFAD13368002BFCDA0120FFF7B2FEA2
:1035D000041EBCD12800FEF703FAB9E790C80040EA
:1035E00000C8004001000006A8C80040018000019A
:1035F00010B50020FFF790FF10BD000010B5064B7E
:1036000018705960FFF73CFF00211320034AFFF7B1
:1036100023FD002010BDC046FC42FF1F8134FF1F68
:10362000F0B5040085B003920291FEF7C5F9882237
:1036300063035B0B52051A438023DB059D6A8023DD
:10364000274F0092BA68002601901B039A420CD9BA
:10365000F82326001B041E401C4206D08022214B6A
:1036600052025E6219680A431A60002D0BD100F005
:103670001BFB02221C4B1A608023DB055A62013AB5
:103680009A6200F0E1FB0023039A934220D1002DBF
:103690000AD100F009FB144B03221D608023DB05D7
:1036A0005A629D6200F0D0FB8023BA681B039A42E5
:1036B00008D9002E06D000220A4B0C495A621A681B
:1036C0000A401A600198FEF78BF9002005B0F0BDA2
:1036D000009A0299D2181278CA540133D4E7C0462E
:1036E000F042FF1F00C8004000C00040FFFFFEFF87
:1036F000F0B587B0029103920400FEF75DF90190E6
:1037000000F0D2FA802302250122234EDB0535602A
:103710005D629A6200F098FB204F3B682B42FCD11F
:1037200020230493049B5A1E0492002BFAD11C4DB3
:103730002B68002BFCDA0120FFF7FCFD002802D0EB
:10374000112007B0F0BD2000039A029900F054FA4E
:10375000022304003A681A42FCD120230593059BFA
:103760005A1E0592002BFAD12B68002BFCDA01209F
:10377000FFF7E0FD051EE3D100F096FA8023032257
:10378000DB0535605A629D6200F05EFB0198FEF732
:1037900027F9E0B2D5E7C04600C0004090C800401D
:1037A00000C80040F0B5802489B00600FEF704F997
:1037B000E405A36A02250393029000F075FA012341
:1037C000304F3D606562A36200F03EFB2E4C2368E3
:1037D0002B42FCD120230593059B5A1E0592002BFA
:1037E000FAD12A4D2B68002BFCDA0120FFF7A2FD4D
:1037F000002803D01124200009B0F0BD244B236021
:10380000022322681A42FCD120230693069B5A1EEB
:103810000692002BFAD12B68002BFCDA0120FFF76F
:1038200089FD021EE6D11B4B03211E60030001909F
:103830000090202000F0A8FA022322681A42FCD14E
:1038400020230793079B5A1E0792002BFAD12B685F
:10385000002BFCDA0320FFF76DFD041ECAD100F037
:1038600023FA80230322DB053C605A629C6200F04D
:10387000EBFA039B002B01D1FFF776FD0298FEF7D0
:10388000AFF8B8E700C0004090C8004000C8004052
:103890000100000694C8004007B50002019104220F
:1038A000000A01A9FFF724FF0EBD000073B5050053
:1038B00005240B4AA3005B429B1819686B46DE1D6A
:1038C0003000FFF781FA022804D133782B55013CF0
:1038D000EFD276BD052CFCD00128FAD10230F8E7F2
:1038E000140900111F2807D8012380228340D20524
:1038F00091680B43936070473F2808D801238022CA
:1039000020388340D20551690B435361F3E75F28A8
:10391000F1D80123802240388340D205116A0B433D
:103920001362E8E71F2807D8012280218240C905D9
:103930008B6893438B6070473F2808D80122802111
:1039400020388240C9054B6993434B61F3E75F28F8
:10395000F1D80122802140388240C9050B6A934387
:103960000B62E8E71F2810D880230200DB05153A18
:103970001968012A06D820229143196019680A4360
:103980001A60704701228240F6E73F2811D8802351
:103990000200DB05353AD968032A06D81022914384
:1039A000D960D9680A43DA60EBE701222038824007
:1039B000F5E75F28E5D842238022181A413B83406F
:1039C000D205516A99435162516A0B435362D8E759
:1039D00010B50400012813D1A022184992050B68E4
:1039E0005B015B0913430B60154B164A19681140C4
:1039F000154A0A431A60402219680A431A6010BD2A
:103A00000028FCD101000A2000F04EFA21000B2012
:103A100000F04AFAC0220A4B920019680A4340217A
:103A20001A601A688A431A60B022044912060B68A9
:103A30005B015B0913430B60E1E7C04614F00040F3
:103A40001CF000407F00FEFF80FD010072B6074AB7
:103A50001368013313600422054B1A600023054AE2
:103A600013608022D2055360FEE7C0467808FF1F2E
:103A7000C0F00040C4F0004005490B68002B05D1A0
:103A8000044A0A6004490A60044A13607047C04649
:103A9000140AFF1F841E0000380AFF1FC4F00040F4
:103AA0000023034A1360034A1360034A13607047FC
:103AB00054F0004040F1004044F1004002B471462F
:103AC00049084900095649008E4402BC7047C04667
:103AD00002B4714649084900095C49008E4402BCA1
:103AE0007047C04603B47146490840004900095A6E
:103AF00049008E4403BC704701B40248844601BCAF
:103B0000604700BF0167010001B40248844601BC60
:103B1000604700BF016C010001B40248844601BC4B
:103B2000604700BF6DF6000001B40248844601BC46
:103B3000604700BF85C1000001B40248844601BC53
:103B4000604700BF090E000001B40248844601BC72
:103B5000604700BF0934010001B40248844601BC3B
:103B6000604700BF6911010001B40248844601BCEE
:103B7000604700BFF935010001B40248844601BC2A
:103B8000604700BF0189000001B40248844601BCBF
:103B9000604700BF2144000001B40248844601BCD4
:103BA000604700BF8914010001B40248844601BC8B
:103BB000604700BF8512010001B40248844601BC81
:103BC000604700BFC115010001B40248844601BC32
:103BD000604700BF01D7000001B40248844601BC21
:103BE000604700BFF535010001B40248844601BCBE
:103BF000604700BFF90D010001B40248844601BCD2
:103C0000604700BF9573010001B40248844601BCBF
:103C1000604700BFED6B010001B40248844601BC5F
:103C2000604700BFC9A9000001B40248844601BC36
:103C3000604700BFC95C010001B40248844601BC72
:103C4000604700BF9D6A000001B40248844601BC81
:103C5000604700BF21A9000001B40248844601BCAE
:103C6000604700BFB70E000001B40248844601BCA3
:103C7000604700BFE9D4000001B40248844601BC9B
:103C8000604700BFBD0B010001B40248844601BC7F
:103C9000604700BF7912010001B40248844601BCAC
:103CA000604700BF5976010001B40248844601BC58
:103CB000604700BF75A9000001B40248844601BCFA
:103CC000604700BF75F8000001B40248844601BC9B
:103CD000604700BFDD0A010001B40248844601BC10
:103CE000604700BFC56D010001B40248844601BCB5
:103CF000604700BFADAE000001B40248844601BC7D
:103D0000604700BFD1AE000001B40248844601BC48
:103D1000604700BF19FA000001B40248844601BCA4
:103D2000604700BF8D82000001B40248844601BC98
:103D3000604700BF19B7001101B40248844601BCB6
:103D4000604700BF3D71010001B40248844601BCD8
:103D5000604700BFBD5C010001B40248844601BC5D
:103D6000604700BF71B0000001B40248844601BC46
:103D7000604700BFC166010001B40248844601BC2F
:103D8000604700BFF9ED000001B40248844601BC61
:103D9000604700BF496D010001B40248844601BC80
:103DA000604700BF0D52010001B40248844601BCC7
:103DB000604700BFE9F6000001B40248844601BC38
:103DC000604700BF53B9000001B40248844601BCFB
:103DD000604700BFE94C010001B40248844601BCC1
:103DE000604700BF8552010001B40248844601BC0F
:103DF000604700BFD544010001B40248844601BCBD
:103E0000604700BFDD3F000001B40248844601BCAA
:103E1000604700BFA1AF000001B40248844601BC66
:103E2000604700BF810E000001B40248844601BC17
:103E3000604700BF090E000001B40248844601BC7F
:103E4000604700BFE927000001B40248844601BC76
:103E5000604700BF9DA9000001B40248844601BC30
:103E6000604700BF51B8000001B40248844601BC5D
:103E7000604700BF6137010001B40248844601BCBD
:103E8000604700BFB352010001B40248844601BC40
:103E9000604700BFE90B010001B40248844601BC41
:103EA000604700BF6D0B010001B40248844601BCAD
:103EB000604700BF49A1001101B40248844601BC1B
:103EC000604700BFEDA5000001B40248844601BC74
:103ED000604700BF156B010001B40248844601BC75
:103EE000604700BFCD4C010001B40248844601BCCC
:103EF000604700BFCD0C010001B40248844601BCFC
:103F0000604700BFD9B0000001B40248844601BC3C
:103F1000604700BF8B52010001B40248844601BCD7
:103F2000604700BFED68010001B40248844601BC4F
:103F3000604700BF4DF9000001B40248844601BC4F
:103F4000604700BF8D11010001B40248844601BCE6
:103F5000604700BFDD0C010001B40248844601BC8B
:103F6000604700BF8944000001B40248844601BC98
:103F7000604700BFE512010001B40248844601BC5D
:103F8000604700BFC1A5000001B40248844601BCDF
:103F9000604700BFE917010001B40248844601BC34
:103FA000604700BF7997000001B40248844601BC15
:103FB000604700BFA9D8000001B40248844601BC94
:103FC000604700BF116E000001B40248844601BC86
:103FD000604700BF0134010001B40248844601BCBF
:103FE000604700BF2D6C010001B40248844601BC4B
:103FF000604700BFC1F7000001B40248844601BC1D
:10400000604700BF0534010001B40248844601BC8A
:08401000604700BF8937010081
:1040180002000000D6BF001101000000F0BD001131
:1040280002000000D2BF0011010000005840FF1F2D
:1040380002000000F8BD0011010000006461FF1FCC
:1040480002000000D0BF001103000000D860FF1F6D
:104058001200000002000000D6BF0011010000009D
:1040680038BE001102000000D2BF0011010000009C
:1040780035BE00110200000042BE0011030000001E
:104088001361FF1F02000000D0BF001103000000F1
:104098002861FF1F02000000D2BF001101000000CC
:1040A80034BE00110200000040BE001103000000F1
:1040B800E960FF1F02000000D0BF001103000000EC
:1040C8000A61FF1F02000000D6BF001101000000B6
:1040D80084BE001102000000D2BF001101000000E0
:1040E800A141FF1F0200000096BE00110100000060
:1040F80079BE001102000000D2BF001101000000CB
:10410800A041FF1F0200000094BE00110100000042
:104118003061FF1F02000000D2BF00110100000043
:104128009F41FF1F0200000092BE00110100000025
:1041380069BE001102000000D2BF0011010000009A
:104148009E41FF1F0200000090BE00110100000008
:1041580064BE001102000000D2BF0011010000007F
:104168009D41FF1F020000008EBE001101000000EB
:104178005CBE001102000000D2BF00110100000067
:104188009C41FF1F020000008CBE001101000000CE
:1041980054BE0011020202020202000000000000E8
:1041A80016150000B54D0011794D0011E4BE00113F
:1041B80090011D0018001800FFFF07010203040505
:1041C80006020106000000000000000000000000D8
:1041D80000000000000000000000000000000000D7
:1041E8000300000002000000D6BF0011010000001B
:1041F80004BF001102000000D2BF0011010000003E
:104208005C42FF1F020000000EBF00110100000009
:104218005E61FF1F02000000D0BF00110300000014
:104228003C64FF1F02000000D2BF00110100000023
:104238005C42FF1F020000000CBF001101000000DB
:104248006061FF1F02000000D0BF001103000000E2
:104258003464FF1F1200000000010000000001117B
:10426800FFFF000050485936000000000000000021
:104278000B000500F0000000B4000028002800280A
:104288003075A000A000A000A00000080008E00110
:10429800F000100010001000100010001000500076
:1042A8005000500010001000D0070000000000006F
:1042B8000F0001000500307507001000010081FFA4
:1042C80000000000FF0000001D730011257100119F
:1042D800B56E0011FFFF0100FF000000559D0011A1
:1042E800C59A0011DD9900110000000000000000CF
:1042F80000000800040000003B0001085902E0012A
:104308008821280002000000D6BF0011010000002B
:104318009CC0001102000000D2BF00110100000083
:104328008943FF1F02000000CEBF001101000000FA
:104338000068FF1F02000000D2BF0011010000004A
:104348008843FF1F02000000CCBF001101000000DD
:104358008643FF1F02000000D2BF001101000000C9
:104368008443FF1F02000000CABF001101000000C3
:104378007C43FF1F180018001D0090010200000375
:104388000202000002000000D6BF00110100000078
:10439800B0C0001102000000D2BF001101000000EF
:1043A800CC43FF1F02000000C8BF0011000000003E
:1043B8000000000002000000D0BF00110300000050
:0643C8002068FF1F20FF2A
:040000051FFF184180
:00000001FF
