:020000041100E9
:103000007FB50023284C294D03932800217C284AB2
:1030100001F031FA002812D103232800217C03AAF1
:1030200001F0D0F900280AD1224B039A9A4206D126
:10303000214B2248E360224B636104B070BD02263D
:10304000217CFE2228001F4B009601F08DF90028FC
:1030500001D00020F1E71C4BA2899A42F9D1217CD2
:10306000FF222800194B009601F07EF90028F0D1CC
:10307000E389174A934203D1164B17486361DCE793
:10308000164A9342E5D1164B164A1B68934206D95D
:10309000C02304222800217C9B0001F0CEF9124BB2
:1030A00012486361C9E7C0464461FF1FA441FF1F86
:1030B000813700005959530059598320E4BF00114A
:1030C000C94100115061FF1F595900005261FF1F93
:1030D0008305000081410011C4BF0011821500006A
:1030E0006861FF1F871300001D420011D4BF00114B
:1030F00070B5134D2B7C002B0DD0124C200001F02D
:10310000E1F8297C382907D1BA22200001F084F99E
:10311000200001F015F970BDEB890B4A934206D1EE
:103120009023022220001B0201F087F9F0E7074AF2
:103130009342EDD12000064A01F09DF9E8E7C04630
:103140004461FF1FA441FF1F83050000832000008E
:10315000A23000000022024B1A825A617047C0461A
:103160004461FF1FF7B5164B0192C318021D0020E2
:10317000009388235B05D3181B685C1C1AD09CB293
:10318000402C18D88D781E0CAC466746CD782D02A1
:103190003D43AE4206D1019800280ED110000C70BC
:1031A000240A4C7003249BB20733A343D218009B1C
:1031B0009A42DED3FEBD4432F9E71000FAE7C0467A
:1031C000FC0F0000802213B503000324019189B293
:1031D000520107319B18A14304305A1A88235B051A
:1031E000C3181B68591C03D190429241104016BD70
:1031F00099B2402907D80B000733A343C018904267
:10320000ECD30020F3E74430F9E7134B134A1B6873
:10321000126810B5FA24934201D81A00F824104B12
:10322000E4021B689A4210D813000E4A12689A42B0
:103230000ED3013307D1F823DB029C4203D10A49A4
:10324000054808F065FD200010BDFC24E402ECE711
:10325000FE24E402F7E7C04600C0071100D00711C2
:1032600000E0071100F00711FFFFFF7FF0B59BB0F2
:10327000150003900491402A5CD806AC618022803E
:10328000FFF7C3FF002221000600FFF76BFF0528B0
:103290000FD92388AB420CD1002D07D0504B2A0008
:1032A0000399C01808F0B4FD002802D101201BB01A
:1032B000F0BD258030000699FFF784FF041E79D108
:1032C000069B0793FFF7A1FF80235B01C6188023AD
:1032D00007001B039E4201D1F826F60288235B05F6
:1032E000F31801931B68013302D0019808F088FBA2
:1032F0003C49019808F00CFD3B1D0293331D0593DA
:103300008822029B52059B181B6808935A1C13D1F4
:1033100088235B05FF1839680198013908F0F8FC2B
:10332000380008F06DFB30000799FFF74BFF0400F1
:10333000002C41D10020BAE744219AB20091402AE2
:1033400004D80320D11D814389B2009104991B0C3C
:103350008B4224D0402A22D80122300008A9FFF74E
:1033600001FF021E1BD1380008A9FFF7FBFE040075
:103370000428DDD9009A059B9B1880225201B218BF
:1033800093422AD288235B05C118009A09A808F045
:10339000CFFC134B009A09A9F01808F0C1FA009A63
:1033A000029B9446634402930F4B029AFB189A4285
:1033B000A6D3ADE70428BDD088235B05E0180699A5
:1033C00008F0A6FC0323EA1C9A4300D16EE7044BE5
:1033D0000399E01808F0A4FA68E70424ECE7C04673
:1033E00004000011FFFFFF7FF80F000073B5040019
:1033F0001600402A1ED801AD6980FFF706FF0022A3
:1034000029002A80FFF7AEFE042810D92D88002E4F
:103410000BD0002C09D0321CAE4200D92A1C074B1D
:1034200092B2C118200008F083FC28B276BDC043D8
:1034300000B2FBE703204042F8E7C0460400001159
:1034400037B5042204000D0001A81649FFF7CEFF8E
:10345000020004280BD1019BA34208D3AB4204D045
:10346000104901A80195FFF701FF01203EBD0E4C58
:1034700023682000019308F0C3FA01992000013964
:10348000019108F045FC80235B01E418074B9C4246
:10349000EED10422034901A80195FFF7E7FE0020C1
:1034A000E4E7C0465555000000C0071100000811B0
:1034B000F0B589B010226946234808F061FC234B1F
:1034C000009A6C469A4211D1019B0F2B35D8069970
:1034D000029A8C4618001100002604AD013808D26B
:1034E000002E01D00A00A160013229D10023A3607F
:1034F00023E04F1CF2D161460126EFE7103610227F
:103500002900300008F03CFCA368A868013300D112
:10351000A060882329685B05C9186B6829601A03B5
:10352000120B6A60814203D03B4201D108F000FCDB
:103530006368013B6360002BE0D1A06809B0F0BD77
:10354000E027014E3F03F6E70000011150485936CD
:1035500007B508F045FCFFF7ABFF002803D001904A
:1035600001984168084707BD10B508F039FCFFF71E
:103570009FFF040008F0A4FC200010BD13B5040058
:1035800008F02EFC002C03D00194019841680847F4
:1035900013BDC0468022F8B5964C974BD20000214F
:1035A00020001C6008F0CCFA2300944A88331A608B
:1035B000934B1A786A23002A00D01133E3620A235E
:1035C0002365904B37221B780820A3638E4B21186C
:1035D000E361102323628D4B3B256361C823DB002D
:1035E000A36123008C331A602823013AE26320642C
:1035F0006364CA67043A211DCA672100BC310D60AB
:103600002100C03108602100C4310B602100063563
:10361000CC310D602100083DC8310D602100D03152
:103620000A602200D43210602200D83213602200D7
:103630000227E032210017604222DC310A602100BB
:103640001B3DE4310D602100E83108602100EC31C0
:103650000B6023000521F43319602300F0331A6056
:103660002300183290331A6023009433186023002B
:103670001E3A98331A60AF23DB002360644BFA26AE
:103680002363644B644DE360644BF031A364230017
:10369000FF31FC33B600A16021611E60A562732575
:1036A000E5656D3D6565A56596255D4AAD00E264FD
:1036B000666258606766A56600270925A767E56604
:1036C000584F594D606720002567E2673A6015271B
:1036D0009C30676007001A2038602000A030070087
:1036E000212038602000A83007004C4838602000B6
:1036F000F830066026006427A436376026005F3F56
:10370000AC3637602600033FB03637602600C63738
:10371000B436376026000027B836376038269E60FA
:10372000424E96205E64424E5A66DE61414E9A6475
:103730005E62F53EFF3E9E621E269A67354A800015
:10374000DE661F675F67DD651D661862DA67BE2388
:10375000394A5B00E250394BD838235004302250AC
:10376000C4225200A350C623E4205B00E15004337E
:10377000334AE1503349344BD16034498000195009
:103780003349E938FF381950324904301950324969
:103790003248D16132491163324951631900F43121
:1037A0000860CE203049400011603049195019009E
:1037B0002F48F83108602F49D16582212E4A8900AF
:1037C0005A501A002D490832D1671A002C49B432D8
:1037D000116088212B4A89005A501A002A498832E0
:1037E00011602A4ADA6408F0EBF8012008F0C0FA08
:1037F000F8BDC0460004FF1F6864FF1F306FFF1F45
:10380000D043FF1F4A0AFF1F3A07000080C3C901C7
:103810009A020000DC0500006A18000050C3000096
:1038200088130000F009FF1F204E00006509FF1FEC
:1038300068100000C409000040420F00102700007B
:10384000FC00FF1FC11BFF1F0000FF1F192CFF1FE3
:10385000A12FFF1F392EFF1F811FFF1F7926FF1F7A
:103860009D1FFF1F4D21FF1F0D1FFF1F9D28FF1FC5
:103870008529FF1F8D19FF1FA927FF1FD524FF1FB3
:10388000E124FF1F0D1EFF1FC51EFF1F851DFF1F0B
:103890000223F0B501250024594E91B03370594BE5
:1038A000594F1D703A680393584B29009A700420B1
:1038B000574A2300009408F053F98023DB059D62EA
:1038C000FFF752FE534BC218C0239B029A4201D20B
:1038D000FFF754FE3C6008F01BF8FFF75BFE08F0B2
:1038E0008FFA1F2201254C4B1A704C4B1D704C4B0C
:1038F0001C704C4B05AC19689143163A0A431A6088
:10390000602219689143403A0A431A6008F0F8F9B6
:1039100008F0D6F9444B9847C120FF21434B800063
:103920001A588A431A50C522920098588843BF39C2
:103930000143995098583E4908408021C9010143EC
:10394000802099509958C0050902090A01439950ED
:1039500080213848490108F08BFA03232A003649B0
:1039600000933648019508F0D3F82C22344905A875
:1039700008F0DEF96178207806F07CFC023410ABA8
:10398000A342F7D12F4C304B226803201A40A023CA
:10399000DB0213432360802322689B0413432360CC
:1039A00022682A4B1A4080239B0313432360284A32
:1039B000284B934200D8012008F08AF807F0F0FF66
:1039C00080232268DB0413432360307808F020F959
:1039D000039B1878C0B208F00BFA08F009F80C49FC
:1039E000042008F05DFA06F05DFE00F035F800F006
:1039F0005BFD00F0F7FD00F0F5F9002011B0F0BD1F
:103A00004A0AFF1FD043FF1F34F000407461FF1FBC
:103A10003B000108000001E0480AFF1F490AFF1FA0
:103A2000680AFF1FBCF00040E1A2000000E100E0D6
:103A3000FF00FFFFD443FF1F5856FF1FD453FF1F43
:103A4000E0BE001114F00040FF7FF8FFFFFF9FFF72
:103A50000080FF1F306FFF1F002210B511001120E2
:103A600008F016F910BD0000F8B500230926374FFD
:103A7000374C3B62E3681120B343E36008F018F869
:103A8000112008F005F8112007F0EAFE4023226813
:103A900080251343236080236268DB021343636045
:103AA000A3682C4A2B43A360A36802211340A360A0
:103AB0008023A2689B0113431022A360236C07207C
:103AC00093432364236C0F3A1343236480235B00E6
:103AD0003B62226B204B1A402263626B1A40626386
:103AE000A26B1A40A263E26B1340E363E3681B4AD4
:103AF0001340E36006F0BEFB0121072006F0CEFC78
:103B0000174B11205A6C15435D6408F059F9FD21DB
:103B1000144B154A89005A508023C720626B5B03FF
:103B200013436363E36880003343E3600F4B104A41
:103B300019581140802212020A431A50802292051D
:103B40001A6008220B4B5A63F8BDC04600F00040D3
:103B50003CF00040FFFFDFFFEFFFEFFFFFFF7FFFC5
:103B6000003800400000FF1F5118FF1F00E100E077
:103B7000FF00FFFF0000054010B5FFF7B9FAE12094
:103B8000C00408F06DF810BD70B51A4CE388002B26
:103B90002AD0FA22D200934201D2FFF7EDFF236828
:103BA000E088A688C0188023711C89B2124D20605D
:103BB000A1809B00994218D3420A93B2C21AEB80AB
:103BC0002260A6800D4A642093420AD8FA2200207F
:103BD000D200934205D90A21180007F0D9FEC8384F
:103BE000C0B200232872E38070BD07F0C9FF83B222
:103BF000EB80E7E7D060FF1F5C61FF1FB70B0000A1
:103C000030B503A804880B20002C0ED14968074D5D
:103C100008784978090201430A20A94205D1012107
:103C200020001980024B1B7A137030BD192A000046
:103C30005C61FF1FF7B5150008AA16884A680F4F88
:103C400014785278120222430A24BA4214D1012273
:103C5000DBB2019200962A0007F09EFD041E0BD1F4
:103C6000074B1B68002B07D068782A7800021043A6
:103C700042425041013098472000FEBD0229000019
:103C8000E060FF1F30B5012503790400BFB02B426F
:103C900011D00A49408807F0EFF828420BD0084BB2
:103CA00001A95B8D4D800B80064B00221B7A60883A
:103CB0000B7104F0A3F83FB030BDC046D860FF1FC1
:103CC0001840FF1F5C61FF1F10B50549054807F04C
:103CD00089F80421044A054807F046F810BDC0469B
:103CE000D860FF1FFFFF00000CBF00111840FF1F2E
:103CF00010B5024804F006FF10BDC046853C001117
:103D0000012103000F4A0170107A58700220987048
:103D10009078D870D0781871032058711079987104
:103D20005079D8710C20187290795872D2790B2082
:103D30009A72054A1278002A03D03A221973DA726D
:103D4000023070475C61FF1F1D62FF1F022310B528
:103D50000370013B43700533837010330371443BA0
:103D600043712A3383714433C37100230372064BBA
:103D700004001B8843720A30FFF7C2FF831D0A301C
:103D8000C0B2E37010BDC0465C61FF1F10B51420C7
:103D900007F01EFF124B14220021186007F0D0FE1E
:103DA000002007F03DFF012007F0D2FE022007F0BF
:103DB0004FFE032004F048F9042006F061F90520C5
:103DC00003F080FB062004F053F8072001F0E8FB25
:103DD000082006F0A9FF092001F084F910BDC046B3
:103DE000E460FF1F07F064FD012007F0F1FD07F01C
:103DF000B7FF0000094B10B50400984205D0012917
:103E000004D12000064906F0EDFF10BD0229FCD1C7
:103E1000013904F031FE0028F3D0F6E7FEFF000080
:103E20000A61FF1F70B50D7A100004AA2C001688D5
:103E300010221440154220D1002E20D10A78022AE7
:103E400018D14A68517815780E4A090229439142DF
:103E500005D00D4A914209D01C800A2404E01422A6
:103E60000A491A8007F064FF200070BD0C2208493F
:103E70001A80F7E71C800124F6E70824F4E70B24F6
:103E8000F2E7C046F3FF0000F4FF00006042FF1FAE
:103E900000C0001110B504000749084806F0A2FF51
:103EA000074804F06BFD0020E40704D50721054A0C
:103EB000054806F059FF10BD0A61FF1FFFFF000013
:103EC000F53D001150BF00115C40FF1F10B50B4BBA
:103ED000BEB01A780A4902A800F090FD01AC80B289
:103EE0006080002808D0074B00221B882100238017
:103EF000054B188803F082FF3EB010BDE860FF1F3D
:103F0000E960FF1FB640FF1FC041FF1F10B50B4BFC
:103F1000BEB01A780A4902A801F0B4FE01AC80B222
:103F20006080002808D0074B00225B8D2100238091
:103F3000054B188803F062FF3EB010BD1261FF1FF1
:103F40001361FF1F5C40FF1FC041FF1FF7B50E004C
:103F5000377A1C0008AB11003D001A8820231D4051
:103F60001F423CD13378022B3BD173681F785B78BA
:103F70001B023B431E4FBB4208D01E4FBB4214D016
:103F80001D4DAB4221D00A252800FEBD002A2AD1B2
:103F9000142C2AD82200F06807F0CAFE174B1C70B8
:103FA000012CF1D9FFF7B2FFEEE7002A1BD1202C3C
:103FB0001BD82200F06807F0BBFE114B04211C70D7
:103FC000104B187807F034FFDEE7E3B201240092CB
:103FD00001940A00310007F0DFFB0500D4E7082553
:103FE000D2E70125D0E70B25CEE70D25CCE7C0466B
:103FF000F3FF0000F4FF0000022900001261FF1F20
:10400000E860FF1F1E62FF1F332310B5040003701A
:104010000A220749013007F08BFE064B0F201B6870
:104020001A0AE37222731A0C1B0E6273A37310BD7B
:104030005C61FF1F8461FF1F30B501250379040017
:10404000BFB02B4213D00B49408806F015FF284221
:104050000DD0094B01AD1B8802A82B80FFF7D4FFC0
:104060000F236B8000222900608803F0C7FE3FB059
:1040700030BDC0460A61FF1FB640FF1F10B50248A1
:1040800004F040FD10BDC0463940001170B5160067
:1040900004AA148805AA15784A6850781178000295
:1040A0002A4A0843801805284BD807F0E9FE031375
:1040B0001E29343F07221000062C0AD8121BAA42E0
:1040C00000D92A0022491A803000091907F030FE71
:1040D000002070BD0720112CFBD81222121BAA420F
:1040E00000D92A001B491A80EEE707200E2CF0D8D1
:1040F0000F22121BAA4200D92A0017491A80E3E7AF
:104100000720032CE5D80422121BAA4200D92A005A
:1041100012491A80D8E707221000062CD9D8121BA2
:10412000AA4200D92A000E491A80CDE707221000C2
:10413000062CCED8121BAA4200D92A0009491A809F
:10414000C2E700220A201A80C3E7C046DCD5FFFF81
:10415000A1BF00113061FF1F91BF00118CBF001182
:1041600084BF00117CBF001110B50D21024A034825
:1041700006F0FAFD10BDC04670BF0011CC40FF1F15
:1041800037B50F4C01AD04232A00217C00F01AF949
:10419000002813D12988236849BA89B24B43218961
:1041A0001B0C5B18074A6988538049BA636889B257
:1041B0004B4361891B0C5B1893803EBD0120FCE7DB
:1041C0004461FF1F5C61FF1F37B5124C06236A462E
:1041D000217C6D4600F0F6F8002818D12988236864
:1041E00049BA89B24B4321890B4A1B0C5B18538097
:1041F0006B4603335B78E9781B020B435BBA61685B
:104200009BB24B4361891B0C5B1893803EBD012020
:10421000FCE7C0464461FF1F5C61FF1FF0B5022749
:1042200085B0154C03AD217C2B00002200970600C1
:1042300000F09AF8002802D0012005B0F0BD0E234E
:10424000217C0122300000976B4400F08DF800289B
:10425000F2D129882368C9BA4B4321891B145B1802
:10426000064A6988538049BA636889B24B436189B9
:104270001B0C5B189380E0E74461FF1F5C61FF1F2C
:1042800010B500F045FB034A00201388013313806A
:1042900010BDC0465C61FF1F10B500F01DFB10BDD6
:1042A00010B58024064AA4001168436B234205D14F
:1042B00013685B1A032BF8D9012010BD0020FCE71E
:1042C0006008FF1F70B5C17905000C00631E9C419A
:1042D0001A4BE402E41849000460C9B2007906F000
:1042E00013F9E979687949000131C9B206F00CF98E
:1042F000E8790930C0B207F0B3FA0023E36661330E
:104300002360AA795B3B002A0ED022689A43023BC5
:10431000134323600A23E3610733236200232363EB
:10432000A3630133E36370BD22689A4302231343FE
:104330002360462363610633A361EFE7005000402A
:1043400070B5002504000368DD66C0790930C0B28D
:1043500007F0AEFB2900207906F072F82900607999
:1043600006F06EF870BD0000F8B51E0006AB1D78B3
:10437000002304681700E366616007F031FD012344
:104380008022E3662B0027615200013B08D207F030
:1043900097FD08200A4A1168002D03D12800F8BDB6
:1043A0002261F2E7236F034203D02369013D33709A
:1043B000013613685B1A032BEED90125EEE7C046E0
:1043C0006008FF1F70B51C00002305681600EB662F
:1043D000696007F005FD01238022EB66230052008F
:1043E000013B08D207F06CFD08200A4A1168002C36
:1043F00003D1200070BD2A61F2E72B6F034203D086
:104400002B69013C3370013613685B1A032BEED91C
:104410000124EEE76008FF1F002370B50468150053
:10442000E366616007F0DCFC0123E366256107F0C9
:1044300047FD2000FFF734FF70BD70B51D0000235D
:1044400004681600E366616007F0CAFC0123E366B6
:1044500026610F33626B1A42FCD02B0A23611023B2
:10446000626B1A42FCD0EDB2256107F029FD2000F5
:10447000FFF716FF70BD002370B504681500E366F2
:10448000616007F0ADFC0123E3662B0A2361102372
:10449000626B1A42FCD0EDB2256107F011FD2000DD
:1044A000FFF7FEFE70BD000010B5084CE368002B5E
:1044B00008D18022064B52021B689B186360054B93
:1044C0001B68236007F054FBA06010BD8461FF1FD0
:1044D000C8F00040CCF00040F0B5184A936A916AE9
:1044E0009942FBD116498A689A421FD39A1A8B6067
:1044F000144B4C68186893B2D2024343D20E424325
:104500001B0A08681B1912029B18002402000127CD
:104510000D4D4B60561CAB420BD8002C01D0100047
:104520000CC10A4A13600A4B1860F0BD581E821A6B
:10453000DDE7084A3C009B183200EBE700F0004042
:104540008461FF1F140AFF1F40420F00C8F00040A3
:10455000CCF00040C0BDF0FF70B5194C23793F2B63
:1045600001D93F232371174A13701078C0B207F0A6
:10457000E7FB1823144A15491380154A0B80138052
:104580004B80A0790C3B421C534380221201934282
:1045900013D81A00CB80A0230E4D888028800E48A7
:1045A0006371823B028023720C4A0D4B1A60E379DF
:1045B000052B01D81023E37170BD1300EAE7C04654
:1045C0007861FF1F480AFF1FBE41FF1F7C43FF1F8A
:1045D000BC41FF1FBA41FF1FB841FF1FE093040019
:1045E0006861FF1FF8B521210020FEF729FF114C5B
:1045F000011E114D09D10C22104BC1CBC1C42800A2
:1046000007F09EFAFFF7A8FFF8BD0C2220000C4926
:10461000FEF7ECFE0C2802D0084B43CB43C40C221F
:1046200028000849FEF7E2FE0C28EBD00C220021FE
:10463000E5E7C0467861FF1F4461FF1FF4BF00112A
:10464000FC0C0000F50C000010B50C2202480349D8
:10465000FEF70CFE10BDC0467861FF1FFC0C000089
:10466000F0B51D4C8022A544040088206946520103
:10467000400507F095FB902212016A4413002000C8
:1046800032C832C316C816C38023144C144FA66810
:104690009B033343A3603B6007F06AF98823A0685B
:1046A0005B05C01807F0ACF900258823290080229B
:1046B000A0685B05C01840196944520007F030F942
:1046C00080230135FF355B019D42EED1A6603E603F
:1046D000044B9D44F0BDC046FCEFFFFFF042FF1FBE
:1046E0009808FF1F04100000F8B503780500013B8F
:1046F0000026012B02D82B7A9E4200DBF8BD6B68A6
:10470000484C9A5DA3690133A361474B19783F294F
:1047100005D81878411CC9B21970444B1A54A37BB0
:10472000002B0BD1522A05D1013322706373A3737E
:104730000136E0E7636901336361F9E7617B4B1C94
:10474000DBB2637362540C2BF2D9237B452B3ED131
:104750000921374801F050FA6289030060789A42D3
:1047600035D10023A3736373A38B012201339BB262
:10477000A38323000833DA772379E2781B021343FB
:104780001BB2E3836379E11C9C466746A379621DF3
:104790001B023B431BB22384C877A178231DD97722
:1047A000637A2100D377E279A31DDA77237AE21DB9
:1047B000D37722002A3108782B32002825D01178AF
:1047C0008B4225D01370E36A0133E36220E0238A31
:1047D00001339BB223820123E25C522A0FD1453A76
:1047E000D01A21000022C0B2CF5C0132D2B20F70C9
:1047F00001318242F8D10D22D31A637398E7013355
:104800000D2BE9D10023A373F7E701200870137083
:10481000084B1A78002A8BD0002208201A7007F063
:1048200037FB85E7A461FF1FD461FF1FD561FF1F20
:10483000A561FF1FCC61FF1FF0B51E4F89B030226C
:104840000021380007F07CF9402200211A4807F0C7
:1048500077F90022194B00211A700A3202ABD018E6
:1048600007F06EF9164B04AC238096239B01059349
:10487000012321002372134B134A079361C961C2BC
:1048800013600022049800920599069A06F02EF80B
:1048900004003B006242624129331A70002806D1AD
:1048A000082007F08DFA3B00012228331A702000FF
:1048B00009B0F0BDA461FF1FD561FF1FD461FF1FC8
:1048C000FF060000E94600119461FF1F014BD86A02
:1048D0007047C046A461FF1F13B50A4B0A4C1B78F2
:1048E000002B0ED0002006F03DF80022074B00926E
:1048F0000FCB05F0FBFF082007F062FA01232834F4
:10490000237013BDCD61FF1FA461FF1F9461FF1FC2
:1049100010B5144B144ADB7F1449002B10D0D38BF5
:104920004B80138C1BB28B80130029331B78002B18
:1049300005D0002328320820137007F0A9FA10BD13
:10494000938B002B0AD0938B5B429BB24B80138AD4
:10495000002B05D0138A5B429BB2E3E7044BF5E7DB
:10496000034BDFE7AC61FF1FA461FF1F5C61FF1F0A
:10497000FFFF0000F0B587B0051E6C4627D06846E3
:1049800007F02EF91B4D022806D1062269462800A1
:1049900007F03EFA002818D00F2221000023012042
:1049A00094460600EA5C013317091037BE40370011
:1049B000664632400600964032003A434A61043966
:1049C000062BEED12000FFF74BFE07B0F0BD1822FA
:1049D0006946094807F0E4F9AB00E358013305D014
:1049E0001822FF21200007F0ABF8EBE70135062D78
:1049F000F2D1EAE76509FF1F00090011F0B50026B2
:104A000004000F00150085B0B24200D184E08A781E
:104A10004B1C01934B7812021A43CB7808781B0485
:104A200013430A79207012061A43009203926670AB
:104A3000252800D190E033D8112813D807F048FA80
:104A400066001501150115011501A400B200AB00A7
:104A500015011501150115011501150115011501A6
:104A6000EF000F01232800D1C7E0DB2800D0C7E109
:104A7000042D00D8ABE0052D00D194E16E1F32006B
:104A80000098791D07F054F905223900200007F03D
:104A90004FF932000099601D07F04AF92E003BE003
:104AA000562853D00FD8332800D1A1E0552836D04E
:104AB0002628DAD1BD4D13223100280007F040F836
:104AC000FEF748FB57E0712800D172E0722800D150
:104AD00084E0DC28C9D1022D00D878E04B786370DF
:104AE0008B78A3706B461E88032D05D0033DC81C30
:104AF000AAB23100FEF7BAFB31001022E01CFEF72B
:104B000075FCC61C002807DA60706DE00C222000DE
:104B1000A74907F00DF90C26300005B0F0BD6A1E5C
:104B2000A44D0C2A10D8002A07D02800019907F0BC
:104B3000FFF8FFF711FDFFF787FD0C222900601C2D
:104B400007F0F6F80D26E7E70C22EEE7994D9A4BB1
:104B50002A0043CB43C2ECE76A1E944D0C2A11D8BD
:104B6000002A08D00199280007F0E2F80C2228005A
:104B70009249FEF77BFB13222900601C07F0D8F84E
:104B80001426C9E70C22EDE706228D49601C07F0C8
:104B9000CFF80626C0E712228A49601C07F0C8F841
:104BA0001326B9E708228849601C07F0C1F80926D6
:104BB000B2E7012D0ED04978F02908D8834D288816
:104BC00001F0BAFC824B2A885200D35A00E0FF233E
:104BD000637009E07D4A7E4B1288F5E77D4B012D1D
:104BE00004D04A785A706270022695E75B78EFE746
:104BF0002000FFF709FA06008EE7042D05D9764D4F
:104C0000009B2B6006F0B4FFA860FFF765FC042250
:104C1000039003A9601C07F08BF805267CE76F4E14
:104C2000062D15D906223000019907F0F1F8002869
:104C30000ED006220199300007F07AF80622684962
:104C40003000FEF713FB0123624A51780B43537087
:104C500031000622601C07F06BF807265CE7012D87
:104C6000B5D04878FFF786FEBEE701281FD15D4A20
:104C7000AB1E0092132B06D84B78002B0BD100F003
:104C80009FF900F0D5F9584B00991E78601C721EF0
:104C900007F04EF840E7013D2A000199009807F01F
:104CA00047F852490098AAB2FEF7E0FAE9E703286C
:104CB00000D0DAE6012D2DD120700C234C4A637010
:104CC00012784C4BA2701A000832D27F1026E27084
:104CD0009A6922719A69120A62719A69120CA27118
:104CE0009A69120EE2719A8B22729A8B120A627280
:104CF0001A8AA2721A8A120AE272DA8B2273DA8B89
:104D000012B2121262731A8CA2731B8C1BB21B128A
:104D1000E37301E74B782070002BCED0012B1FD11D
:104D20000B336370334B0B26DA8BA270DA8B12B223
:104D30001212E2701A8C22711A8C12B21212627163
:104D4000DA1CD27FA2711A1DD27FE2715A1DD27F66
:104D500022729A1DD27F07336272DB7FA372DBE679
:104D6000032B00D033E7022D00D130E70C22224B79
:104D7000897818780426A07018786270E1708842EB
:104D800000D8C9E61B785B1A1E1CDBB2934200D91F
:104D9000161C1A4BF6B23200201DC918043606F054
:104DA000C7FFF6B2B8E6152510266DE64461FF1F71
:104DB00000C000117861FF1FF4BF0011F50C000066
:104DC0005061FF1F3061FF1FF442FF1FC041FF1FF2
:104DD0006C64FF1F7461FF1F8461FF1F6509FF1F63
:104DE000ADAC0000FD63FF1FFB63FF1FAEDE0000E4
:104DF000CD61FF1FA461FF1FD461FF1FD561FF1F9D
:104E0000DA2800D0E3E6042D00D8E0E6082D17D913
:104E1000BB797A791B021343FA7912041A433B7A5D
:104E20001B061343009A1360009B05221B68390080
:104E30002000039306F07CFF0422601D03A9B4E662
:104E4000FE236370F0E7C04670470000020010B513
:104E5000094B0A32094C92B2DA815A82988118823F
:104E6000207802F0CDF90422054B012120781A7038
:104E700006F0DEFF10BDC0467E42FF1F4664FF1FE6
:104E80004564FF1F013870B5042809D806F0F8FF03
:104E900003092C081200244B0221187806F0C8FFE1
:104EA00070BD214B0821187806F002FF00221F4B2D
:104EB0001A72F5E7802200241C4B520060201A81F0
:104EC000DC7206F07DFF1A4B1C701A4B1C70FFF74A
:104ED00003FD154D08212878174A06F011FE210020
:104EE000287806F0C5FEDBE70F4B0821187806F09E
:104EF000DFFE602006F0CCFF1048FEF727FF104BC6
:104F0000104A9B799380104A13800022074BDA7273
:104F10000132FF321A810D4B5B78002BC0D00C4A56
:104F2000136006F035FFBBE71E62FF1F6861FF1FBD
:104F30001D62FF1F1C62FF1F10270000C941FF1FD9
:104F40007861FF1F7C43FF1FBA41FF1F7461FF1F81
:104F500034F0004010B5012907D1042805D1802183
:104F6000024B8900187806F063FF10BD1E62FF1F18
:104F700010B5002907D1042805D18021024B8900F2
:104F8000187806F055FF10BD1E62FF1F0300F0B534
:104F90000A4D8E18B14202D152008018F0BD0C7833
:104FA0002F6824093C5D0F271C700C7801313C40B0
:104FB0002F683C5D5C700233ECE7C046B441FF1FD4
:104FC0001022124B10B51A700F23114C1149237087
:104FD000093A063B1048637006F0AAFE2D23012211
:104FE0000E490F486372FFF7D1FF01220D49FFF709
:104FF000CDFF01220C49FFF7C9FF030000200B4938
:1050000002001870FEF732F910BDC0461A64FF1F87
:10501000FB63FF1FA1BF0011FD63FF1F6709FF1F97
:105020000564FF1F6609FF1F6509FF1FAEDE000054
:1050300070B5134C142220001249FEF7D7F9431E15
:10504000114D132B19D8AB78002B16D0431C2B70A5
:1050500009236B7000230019037028780B4B013073
:105060002900C0B2187006F073FE297822000139B9
:10507000C9B2002005F096FD70BDFFF7A1FFECE777
:10508000FD63FF1FAEDE0000FB63FF1F1A64FF1FFE
:1050900010B5114B1A781870002A0ED000280BD1C9
:1050A0000E4B1A78062A07D85423D340DB0703D5C2
:1050B0000B4B187802F0A4F810BD0028FCD0074B69
:1050C0001B78012B02D0033B022BF5D8044B0121A6
:1050D000187806F0ADFEEFE71E64FF1F4564FF1F62
:1050E0004664FF1F70B54A4E4A4A4B49307004204F
:1050F00005F0B6FAFEF72EF8FFF79EFB06F0A8FEC5
:10510000032246494648FFF741FF2D2403000422AD
:105110001C7044490130FFF739FF30230470424DC1
:10512000424C437083702E3B062220004049EB879F
:10513000FEF75CF9062813D0200006F051FD022886
:1051400009D00321200006F06BFC8D23E3706E3B39
:10515000237119336371062220003549FEF786F862
:10516000344B1B68FC335C64FFF762FF0020FFF7E1
:105170008FFF314C314A0121314B1278207802F0F7
:1051800001F8304A304B12780021207801F0FAFF04
:1051900001222E4B1A702E4B9A783C23552A00D0B0
:1051A000163B2C4A202153722B4B2C4AEB81AA81AF
:1051B0002A826B82307806F04BFD0120404205F0D8
:1051C0003DFD0120404205F0D9FDFEF7CDFFFEF781
:1051D0007BFD00F0EFFC01204042FEF75BFE01206A
:1051E00006F0DEFCF02001F08BF90121307806F0AA
:1051F0001FFE307802F060F9194806F079FBFEF7DF
:1052000033FC00226020110006F042FD70BDC04654
:105210001E62FF1F714F0011554F0011F442FF1F16
:105220003061FF1F5061FF1F7E42FF1F6509FF1F96
:10523000ADAC00006864FF1F4664FF1FE841FF1F1C
:10524000C941FF1F1A64FF1FFB63FF1FEC63FF1FB1
:105250007461FF1F6861FF1FCE090000C4090000D0
:105260002062FF1FF8B50D008B0600D485E07B4B54
:105270001B78002B19D0FFF72FF9FFF727FB784B8E
:10528000784A1968884213D0774918600B8801332F
:105290000B800121754B197006231370744C20008C
:1052A000FEF754FD210006F01BFB20206840F8BDEE
:1052B0001378002B0BD0013BDBB21370002BF4D121
:1052C0006A4A1370684A138801331380E6E7694B12
:1052D000694C6A4E99686268737A8A1ADB039A424B
:1052E00002D36160FEF7C0FB327A217A531EDBB233
:1052F00099422ED1FEF7D0FF637A002B25D0013BD7
:10530000DBB26372002B20D15D4B9B78552B01D112
:1053100006F03EFDE37A002B12D00023A27AE3725E
:105320009A4202D0A372FEF72FFC4F4A504F1388C7
:10533000380001331380FEF709FD390006F0D0FA7A
:10534000642370795843FFF781FD237A0133237278
:10535000ABE79142D0D300272772FEF791FFA37AE3
:10536000BB4202D0A772FEF70FFC414F3800FEF798
:10537000EDFC390006F0B4FABEE70BB2002B0ADAF6
:10538000404B187806F0CCFC002801D006F010FD48
:10539000802000028AE70224214209D0374A364B96
:1053A000127A0120023A1A72FFF772FE20007DE79E
:1053B0000B0721D5FFF790F82E4B2F492F4C9868FB
:1053C0004A68637A821ADB039A4202D34860FEF786
:1053D0004BFBFEF755FFFEF75FFF2A4B08211878BD
:1053E000294A06F08DFB00F0FFFB2368DB0701D59F
:1053F000FEF744FE082059E7CB0609D5FEF7C4FBAB
:10540000164B1B78002B01D1FEF772FC10204DE7E4
:105410000124214205D01D4800F086F806F040FA2C
:10542000C4E78024A40021420FD0042004F002FF2E
:105430000028BBD0094B1B78002BB7D026220E4B7F
:1054400013485A72FFF702FDB0E704240800204019
:10545000214200D12BE7FEF739FDA7E71E64FF1FAD
:105460001862FF1F1C62FF1F5C61FF1F1D62FF1F90
:10547000C941FF1F8461FF1F6861FF1F7861FF1F23
:105480007461FF1F1E62FF1F10270000AC41FF1F49
:10549000C4090000F0B51A4B1A4F1B883A88040063
:1054A000194E1A4D85B09A420DD832889A420AD3C5
:1054B000174B1A882B889A4205D1164A164B128828
:1054C0001B889A421AD0052001F070F83B8802A987
:1054D0000B80338801904B802B88104D8B800E4BB6
:1054E0002A781B88CB800E4B188802F091FD0D4B5B
:1054F00008212878019A1C7006F002FB05B0F0BD67
:10550000EA63FF1FBE41FF1FBC41FF1FBA41FF1FDF
:10551000E863FF1FE663FF1FB841FF1F4664FF1FDC
:10552000C041FF1FE463FF1F13B50C4B1C78002C18
:1055300011D1002801D00A4B18600A4A0A4B117891
:105540000A4A10780A4A01920A4A0092002205F09B
:1055500021FA200016BD1124FBE7C0464564FF1F59
:10556000E063FF1F4464FF1F3464FF1F4664FF1F96
:105570002064FF1F2464FF1F10B5064B12201B7808
:10558000052B06D1044B13221988044B187801F01F
:10559000E9F910BD4564FF1FC041FF1F4664FF1FAE
:1055A00010B500240122114B52421870104B1C7090
:1055B000104B1A8001F080FF04220F4B21001A705B
:1055C0000E480C3206F05CF9102221000C4806F05F
:1055D00057F907220B4B1C600B4B1C700B4B1C70BC
:1055E0000B4B1A700B4B1C7010BDC0464664FF1F5E
:1055F0004564FF1FC041FF1F4464FF1F3464FF1F49
:105600002464FF1F2064FF1FFA63FF1FF963FF1F5D
:10561000C241FF1FF863FF1FF8B5174C060025783D
:1056200006A814240078052D23D1B41F134FA5B26A
:105630001824BD421DD88D1FADB2BD4219D8FA2520
:105640006D00AA4215D21D000D4F0A3DADB2BD42FC
:105650000FD80C4C26800C4C21800C4900240A8069
:105660000B4A1380FFF716FF0A4B0421187806F047
:105670001FFB2000F8BDC0464564FF1F790C0000E9
:10568000750C0000BE41FF1FBC41FF1FBA41FF1F48
:10569000B841FF1F4664FF1FF0B50BB20D0089B083
:1056A000002B00DB70E1A44E307806F039FB041EBD
:1056B00050D00378A22B00D122E1D02B1AD0912B0D
:1056C00045D143780E2B42D19C4B82889A423ED1E1
:1056D0009B4B1B78052B3AD18368032018567F28F3
:1056E00035D0984B1B68002B31D05B68002B2ED037
:1056F00098472CE08078072829D806F0C1FB0428B9
:10570000183F3F74A8D86378002B0CD101218C4B33
:1057100019708D4B1A78002A5BD08C4B307801F0D1
:1057200031FD002855D00722854B1A7051E0617871
:105730000029F8D1E378002B11D0854A854B1278E7
:10574000307801F01FFD60706378002BEBD12000F2
:1057500006F02EFB80200002684009B0F0BD784BB7
:105760001B78022BF3D00121307806F0A1FB002832
:10577000EAD10121307806F05BFBE5E76378002B86
:10578000D1D16F4F032807D13B78052B02D10133CC
:105790003B701EE00223FBE76F4B1A886F4B0293AE
:1057A000002A0BD01B78002B03D00121307806F0A3
:1057B000A7F93B78062B04D1013BE9E7029B1A705D
:1057C000F7E7042B41D10121029B3078197006F0D4
:1057D0002FFB5C4B1B68002BB9D01B68002BB6D08D
:1057E000574A107884E76378554F002B27D106225B
:1057F000211D5B4806F09CFA62895A4B5A491A806F
:10580000A2895A4B1A80E3890B80052139705849C7
:105810000A80584A1380228A574B1A80574B1B78AC
:10582000012B09D11F2000F0C1FEFA229200424351
:105830000421307806F064F90022484B75E7312BDB
:1058400000D070E70022454B1A700323A0E7062220
:105850000021434806F014F80023454A0421138030
:10586000444A30781380444A138006F021FA082114
:10587000307806F01DFAA379083B5A425341304A6A
:1058800003331370304B1B78002B06D0334B30782A
:105890001A78002A06D001F0B3FC0122314B5242A3
:1058A0001A8096E70121197006F0C2FAF5E708217F
:1058B000307806F0FDF96378002B00D047E72C4BD9
:1058C0002D4F0293E388029A04211380294B3078EC
:1058D00003932389039A138063893B8006F0E8FAD7
:1058E000002800D033E7264B1B68002B00D12EE7A1
:1058F000039902983A88098800881B68984726E728
:105900004379132B00D022E70389012B0AD11D4BC9
:105910001B78022B06D10821307806F0C9F9FFF771
:105920002BFE14E7052000F041FE0821020030782C
:1059300006F0E6F80BE7C0464664FF1F05140000BA
:105940004564FF1FE063FF1FE841FF1FC941FF1FC0
:105950001A64FF1FFB63FF1F1C64FF1F1E64FF1FF1
:10596000ED63FF1FC041FF1FF463FF1FF663FF1FBE
:10597000EA63FF1FE863FF1FE663FF1FEC63FF1F7F
:10598000DC63FF1FE463FF1F8020C001014200D0E1
:10599000E2E6CB0731D5324B1B78002B1DD0314EC0
:1059A00005AC3378052B1AD1023B23702E4B210016
:1059B0001B7823722D4B1B7863722D4B187801F0E6
:1059C00085FB002809D007202A4B30701B68002B6C
:1059D00003D01B68002B00D098470120BCE60E20A6
:1059E000254B06221B7825492370254B1B786370B5
:1059F00002ABC01806F09CF9D8E702230800184053
:105A0000194209D0174B1B78052B03D11D4B188861
:105A100005F08EFF02209FE60424214203D0FFF709
:105A200039FD200098E6082308001840194200D1EB
:105A300093E6154B1C78012C03D0022C0DD00820C6
:105A40008AE6124B124A134913481B8812880988A8
:105A500000880094FFF7E0FDF1E7FFF78DFDEEE72A
:105A60001E64FF1F4564FF1FC241FF1FF863FF1F35
:105A70004664FF1FE063FF1FFA63FF1FC341FF1F60
:105A8000F963FF1FC041FF1FE463FF1FB841FF1F01
:105A9000BA41FF1FBC41FF1FBE41FF1F10B502A846
:105AA00004880B20002C10D1496808784978090235
:105AB00001430C48814209D1022119800A4B5988BF
:105AC0001170DB7800205BB2537010BD074C0A20C8
:105AD000A142FAD102211980034B998811705B7998
:105AE000F0E7C0466E2A00005C61FF1F6F2A0000CD
:105AF000F7B5150008AA16884A680F4F147852782F
:105B0000120222430A24BA4214D10122DBB20192CA
:105B100000962A0005F040FE041E0BD1074B1B68BF
:105B2000002B07D068782A78000210434242504187
:105B3000013098472000FEBD022900005864FF1F75
:105B400030B5012503790400BFB02B4225D014499C
:105B5000408805F091F928420CD0124B01A95B8DC9
:105B600060880B8002234B800F4B00225B888B8068
:105B700002F044F90D49608805F07EF9C0070CD5A4
:105B80000B4B01A91B8800220B8002234B80064B84
:105B90009B888B80608802F031F93FB030BDC046F1
:105BA0005064FF1FEC41FF1F5C61FF1F4864FF1F33
:105BB0004642FF1F10B50749074805F013F907498A
:105BC000054805F00FF90721054A064805F0CCF80D
:105BD00010BDC0465064FF1FFFFF00004864FF1F58
:105BE00020C00011EC41FF1F10B5024802F08AFFEF
:105BF00010BDC046415B00110200F0B501270A4804
:105C00000A4E51188B1A002B00DCF0BD08241578C1
:105C10004308684038404000805B013C58406D08B4
:105C2000002CF5D10132EDE7FFFF00003AC0001172
:105C3000F0B500250F269D4200DBF0BD4C5D070945
:105C400044403440A400A05801357840F3E70000F8
:105C500070B50C0088B06B460F2610340A780131FD
:105C60001500120935401D705A700233A142F5D15A
:105C700020236946024AFFF7DBFF08B070BDC0462B
:105C800040C00011F0B54E780B7889B036020C0098
:105C9000170001901E43012A61D9954B9E4200D8FE
:105CA00077E001339E421CD1062A17D1CA788B783F
:105CB00012021A430B791B0413434A7912061A4342
:105CC0008C4B5A6100221A705A808B4A5A608B4A58
:105CD0009A608B4ADA60002009B0F0BD8822520534
:105CE000EEE7884B9E423CD182498B78002B00D056
:105CF000F6E00C2A31D10F22A3789343E278120206
:105D000013432279120413436279120613434B6042
:105D1000E279A07912020243207A00041043627AE9
:105D200012060243CA60E27AA07A1202024376485F
:105D30004A81834208D804236E49142201980B70CB
:105D400005F0F6FF1420C7E71201D21889235B057E
:105D50009A42F0D801238B70BDE7022AFAD00523BE
:105D6000EAE76A4A01239642E6D1FFF705FC052FD0
:105D70000CD9E378A2781B021343227912041A4348
:105D800063791B061343624A0393136006F000F81D
:105D9000A1E7584D2B78002B9DD1AB78002B00D17B
:105DA000A0E02B8901339BB20093B34200D091E075
:105DB000132AD4D9CF7C8B7C3F02122120001F43B1
:105DC000FFF71AFF874200D08EE0002E3DD1E37826
:105DD000A2781B0213432279E96812041A436379FB
:105DE0001B06134303930A228B4212D1FF23A37095
:105DF000E370237163716B89002B09D1E37B227CF3
:105E00001B0212041343A27B13431B0901336B8152
:105E100000226B89002B8ED0002A67D16868370179
:105E20003818000B6B6900030390984205D968612C
:105E300005F0E6FDEB780133EB7068681022A11CD9
:105E4000381805F06DFD2E8145E76F89009A7B1E9D
:105E50009BB293423AD1E278A37812021A43237993
:105E600005A81B04134362796C6812061A43EB6899
:105E700000920392211D0C22049305F059FF01208A
:105E8000260004A940421036FFF7E2FE013F012F31
:105E900017D1009A0B232861824200D04CE70422DC
:105EA0001C49200005F03CFD042203A9686805F0A8
:105EB00077FFE968039AFF23914200D13CE7F73B63
:105EC0003AE73100FFF7C4FE1036DFE70923B74297
:105ED000A4D831E7009BB34200D9FCE607232BE7A7
:105EE000022329E7032327E7062325E70A2323E7DD
:105EF000FFFE00006042FF1F00000111FFFF0000D5
:105F00005048593601FF0000FFFF001102FF00005A
:105F100034F000406C42FF1F10B5034C0B0001220F
:105F2000210000F06BFA10BDD96000110B8870B52C
:105F300006000D000224162B11D92B00032209495B
:105F400000F05CFA041E0AD1074B2A881B88191C32
:105F5000934200D9111C300089B200F0EDFA200004
:105F600070BDC046056100116E64FF1F10B54A7810
:105F70000400013A0B000220012A07D80A78002AFF
:105F800004D005222000024900F038FA10BDC046B6
:105F9000336100110A7810B50B0004000220002ABA
:105FA00004D007222000024900F028FA10BDC046A4
:105FB000DF6100110A7810B50B0004000220002AEE
:105FC00004D009222000024900F018FA10BDC04692
:105FD0004562001110B5034C0B000B22210000F0AC
:105FE0000DFA10BD7562001110B5034C0B000D22A7
:105FF000210000F003FA10BDE762001110B5034C58
:106000000B000F22210000F0F9F910BD41630011CF
:106010000A7810B50B0004000220002A04D01122D7
:106020002000024900F0EAF910BDC046516300119A
:10603000002310B51322190000F0E0F910BD000094
:1060400010B5034C0B001722210000F0D7F910BD4A
:10605000A3630011002310B51922190000F0CEF936
:1060600010BD000010B5034C0B001B22210000F0F6
:10607000C5F910BDDD630011F7B584890D00060078
:106080000121002C22D000238268D3561778002BE0
:106090001EDA0C2C1AD90C3CA4B2131940880093B8
:1060A000230002F090FE431E984101307B06DB0F77
:1060B0006B703F23013C1F40A4B22870AF70AC80CE
:1060C000002C07D0B3680133AB6000210800FEBD8F
:1060D0000020EBE7AC60F8E70B7803704B88437067
:1060E0004B881B0A83700B79C3700420704704200F
:1060F000022B06D10020537811781B02009A0B4323
:10610000138070470B8803700B881B0A43700220B2
:1061100070470420009983420AD1537810781B02FB
:1061200003430B80D37890781B02034300204B80FD
:106130007047F8B50D004B7801240021461C037010
:106140002B788B4201D82000F8BD6B78B01C4F1C17
:10615000012B10D1890069184B88022233704B88BB
:10616000B9001B0A7370691805F0DAFC04360434B0
:10617000A4B2F9B2E4E7122359436B185A880431E8
:1061800032705B8810221B0A7370691805F0C8FC16
:1061900012361234ECE770B5049D14001E00052B76
:1061A00001D8042070BD637812781B0213432B8042
:1061B000E378A2781B02134302226B802A71211D0F
:1061C000681D063E05F0ACFCB2B22A81E92AE8D887
:1061D0002800A11D0A3005F0A3FC0020E2E70023FF
:1061E00010B50A789A4201D8900010BD9A008A181A
:1061F0005488013304705488DBB2240A44709488B4
:1062000084709288120AC2700430EAE710B5110057
:10621000029C062B04D004201022142B01D010BDA8
:10622000022222714B7808781B0203432380CB782B
:1062300088781B02034363800431601D05F070FC05
:106240000020ECE710B50C788B7804315C43E4B2A5
:1062500003702200013005F063FC601C10BD0420B7
:10626000022B06D10020537811781B02009A0B43B1
:106270001380704710B50C000A88023105F050FCFD
:10628000208810BD70B504000D0004981100012B8A
:1062900001D8042070BD1678527812023243028071
:1062A0000200F13255701470E125002C00D10C353C
:1062B000023B9AB24280AA42EBD80231043005F088
:1062C0002FFC0020E6E70420009983420AD153788E
:1062D00010781B0203430B80D37890781B02034392
:1062E00000204B80704710B50C000A88023105F081
:1062F00017FC208810BD000070B501211E0004208D
:10630000049C0E400B4218D1CB40DDB28D4214D913
:106310000A49DBB2098899420FD32300EE331D707E
:106320003300580011184978165C090231430133D3
:106330002152D9B28D42F4D8002070BD7842FF1F9F
:1063400010B50C000A88023105F0EAFB208810BD68
:1063500010B50C788B7804315C43E4B203702200F2
:10636000013005F0DDFB601C10BD10B51100029876
:10637000032B01D8042010BD14785278043B12027C
:1063800022430280CA788C781202224342809AB259
:106390008280EB2AEED80431063005F0C1FB0020E4
:1063A000E9E710B50C000B8803700B881B0A4370DB
:1063B0004B8883704B881B0AC3708A88043006316F
:1063C00005F0AEFBA088043080B210BD0420012B84
:1063D00003D100201378009A1370704710B50C0099
:1063E0000B8803700B881B0A43704A880230043103
:1063F00005F096FB6088023080B210BDF0B589B020
:1064000003931D4B029242000700D05A019102F003
:1064100022F81325061E2CD0029B01240370019B39
:10642000002B04D0001903999847001984B26B46D9
:106430001B7A5BB2002B0FDA1021380002F01CFB34
:106440001925002812D130003219E1B202F070FC97
:10645000051E0BD10C34A4B2042305A938000B800F
:106460000C814E6001F0B2FD051E02D0300005F037
:106470005FFB280009B0F0BD6C64FF1F70B505001C
:106480000C0000280CD00020814209D010222000EE
:10649000044905F045FB01202B7823736B78637367
:1064A00070BDC04680C00011F0B506000D00170099
:1064B0001C0085B002291BD00020102907D1022B17
:1064C00007D0102B03D115E00020102C08D005B008
:1064D000F0BD69463800FFF7D1FF2A0069460BE09E
:1064E00069463000FFF7CAFF22006946380004E021
:1064F000022BE9D12A003900300005F0C1FAE6E7A5
:10650000031CF02800D9F023032008499AB2013A6D
:106510000B80D317034006499B189B100B80D30FA9
:1065200004499B185B100B807047C0467C42FF1FDC
:106530007A42FF1F7842FF1F034B1B888B4202D316
:10654000024B4000C15270477C42FF1F6C64FF1F2A
:10655000014B4000185A70476C64FF1F1722014B13
:106560001A8070476C64FF1F70B505000E2005F09F
:1065700097FA041E13D0D0230370002306228370E1
:1065800007494570033005F0CBFA064B2100DA8A43
:1065900062811B7E2373044B187805F061FC70BD8B
:1065A0008864FF1F7864FF1FCC42FF1F262803D892
:1065B000024B4000C05A70470148FCE77E42FF1F73
:1065C000FFFF000070B506000C00094D1C220021E1
:1065D000280005F055F9074B1E70074B1C7005F09D
:1065E00027FB0123002801D0002312202B7070BD4F
:1065F0007864FF1FCC42FF1F9964FF1F70B5050030
:106600000D4C0800E260A16010220021656005F0D9
:1066100057FA012803D11021A06802F061FD102271
:106620000021280005F04CFA012803D110216068F0
:1066300002F056FD70BDC0467864FF1F70B5041EA1
:1066400005D1002903D006220D4805F069FA0D4B4B
:106650001D78012D11D1002C05D102221A7005F0F0
:1066600017F9280070BD00221A70074B1B78FF2B0A
:10667000F7D02000FFF778FFF3E70025F1E7C046E9
:106680008864FF1F7864FF1FCC42FF1F030010B512
:10669000002801D1002010BD00780B4A002803D14A
:1066A0005988D1821B7913761378022BF2D10023FB
:1066B000984200D103331370044B1B78FF2B01D099
:1066C000FFF752FF0120E6E77864FF1FCC42FF1F6F
:1066D000002911D000280CD04B79012803D1402289
:1066E0005242134303E03F221340032802D001200B
:1066F0004B7170474022F4E70800FAE770B5094D86
:106700000100287800280BD0074C0622200005F055
:1067100007FA21002878FFF7DBFF200005F0E8FAF0
:1067200070BDC0469864FF1F7264FF1F00290AD025
:10673000012808D13F224B799343C02B03D0403B23
:106740005A425341981C704770B5174D06002B787C
:10675000FF2B15D00A2005F0A3F9041E10D0D0237A
:106760000370C83B8370114B11491B784670C3708E
:106770000622043005F0D4F92100287805F070FBDA
:106780000C4B1B78012B0DD10B4B1B68002B03D03E
:106790009B68002B00D09847084B04211878084AC2
:1067A00005F006FA70BDC046CC42FF1F9864FF1F7B
:1067B0007264FF1F9464FF1FC064FF1FC464FF1F47
:1067C00060EA0000014B98687047C0467864FF1F7C
:1067D000014BDB68186870477864FF1F074B10B5E2
:1067E000DA68136801331360054B1878FF2803D06B
:1067F0008021C90105F01CFB10BDC0467864FF1F55
:10680000CC42FF1FF7B50E0002F0CAF8051E1CD0DF
:106810000E4B06621F78002F00D10778AB7910204D
:10682000019305F03DF9041E0FD0D0230380C73B30
:106830008370019BE91DC3700622043005F070F9D6
:1068400021003800E66005F00BFBF7BDCA42FF1FD0
:10685000014B18787047C0469864FF1F054B00280D
:1068600005D1054B1A78054B002A00D1014B1800C1
:106870007047C0468864FF1F9864FF1F7264FF1F43
:10688000014B58687047C0467864FF1F024B186878
:10689000431E9841C0B270479C64FF1F421E030014
:1068A0000120152A03D9FF3B5A425341D8B2704701
:1068B000F0B51C0000230E0085B0039002920B700F
:1068C000029A934201D3002019E0E55C5A1CD2B22F
:1068D000002DF8D0029851198142F4DC0233DFB266
:1068E000A35C18000193FFF7D9FF002807D0013DF2
:1068F000019A0399EBB233708A4202D1E01905B0D4
:10690000F0BDDB19DBB2DBE710B50C0002F0A0F83C
:1069100003001220002B03D02100588805F010F846
:1069200010BD000070B50E4D84006359002B15D0CA
:10693000186A002801D004F0E3FF2B59586A002898
:1069400001D004F0DDFF2B59986A002801D004F033
:10695000D7FF285904F0D4FF00232B5170BDC04647
:10696000A864FF1F1C4B70B504000E00150099426F
:106970000AD11A4B1B68002B01D1122070BD1B6875
:10698000002BFAD09847F9E7154B994215D1134BD4
:106990001B68002B0AD01B68002B07D098470028E3
:1069A00004D1104B1C70104B1D70E7E7290020002C
:1069B000FFF7AAFF0028E1D1F3E7080001F0F0FF9C
:1069C0000028DAD003780320A342D7D12900300071
:1069D00004F0B6FFD2E7C046FEFF0000A464FF1F2C
:1069E000FFFF0000A164FF1FA064FF1FF7B50400B4
:1069F000808801F0D5FF0025A84203D00578A08843
:106A000002F00AF81C4E3378002B1FD0AB421DD188
:106A10001A4B28001978FFF777FF002818D00023B9
:106A20003370A3790820A778A688019305F038F879
:106A3000011E0DD0D0230370CA3B8370019B4770A9
:106A400086808371280005F00BFA01E0002DE8D163
:106A5000A0880B4B8200D358002B01D0FFF762FFB8
:106A60001721A088FFF768FDA08801F02BFDA08802
:106A700001F002FEF7BDC046A164FF1FA064FF1F26
:106A8000A864FF1FF0B587B01D000CAB1B88070082
:106A900001930DAB1B88142002930EAB1B881600CC
:106AA00003930FAB1B880091049310AB1B880593D5
:106AB00004F0F6FF041E1AD0D0230370CB3B4770BE
:106AC0008370C670062229000430002D11D005F015
:106AD00027F8019B21006381029B0098A381039BFF
:106AE000E381049B2382059BA37405F0B9F907B0E9
:106AF000F0BD04F0C5FEECE7F7B5009308AB1B88CA
:106B000007000C200D001600019304F0C9FF041EBD
:106B100013D0280001F044FF00280FD00078D023C4
:106B20002370C93BA370009B21002381019B6770E8
:106B3000A580E680638105F093F9F7BD014B1878D5
:106B4000EDE7C046CC42FF1F13B5040064890389FA
:106B5000C2888188C0780094FFF7CEFF13BD000083
:106B600010B5044C2068002803D004F0C9FE0023AF
:106B7000236010BDAC64FF1FA122F0B58188920094
:106B80004A43384B384F1B6889B09B189D229200AE
:106B90009B18827904001A603B68002B5FD01D7837
:106BA000324B1B68002B04D05B68002B01D0002007
:106BB0009847260008363100E079FFF7B7FD237DBE
:106BC000E0710200E0780493638A29000393238A2A
:106BD0000293E3890193A38800933300FFF752FFE8
:106BE000E378002B0BD1E289A379A1880292019668
:106BF000E27928000092012201F0DCFEE0703B689F
:106C0000002B20D0FFF7ACFF194D287800281AD0B0
:106C1000184B1978FFF778FE002814D02B7808203D
:106C2000A788E678079304F03BFF011E09D0D02324
:106C30000370CA3B4670837087808671079805F0A1
:106C40000FF900232B701721A088FFF775FCA0888F
:106C500001F038FCA08801F00FFD09B0F0BD064B33
:106C60009DE7C0463409FF1FAC64FF1FC064FF1FCF
:106C7000A164FF1FA064FF1FCC42FF1FF8B50700EF
:106C800008000E0001F08CFE041E18D02620FFF72D
:106C90008DFC051E00D12578062004F001FF041E9E
:106CA0000DD00021062204F0EBFDD0232370C23B5F
:106CB00021006770A370A680E8B205F0D1F8F8BD96
:106CC000F0B585B001930AAB1B78070002930BABBC
:106CD0001B7808000D000092039301F061FE061E70
:106CE00022D0102004F0DCFE041E1DD01022002152
:106CF00004F0C6FD2620FFF759FC002800D13078AB
:106D0000D0232370C13BA370009B21002372019B01
:106D100067706372029BA580A372039BC0B2E3728B
:106D20000C9BE36005F09CF805B0F0BDF7B50D00D5
:106D3000019001F035FE071E1FD00E2004F0B0FEBA
:106D4000041E1AD02620FFF731FC061E00D13E7823
:106D5000D0232380C53BA370F91D0622E01C04F05C
:106D6000DFFE019B2100638101232B40AD07ED0F66
:106D700023736573F0B205F073F8F7BDF0B585B015
:106D8000029010000D0017000A9E039301F008FE08
:106D9000041E31D0029B002B2ED1039B02795B078E
:106DA00024D5122313430422002E08D10B99002965
:106DB00005D10C99002902D10D9900291AD01A4346
:106DC0000D9B2271002B00D0C9E0002E00D1CFE036
:106DD000002D00D0CCE0606A002801D004F090FDC6
:106DE0001C21300004F014FE606205E002239A4387
:106DF0000E33D7E793432371654BBA00D458002C68
:106E000000D1AAE0002E10D0236A002B03D11C2051
:106E100004F0DEFE20625E4BBA00D358186A0028E8
:106E200003D01C22310004F07BFE0C9B002B12D0FF
:106E3000574CBB001D596B6A002B03D1162004F080
:106E4000C7FE6862BB00E358586A002803D01622C8
:106E50000C9904F065FE0D9B002B11D04C4DBC002D
:106E60006659B36A002B03D1142004F0B1FEB0625E
:106E70002B59986A002803D014220D9904F050FE73
:106E8000380001F08DFD051E67D0414BBA00D35884
:106E9000002B62D01A6A3420002A00D11C389A6A6A
:106EA000002A01D0143080B20B9A002A01D01C3085
:106EB00080B25B6A002B01D0163080B204F0F0FD86
:106EC000041E4AD01822002104F0DAFC2620FFF725
:106ED0006DFB0190002801D12B780193D023237002
:106EE000029B200063700A23294EA370039BBD0000
:106EF000A371AB59A780196A1830002905D01C224C
:106F0000A06004F00DFE200034307359996A002906
:106F100007D0030014221433E060029304F000FE53
:106F200002980B9B002B08D003001C221C330B99EA
:106F30002061029304F0F4FD02987359596A002904
:106F400003D01622606104F0EBFD6B462100187936
:106F500004F086FF3800FFF7E5FC05B0F0BD102215
:106F60000D9B0D991B69A018236204F0D9FD2CE735
:106F70000B9B002B00D13FE7012D00D03CE7606A5E
:106F8000002801D004F0BCFC1C210B982AE7C04665
:106F9000A864FF1F10B5044C2068002803D004F03B
:106FA000AFFC0023236010BD9C64FF1F0B4B07B593
:106FB0001A68002A01D100200EBD6946531C012029
:106FC00012780731FFF774FC0028F4D0027801230F
:106FD000100018401A42EED0EEE7C046B864FF1F1A
:106FE000F0B51F4F01203B6887B0002B25D09B7860
:106FF000059300F0B3FB002821D00A20FFF7D6FA52
:1070000004000B20FFF7D2FA164B05001E78731E02
:107010009E413B68F6B2191DD878FFF759FB3B68D3
:107020002900DA7A043303929A790193029200904C
:1070300033002000059A04F003FE07B0F0BDFFF70F
:10704000B5FF002805D00620FFF7B0FA040007209E
:10705000D8E70820FFF7AAFA04000920D2E7C046C3
:107060009C64FF1F9864FF1F70B50A4E04003378BC
:107070000D00FF2B0DD0042004F012FD011E08D0DE
:10708000D0230370CE3B45708370C470307804F019
:10709000E7FE70BDDC42FF1F70B5040006200D0046
:1070A00004F0FEFC011E0AD0D0230370CD3B837098
:1070B000054B44701B688580187804F0D1FE002CC5
:1070C00001D0FFF767FF70BD9C64FF1FF8B5264F26
:1070D00006003B680D001124002B05D10522234B2F
:1070E0001B78134202D112242000F8BD204A10243C
:1070F0001268002AF8D01278002AF5D0DB0719D5DB
:107100002B789A1E012A1AD80C2004F061FD132452
:1071100038600028E8D000230A2243702900067056
:10712000023004F0FDFCFFF75BFF041E0AD0FFF7FE
:1071300031FFD9E700F012FB0028E1D1E4E7002B92
:10714000E2D0D0E70B4B1B78032BCDD11D20FFF7EE
:107150002DFA094B18800028C6D0084B0421187856
:10716000074A04F025FDBFE79C64FF1F9964FF1FD9
:10717000B864FF1F9864FF1F9664FF1FC464FF1F5D
:1071800060EA0000F7B50193194B14001A78052343
:1071900006000F0012201A4221D0012920D1154BE0
:1071A0001D68002D1BD002201F2C18D8002C02D0E7
:1071B000019B002B13D0104B1F221E706E1C002150
:1071C000300004F05DFB01992200300004F0A8FCBF
:1071D000310020002C70002F06D004F031FEFEBDDF
:1071E000064B12201D68DCE704F0B2FDF7E7C0464D
:1071F0009964FF1FB864FF1FDC42FF1FB464FF1FC8
:10720000F8B50F4E12243368002B17D01B780F3CB3
:10721000834213D100250B4F0221387804F048FD3A
:10722000094B042138781D8004F042FD074B2800EB
:107230001D8033685C7004F0F3FD04002000F8BD8D
:107240009C64FF1FC464FF1FB064FF1F9664FF1F90
:1072500070B5012823D11B4C2388002B03D01A4A78
:107260001578002D07D0194B1B68002B02D0187819
:10727000FFF7C6FF70BD3B2B02D93C3B2380F9E7EB
:10728000134E0221307804F013FDFA222388920075
:1072900002215A43307804F033FC2580EAE70B4B97
:1072A0001B68002BE6D00B4B1B785B07E2D5084B25
:1072B0000221187804F0FCFC0022024B1A80FFF730
:1072C00069FED7E7B064FF1F9464FF1F9C64FF1F33
:1072D000C464FF1F9964FF1FF8B51E4D286800287D
:1072E00003D004F00DFB00232B601B4E30680028F8
:1072F00003D004F005FB00233360184F05243B78CE
:1073000018002040234221D0154800F02BFA3B788A
:10731000234213D0202004F05BFC2860002813D007
:107320002022002104F0ACFA202004F051FC041EBD
:10733000306005D02022002104F0A2FA002004E0F1
:10734000286804F0DDFA2C601320F8BD00F00AFA7A
:10735000F4E7C046B864FF1FB464FF1F9964FF1FC1
:10736000D042FF1F10B50A4C23681A1E0ED0002809
:1073700008D10130587004F053FD002805D023686F
:10738000002B02D00021FFF787FE0122100010BD64
:107390009C64FF1FF7B5274E050033680191181E46
:1073A00021D05C78244F012C30D1FFF7FFFD00285D
:1073B00025D02000FFF7FAF80400412814D91F4B0C
:1073C000022118781E4A04F0F3FB1E4B3C3C1C8043
:1073D000022233685A703B78002B14D1280001999F
:1073E000FFF75AFE0120FEBDFA2292004243002A16
:1073F000EED0124B0221187804F082FBE8E7FFF789
:10740000D5F80200F3E700233B70EBE73B78002B55
:10741000E8D1032004F044FB011E08D0D023037000
:10742000CC3B457083703368187804F019FDFFF782
:10743000B1FDD7E79C64FF1F9464FF1FC464FF1F66
:1074400060EA0000B064FF1F10B51749838802008E
:107450008B4220D011D815498B4217D014490020F7
:107460005B1899B2012907D8926811785A425341A2
:10747000D8B2FFF7F9FD012010BD0E4A00209B187D
:1074800007229BB29A424041C0B2F5E78368187860
:10749000FFF768FFF0E7836899785A78090218784F
:1074A0001143FFF777FFE7E70A20000006200000FE
:1074B000F8DFFFFFAFDFFFFF014B18707047C046DA
:1074C000DD42FF1F10B5064C207001F045FA207810
:1074D00004F06EFA0521207800F068FD10BDC0466A
:1074E000C464FF1F0BB273B50D00002B00DBC4E0BA
:1074F000884B187804F014FC041E0ED00378912BEE
:107500000FD0A22B00D1A1E0834B1878FF2852D0D6
:10751000210004F0A5FC00284DD180200002684025
:1075200076BD43780F2B76D013D8052B70D00E2B59
:10753000EAD18088794B98422BD8794B98421BD856
:10754000784B9842E0D1A3681878591CFFF776F879
:1075500038E03E2BD8D18378032B74D06CD8012B24
:107560006ED0022BD0D1704B1B68002B23D05B68F0
:10757000002B20D098471EE06C4BC0180C28C3D8B5
:1075800004F02EFA1DC2C2150BC20B0B0B3223C224
:107590003C00674BC0180728B6D8664B1B68002B09
:1075A00009D01B68002B06D0200098470AE0A3688A
:1075B0001878FFF7C9F8200004F0FAFBADE7A068DF
:1075C000FFF764F800289FD0F5E7A3681B78002B2D
:1075D000F1D0554B1B68002BEDD01B68002BEAD077
:1075E000210055489847EDE74F4B1B68002BE2D030
:1075F0001B68002BDFD021005048F3E7504B1B687D
:10760000002BD8D05B68002BD5D021004348E9E798
:10761000FFF7ECF9CFE780884A4B984203D04A4BFA
:10762000984200D070E7464B1B68002BC3D05B68C4
:10763000002BC0D02100D5E7153B012BBBD963E758
:10764000FFF79AFAB7E7FFF77FFAB4E73F4B1B78EB
:10765000042B07D100236A4613800179408800F08B
:10766000CBFCA8E7364B1B68002BA4D05B68002B33
:10767000A1D00100364898479DE7012421420AD055
:10768000294B1B68002B04D05B68002B01D0002025
:107690009847012043E78B070AD5264B1B68002B30
:1076A00004D05B68002B01D020009847022036E709
:1076B0000421280008400D4200D131E7254E3388CF
:1076C000002B21D0013B9BB23380002B1AD1FFF756
:1076D000DDF800280AD0204B1C70164B1B68002BCD
:1076E00004D05B68002B01D020009847FFF7C8F852
:1076F000694601F00CFD6846FFF700F81D20FEF713
:1077000055FF308004200AE7024B187804F0D0FAC5
:10771000F8E7C046C464FF1FDD42FF1F0E200000D3
:107720000120000009100000BC64FF1FFEDFFFFF06
:10773000AFDFFFFFC064FF1F0C2000000B20000024
:10774000A464FF1F0D200000132000009964FF1F98
:10775000FFFF00009664FF1F9464FF1F10B501F047
:107760009FF910BD014B18607047C046C064FF1FF1
:107770000B880020162B01D817230420014A138000
:107780007047C0466E64FF1F00207047074A030021
:107790001188814207D091880020994202D101309E
:1077A0008000101870470020FAE7C046CC64FF1F25
:1077B000F0B58F7806000D00C5B01E2F15D1FFF76C
:1077C000E5FF051E03D10024200045B0F0BD0022D6
:1077D0003B003100C078009200F0B8FB0400A81C08
:1077E00000F0D8FBFF23EB70EEE7264B0624039353
:1077F0001B78FF2BE8D0182FE6D87B08224A013BE4
:10780000DB0002929A589446002ADDD0029AD318DF
:107810005B68002BD8D00878002802D14B78012B68
:1078200002D10624122FCFD107AFAB886978009719
:107830006446AA68A047041EC6D1AB78029A5B08CA
:10784000013BDB00D318390030005B689847041E09
:107850000BD1AB78042BB6D0039A310010782200FC
:10786000009700F073FB0400AEE76A78002AABD102
:10787000AA7805A93B88087130000A704B80FEF792
:107880004BFBA0E7E042FF1F90C000111D4B37B536
:10789000050098420BD000290AD1FFF777FF002896
:1078A00005D11948FFF772FF002800D0058037BDC9
:1078B00001291AD1FFF76AFF041EF8D001235B42A9
:1078C0000380A378FF2BF2D0FE2B07D00023E078B3
:1078D0001422009329001E3300F038FBA01C00F096
:1078E00059FB01235B426380E1E70229DFD10139C3
:1078F00001F0C2F80028DAD12800FFF747FF041E84
:10790000DFD1D4E7FEFF0000FFFF0000022210B528
:10791000074B52421A80074801325A809A80DA8017
:1079200000F084FA044801F029F8002010BDC04698
:10793000CC64FF1FB17700118D7800110388F7B573
:107940000400002B02D102252800FEBD426802215E
:10795000137825485268FEF7A7FD00282ED0234F44
:1079600001253A88002AEFD0802321885B02012577
:107970009B1A9942E8DC0C2004F02AF9061E31D04B
:107980003B8822889C4600231800019561469DB2E1
:10799000491989B2AA421BD8002801D062443A8012
:1079A00000233000082208C0210004F0B9F8104A72
:1079B0001368002B13D100251660C5E76268022109
:1079C00013780C485268FEF76FFD0028C7D1BAE75C
:1079D00060681D014019418101330198D6E71A0002
:1079E0001B68E6E71325AFE7FEC00011DE42FF1F6C
:1079F000C864FF1FFCC00011014B18707047C046DF
:107A0000E042FF1F14230A0010B51A40194204D0A7
:107A10000122102101F04CF810BD4B06F9D4C843E7
:107A2000022340001840F7E710B514008B0604D578
:107A30000122102101F03CF810BD08230A001A4071
:107A4000194202D14BB2002B0FDA102101F030F8AD
:107A5000002808D02300F2331B78002BECD0F1343F
:107A60002378012BE8D10020E6E703208907FAD428
:107A7000E2E70000F0B51F00184B85B01C680190CC
:107A800002910392002C27D1200005B0F0BDA5681B
:107A90003301ED186B89019A934211D3029A9342F4
:107AA0000ED8002F04D10A9B002B10D12C00EBE73D
:107AB0003B002978039A6868FEF7F6FC0028F2D1AB
:107AC0000136B6B2A388B342E1D82468DAE7A368E6
:107AD0000A9A5B891380E9E70026F3E7C864FF1F71
:107AE00037B50C000A8849880123914217D3002A30
:107AF00015D0651D23792A0002210A48FEF7D4FC1F
:107B0000102300280BD023796188208800242A00C4
:107B10000094FFF7AFFF0A23A04200D02300180013
:107B20003EBDC046FEC0001113B50A000888498852
:107B3000012388420BD8002809D00024137905328C
:107B40000094FFF797FF0A23A04200D023001800FB
:107B500016BD13B50A0008884988012388420BD84E
:107B6000002809D00024137905320094FFF782FF22
:107B70000A23A04200D02300180016BDF0B58BB038
:107B800003904A8808880E000123824213D30028FC
:107B900011D00023012704AC237000227188130048
:107BA0000092FFF767FF05002078002D06D12278AC
:107BB0000A23002A41D118000BB0F0BD002835D1AE
:107BC0002B78022B18D167706A8983000130E31883
:107BD00080005A8069680222201803F0A1FF2378F0
:107BE0000133DBB22370042B19D93B0068890130C3
:107BF00080B2002BD1D0DAE70223637012235843FE
:107C00006A89231804305A8069681022201803F00A
:107C100087FF23780133DBB22370002BE5D10A4ABA
:107C20006B899B185A425341DBB2DFE76378012B23
:107C3000E4D12B78022BC7D0B9E721000398FEF7D7
:107C400095F90023B7E7C0460100FFFF0F4BF0B5E1
:107C500004001868002816D083685D89A54207D8FB
:107C60008288AE18B44203DA12019A18934201D105
:107C70000068EFE71E005F891036A74204D1002993
:107C800000D00D801800F0BD3300EFE7C864FF1F7F
:107C900070B505000C0008880021FFF7D7FF03002E
:107CA0000120002B04D022002800197AFFF7BCFE27
:107CB00070BDF7B50C00002501902300EE331B7852
:107CC000AB4201D800200AE06B00E65A00213000E8
:107CD000E718FFF7BBFF002802D126800130FEBD68
:107CE000017A0198FFF78EFE002802D03B8823809E
:107CF000F5E70135EDB2E0E710B504000888002192
:107D0000FFF7A4FF03000120002B03D02000197A05
:107D1000FFF778FE10BD0000054B1B68002B01D15A
:107D2000180004E09A6852898242F6D19888704718
:107D3000C864FF1FF0B50E27002687B0039302AB7F
:107D4000FF183E8005001F4B40891400984207D061
:107D50002B78013000976A6880B2FFF78BFE06002F
:107D600002212B7818486A68FEF79EFB00280FD086
:107D70006C892000FFF7D0FF002802D0013C0419D5
:107D8000A4B2039B002B00D01C80300007B0F0BDD4
:107D900002212B780D486A68FEF786FB0028E7D1A0
:107DA00002212B780A486A68FEF77EFB002807D07C
:107DB000002EDED03B88A342DBD17489013CDFE793
:107DC0006C89DEE7FFFF0000FEC00011FCC000115F
:107DD000FAC0001110B50C00FFF7D8FC0300022018
:107DE000002B0AD0002C00D023609B781720FE2B9C
:107DF00003D00138FF2B00D1002010BD73B50D005A
:107E000001A904001600FFF7E5FF172805D0002E92
:107E100004D129002000FEF725F976BD01221021AA
:107E2000200000F045FE0028F3D0F6E7014B186073
:107E30007047C046D864FF1F37B56B469D1D0100D3
:107E400004000222280003F073FF2B88B02B0ED110
:107E50002379122B09D12300FA331B78012B06D189
:107E60000121608800F0E0F801E01B2BF8D037BD5D
:107E700010B5054B0421187000F098F8FFF746FD87
:107E8000FEF76CFB10BDC046DC64FF1F0020F0B5A0
:107E90000BB20F0087B0834234DA274B187803F017
:107EA0003FFF051E2BD00378A02B25D103AE310058
:107EB000FEF7E2F8041E0BD1B378DB0724D51F4B85
:107EC00006341B68002B03D03100688898470400F3
:107ED000A868002801D003F02BFE002C08D1184A16
:107EE000039B1340174A934206D0B3781B2B03D051
:107EF0000121688800F098F8280003F059FF8020DD
:107F00000002784007B0F0BD0F4B1B68002B10D06B
:107F1000310068889847041EDAD07378002BD7D1D7
:107F2000B27801A90A704B800C716888FDF7F4FFE4
:107F3000CEE70624F1E7C046DC64FF1FD464FF1FD0
:107F400000FFFF0000011200D864FF1FF7B5019089
:107F5000FC200D0017001E0003F0A2FD04001320FA
:107F6000002C12D0B02320002370089BF4226770ED
:107F7000658026710830002B08D0190003F0D0FD71
:107F80002100019803F06CFF0020FEBD089903F06A
:107F900077FCF5E710B5041E06D00078FD2803D85D
:107FA00003F09EFDFF23237010BD00000A1F93B253
:107FB00010B504000220032B05D882400020024B9C
:107FC000D1529B189C7010BDFC64FF1F0B8870B5CC
:107FD000043B04000D000220032B0BD801212000DC
:107FE00000F04AFD03001420002B03D029002000DC
:107FF00000F0DEFB70BD000007B51300034A0092DD
:108000000A00012100F02CFC0EBDC0463582001193
:1080100007B5019203220092024B0A00122100F0E0
:1080200047FC0EBDB382001107B56B4601AA118053
:108030000449D88008780633012802D1190003F0DA
:10804000FFFC07BDDD64FF1F0C4B10B5187000234B
:10805000FF210B4A1380138193819380094A538037
:108060001370517293819372D174D38213755177C7
:1080700003F0FEFB00F0FCF910BDC0460C65FF1FCD
:10808000FC64FF1FDE64FF1FF0B58DB06B4600205F
:1080900003910C229B5E834200DBB1E05D4B1878BC
:1080A00003F03EFE051E00D1A5E00378902B00D022
:1080B0009EE006AF01004688380000F013FA7968A8
:1080C0000400002900D19DE03B88052B6FD13B893E
:1080D000032B1CD905AC200000F0A2F86288172AF7
:1080E00060D83989131D994231D1796823780431D8
:1080F0000291D90738D5607800F08EF9071E06D0B6
:10810000002303712378012B08D0132B23D0A868F8
:10811000002800D179E003F00BFD76E06288029937
:1081200009A800F0A6F80290380000F08BF909AA1F
:108130002378387A0192002231000092029A00F0EE
:1081400012F9380000F064F9029B002BDFD03000F8
:1081500000F080F9DBE70378032BD8D1628802991D
:1081600009A800F0D6F8DEE709AF122B12D13800CB
:10817000029900F0B4F8021EE9D127498B88002B40
:10818000C5D088792378019761780091310000F09B
:10819000EAF8BCE700233A003B8061783000FFF743
:1081A0002BFFB4E71D4B09AA09936178F6E7042B6E
:1081B00002D09A1F012AAAD8174A043B9B00995A59
:1081C0000029A4D0D218907831003A0000F0ADF820
:1081D00000289CD13B88042B03D001213000FFF7FD
:1081E00023FF012C04D1A868002801D003F0A0FCD3
:1081F000280003F0DDFD8020039B000243401800AF
:108200000DB0F0BD012800D181E701213000FFF75A
:108210000BFFEDE70C65FF1FFC64FF1F010017005B
:108220000B7803704B784370CB788A781B0213432A
:10823000438070470A88030002700A88120A42705D
:108240000A88012A06D14A8882704A88120AC270B6
:108250000420704702208242FBD14A8804309A7081
:108260004A88120ADA708A881A718A88120A5A7140
:10827000EFE710B50400012082420CD94B780A7850
:108280001B0213432380834206D1CB788A781B02DA
:1082900013436380002010BD022BFBD1CB788A787A
:1082A0001B02134363804B790A791B021343A3809B
:1082B000F0E70B8803700B881B0A43704B888370B0
:1082C0004B881B0AC3708B8803718B881B0A437110
:1082D000CB888371CB881B0AC371082070470300C9
:1082E0000120082A14D14A780878120202431A8021
:1082F000CA788878120202435A804A7908791202B1
:1083000002439A80CA798879120202430020DA80F7
:10831000704710B504000120022A05D100204B78D7
:108320000A781B021343238010BDF8B50600102005
:108330000F00150003F0B4FB04000120002C0ED048
:10834000A0230C22290023806780201D002D07D048
:1083500003F0E6FB2100300003F082FD0020F8BDB1
:1083600003F08EFAF6E7F7B51E00009008AB142074
:1083700017001D78019103F093FB041E12D0A22375
:108380000370019B47704380099B057146710C2265
:108390000830002B07D0190003F0C2FB2100009821
:1083A00003F05EFDF7BD099903F06AFAF6E737B509
:1083B000041E0FD04388002B0CD00025C188132346
:1083C000007A172201950095FFF7CDFFFF23658006
:1083D0006372257037BD000010B50C4904004A884F
:1083E000002A09D08B89002B05D00020CB8A0222DD
:1083F000834201D010BD012213000A204343002014
:108400004032C854C81842800472F3E7DE64FF1F8C
:108410000023438003707047094B00211A0010B5F8
:108420005C88002C06D01C79844203D10A234B437C
:10843000D01810BD01310A330329F1D10020F8E72B
:10844000DE64FF1F10B50400407A03F049FBFF23F0
:10845000637210BD7047043010B580B203F0B0FBFA
:10846000002803D00421494203F0C2FB10BD0000E4
:1084700070B50025104CA0682580A581A580A84274
:1084800002D003F055FBA56000250C4C0C4B606D31
:108490001D80230058331D70A84202D003F048FB12
:1084A000656500256068002801D003F041FB0135B7
:1084B00008340A2DF6D170BDA465FF1F4865FF1F63
:1084C0009865FF1F70B5041E09D1054D2880A8814D
:1084D000A880A868002802D003F02AFBAC6070BD19
:1084E000A465FF1FF0B54B8885B00193002343605E
:1084F0000A7905000F00022A00D07BE0CA88032A0F
:1085000017D98B685E7819783602DC78D8790E43F3
:1085100099781B7A24021B020C43034353495BBA2C
:108520000B80331D93421ED1042C04D0631F022BF9
:108530000ED9012015E0019A4D4B1201D35A002BA0
:1085400006D00198FFF7BEFF4A4A13690133136151
:108550000421B8682E812C80494203F049FB6860F1
:10856000002005B0F0BD434D042C06D0631F022B44
:108570000FD9EB680133EB60DBE7019A3C4B12014A
:10858000D35A002B05D00198FFF79CFF2B690133CC
:108590002B61374B30000293019B029A1B01019320
:1085A000002301998C468B52130063449C800393F3
:1085B0009E81FFF750FF039B041E986016D0042194
:1085C000B868494203F014FBFA880100043A20001D
:1085D00003F0A6FA0199029AFB888A5A043B9B1879
:1085E000029A8B522B6801332B60A2E7AB690133EF
:1085F000AB619EE71E4B0293019B1E01029BF35A47
:10860000002B2DD002998C19A068002828D0012AAF
:1086100026D1FA889B189BB27352A189994217D32D
:108620009B1AC018B96803F07BFA029BA289F35A1F
:10863000934200D07DE700222B81A3882B80A36882
:108640006B60029BF2520B4A53680133536070E730
:10865000084A9368013393600198FFF733FF68E796
:10866000044A536901335361F6E7C0460E65FF1FA4
:10867000A465FF1F1465FF1F70B5051E15D10B4CB7
:108680000B4B1880230058331870606D002802D0FF
:1086900003F04EFA6565250050356068002801D06A
:1086A00003F046FA0834AC42F7D170BD4865FF1FAD
:1086B0009865FF1FF0B51700A12285B092000193C5
:1086C0004243394B06001B680C009B18D933FF331B
:1086D0001D78FDF73DFF0430854204DD3000FDF7D5
:1086E00037FF0430C5B2BD4207D33A000021300045
:1086F000019B03F0BDF905B0F0BD2900380003F07F
:108700003FFA2300C6B250331E700393019B290029
:108710006365380003F0DCFACBB20293002B02D081
:10872000039B01361E7000262300503303931B78F1
:10873000B34204D8606D002831D10020DBE7029AF3
:108740002800002A04D0013B1000B34200D02800CA
:10875000F700E719387003F06BF9786000280ED045
:108760003A78019903F0DCF9019A3B780136D31885
:108770000E4A0193D369F6B20133D361D4E7039B68
:1087800018706065A74205D1084A1320D36A0133E7
:10879000D362B0E7606803F0CBF90834F2E703F086
:1087A000C7F900236365C8E73409FF1F1465FF1F7D
:1087B000F7B50D0007000421686803F019FA2B894A
:1087C000040003702B891B0A43702B8883702B884D
:1087D0001B0AC3702E8902250436F6B2F42E15D872
:1087E0001B4B9F4214D10C2003F05AF91135011E86
:1087F0000CD0902303708E3B0371043B4380154BD8
:108800008460C680187803F02BFB00252800FEBD8D
:108810005C237B43104AD3180093583301931B7891
:10882000002B0FD10300320038000099FFF742FF00
:10883000019B05001B78002BE8D13800009903F05C
:108840008FF8E3E7054A0725536A01335362DDE7F2
:10885000FEFF00000C65FF1F4865FF1F1465FF1F2A
:10886000F0B587B0009017200F0016000193FFF7B6
:10887000F2FD1325041E18D00C98031E02D0019996
:10888000201D9847030AE370052303A9A070043054
:1088900008812770009866700B804C60FFF788FF96
:1088A000051E02D0200003F043F9280007B0F0BDF8
:1088B000F0B587B01F000CAB1B7803910593012125
:1088C0000DAB06001C78049200F0D6F814250028A1
:1088D00021D02000FFF780FD0135041E1BD0114977
:1088E000059B0A7803700132D2B2131EC68001D1F3
:1088F00001231A000B7022713000049B039900972A
:10890000FFF7AEFF051E09D1230021000648074AE4
:10891000093302F0D5FF280007B0F0BD00236380C3
:108920002370F8E71065FF1FAF830011307500005A
:10893000F8B505000E00064C064F2368002B02D048
:108940003100280098470434BC42F6D1F8BDC04637
:10895000B465FF1FC865FF1F0123064A5B425380B1
:10896000002313715362044A136053609360D36011
:1089700013617047C865FF1FB465FF1F0200002325
:1089800010B506499C000859002801D1625010BD5D
:108990000133052BF6D11320F9E7C046B465FF1F5C
:1089A000034A5388181A43425841404210407047C6
:1089B000C865FF1FF0B585B002930AAB1F780CABFA
:1089C0001B88009008000E0001920393FFF7E8FF58
:1089D00005001120002D1BD10E48FFF7E1FF040018
:1089E0001520002C14D006220B99A771E01D03F06E
:1089F00097F8019B30002371029B29006371009B53
:108A000066802370039B6562E381FFF791FF280076
:108A100005B0F0BDFFFF000010B5FFF7C1FF040077
:108A20000220002C12D060880121FFF781FF606ACC
:108A3000002801D002F064FF28220021200002F06B
:108A40001FFF012300205B426380207110BD0000E6
:108A500030B5074A074C5588010013780020A5421D
:108A600004D05B1A59424B415842104030BDC046B9
:108A7000C865FF1FFFFF0000084A10B501230C0066
:108A8000904208D0FFF78CFF031E04D003792340E7
:108A90005A1E9341DBB2180010BDC046FEFF000015
:108AA000024B1879431E9841C0B27047C865FF1F3A
:108AB00070B504000D001600FFF772FF002804D106
:108AC0000F4B9C4200D0143070BD10230279416AD4
:108AD000134000290AD10520002BF5D0897E0C20F7
:108AE000A9428941494249420840EDE70F20002B45
:108AF000EAD09207F2D40A38002EEFD0E4E7C0465D
:108B0000FEFF0000030010B5002800D110BD03488F
:108B1000034A41889142F9D09847F7E7C865FF1F9B
:108B2000FFFF0000002330B5C45CCD5C6C40D45422
:108B30000133102BF8D130BD0F23002210B5C45CD7
:108B400064002243CA54C25CD209013BF7D210BD73
:108B50000200010010B52032103103F0A1F810BD61
:108B6000F0B58DB00590102007931700069103F023
:108B70002FF80190102003F02BF8019B1324029092
:108B8000002B05D000280CD11324019802F0B8FE68
:108B9000029B002B02D0180002F0B2FE20000DB0A4
:108BA000F0BD102003F014F80600102003F010F8B8
:108BB00013240500002E00D1B3E0002819D01022A4
:108BC000002102F05DFE32002900059803F068F8EC
:108BD000041E0ED133787F2B56D830000199FFF751
:108BE000ABFF019B1B787F2B58D802990198FFF7A8
:108BF000A3FF300002F084FE002D02D0280002F016
:108C00007FFE002CC1D1102002F0E2FF06001020F0
:108C100002F0DEFF0390002E00D180E000287CD01F
:108C20003A0001210F3223001211049106D013B231
:108C300004930F233B405A4253411BB2049A013A1A
:108C40001201002B34D0069BD2B298180199039AD6
:108C5000FFF768FF10220021300002F011FE049D92
:108C6000069F013DADB22D017D19AF4242D0002CCF
:108C700033D0300002F044FE039B002B00D184E788
:108C8000180002F03DFE80E729003000FFF754FF96
:108C900028002649019AFFF745FFA2E7290001981D
:108CA000FFF74AFF28002149029AFFF73BFFA0E7A0
:108CB0000F2506993D408A1808A8D9B28D4207D9D8
:108CC000D15C19540133102BF7D1039A0299BFE7F5
:108CD000691A4F427941C901F3E73900300008AA07
:108CE000FFF720FF3200059808A902F0D9FF1037DE
:108CF0000400BAE7002CBCD13000039908AAFFF7A2
:108D000011FF320008A9059802F0CAFF08220400EA
:108D10003100079802F004FFABE71324A9E71324FE
:108D2000AAE7002800D069E72EE7C04604C1001179
:108D3000F0B58BB00F0016000225009000283FD040
:108D4000002A3DD00B1DDBB21800029302F040FF59
:108D50001135041E34D0FDF73BFD05003A000099A3
:108D6000201D02F00DFEEBB20393E3702B0CDBB27F
:108D70002F0A00936370FFB22B0E2370A77001932C
:108D8000FDF720FD1022010006A802F0F9FD2100E8
:108D9000029A04AB06A8FFF7E3FE051E0DD1039B64
:108DA00008223370009B04A9B370019B7770F370A5
:108DB000301D02F0E5FDFDF711FD200002F0A0FDE1
:108DC00028000BB0F0BDF0B58FB00D00149E0390DD
:108DD00004920593002A03D1022420000FB0F0BDB5
:108DE000002EF9D00398FFF7DBFD1424071EF4D002
:108DF0007278337812021A43B3781B041343F27863
:108E000012061A43036A0192934201D30133E3D15C
:108E1000002D03D03B7901249B07DED508220021D9
:108E200006A802F02DFD059B13240433DBB21800C5
:108E3000029302F0CDFE051ECFD0059A04990430AE
:108E400002F09EFD04223100280002F099FD390055
:108E5000102210310AA802F093FD2900029A06ABF5
:108E60000AA8FFF77DFE041E0FD1082206A908A854
:108E700002F086FD0822311D08A802F001FE01283B
:108E800007D101990398FDF7BDFC280002F038FDD9
:108E9000A3E70124F9E7000070B51C4C0500236826
:108EA000181E10D0002D14D11A78002A0CD1981C4D
:108EB000083202F035FE02F0E3FE0135002808D149
:108EC00023681D70012070BD0A331800082202F0CB
:108ED00027FE2368002BF5D0122002F0E1FD061ECC
:108EE0000DD0C12321680370457002311022023079
:108EF00002F016FE23683100587802F0B1FF2068B6
:108F000002F0FEFC00232360DCE7C046F065FF1F93
:108F1000F8B504002020FDF749FB0D4EA700BB5912
:108F20000500002B0DD000280BD0D878FF2809D1E0
:108F300008492A000C55F35907480333611802F019
:108F4000BFFCF8BD290002F023FE0028F0D1F8E7AD
:108F50000C66FF1FF465FF1F61A1001170B5064D7F
:108F600084006359002B05D0D87802F0B9FDFF22A8
:108F70006359DA7070BDC0460C66FF1F70B50600FD
:108F80008CB00C00150000213022684602F078FCFD
:108F900031001022684602F0F3FC1D20210003225C
:108FA000684402F0EDFC6846FFF7D2FD2D21040075
:108FB00003222800694402F0E3FC20000CB070BDDD
:108FC000F0B50400170097B001931CAB1D78302258
:108FD0001EAB00910AA800211E7802F051FC21006E
:108FE000102202AC0AA802F0CBFC102200212000C3
:108FF00002F046FC07223900200002F0C1FC0722E3
:109000000199A01802F0BCFC33005A1E9341A373CF
:109010002B005A1E93410021102206A8E37302F090
:109020002FFC06221D9907A802F0AAFC1A2006228E
:109030001F99001902F0A4FC102200990EA802F05A
:109040009FFC10230EAA11782078013B4140DBB22F
:10905000117001340132002BF5D10AA8FFF778FD19
:10906000102212A904000EA802F05AFD102206AB2D
:109070000EA908781D78013A6840D2B20870013311
:109080000131002AF5D10AA8FFF762FD044310223E
:109090002098E4B212A902F073FC200017B0F0BDD2
:1090A00070B50E0014008CB00100102268461D003F
:1090B00002F066FC3100082204A802F061FC2100E5
:1090C000082206A802F05CFC6846FFF741FD040098
:1090D0001022280008A902F053FC20000CB070BD3B
:1090E000F8B506000D0000243719AC4200D3F8BDD6
:1090F00002F0FEFC030A3B70631CDBB201379D42A9
:1091000003D90234F054E4B2EEE71C00EDE7F7B502
:1091100007000C000225002818D0002916D001AE47
:1091200003213000FFF7DCFF3F23B27831001A4003
:109130000133134338002200B370FFF71FFF051EF1
:1091400004D103223100E01C02F0EAFC2800FEBD3D
:1091500003785807DA08C00FD20080009B0710433D
:109160009B0F1843C0B2704707230B40C908C900C2
:109170000B4303707047000070B50400FFF7EEFE6C
:10918000134DA4006359002B21D0186A002801D088
:1091900002F0B6FB2B59986E002801D002F0B0FB0C
:1091A0002B59D86E002801D002F0AAFB2B59186F5A
:1091B000002801D002F0A4FB2B59586F002801D0E1
:1091C00002F09EFB285902F09BFB00232B5170BD3F
:1091D0000C66FF1F0E4B8000C35870B50C00002BAF
:1091E0000FD09D68002D0CD02B78201D0B706B7854
:1091F0004B70A97CFFF7B8FF2B7E23726B69E3608D
:1092000070BD10220021200002F03AFBF8E7C046B2
:109210000C66FF1F014B18607047C0460866FF1FB1
:10922000074A03008000825810B5002A06D0D08873
:10923000984203D1012901D1FFF79EFF10BDC0461E
:109240000C66FF1FF0B5254E95B087000B93BB59F8
:109250000500099112200A92002B2FD0D888FFF721
:109260009FFB04001420002C28D0280010A9FFF731
:10927000B1FFBB591E781F6A002E21D0FDF7E8FA16
:1092800007900020FDF7EAFA0890A5793800E61D5E
:1092900010AF0CA900F0E2FA0EA9380000F0D7FADE
:1092A0000B9B0A990493089B09980193079B0396CB
:1092B000009302950EAB0CAAFFF782FE15B0F0BD2D
:1092C000FDF7C6FA05003000FDF7C8FAA3790600DD
:1092D0000793E31D089310A8DBE7C0460C66FF1F49
:1092E00030B50D4C85002A59030085B00120002AB5
:1092F0000DD018006946FFF76DFF2B59D8881B78F1
:10930000002B06D0054B6A46072100F0DAFB05B0BA
:1093100030BD034BF7E7C0460C66FF1F4F980011A6
:109320005D98001130B5094C8500295985B010228F
:109330006846253102F0F4FB2A591121044BD088EC
:109340006A4600F0BEFB05B030BDC0460C66FF1F8C
:10935000F998001130B5094C8500295985B01022C3
:109360006846353102F0DCFB2A591121044BD088C4
:109370006A4600F0A6FB05B030BDC0460C66FF1F74
:1093800037990011F8B54D4F86001020F4590D00A3
:1093900002F01EFCF3592062186A132200286DD0D7
:1093A0002900033A9C6802F0BBFBF35919780029A5
:1093B0005AD1227D186A94466646027B0F0072409D
:1093C0000126324201D167463740227DB2433A43FB
:1093D0002275077BD6B27A400027920701D4B607E0
:1093E000F70F0226227D7F00B2433A432275067BA7
:1093F000D7B272400026B446520702D47F07FA0F54
:109400009446624604269700227DB2433A43227571
:10941000627D002794466646427B724001263242B6
:1094200001D1674637400126627DB2433A436275F7
:10943000477BD6B27A400027920701D4B607F70FD0
:109440000226627D7F00B2433A436275407BD6B20A
:1094500042400020520701D47607F00F0426627DB7
:109460008000B243024362756A78002A08D06278AD
:10947000002A05D005220533DA7700221000F8BD56
:1094800004222879104205D1A07C104202D1053374
:10949000033AF1E720782C78002902D1020020005D
:1094A000140018220428E9D8042CE7D805216143C8
:1094B000034A05335218125CDEE7C0460C66FF1FF4
:1094C00014C1001110B50A001121024B00F0F9FA85
:1094D00010BDC046939900110B0030B587B001ADA7
:1094E0002B806B4604001100981D082202F018FB27
:1094F0002A000B212000024B00F0E3FA07B030BD38
:10950000BB99001110B50A001121024B00F0D9FAE5
:1095100010BDC0460F9A001137B56D460B00040010
:109520001100681C06222B7002F0FAFA6A46082124
:109530002000024B00F0C5FA37BDC0462F9A00113B
:1095400010B50A001121024B00F0BBFA10BDC04655
:109550007F9A00117FB505000B4BAA00D458080074
:10956000002C0FD0666F237FE28821780396266F48
:109570000296E66E0196A46E0094FDF7FFFB2800AC
:10958000FFF7FAFD7FBDC0460C66FF1F10B517211F
:10959000FFF7E0FF10BD000070B50A000D00064B9C
:1095A0000221040000F08DFA060029782000FFF760
:1095B000D1FF300070BDC0465F990011F0B587B093
:1095C00000236C462370836805001E78701E0A28ED
:1095D00057D801A902F054FC06063135393D414502
:1095E000494D5100180000F040F90623122849D0D7
:1095F00000281AD16888FFF7D3F90823002813D070
:109600004279002A44D1254B1A78072312070BD53B
:10961000234B1A680723002A06D01768002F03D0AF
:10962000310001AAB847030023702378002B2AD108
:109630006888FFF76DFC07B0F0BD180000F06CF90A
:10964000D6E7180000F087F9D2E7180000F093F988
:10965000CEE7180000F0ADF9CAE7180000F0C3F932
:10966000C6E7180000F0F6F9C2E7180000F0F6F9B6
:10967000BEE7180000F013FABAE7180000F013FA7A
:10968000B6E70723237021006888FFF785FFD2E73C
:109690000523012AC8D1034BBBE7C0469964FF1FCD
:1096A0000466FF1F0866FF1FF8B52C4F8600F359AC
:1096B00004000D00002B40D0DA8882423DD15A7858
:1096C000062A33D11A78002A2ED0012099681A6A06
:1096D000097D014206D0157B054203D007225A704E
:1096E0000120F8BD0220014204D0157B054201D0C3
:1096F0000922F4E70420014204D0127B024201D087
:109700000B22ECE7164B1B68002BE9D05B68002BA3
:10971000E6D020009847BB5900215B78122BDFD19F
:109720002000FFF717FFDBE70E4BECE7112A04D10F
:10973000002900D032252900F2E7002D08D12000B1
:10974000FFF72EF9002803D0102302791343037189
:1097500021002800FDF792FAC2E7C0460C66FF1F01
:109760000466FF1F0866FF1F70B50E4E8500AB59DB
:109770000400002B13D01B78002B11D10A4B1B685F
:10978000002B04D05B68002B01D020009847735950
:109790005B78122B03D100212000FFF7DBFE70BDA8
:1097A000024BECE70C66FF1F0866FF1F0466FF1FF5
:1097B000094B8000C3581020002B0CD01A6A002AD5
:1097C00009D09B68002B06D0127A1B7E101C9A428F
:1097D00000D9181CC0B270470C66FF1F70B503009B
:1097E0000D0014000220002A30D000292ED0137062
:1097F0000B78081D53704B789370FFF7A9FCE0704D
:10980000012002212B7A23716B7B034063716A7BF9
:109810000A401343042263716E7B16403343637125
:109820006E7BF608F600334363712B7B0340A37114
:10983000287B014000200B43A371297B0A4013437E
:10984000A3712A7BD208D2001343A37170BD10B557
:109850000A0001000120FFF7C1FF10BD10B50A008A
:1098600001000220FFF7BAFF10BD70B506000C0022
:109870000220002E30D000292ED07378201D0B70CE
:10988000B3784B70F178FFF76FFC012235792572C0
:1098900071794B1008001340934010400343881027
:1098A00010408000C9080343C9000B436373B179BA
:1098B0004B100800134093401040034388100240AF
:1098C0009200C9081343C9000B4321202373FCF7FE
:1098D0006DFE854201D2122070BD2220257AFCF750
:1098E00065FE8542F7D823781820042BF4D86378D6
:1098F000012BF1D80020EFE7030010B5022000296A
:1099000009D0002B07D00322481C0A7019000D3221
:1099100002F006F9002010BD03000222080010B575
:10992000002B06D0002904D00E32591C02F0F8F8A2
:109930000022100010BD030010B50220002909D03C
:10994000002B07D00422481C0A7019000C3202F0C8
:10995000E7F8002010BD10B5FFF7DEFF10BD0300D3
:109960000220002906D0002B04D0052200200A7016
:109970001B784B70704703000220002B08D0002991
:1099800006D05B7800200B70013B082B00D9183003
:109990007047030010B50220002909D0002B07D022
:1099A0000622481C0A7019000A3202F0B9F8002099
:1099B00010BD10B5FFF7B0FF10BD02000B00022074
:1099C00010B500290ED0002A0CD00721197011887B
:1099D00059701188090A997011180822D81C02F0D0
:1099E0009FF8002010BD03000A00022010B5002BD4
:1099F0000CD000290AD099785878090201431180C7
:109A0000901CD91C082202F08BF8002010BD030026
:109A100010B50220002909D0002B07D00822481CCD
:109A20000A701900921802F07BF8002010BD0200A5
:109A30000B00022010B500290BD0002A09D0092103
:109A40001970117818185970511C062202F068F824
:109A5000002010BD10B5FFF75FFF10BD02000B0026
:109A6000022010B5002A09D0002907D051781970BA
:109A700011180622581C02F053F8002010BD0300F4
:109A800010B50220002909D0002B07D00A22481C5B
:109A90000A701900063202F043F8002010BD10B51C
:109AA000FFF73AFF10BD02000B00022010B5002A9C
:109AB00006D0002904D018005178FFF755FB00208C
:109AC00010BDF0B51F00062387B003AD06000800E7
:109AD000298101922B80FEF7BEFC1324011E6860D1
:109AE0000CD00198B847041E05D129003000FEF7BC
:109AF0006DFA041E02D0686802F01AF83000FFF711
:109B000007FA200007B0F0BDF0B504008BB001915A
:109B100015000021102202A801F0B2FE334EA7006A
:109B2000B85900283CD0C388A34239D10378002B10
:109B300036D14278062A18D102000100553235315B
:109B40000C3006ABFFF7ACFA002829D12000FFF754
:109B50002FFE020006A902A801F0E2FF200002A9E0
:109B600002F04EF801200BB0F0BD816E002917D035
:109B70000B8A112A28D19D420ED101981231093A3F
:109B800001F07EFF012807D1BB5920009D6EFFF731
:109B90000FFE29000200DEE732212000FFF7DAFC89
:109BA0002000FEF7FDFE061E1BD0416A002918D0DA
:109BB0000B8AAB4215D108220198123101F060FFE7
:109BC00001280ED1716A0AE09D42E9D1082201986C
:109BD000123101F055FF0128E2D1BB59996E8A7EFE
:109BE000B9E7200002F07CF8BCE7C0460C66FF1F16
:109BF000F0B56E4D87007E5985B03378029003939F
:109C0000002B00D085E0B368346A01937078062891
:109C100017D101221B7D134202D0217B114218D1A2
:109C20000222134202D0217B114251D1042213425D
:109C300003D0237B134200D08EE0019B5A7DEB5969
:109C400082E007380428F8D802F01AF9032E42659A
:109C50008600B36E002B03D11C2001F0B9FFB06663
:109C6000EB599C6E002C1CD010220021200001F02A
:109C700007FE0298FFF79CFD01002000FFF730FA75
:109C800001F036FF2082200008211230FFF728FA69
:109C90000298FFF78DFDA076EB592100D888FFF7D9
:109CA00011FC0822EB591CE0B36E002B05D01A0002
:109CB000198AF0881232FFF70FFC0222019B197DEE
:109CC000EB59114250D0207B10424DD0073208E0B2
:109CD000F488FCF7D5FD01002000FFF713FC0A22F1
:109CE000EB595A705A78073A042A12D8D888FEF7E6
:109CF00057FE002856D0C3895A08D2182C49029B17
:109D00000298CB549B00EB5841180433294801F0CA
:109D1000D7FD05B0F0BDFCF79BFD03000120834299
:109D200001D100200393EB59DE88FCF797FD0399DE
:109D300002003000FFF7F0FB019AEB59117D04227D
:109D4000114218D1019A527D01210A4218D0607B3C
:109D5000084215D00C22C4E7F688FCF733FD010059
:109D60003000FFF7EDFB68E704221142EAD0217BC7
:109D70001142E7D0AAE7217B1142E3D00B22B0E7E2
:109D800002210A4204D0607B084201D00E22A8E7DB
:109D900004210A4204D0627B0A4201D01022A0E7CB
:109DA00012229EE7FA225200A8E7C0460C66FF1F67
:109DB0001066FF1F6BA1001110B5064B1A78042323
:109DC000100018401A4200D00348FFF723FA002081
:109DD00010BDC0469964FF1FE442FF1F70B5040028
:109DE000FFF7D0FA051E43D12000FFF779FA234E82
:109DF000A400A0598268937CDB0708D50321036A7D
:109E00001B790B40012B02D1017F0B430377431DCC
:109E1000D97F8B1E022B0DD8022900D00121C088CA
:109E2000FCF784FF042133591A7F59700A431A77CB
:109E3000280070BD01290CD102231022437000219B
:109E40000C3001F01DFD305910213530FFF748F975
:109E5000EEE70529ECD10223D118437010220C3013
:109E600001F05EFE04233259117F0B431377EAE7BA
:109E700008251828DCD1053DDAE7C0460C66FF1F2F
:109E8000F0B58BB0059143887C4F9E00F4591500C6
:109E90000493002C15D1012902D000200BB0F0BD95
:109EA000101D57781678FFF753F9EB6832000293CC
:109EB0002B7A0499019300903B002000FCF700FFEF
:109EC000EBE7E388049A934201D00820E6E7237881
:109ED000012B00D1D0E0059B581E092800D9CBE00A
:109EE00001F0CEFF05CA0A29C8506C859AB2290034
:109EF0000498FFF773FFD1E72000290010224530B6
:109F000001F00EFEB9594B78042B02D1013B4B7086
:109F1000C3E70B000A00253335320C310498FFF7F4
:109F200091F90498FFF7FEF90522431E9841BB59A9
:109F3000C0005A70B2E7200029001022553001F00D
:109F4000EFFD049B4D4C9D00295904980A0006AB77
:109F500055320C31FFF776F929591022453106A800
:109F600001F08EFD012808D10498FFF7F3F9059060
:109F7000002804D106222B595A7005988EE7082331
:109F80000593FAE763780C2B76D1E36E002B03D1AF
:109F90001C2001F01DFEE066BB59D86E00286BD076
:109FA0001022290001F0BCFDBB590498DC6EFFF7BC
:109FB000FFFB0D22A076BB595A706EE7E06E0028B9
:109FC0005AD063780D2B57D12B8808220382A91C05
:109FD000123001F0A5FDBB599A68517D0222114251
:109FE00026D0186A407B104222D00C32E4E7637816
:109FF0000E2B41D1236F002B03D1162001F0E8FD79
:10A000002067BB59186F002803D01022290001F0E7
:10A0100087FD0F22BB59CFE763780F2B2CD1206F20
:10A020000622691C103001F07BFDBB599A68517DF6
:10A030000422114203D0196A497B1142D5D1002173
:10A040000498FFF787FA28E7606F002808D11430DA
:10A0500001F0BEFDBB596067586F002800D134E79E
:10A060001022290001F05CFD0122BB5952425B6FB6
:10A070001A61E4E72978E3E707200FE70C66FF1F82
:10A0800010B5064C207001F063FC06212078FDF726
:10A090008DFF0348FEF772FC10BDC0461F66FF1F10
:10A0A0002192001100200BB270B50D00834216DA28
:10A0B000264B187801F034FE041E0DD00378922B45
:10A0C0000ED0A02B37D0224B1878FF283AD0210091
:10A0D00001F0C6FE002835D180200002684070BD26
:10A0E00043780E2B0BD03E2BEDD18378052B12D06D
:10A0F000082BE8D181798088FFF7D6FA08E0154B64
:10A1000082889A42DFD183681878591CFEF7C4FE12
:10A110000028D8D016E0104B1B785B0712D50F4BE8
:10A120001B68002B0ED09B68002B0BD0C289811DB1
:10A1300080889847ECE7FFF741FAA068002801D033
:10A1400001F0F6FC200001F033FEC5E71F66FF1F9B
:10A15000DD42FF1F182000009964FF1F0866FF1FE3
:10A1600010B50078FFF712FA10BD10B50078FFF7B0
:10A17000FBFA10BD0C234343084A10B59B185A68DC
:10A18000002A03D0012901D1904710BD9B68002B04
:10A19000FBD00029F9D19847F7E7C0463C66FF1F7E
:10A1A00001238340094A10B5946B1C439463506BA0
:10A1B00098435063D46B20009843012901D12000BB
:10A1C0001843D063116B0B43136310BD0080004034
:10A1D000F0B500240127154B85B0DA6B144E0392BD
:10A1E0001A6C0192DA64019BE3403B4217D0039D55
:10A1F000E5403D400295E5B202992800FFF7BAFF1D
:10A20000316A736A002908D03900002B01D0029905
:10A2100079402800FFF7C4FF01E0002BF9D1013499
:10A220000C36172CDFD105B0F0BDC04600800040D1
:10A230002066FF1F064B01215A68C2400A4204D023
:10A240001B68C3401800084070471B6DF9E7C04603
:10A25000008000400122064B8240002903D0D968CB
:10A260000A43DA607047D9689143D960FAE7C0467B
:10A27000003800400322424370B50F4DAB189C7864
:10A280005E780123361B0136B340013BA340A14059
:10A29000DB430C00122808D8525D0849920052187E
:10A2A000116819402143116070BD054A11680B40C7
:10A2B00023431360F8E7C0465BC1001108F000407B
:10A2C00014F00040C21F70B5D4B20623092C0BD87D
:10A2D0000125084C9540002908D00021FFF7CAFF4E
:10A2E00023682B4323600023180070BD2368AB4311
:10A2F000F8E7C04600380040214BF0B51B185B78EA
:10A30000022B21D1032444431E4A1F4EA35C121981
:10A310009478012215008540B76B013CE4B23D43BF
:10A32000A240B563194C122815D89B0000290CD106
:10A3300017495B1899680A439A600123205C154A03
:10A34000834011680B431360F0BD11495B18996895
:10A3500091439960F1E70E4B00290DD159690A43E9
:10A360005A61225C1328E8D00123203A93400A491D
:10A37000086803430B60E7E7596991435961F0E7C7
:10A380002066FF1F5BC1001100800040A0C10011CA
:10A3900000F00040A0F00040A4F00040F8B5002418
:10A3A0001B4E1C4D1C4B1B5D012B1FD1194A926982
:10A3B000E2401A420BD00122B25693402200143AD6
:10A3C000D2B2022A09D815494A6913434B610134B4
:10A3D00002360C35172CE5D1F8BD0022B2560F49D4
:10A3E0009200521891680B439360F0E7022BEED174
:10A3F000E7B23800FFF71EFF01235840C1B2380012
:10A40000FFF77AFF3800FFF715FF6877DFE7C046F0
:10A410002DC100112066FF1F2166FF1F00F00040C4
:10A42000012202388240054B002903D059690A43B2
:10A430005A617047596991435961FAE70038004001
:10A44000F8B50E0001210F008740114A0400D368BF
:10A45000FD43BB43D360831E8B4201D8FFF7E0FF6F
:10A4600000212000FFF72EFF0A4A0B4B5168012EF6
:10A4700005D139431B1951605E700020F8BD294099
:10A48000516002221C1962709A6915409D61F4E7BF
:10A4900000380040008000402066FF1F012210B5F8
:10A4A0008240074B002906D019680A431A6001212F
:10A4B000FFF7C6FF10BD196891431960F7E7C04662
:10A4C000008000400C2370B5002543430A4A290050
:10A4D0009B181D70094B04001B185D70FFF7B0FF3F
:10A4E0000123A340064928000A681A430A60054967
:10A4F0000A689A430A6070BD3C66FF1F2066FF1F12
:10A50000348000403080004070B504000E00FF2809
:10A5100013D003250540FFF7D5FF084AA3089B0089
:10A520009B183F22ED00AA40AE40196820009143DD
:10A53000314319600121FFF78DFE70BD18380040CE
:10A54000F8B50C244443134B0500E4186368002B52
:10A5500003D1A3681220002B1AD0022201270E4B30
:10A5600000215B195A7028002770FFF769FF6368A4
:10A570001E1E08D0A3683E00002B04D02800FFF761
:10A5800059FE4640F6B228003100FFF709FE0020D0
:10A59000F8BDC0463C66FF1F2066FF1FF7B5C4200C
:10A5A000FF222A4B80001958002591433F3A0A4365
:10A5B0001A508022264E5202264F1A60264B5C5DAE
:10A5C000002C22D0AB1E012B03D80121E8B2FFF7EB
:10A5D00027FF012C19D11E4B9B69EB40234214D05D
:10A5E000EBB218000193FFF725FE01000198FFF779
:10A5F00055FF0123FB569C40EBB2143BE443022B76
:10A600001AD8164A536923405361337F002B0DD06B
:10A61000ECB22000FFF794FF2000FFF70BFE737FE2
:10A620000100834202D02000FFF7A4FD01350C3663
:10A630000237172DC2D1F7BD0023FB56074A9B00F6
:10A640009B189A6814409C60DFE7C04600E100E078
:10A650002066FF1F2DC100112166FF1F00F0004082
:10A6600070B50E0015000400FFF72CFF0C236343A8
:10A67000094A20009B189D605E60FFF761FFF02192
:10A68000064B074A8900051E5A5002D02000FFF7EA
:10A6900019FF280070BDC0463C66FF1F0000FF1F69
:10A6A000D1A1001170B5134D07202C78002C1FD1BB
:10A6B000982221005200280001F042FA0123C42010
:10A6C000FF222B700C4B80001C635C630B4B1C60E7
:10A6D0005C600B4B195891433F3A0A431A50802251
:10A6E00052021A600D20074A074901F0D1FA2000F2
:10A6F00070BDC0462066FF1F00800040A0F00040F3
:10A7000000E100E09DA500119DA30011F8B5060031
:10A71000012826D00B220827164C01239340164A05
:10A72000164DD3677301ED18287C0021FFF792FDC9
:10A730000021687CFFF78EFD0025802338002373FD
:10A740002571257025732572656001F0A1F9380027
:10A7500001F0AEF90A4BAE4207D1EB2292009E50B7
:10A76000F8BD11221927074CD7E7F12292009D501E
:10A77000F6E7C0460040004004E100E0D467FF1F58
:10A780000000FF1F00900040F0B587B0050001F009
:10A790009FF804902800FFF7B9FF012D00D17DE05C
:10A7A0000523042708260393444C06330193444BA6
:10A7B0006A019B181A7CFF2A02D15B7CFF2B6BD0AD
:10A7C000300001F04DF8300001F062F93C4B6A01B5
:10A7D00002936B010593029B02219E18307CFFF7C8
:10A7E00049FD0221707CFFF745FD39000027307CD0
:10A7F000FFF78AFE707C0399FFF786FE2773716965
:10A80000049B18114B08C01801F0BAF98023276186
:10A810002373030ADBB22371F37EC0B22070BB4204
:10A8200044D01B232373029B6A019B181A7E0123C9
:10A83000002A3DD087222272636062687F3313430F
:10A840006A0194466360029B63449B7E002B03D0A5
:10A8500002236268134363601A4A002D2AD1EB2158
:10A86000194B89005350019B184A9B089B009B1869
:10A870000322019CC0202240FF24D200944080008B
:10A880001958A1438024944022000A431A500123FE
:10A89000019A93400D4A136007B0F0BD09230827C1
:10A8A0000393DB1919260A4C019380E70323B9E7C8
:10A8B0002272C5E7F121074BD3E7C04600400040B4
:10A8C000D467FF1F0000FF1F411BFF1F00E100E0D6
:10A8D00000900040811BFF1F10B50020FFF754FFC0
:10A8E00010BD10B50120FFF74FFF10BDF0B587B0C8
:10A8F00005930CAB1D78174F6E01F35D029002AC0F
:10A90000112003910492002B1ED1637A0C3801931D
:10A91000002B19D119002022F01901F011F90E4B6A
:10A92000F31807CC07C39C466246236828001360CF
:10A93000FFF72AFF0123F355002D07D12900082036
:10A94000064A01F0A5F9002007B0F0BD1920044A1D
:10A950000199F6E7D467FF1FE467FF1FD9A800112C
:10A96000E3A8001170B50400FFF7D0FE084D6601A2
:10A9700020220021701901F0E3F80023082073550C
:10A980009C4200D0192001F023FA002070BDC0467F
:10A99000D467FF1F70B51D0002240C2910D8094A86
:10A9A000CA40D2070CD5FBF70DFE041E08D1059A4C
:10A9B00004992800FBF722FEFCF78EFCFFF7FCF958
:10A9C000200070BD1210000030B50D7802232C005D
:10A9D0009C43184201D02B431C0008252300AB43A5
:10A9E000284201D02B00234320241D00A5432042F0
:10A9F00001D01C4325002A230D70184204D0117881
:10AA00001E3B0B43137030BD0028FCD10C21137882
:10AA10008B43F7E7F8B51D0006AB1B88140007AAA7
:10AA20000E000B201778002B27D10A78022A49D173
:10AA30004A68507811780002244A08438018042894
:10AA400040D801F01DFA03121D1B2300F06801F02D
:10AA500007F8021CC0B2B84200D93A1CD2B220009A
:10AA6000F1682A8001F05CF806E00222F3681B8896
:10AA70002A8023701B0A63700020F8BD0622EEE7CF
:10AA800001232B80F3681B782370F5E7F368002B14
:10AA900016D008222A801A8822701A88120A627038
:10AAA0005A88A2705A88120AE2709A8822719A888B
:10AAB000120A6271DA88A271DB881B0AE371DBE794
:10AAC0002B80D9E701202B80D7E7C04600D6FFFFB7
:10AAD000F7B516000A781D0008AB1F880C0001238B
:10AAE000022A18D14A685078117800022B4A08438C
:10AAF000801803280FD801F0C3F902254439E06813
:10AB000000F0AEFFC0B20723B84204D37B19019313
:10AB1000152B02DD0D231800FEBDE0682A00310070
:10AB2000C01900F0FDFF6B4600209B88E268D054FE
:10AB30001B4B1B68834203D01B68834200D098479D
:10AB40000023E8E70B23002FE5D1022DE2D1737833
:10AB500032781B021343E2681380114B1B68002BF1
:10AB6000EED01B68002BEBD00120E8E70B23002F71
:10AB7000D1D1062DCED12A003100E06800F0D0FFFF
:10AB8000DEE70B23002FC6D1012DC3D132787533F8
:10AB9000012AC0D8E3681A70D2E7C04600D6FFFF8A
:10ABA0002C68FF1F70B50C001500072837D801F07E
:10ABB00067F9041436361B36242E182015290BD8B5
:10ABC000184E16220021300000F05AFE2200290003
:10ABD000300000F0A5FF002070BD18200229FBD135
:10ABE0001288114B1A80F6E718200829F4D10A00C0
:10ABF0000E48290001F09CF8EDE718200129EBD15F
:10AC00000B4B10780B49DA69FFF7DEFEE3E71820FB
:10AC10000129E1D1064B10780749DA6BF4E70220ED
:10AC2000DAE7C0461468FF1F8643FF1F7C43FF1FFF
:10AC30000C43FF1F3443FF1F5443FF1F030010B595
:10AC40000020DB0704D50721024A034800F08CF8F6
:10AC500010BDC046B8C100110C43FF1F054A0300D8
:10AC60001068002803D082889A4201D1806870471A
:10AC70000068F6E7246AFF1F0A88030008009A426A
:10AC800004D08A8804309A4200D000207047000027
:10AC900073B506006846150001960180FCF74EFE6C
:10ACA000041E11D1002D0FD07689002E11D00C205A
:10ACB00000F08EFF00280ED0084A046013688680DA
:10ACC0008560002B02D11060200076BD1A001B6841
:10ACD000F7E70224F8E71324F6E7C046246AFF1FCB
:10ACE000F8B5F22200230D4F0D4E7968050042435E
:10ACF0003370994200D07B600A4C0021200000F0A4
:10AD0000BFFD00231A007C609D4201D13570F8BD63
:10AD100001332280DBB2F234F6E7C0461C6BFF1F22
:10AD20001A6BFF1F286AFF1F012100220A4B10B572
:10AD300049420A4C198099809A719A70084B207088
:10AD4000012019805A60FFF7CBFF2078FCF754FEF2
:10AD50000448FDF713FE10BD3468FF1F246BFF1F6E
:10AD60001C6BFF1F15AE0011022310B5002802D086
:10AD7000FFF78EFF0300180010BD0000030010B5A0
:10AD80000020DB0704D50421024A0348FFF780FFB7
:10AD900010BDC046CCC100118C43FF1FF0B50E267C
:10ADA00087B003930CAB1F8802ABF61805000800B0
:10ADB00031000292FCF74AFF04000120002C0FD062
:10ADC0003088FFF74BFF03000E20002B08D05E6891
:10ADD000002E05D021002800039B029A0097B0475F
:10ADE00007B0F0BD0A4B10B5984207D101220023ED
:10ADF00052420A808B708A808B7110BDFFF73CFF36
:10AE00000028FAD001235B42038000238370F4E71B
:10AE1000FFFF0000F8B5050001290AD1134E0024F8
:10AE20003388F227AB4219D028001149FFF7DAFF27
:10AE300006E0022904D10139FDF71EFE0028EDD0FD
:10AE4000F8BD3B0063437268D018D35A002B09D079
:10AE50003A00002100F014FD0134E4B2054B1B78E8
:10AE6000A342EED801235B423380DDE71C6BFF1F5A
:10AE70003468FF1F1A6BFF1F10B5FFF7FDFE0300BC
:10AE80000020834200D0987810BD0000F0B589B052
:10AE90001C000EAB80CB03901E8810AB1B78049275
:10AEA00002930B7A0D00DB0616D42B780593022B48
:10AEB00024D00498FFF7D2FE002812D003689C46E5
:10AEC000002B0ED0029B2200019329003B00644618
:10AED00003980096A04705E00498FFF7BFFE0028FE
:10AEE00002D10E2009B0F0BD8368002BF9D00A22F0
:10AEF0002900039898470028D7D0F3E76B68587863
:10AF00001A786A4B000210439842D2D8043B984208
:10AF100010D2674B984242D015D8664BC018012812
:10AF2000C7D80B20002EDDD1EB681A7859683A801B
:10AF3000200028E0604BC018032800D978E000F01A
:10AF40009FFF836A779D5D4B9842B2D10B20002E04
:10AF5000C8D101233B80EB6831001B7823706889DE
:10AF6000013080B2FCF772FE3A88031E0ED00178E1
:10AF700002328A183A80428962704289120AA270AB
:10AF800059680278E01C00F0CBFD06E004323A80FC
:10AF900031000422601C00F073FC0020A2E70B20AB
:10AFA000002E9FD1EB6807A91E8804233B80330A3B
:10AFB000300026706370FCF749FE051E28D004ABF4
:10AFC0009A890E2304A95B183D49C668FCF7B2FEB6
:10AFD00000280BD12B783B486A680599FBF764FA87
:10AFE000002803D1012304AA5B42D3813278022ACC
:10AFF00006D17168201D00F093FD3B8802333B8031
:10B000000E2304AA9B181B88A3701B0AE370C4E7D5
:10B0100004ABDE81F4E70B20002E00D062E7E96884
:10B020000398FFF729FF02233B8020706670B4E786
:10B030000B20002E00D055E70222EB681B883A80D7
:10B0400023701B0A6370A8E7E86800F009FDC2B22C
:10B0500003000720B24200D244E70DD00299DBB2D0
:10B060007118994202DB921BD3B20293029BE968EA
:10B070001A003B8089195BE70023F6E70B20002EBE
:10B0800000D02FE70722EB683A801A7822705A78AE
:10B0900062705A88A2705A88120AE2701A79227174
:10B0A000DA886271DB881B0AA37176E70429000045
:10B0B0000228000000D8FFFFFFD6FFFF0328000092
:10B0C000FFFF0000FCC00011F0B58DB06B46002002
:10B0D000089120229B5E83423DDAA54B187800F050
:10B0E0001FFE071E32D00378B02B2CD10079023816
:10B0F00016281FD800F0ECFE17001E001E001E00D0
:10B1000031001E0094001E001B011E0050011E0095
:10B1100071011E00CB011E0050021E001E001E0009
:10B120008E021E00B902934B93491B8878880B80CE
:10B13000FAF7FCFE3800FCF77FFE904B1B68002BF3
:10B1400001D038009847380000F032FE8020089B7C
:10B150000002434018000DB0F0BDEE2200218648E9
:10B1600000F08EFB0BAA3B7B7989388900923A006C
:10B170000D32FCF77FFC04007F4B1B78002C3DD187
:10B1800044E07F4B7888059306AB9A8A7D4B41005B
:10B19000CB5A7D4E073BDBB2029300232100019383
:10B1A0000096059BFFF772FE734D00280FD1338880
:10B1B0003A8A9A420BD138000599123000F060FCAF
:10B1C000002804D02B7862899B00EB185A80162641
:10B1D00006ABF6189A8A200033007989FCF7AAFD9D
:10B1E0002B7804009A00AA1851880029C4D0013392
:10B1F000DBB22B70002806D031889180634A128818
:10B200009A42BED802E0012149429180002B04D02D
:10B2100059497888FAF7BEFE8CE73E890A2479E01E
:10B2200000253E89574B06937B88069A5B009B5A04
:10B23000033B9D4202DB002DF0D05BE0162206A806
:10B2400012183B7B798900923A0030000D32FCF7EE
:10B2500011FC0590002858D04689017A7888FCF7BF
:10B26000D1FB041E44D1464B78880793069B4100CE
:10B27000C95A454B0439C9B206AAD28A069302912B
:10B28000019400930599079BFFF700FE041E2FD140
:10B29000069B39491A88931C002D26D14B8079884A
:10B2A000384B4900CB5A5119033B8B4220DD059B9B
:10B2B00031485B8941190B71A91C0135C9B2EDB246
:10B2C000059145191B0A2B71059B2D49043318184C
:10B2D00000F026FC2C4B059A1B88D318DDB22C4BB2
:10B2E0009E4205D00136B6B29CE749889942D6D035
:10B2F000002D0CD0204C2800618800F049FB207004
:10B3000021007888FAF756FE14E7059CF0E7002C38
:10B3100000D183E77B78142B00D10BE716493B79EA
:10B320004E800B700C717888FAF7F6FD02E7162450
:10B3300006ABE41821003889FCF788FC011E00D117
:10B340008FE1788822880F4C45002C5B0A4D013C28
:10B35000E4B2029400240F4B01940095FFF796FD90
:10B36000041E00D016E129007888FAF733FEE1E6E2
:10B37000246BFF1F7C42FF1F3C68FF1F3068FF1FCC
:10B380003069FF1F6C64FF1F206AFF1F7A42FF1F96
:10B39000FFFF00003E68FF1F162406ABE4182100E3
:10B3A0003889FCF753FC011E00D15AE178882288C5
:10B3B000B24C45002C5BB24D013CE4B202947C8956
:10B3C000B04B01940095FFF761FD041E00D0E1E051
:10B3D00029007888FAF708FEACE60025A84B1D8006
:10B3E0003B00F6331B78A64A78880792AB4208D90F
:10B3F000A24B12880693069943005B5A013B9A427E
:10B4000003DB0799FAF7FAFD94E616246B00FB18A4
:10B41000059306ABE418059B21001889FCF716FC80
:10B42000011E03D1059B01241E8973E77888964B82
:10B430002288069C099343001B5B944E013BDBB2C0
:10B440000293002300960193099BFFF71FFD041E42
:10B4500002D0059B1E895DE77B88069A5B009B5A9C
:10B46000079A1088328881188B4203DC1B1A013B33
:10B470009AB23280824C02300999001900F050FBD8
:10B480002388328801359B182380EDB2A8E70BAAE8
:10B490003B7B7989388900923A000D32FCF7EAFA51
:10B4A00000250600002E04D10A24002D00D171E0F1
:10B4B00063E0317A7888FCF7A5FA0100041E67D1B1
:10B4C0006E4C714B788805940793059B4400E45AB1
:10B4D0006E4B063CE4B206AA928A0693029401914E
:10B4E00000933100079BFFF7D1FC041E50D1069B4F
:10B4F000634A1B88002D34D104335380604C728919
:10B5000063191A716B1C9BB2E318120A1A7106AB0D
:10B510009A8A162306A81B1879893000FCF70AFCC2
:10B52000FF212B1DAA1C9BB20335059306000B00BF
:10B5300092B2ADB2002803D006ABDB8AD9B21B0AA7
:10B54000A218651911712B71059B504D181D2A8881
:10B550004D49201800F0E4FA2B88059AD3189DB2C3
:10B56000A0E751881A1D914207D17A8805995200A7
:10B57000525AEB18053A9A42C0DC414C28006188C7
:10B5800000F0FEFA207021007888FAF741FDD1E53D
:10B59000002DF2D13E89BDE6162606ABF618310025
:10B5A0003889FCF753FB3D000400FA3500282DD004
:10B5B000037A9B060CD400227B8939897888009213
:10B5C0003A000C32FFF7EAFB041E10D03E8915E06A
:10B5D0003088FFF743FB00281AD08368002B17D070
:10B5E0002100122278889847041EE4D0EEE72B78D9
:10B5F000002B02D17888FAF71BFD00262B78002B50
:10B6000000D097E5002C00D194E583E60124DDE726
:10B610000E24DBE7162506ABED1829003889FCF768
:10B6200015FB041E1DD0037A9B0609D4184B7A889B
:10B6300019888A4263D0174881425FD00924A9E75C
:10B640002888FFF70BFB00280DD08368002B0AD059
:10B650002100122278889847041EE7D09AE710004C
:10B6600053E0012496E70E2494E7094B7A881B885F
:10B670009A423FD07888FAF7EDFC5BE56C64FF1FD7
:10B680003C68FF1F3E68FF1F3069FF1F206AFF1FD5
:10B690001C6BFF1FFFFF0000F22305985168434316
:10B6A000CD18C95A00291FD03B7A012B0BD16C88C9
:10B6B000AB887888AA1D0094FFF770FB041E02D0A7
:10B6C00000233B722E88F2220021280000F0D8F8D7
:10B6D00000232B80059B0133DBB20593144B0599A6
:10B6E0001B78144A8B42D7D801235B421380002C6D
:10B6F000C0D00FE6002634000596EFE71A805868A0
:10B700000B4B1A78F22353431B18984296D0020031
:10B710000188F2320029A2D13C0008342100F22233
:10B7200000F0FEF921007888FAF78AFC02E5C046AD
:10B730001A6BFF1F1C6BFF1F70B504000E00150075
:10B74000FFF79AFA031E08D131000548FFF794FA73
:10B7500003001120002B02D01C8000209D7070BDC2
:10B76000FFFF0000F8B50B4F06003B780D001400FA
:10B77000FF2B0ED00A2000F093F9011E09D0B1234F
:10B780000380002346800371C5800481387800F06F
:10B7900067FBF8BDCD43FF1FF8B50F0006A90600F3
:10B7A000088807A90B25098800281FD10235022B1C
:10B7B0001CD15478137824021C43230073358B4327
:10B7C00014D1FD6830002900FFF756FB84420CD0ED
:10B7D000290022003000FFF7AFFF1125002805D116
:10B7E000220030007989FFF7BDFF00252800F8BD51
:10B7F000F0B50E7885B003900AA805880120022EC6
:10B800000DD14C682778647824023C43054FBC4234
:10B8100005D10398DBB201960095FFF7BDFF05B097
:10B82000F0BDC04602290000034B10B51B68002B79
:10B8300000D09847FEE7C046286BFF1F07B501A858
:10B84000FFF7F2FF044A05480021121A00F078F9C8
:10B85000F8F71EF8FEE7C0462C6BFF1FD043FF1F12
:10B8600001B40248844601BC604700BFE538FF1FB1
:10B8700001B40248844601BC604700BF791800004B
:10B8800001B40248844601BC604700BF154D010069
:10B8900001B40248844601BC604700BF291C000077
:10B8A00001B40248844601BC604700BFC51D0000CA
:10B8B00001B40248844601BC604700BFED4A010064
:10B8C00001B40248844601BC604700BFA94601009C
:10B8D00001B40248844601BC604700BFD1A5000006
:10B8E00001B40248844601BC604700BF056A0000FD
:10B8F00001B40248844601BC604700BF35550000D2
:10B9000001B40248844601BC604700BF014C0100FD
:10B9100001B40248844601BC604700BFC9A90000C9
:10B9200001B40248844601BC604700BFF136FF1FE6
:10B9300001B40248844601BC604700BF25260000D0
:10B9400001B40248844601BC604700BF8D1200006C
:10B9500001B40248844601BC604700BFC92600000C
:10B9600001B40248844601BC604700BF3119FF1F83
:10B9700001B40248844601BC604700BFF135FF1F97
:10B9800001B40248844601BC604700BF4551010034
:10B9900001B40248844601BC604700BF350E000078
:10B9A00001B40248844601BC604700BF8932FF1FD2
:10B9B00001B40248844601BC604700BF5D17000027
:10B9C00001B40248844601BC604700BFADAE000030
:10B9D00001B40248844601BC604700BFA54F010086
:10B9E00001B40248844601BC604700BFBD3AFF1F56
:10B9F00001B40248844601BC604700BFBD2FFF1F51
:10BA000001B40248844601BC604700BFA537FF1F50
:10BA100001B40248844601BC604700BFF94C0100F4
:10BA200001B40248844601BC604700BF055E0000C7
:10BA300001B40248844601BC604700BF017F00009A
:10BA400001B40248844601BC604700BFE117000012
:10BA500001B40248844601BC604700BF2146010092
:10BA600001B40248844601BC604700BFDD520100BA
:10BA700001B40248844601BC604700BF0519FF1F9E
:10BA800001B40248844601BC604700BFCD4C0100B0
:10BA900001B40248844601BC604700BF6539FF1FFE
:10BAA00001B40248844601BC604700BF1D4D01003F
:10BAB00001B40248844601BC604700BF2539FF1F1E
:10BAC00001B40248844601BC604700BF1D4B010021
:10BAD00001B40248844601BC604700BF4932FF1FE1
:10BAE00001B40248844601BC604700BF1147010011
:10BAF00001B40248844601BC604700BF29510100DF
:10BB000001B40248844601BC604700BF8B5201006B
:10BB100001B40248844601BC604700BF45500000A4
:10BB200001B40248844601BC604700BFE94C0100F3
:10BB300001B40248844601BC604700BFD9490100F6
:10BB400001B40248844601BC604700BFB70E000044
:10BB500001B40248844601BC604700BF3D180000A4
:10BB600001B40248844601BC604700BFC56D0100B6
:10BB700001B40248844601BC604700BF156B010058
:10BB800001B40248844601BC604700BF090E0000B2
:10BB900001B40248844601BC604700BF5147010020
:10BBA00001B40248844601BC604700BF6DBC000080
:10BBB00001B40248844601BC604700BF59520100ED
:10BBC00001B40248844601BC604700BFE928000078
:10BBD00001B40248844601BC604700BF3D4B0100F0
:10BBE00001B40248844601BC604700BFAD38FF1F66
:10BBF00001B40248844601BC604700BF55490100BA
:10BC000001B40248844601BC604700BF311B0000FC
:10BC100001B40248844601BC604700BFEDA50000A6
:10BC200001B40248844601BC604700BFB14E000029
:10BC300001B40248844601BC604700BF51250000A2
:10BC400001B40248844601BC604700BF851F000064
:10BC500001B40248844601BC604700BF01240000D3
:10BC600001B40248844601BC604700BFF919FF1FB8
:10BC700001B40248844601BC604700BF2124000093
:10BC800001B40248844601BC604700BFD91B0000D4
:10BC900001B40248844601BC604700BF5930FF1F11
:10BCA00001B40248844601BC604700BFE54800007B
:10BCB00001B40248844601BC604700BFB352010092
:10BCC00001B40248844601BC604700BFA13AFF1F8F
:10BCD00001B40248844601BC604700BF090E000061
:10BCE00001B40248844601BC604700BF091B000044
:10BCF00001B40248844601BC604700BFC521000072
:10BD000001B40248844601BC604700BF793AFF1F76
:10BD100001B40248844601BC604700BF9938FF1F48
:10BD200001B40248844601BC604700BFF54E0100E3
:10BD300001B40248844601BC604700BF810E000088
:10BD400001B40248844601BC604700BFDD660100C3
:10BD500001B40248844601BC604700BF5522000080
:10BD600001B40248844601BC604700BF855201000F
:10BD700001B40248844601BC604700BF456B010026
:10BD800001B40248844601BC604700BF65710100F0
:10BD900001B40248844601BC604700BF4D3AFF1F12
:10BDA00001B40248844601BC604700BF2136FF1F32
:10BDB00001B40248844601BC604700BF434D010006
:10BDC00001B40248844601BC604700BFD52FFF1F65
:10BDD00001B40248844601BC604700BFA530FF1F84
:10BDE00001B40248844601BC604700BF75A9000049
:10BDF00001B40248844601BC604700BFD139FF1F2F
:10BE000001B40248844601BC604700BF7D2DFF1F7E
:10BE100001B40248844601BC604700BFF30E000035
:10BE200001B40248844601BC604700BF691F00009E
:10BE300001B40248844601BC604700BF0D520100B6
:10BE400001B40248844601BC604700BF4D1F00009A
:10BE500001B40248844601BC604700BFB933FF1FEC
:10BE600001B40248844601BC604700BF594F01003D
:10BE700001B40248844601BC604700BFB54C0100D4
:10BE800001B40248844601BC604700BFD13AFF1F9D
:10BE900001B40248844601BC604700BF1530FF1F53
:10BEA00001B40248844601BC604700BFFD35FF1F56
:10BEB00001B40248844601BC604700BFC94A010082
:10BEC00001B40248844601BC604700BF9DA9000040
:10BED00001B40248844601BC604700BFE53AFF1F39
:10BEE0000003010302030303040305030602070220
:10BEF000080309030A030B030C030D030E030F03CE
:10BF0000100311031303140315031603013C00115E
:10BF1000353C0011000000000200000022BF0011AB
:10BF2000192A0F180A000000F1590000FD24000032
:10BF30004146010089800011A5A00011E57400119F
:10BF40008D7E001199560011C9B000116552001183
:10BF5000253E00114D3F00110000000016160000A4
:10BF6000020000006CBF0011F4FFF3FFD2FC0000E0
:10BF70008D4000110000000000000000496E6B625F
:10BF8000697264004942532D5631390030303031E6
:10BF9000006769746875622E636F6D2F70767678AE
:10BFA0000049425354483250000000000200000093
:10BFB000C0BF0011292A282A272A262A252A242A0E
:10BFC0000A180000744000001027000060F0000014
:10BFD0000400000006640000204E00000000000085
:10BFE000060000005C440000102700006CEE00001A
:10BFF00007000000050000001F501D10023CB400A7
:10C0000000012C0021000000810200003031323399
:10C010003435363738394142434445460000000044
:10C020009D5A0011F15A00110000000002000000AA
:10C0300038C000116F2A6E2A1A18000001A00000F3
:10C04000000000006410B71DC8206E3BAC30D9263C
:10C050009041DC76F4516B6B5861B24D3C710550E8
:10C060002083B8ED44930FF0E8A3D6D68CB361CB10
:10C07000B0C2649BD4D2D38678E20AA01CF2BDBDC4
:10C08000FB349B5F80000080001000000000000077
:10C09000EF60001171770011136100117D7B0011B9
:10C0A00097610011537B00110D620011297B001173
:10C0B0005F620011F97C0011C7620011F97C001168
:10C0C000F9620011B37C00110D620011E17A0011D8
:10C0D00085620011917C001100000000000000004A
:10C0E0006B630011917C0011CD6300118977001101
:10C0F000052A042A012A002A0229032801280028E7
:10C1000001180018000000000000000000000000FE
:10C110000000008701010201020101020102030384
:10C1200004010301010101010303020103000D00E9
:10C130000E001000110013001401070108010A018C
:10C140000B011C011D02040205020702080219026C
:10C150001A021C021D03010302031700020100055D
:10C1600004000807000B0A001716001D1C0102013D
:10C17000010504010E0D0111100114130117160120
:10C180001A19020201020B0A020E0D02111002140A
:10C1900013021716030504030807030B0A030E0D09
:10C1A0000001020307090A0B0E0F101112141718D1
:10C1B000191A1B1F2021220015AA0011D1AA001153
:10C1C000000000000200000002C100110000000099
:10C1D000F1B70011000000000200000000C10011D2
:020000041FFFDC
:10000000000000008D3D001128BF001124BF001129
:10001000E460FF1F0000000000000000000000007E
:1000200000000000000000000000000000000000D0
:1000300000000000000000000000000000000000C0
:1000400000000000000000000000000000000000B0
:1000500000000000000000000000000000000000A0
:100060000000000000000000000000000000000090
:100070000000000000000000000000000000000080
:100080000000000000000000000000000000000070
:100090000000000000000000000000000000000060
:1000A0000000000000000000000000000000000050
:1000B0000000000000000000000000000000000040
:1000C0000000000000000000000000000000000030
:1000D0000000000000000000000000000000000020
:1000E0000000000000000000000000000000000010
:1000F0000000000000000000000000000000000000
:1001000000000000000000000000000000000000EF
:1001100000000000000000000000000000000000DF
:1001200000000000000000000000000000000000CF
:1001300000000000000000000000000000000000BF
:1001400000000000000000000000000000000000AF
:10015000000000000000000000000000000000009F
:10016000000000000000000000000000000000008F
:10017000000000000000000000000000000000007F
:10018000000000000000000000000000000000006F
:10019000AD32FF1FF530FF1FC166010000000000F7
:1001A000000000000000000000000000000000004F
:1001B000000000000000000000000000000000003F
:1001C000000000000000000000000000000000002F
:1001D000000000000000000000000000000000001F
:1001E000000000000000000000000000000000000F
:1001F00000000000000000000000000000000000FF
:1002000000000000000000000000000000000000EE
:1002100000000000000000000000000000000000DE
:1002200000000000000000000000000000000000CE
:1002300000000000000000000000000000000000BE
:1002400000000000000000000000000000000000AE
:10025000000000000000000000000000000000009E
:10026000000000000000000000000000000000008E
:10027000000000000000000000000000000000007E
:10028000000000000000000000000000000000006E
:10029000000000000000000000000000000000005E
:1002A000000000000000000000000000000000004E
:1002B000000000000000000000000000000000003E
:1002C000000000000000000000000000000000002E
:1002D000000000000000000000000000000000001E
:1002E000000000000000000000000000000000000E
:1002F00000000000000000000000000000000000FE
:1003000000000000000000000000000000000000ED
:1003100000000000000000000000000000000000DD
:1003200000000000000000000000000000000000CD
:1003300000000000000000000000000000000000BD
:1003400000000000000000000000000000000000AD
:10035000000000000000000000000000000000009D
:10036000000000000000000000000000000000008D
:100370003DB8001100000000000000000000000077
:10038000000000000000000000000000000000006D
:10039000000000000000000000000000000000005D
:1003A000000000000000000000000000411BFF1FD3
:1003B000000000000000000000000000000000003D
:1003C000000000000000000000000000000000002D
:1003D000000000000000000000000000000000001D
:1003E000000000000000000000000000000000000D
:1003F00000000000000000000000000000000000FD
:08183800306FFF1F4118FF1F74
:10184000024981F3088802F087FA0000306FFF1F19
:1018500070B500241E491F4A1F484C6308CA1B0567
:101860001B0DE4188242F9D11C4B80228B630021AE
:1018700009201B4B920519621A4B1B4DDA671B4B53
:10188000DA688243DA609A68194802409A60112047
:10189000296002F067F8112002F044F880226B6C96
:1018A000112093436B64EE23DB006343114A1B0C4E
:1018B000D3800122104B9A7201F0ACFB0F4B1B78C6
:1018C000002B04D10E4B1021187802F025F970BDC1
:1018D000000005408805054000060540FF010000A6
:1018E00000F0004004E100E0003800403CF000401F
:1018F000FFDFFFFFD060FF1F6861FF1F1E64FF1F37
:101900001E62FF1F10B502F067FA072804D01228E4
:1019100008D0022808D010BD044A0420136B0133FC
:101920001363F8E70220F6E71420F4E71465FF1FBD
:10193000F8B507000C0026002500503630785135E8
:10194000002804D10300287058342370F8BD29788A
:10195000CA00481E8141A3183800A25C5B68C9B266
:10196000FFF7D0FF00280DD12B78DA00A218013341
:1019700050602B703378044A013B3370136A013393
:101980001362D8E70123DFE71465FF1F5C2343439D
:10199000074910B5C9180B0058331B78012B05D126
:1019A000FFF7C6FF034A936A0133936210BDC04636
:1019B0004865FF1F1465FF1F10B502F0DDF9064AE8
:1019C0000121130010CB4942D967044B136002F088
:1019D0003BFA200010BDC04600E100E010001000FE
:1019E00010B5040002F0C8F9024B1C6002F02CFA9A
:1019F00010BDC04600E100E010B5040002F0BCF9E3
:101A00004021094A200013688B43136000F07EFADE
:101A100001F02EFC0022054B01201A60044B043219
:101A20001A6002F0B9F8FEE71CF00040C4F0004074
:101A3000C0F00040431E5A425341A022F0B5D201EB
:101A40005B421340144E154A40019B183218127E17
:101A50008BB00191002A19D01A000832D46F0022ED
:101A6000E5B206AFE4B294420CDC3018C369002B37
:101A700006D0019A03A8027006AA42600572984730
:101A80000BB0F0BD1978B9540132ECE71A7D1A7821
:101A900006AB01251A70E8E7D467FF1F004000403D
:101AA0007FB5244B4101CA5C0400002A2AD05A1891
:101AB000107E002826D0907E002823D0107902289E
:101AC00020D11689D588701B80B2021C102800D93D
:101AD000102292B2AE4216D1591801230B71002385
:101AE000CA69CB800B819A4206D0684603210373F2
:101AF0000171029301A890470820002C00D0192002
:101B000001F088FA7FBD013C60424441A02064425C
:101B1000C001044008485B1824180848DD680633F3
:101B2000013A92B28242EDD019884E1C1E80695C47
:101B30002170F5E7D467FF1F00400040FFFF000061
:101B40000F220E4B10B59868104002380A280BD8A7
:101B500001F0BEFF0D0A0B0A0A110A0A0A0A060062
:101B600002210020FFF766FF10BD0121F9E70020E8
:101B7000FFF796FFF8E7DB6FF6E7C046004000404E
:101B80000F220E4B10B59868104002380A280BD867
:101B900001F09EFF0E0A0B0A0A120A0A0A0A060040
:101BA00002210120FFF746FF10BD01210800F9E7DF
:101BB0000120FFF775FFF7E7DB6FF5E700900040C6
:101BC000564B70B51B68012B03D1554A936D0133F9
:101BD000936501F0A9FF534B534A1860534B544C83
:101BE0001A600123534A1360534A13602378002B71
:101BF00006D006225149524802F096F8002323707D
:101C0000504A514B10681B78C1B2002B0ED14F4C7B
:101C1000C0B223785BB2002B4FDB237824785BB211
:101C200064B21B0424021B191B1813600B1C5029DF
:101C30004ED95023464A47491078DBB2FF2202288A
:101C40004BD10868444C454D267890432A789642FB
:101C500054D9227824782E785D10013DA31B6B4364
:101C60005201D31A10335B111843086002F0ACF82C
:101C7000031F012B45D83A4B1B78002B06D0394B5C
:101C80001B78002B02D0002001F0BEFFA122364BB2
:101C900092009978354B4A431B689B188322920027
:101CA0009B181B78033B012B03D8AF20400002F0A8
:101CB00043F801222E4BDA8270BD237824785BB280
:101CC00064B2FF33FF341B0424021B190138ABE755
:101CD000CAB2022AAED20223ACE70868254C264DD0
:101CE000267890432A78964208D9227824782D784D
:101CF0005B10013B641B63435201B2E72378DBB204
:101D0000B2E70228D5D11D4B1B78013B022B03D92A
:101D10001B4B1B78022BCCD16C20C8E79809FF1F06
:101D2000FC0FFF1F6064FF1FFF3F00001410034003
:101D30006464FF1F0C10034000100340D50BFF1F0D
:101D40007211FF1FB40003408C09FF1F680AFF1FB8
:101D5000490AFF1F94000340460AFF1F470AFF1F5E
:101D6000F908FF1F2209FF1F300DFF1F3409FF1F55
:101D7000BC0BFF1F440AFF1F450AFF1F1C09FF1F62
:101D80002309FF1F10B501F0EFFE0022014B1A805E
:101D900010BDC0465C64FF1F10B502F045F8A121DC
:101DA000054A89009478054A61431268044B521829
:101DB000528C1A8010BDC046300DFF1F3409FF1F22
:101DC0005C64FF1F10B50D4B0D4A9978A1239B0051
:101DD0004B431268D218531DD97F0A4B1B88994276
:101DE00009D2441C07D0C82805D0D2695B1A5A43CF
:101DF000054B5343C01802F0FFF810BD300DFF1F14
:101E00003409FF1F5C64FF1F7102000070B5244D90
:101E10002B68002B28D002F01FF82B68D8402B68C5
:101E20000400002B27D001F037FF2B68D8401D4B52
:101E30001D4A9978A1239B004B431268D118D25CAC
:101E400091239B00002A20D0CA580132CA50174B58
:101E500017491B680868834214D3D23B181A012A19
:101E60001AD0144B186070BD01F0F6FF124B1968C0
:101E700001F04AFFD3E701F00FFF0F4B196801F0A3
:101E800043FFD4E70D495B18E8E7CA500C4B1B68C9
:101E9000DB68E418201AE4E7F530FF30E1E7C046DC
:101EA0001C08FF1F300DFF1F3409FF1F9C09FF1F77
:101EB0006064FF1FA009FF1F1808FF1F2DFF3F00D0
:101EC0006864FF1F70B504000D00282916D10300B7
:101ED000A433C2881B889B1A0B4A9BB293420DD92C
:101EE00006006A3605223100653001F09DFE0028AB
:101EF00004D13100200001F077FF70BD29002000DF
:101F000001F042FFF9E7C046FE7F0000F8B505008A
:101F1000012001F0F1FE134CA36AA26A9342FBD1A7
:101F2000114E336002F070F8104903000860104849
:101F3000426894460F4A17680022BC4501D24268A5
:101F4000BA1A0D4802603268AD18A422E562606AD0
:101F5000520302436262094A1278002A01D00F3B01
:101F60000B60F8BD00F00040340AFF1FE408FF1FBB
:101F700028100040180AFF1F1C0AFF1F1C09FF1F22
:101F800070B580241025E405A3682B43A36001F0FD
:101F9000B3FDA368AB43A36070BD0000F7B51600A6
:101FA00080221C001023D2050191916805000B438B
:101FB000936000225B4BD7301A6001F045FE9D23F1
:101FC0002F002A009B00EB58FC37CA3201213868E9
:101FD0000092002B01D00021009A01F08DFF290012
:101FE000009BCB311A78504BD3351A604B780A7866
:101FF0001B0213438A7812041A43CB781B0613433F
:102000004A4A1BBA13604B790A791B0213438A7937
:1020100012041A43CB7931001B061343444A1BBAFE
:1020200013606B782A781B021343AA7812041A43B0
:10203000EB781B0613433F4A1BBA1360019A330225
:1020400013433D4A13603D4B22001B1B9C46032952
:102050003FDC032332009A43B3089B00F11A9BB282
:10206000032946D13549E01852188178407809048F
:1020700000020143E05C0433014311600022FF2BA6
:102080004ADDF0222E4B12011A600F222D4B1A60EE
:102090002D4A1368002BFCD00023224A27491360E5
:1020A000091B321D0B191B68043A180A2370607053
:1020B000180C1B0EA070E3700434002AF2DC80229E
:1020C00010213B68D20501333B6093688B439360DA
:1020D000F7BD6346D578981893782D061B042B43DB
:1020E000157804392B43557804322D022B430360B5
:1020F000ADE702290AD11149E05C5218E11849788C
:1021000009020143043311609BB2B7E70129B5D13D
:102110000A495218E15CF5E7084959180A60043386
:10212000ADE7C046000004403C00044038000440D5
:1021300034000440300004400C000440000104401E
:10214000040004401000044014000440F0B51400E2
:1021500080221D00102385B0D205019191680600F0
:102160000B4393600023684AD730136001F06CFD85
:102170003300FC3358689D2337009B00F158CA3761
:102180003A00002900D083E001F0B6FE31003A7831
:102190005E4BCB311A604B780A781B0213438A7866
:1021A000A44612041A43CB781B061343584A1BBAA1
:1021B00013604B790A791B0213438A7912041A437C
:1021C000CB791B061343534A1BBA13604B7A0A7A26
:1021D0001B0213438A7A12041A43CB7A29001B0686
:1021E00013434D4A1BBA1360019A230213434B4A0F
:1021F00013602A00231D18000393494B5B1B0193B6
:10220000019BCF785B1802938B783F061B043B43FE
:102210000F7804383B434F7804313F023B43029F21
:102220003B600328ECDCA3081C0003989900431AC8
:102230000134181FA400072B2CD1394B2819E7189B
:10224000837840781B0400020343285D03433B600E
:1022500008310C000023FF2C2EDD324B324919606F
:102260000F21324B1960012327490B60304B19684D
:102270000029FCD006211B680B40042B21D08022B2
:102280000020D20593680A318B43936005B0F0BDFE
:10229000012179E7022808D1214BE0182B195B783E
:1022A0002C5D1B0223430360D2E70128D2D11C4BD3
:1022B000285DE3181860CBE7194961180B600434F6
:1022C000C9E7002310490B606346002B0CDC330088
:1022D000FC335A68102101325A608022D20593687B
:1022E00001208B439360D1E7019B9B181B68190A5F
:1022F00013705170190C1B0ED37004235B42917044
:102300009C440432E0E7C046000004403C00044026
:102310003800044034000440300004400C00044005
:102320000001044004000440080F000010000440B5
:102330001400044070B5061E19D002225A4B9B7936
:102340009343012B13D1594B1A78FF2A0FD15A7896
:10235000FF2A0CD19A78FF2A09D1DA78FF2A06D110
:102360001A79FF2A03D15B79FF2B00D199E0504BFA
:102370000C201A78012A08D000224E4D1A702978B4
:102380000B00093B042B01D8212070BD4B1F012BF2
:10239000FAD9454CA37B042B00D982E0A279032A09
:1023A00000D97EE09A1ED2B2012A02D860881F2886
:1023B00077D9002E56D0012E73D1A0880128E3D002
:1023C000002907D1581E032803D801F081FB1217FA
:1023D00015122E702978481E032811D80025364B77
:1023E0001D602823237501F0AFFCA84227D0A580EB
:1023F000CAE702212970EDE70421FBE70321F9E791
:1024000007390129C0D82D490968C96A8906BBD591
:102410002B4908780028B7D1012A01D9002BB3D164
:1024200002230B708021274D2633890128782375DC
:1024300001F04AFD80212878890101F06DFB01231C
:10244000A380214B1B78002B0AD0FA2280211F4B3E
:1024500092001B8809025A431A4B187801F03CFD80
:10246000002092E701F088FC2B78A680073B012B27
:1024700003D917482E7001F027FC114B114C1A7824
:10248000002A06D080210022207889011A7001F0EC
:102490001BFD01F0D9FC80212078090201F014FD18
:1024A000DEE7122071E7C046A60BFF1F6B09FF1F76
:1024B0001A09FF1F1C09FF1F4809FF1F6864FF1F3F
:1024C0002309FF1F1B09FF1F2109FF1F2C09FF1FE5
:1024D0000010004010B5002901D001F035FB10BDFF
:1024E000F7B55E4B01919978A1239B004B435C4A61
:1024F000060014681022E418D6235B00E058362347
:10250000FF33E35C00279343222B3ED1554B0F3A18
:102510001A600760012501F0B7FC019B1880E823D1
:102520005B00E35C002B01D0B34255DD00224E4F2F
:10253000FA70AD32FF32A2581168002903D0928898
:10254000D24392071AD03822FF32A25C002A15D05B
:102550009B225200A25C002A10D1B3420EDAA423BF
:102560005B00E15AE018090A023101F005FD230081
:102570000122FE33013E01351A87FA70E8235B0021
:10258000E35C002B2AD0A8B2FEBD03683D00002BFF
:10259000C1D081880430090A023101F0EDFCD62354
:1025A0005B00E3581F60B5E72300B133BA00FF3387
:1025B0009858013781880430090A023101F0DCFCA7
:1025C000E8235B00E35CBB42EEDCE822F61AED1880
:1025D00000235200A354A9E70027F1E7200001F0EF
:1025E00013FC00281FD0002E1DDD73198826471903
:1025F0000193B600200001F037FC5A30800020180B
:102600004068013581880430090A023101F0B4FCC8
:10261000200001F0C1FCA3590133A351BD4202D0F7
:10262000019B9D42E6D1114BE35C002BABD095237F
:102630009B00E35C002BA6D00D4BE15A0029A2D0F1
:102640000C4AA35C994202D90133A3549BE70023AF
:102650001A212000A35401F0B7FA94E7300DFF1FB0
:102660003409FF1F00140340E010FF1F5A0200004E
:10267000720200005E0200000D4970B54A6E0D4CFA
:10268000D2038B69D20BA24206D80B4D0224AA4278
:1026900004D901F059FC70BD02246442E21815000F
:1026A0007E2425402242F4D0A3432B438B61F0E7E4
:1026B00000F000400A200000FC1C0000F8B51D4B93
:1026C0001D4F1A78002A10D1BA7B002A02D101329C
:1026D0001A7003E0032AFAD0022AF8D001F034FB82
:1026E00000220120154B1A70F8BD154B154D1C68C2
:1026F000154B9E7801232B702878C0B200F09CFB0C
:10270000BB7B002B0BD101F0AFFAA1239B007343DD
:10271000E41883239B00E41823782B70E4E7032B51
:1027200002D101F069FBF0E70020022BDCD101F0BF
:102730001BFCEAE71C09FF1FA60BFF1F2309FF1F55
:102740003409FF1F490AFF1F300DFF1FF0B587B086
:102750000EAD2F780FAD2D780593AC46634614006F
:102760000E4D0CAA12782E7803930D9B00920193C4
:102770002200059B029701F037FA2E70012C01D040
:10278000042C08D1802206498B889343054A12788D
:10279000D20113438B8007B0F0BDC0461C09FF1F58
:1027A0006C11FF1F7809FF1F0B001B3B70B5040065
:1027B0003020E02B0DD81300E025493BFF3B9BB2B6
:1027C000ED00AB4205D8034B200019825A8201F07C
:1027D000B3F970BD8410FF1F10B501F0A5F9054BCA
:1027E00000205B68052B04D9034A5268D20200D44A
:1027F000980810BD00100040FCE100E070B501F049
:10280000BBFA0D4B1B68FC33DC691D6AFFF7E4FF64
:102810006419844204D2094B01241B68002B07D0A1
:1028200004220024064B1A70064A9369013393610F
:1028300001F00AFB200070BD6864FF1F9809FF1FAC
:102840002309FF1FFC0FFF1F70B50C4D2B68FC33D5
:102850005C6A01F091FAFFF7BFFF2B680025FC339B
:102860009B6AE318834204D2054B1B68AB4200D13C
:10287000051B01F0E9FA280070BDC0466864FF1F1F
:102880009809FF1FD722044B92009B5810B5002BCC
:1028900000D0984710BDC0460000FF1F10B501F0E2
:1028A000FFF8FFF7EFFF2749274BCA6D1A40842333
:1028B0005B001343CB65254B1B68186A01F01CFABB
:1028C000234B244A1A60244B244A1A60A022244B2A
:1028D00052001A60234B187801F016F92249234858
:1028E00001F0AAF90023214A214993600233936041
:1028F000204B214813600323936001F09DF91022BF
:102900001E4BFF201A60802252031A60802292031D
:102910001A60802212041A6001F076F9012001F099
:10292000E3FAFA20400001F0A7F9582001F004FA78
:10293000134801F011F9012001F06EF9072001F0B0
:102940003BFA10BD00F0004000FEFEFF6864FF1F70
:10295000000003400180063DBC0003403408000035
:10296000A40003404A0AFF1F710200001410004037
:10297000FFFF3F00C30900002810004000E100E015
:1029800030750000664F3B6888331B6883F3088806
:1029900001F002FA634A6449136800200B40136097
:1029A000624B634A1B68934200D1A4E001F044FAF1
:1029B0000221604A13688B431360FFF76FFF5E4B81
:1029C000002418785D4DC0B201F0F6FA0223AC6025
:1029D000AB605B4B01202B6001F08EF90323AB60F1
:1029E00001F0E2F8050001F09FF8060001F0DCF8C4
:1029F000544B186001F050FA534B1A68AA426441D4
:102A0000AB1A80221B1BD203934201D39B029B0A69
:102A10003A68D16AC90700D470E04C491C0C0968B7
:102A20009BB24C4359432402090A64184849FC32BA
:102A300093680A6803219B1A464A474812689B1804
:102A4000464A9D18464A0B401768AD08DB190560D9
:102A50001360042B03D901350B40056013602D1959
:102A60002800404901F050F93F4F3E493B68C318E8
:102A70003B602800019301F017F93C4D28680818C5
:102A800038492860884205D9019B01333B6001F039
:102A90000BF9296001F010FA354B1B78002B0DD093
:102AA00001F042F8334BA21B196812188A4232D245
:102AB0008919091B091A304801F0BEF82F4D2B7AED
:102AC000002B0ED001F030F8A21BE96812189142D9
:102AD00024D98919091B091A294801F0ADF80023E6
:102AE0002B72284B83F3088801F0C6F9002001F00F
:102AF000A3F901F0E1F801F09FF95EE7DC0199002C
:102B00000234641A5900641A09214B438033CB40C4
:102B1000A408E4188AE7FA218900CCE71A49DBE720
:102B20006864FF1F1CF00040FFFFC1FF0C0AFF1F7D
:102B3000B641210310000040490AFF1F1410004055
:102B4000C3090000100AFF1F340AFF1F380AFF1FC5
:102B5000200AFF1F1C0AFF1F240AFF1FC4090000D0
:102B6000280AFF1F710200006008FF1F2C0AFF1FC8
:102B70001C09FF1FE408FF1F00100040740BFF1F1B
:102B80003C10004000000020DC050000A022054BA6
:102B900092009B5810B5002B01D0984710BD01F052
:102BA000E3F8FBE70000FF1FA122054B92009B58B2
:102BB00010B5002B01D0984710BD01F0D5F8FBE708
:102BC0000000FF1FA222054B92009B5810B5002B5E
:102BD00001D0984710BD01F0C7F8FBE70000FF1FC8
:102BE000A322054B92009B5810B5002B01D09847AB
:102BF00010BD01F0B9F8FBE70000FF1FA422054B50
:102C000092009B5810B5002B01D0984710BD01F0E1
:102C1000ABF8FBE70000FF1F70B500F085FF4F4BDE
:102C2000186001F061F80400C30702D401F0D4F980
:102C300070BD00224A4B1A604A4B187801380428AC
:102C400029D800F045FF0320181C2400200001F0C3
:102C500043F80128ECD0444C2378042B6ED101F0CA
:102C6000DBF80028E4D001F077F9582001F064F88F
:102C700002232370DCE7200001F086F9E9E7200059
:102C800000F09AFFE5E7200001F056F9E1E72000A7
:102C900000F07AFFDDE701F097F80500012808D180
:102CA000324B1B78053B012B03D82000FFF76EFF4A
:102CB000D1E72D4B1B78022B01D0052B20D1022D03
:102CC00028D12B4B9B7BAB431CD12000FFF76CFF23
:102CD000264B18780128BED16405BCD4244925228E
:102CE0004B7B034205D1233A13405A4253412633CA
:102CF0001A000B7D9342AED9322000F06DFFAAE797
:102D0000022D07D1194B1B78052B11D12000FFF79D
:102D100059FFDDE7012D0BD1012B03D12000FFF777
:102D20005FFF98E7062B03D12000FFF767FF92E7CC
:102D3000200001F019F8022D8DD1C9E7032B04D131
:102D40000C4B987C01F050F972E7072B00D06FE72D
:102D5000094B987B00F0E0FF6AE7C0469C09FF1F23
:102D60009809FF1F9009FF1F2309FF1F1C09FF1F60
:102D7000A60BFF1FBC0BFF1FD40BFF1FFA210A4B32
:102D80000A4A49001A640A4A5A500A4A04395A50EF
:102D9000094A08319A64094A5A50094A5C315A5022
:102DA000084ADA667047C0460000FF1F4D27FF1F24
:102DB0004928FF1FFD27FF1F3523FF1FBD26FF1FCB
:102DC000C51DFF1F991DFF1FF7B50B0CFF27012223
:102DD000009300233C001E001D009446019089B220
:102DE00062469A401000084018413618B6B2FF2FCC
:102DF00002D1012E00D19FB2009802401A41AD18B5
:102E0000ADB2FF2C02D1012D00D19CB20133102BA9
:102E1000E6D10320012E07D1012D04D1019B24010D
:102E2000E4191C700138FEBD102EFCD10238102DA3
:102E3000F9D00230F7E700008023F7B59C46264B17
:102E4000264F01932649274A274D284C284B022814
:102E50001AD1604638600868264E30408026360316
:102E60003043086001990978002909D11660224A87
:102E70002A60224A2260E02219689143A03A1BE0AE
:102E80008021C9021160F2E766463E600F68194E64
:102E90003E408027FF023E430E60019909780029D9
:102EA0000DD1176001280ED1154A2A60154A2260FB
:102EB000E02219689143C03A0A431A60F7BD8021A5
:102EC00089021160EEE7E0210F4A02432A600F4AAF
:102ED00022601A688A43F0E74B0AFF1FE0000340B4
:102EE000D80003409000034000000340500003401E
:102EF00040000340FFFFE3FF0280063D80450822BB
:102F00000180063D806608220080069880550822D0
:102F1000F8B51E4B80261A68002014003440324257
:102F200032D11A681A4F32431A6001223B680630C8
:102F300093433B6000F0E0FE0122164D2B681E43D8
:102F40002E603B680A2613433B608027BF00124B6C
:102F50001B683B4211D1013EF6B2FF2E09D17E2201
:102F60000E4B1C682B68E40B1440934323432B60E7
:102F700005E0082000F0C0FEE9E7002EEFD1802236
:102F80002B68600893432B60F8BDC046C4F0004036
:102F90005CF0004018F0004068F0004060F0004035
:102FA00010B501F001F801215820034A01F00CF896
:102FB000FFF7AEFF10BDC046600AFF1F10B57822B4
:102FC0000021034800F0F0FE00F06EFF002010BD6D
:102FD0005C67FF1F70B5040000F0CEFE00230C20DC
:102FE0000B4A010059438D18515C00290DD0A142B4
:102FF00008D1012300246B7000F02EFE00F024FFA6
:10300000200070BD01330A2BEBD11224F6E7C04635
:103010005C67FF1F70B5040000F0AEFE00231900CE
:103020001D000C4A1078002808D0A04200D155702D
:10303000507801311B180C320A29F3D1002B05D12D
:1030400000F032FF00F000FF002070BD00F004FE31
:10305000F8E7C0465C67FF1FF7B504000C200023AB
:1030600084460E4D019267465F43E85D7E19A0429B
:1030700012D000280BD10A4B9C4662461B780833BD
:103080001370019B70707C557160B360FEBD01339D
:103090000A2BE8D10320F9E70720F7E75C67FF1F59
:1030A0005867FF1F70B500240C26104B3200624396
:1030B000D5189A5C824211D10D4A1378F8331370F7
:1030C00000F05AFE09222900121B72430C3128001D
:1030D00000F052FD00F0B8FE002070BD002A02D0C2
:1030E00001340A2CE2D11220F7E7C0465C67FF1FCB
:1030F0005867FF1F8020F8B5484BC0051B68C124E6
:103100008360474BFF251A68012313434361454BF6
:10311000A4001A68444B40211A60444B1A68444B7F
:103120001A60444B1A59AA431A51C52292009E585C
:10313000AE433143802699509F583F49F6010F40D6
:103140003E439E509E5880273602360A30439850A0
:1031500080201A5900020A4002431A5104341A59B5
:10316000364E3F04324080263A431A511A593606E9
:103170001202120A32431A5108341A5980260A40A0
:1031800002431A51C32292009F58B446AF433743BB
:103190009F509F58294E0F4007439F509F583740DC
:1031A00080263604374380269F509F5836063F02BC
:1031B0003F0A37439F50C0221F59AF433A431A5129
:1031C0001A591202120A1643C6221E5192009C5826
:1031D000AC4365462C439C509C5800250C40204332
:1031E0009850C72080001A58154C1140C022120276
:1031F0000A431A50134B1B78DB08AB4201DC00205A
:10320000F8BD2378002B06D0A368002B00D0984788
:1032100001350C34EEE71220F2E7C0460843FF1FE9
:103220000443FF1FB0F000405467FF1FB4F000409C
:103230005067FF1F00E100E0FF00FFFFFFFF00FFFE
:103240005C67FF1F5867FF1F030010B51F2809D8D0
:10325000072200201340072404490A78A24313439D
:103260000B7010BD00230620F5E7C0465867FF1F0E
:10327000034A0449136800200B4013607047C0469E
:103280001CF00040FFFFC1FF054B06491B780A6890
:1032900005485B0702401B0B134300200B6070477F
:1032A0005867FF1F1CF00040FFFFC1FF70B50C25E1
:1032B000FFF7EAFF0A4B1C780A4BE4086543ED1858
:1032C000002C01D1200070BD2B78002B06D06B683C
:1032D000002B00D09847013C0C3DF1E71220F2E7AB
:1032E0005867FF1F5067FF1F1FB5002102220B0008
:1032F00001910091052000F017FE02230B490A6896
:103300001A42FCD120230393039B5A1E0392002BE5
:10331000FAD1074A1368002BFCDA0B246C44200016
:10332000012100F0F9FD207804B010BD90C80040E4
:1033300000C8004013B504000A4B0193019B002B09
:1033400001D1112016BDFFF7CFFF23000340044237
:1033500005D0052000F0D0FC019B013BEDE71800F3
:10336000F0E7C046FFFFFF0707B500F005FD80222C
:103370000821D205936A0191002B01D1073991628E
:1033800002210C4A11600199481E01900029FAD1CE
:1033900003311160053101910199481E0190002906
:1033A000FAD11160002B02D18022D205936200F085
:1033B0004BFD07BD00C00040F0B52D4C89B023780F
:1033C000002B4FD1FEF7F8FA02232A4F03903A68F8
:1033D0001A42FCD120230693069B5A1E0692002B0C
:1033E000FAD1254E3368002BFCDA0120FFF7A2FF4B
:1033F000011E02D0112009B0F0BD0300032201908C
:10340000009005AD9F2000F08FFD0321280000F003
:1034100083FD02233A681A42FCD120230793079BBD
:103420005A1E0792002BFAD13368002BFCDA0120D8
:10343000FFF780FF0028DDD10398FEF7D1FAAA78C4
:103440006B7811041B020B4329780B436360130054
:10345000113B0A49052B07D801239340A3600B6059
:10346000012323700020C6E780231B03F6E7C04634
:10347000F042FF1F90C8004000C800409808FF1F9E
:103480001E4B30B55A6818781D4B85B0D318594279
:103490004B4101210093002300F036FD194B1A4ADD
:1034A00002259A6300221A6510325A658022C421CF
:1034B0009D65164B1648D202DA6789004258154BB3
:1034C00080241A4080231B0413434350642341206B
:1034D0000393E40500F006FA402000F003FA656269
:1034E000039D6B1E0393002DFAD103236362FFF744
:1034F0003BFFA562FFF760FF05B030BDFC42FF1F38
:1035000095FFFEF700C80040050001FF04E100E060
:1035100000E100E0FFFF00FFF0B585B00700FEF717
:103520004BFA022305002D4C22681A42FCD12023BD
:103530000093009B5A1E0092002BFAD1284E33684C
:10354000002BFCDA0120FFF7F5FE002803D0112440
:10355000200005B0F0BD234B2360022322681A42ED
:10356000FCD120230193019B5A1E0192002BFAD11A
:103570003368002BFCDA0120FFF7DCFE0028E6D1DF
:10358000194B1F60022322681A42FCD120230293A8
:10359000029B5A1E0292002BFAD13368002BFCDAF0
:1035A0000120FFF7C7FE0028D1D1104B2360022372
:1035B00022681A42FCD120230393039B5A1E0392D4
:1035C000002BFAD13368002BFCDA0120FFF7B2FEA2
:1035D000041EBCD12800FEF703FAB9E790C80040EA
:1035E00000C8004001000006A8C80040018000019A
:1035F00010B50020FFF790FF10BD000010B5064B7E
:1036000018705960FFF73CFF00211320034AFFF7B1
:1036100023FD002010BDC046FC42FF1F8134FF1F68
:10362000F0B5040085B003920291FEF7C5F9882237
:1036300063035B0B52051A438023DB059D6A8023DD
:10364000274F0092BA68002601901B039A420CD9BA
:10365000F82326001B041E401C4206D08022214B6A
:1036600052025E6219680A431A60002D0BD100F005
:1036700083FB02221C4B1A608023DB055A62013A4D
:103680009A6200F0E1FB0023039A934220D1002DBF
:103690000AD100F071FB144B03221D608023DB056F
:1036A0005A629D6200F0D0FB8023BA681B039A42E5
:1036B00008D9002E06D000220A4B0C495A621A681B
:1036C0000A401A600198FEF78BF9002005B0F0BDA2
:1036D000009A0299D2181278CA540133D4E7C0462E
:1036E000F042FF1F00C8004000C00040FFFFFEFF87
:1036F000F0B587B0029103920400FEF75DF90190E6
:1037000000F03AFB802302250122234EDB053560C1
:103710005D629A6200F098FB204F3B682B42FCD11F
:1037200020230493049B5A1E0492002BFAD11C4DB3
:103730002B68002BFCDA0120FFF7FCFD002802D0EB
:10374000112007B0F0BD2000039A029900F09CFA06
:10375000022304003A681A42FCD120230593059BFA
:103760005A1E0592002BFAD12B68002BFCDA01209F
:10377000FFF7E0FD051EE3D100F0FEFA80230322EF
:10378000DB0535605A629D6200F05EFB0198FEF732
:1037900027F9E0B2D5E7C04600C0004090C800401D
:1037A00000C80040F0B5802489B00600FEF704F997
:1037B000E405A36A02250393029000F0DDFA0123D9
:1037C000304F3D606562A36200F03EFB2E4C2368E3
:1037D0002B42FCD120230593059B5A1E0592002BFA
:1037E000FAD12A4D2B68002BFCDA0120FFF7A2FD4D
:1037F000002803D01124200009B0F0BD244B236021
:10380000022322681A42FCD120230693069B5A1EEB
:103810000692002BFAD12B68002BFCDA0120FFF76F
:1038200089FD021EE6D11B4B03211E60030001909F
:103830000090202000F078FB022322681A42FCD17D
:1038400020230793079B5A1E0792002BFAD12B685F
:10385000002BFCDA0320FFF76DFD041ECAD100F037
:103860008BFA80230322DB053C605A629C6200F0E5
:10387000EBFA039B002B01D1FFF776FD0298FEF7D0
:10388000AFF8B8E700C0004090C8004000C8004052
:103890000100000694C8004007B50002019104220F
:1038A000000A01A9FFF724FF0EBD000073B5050053
:1038B00005240B4AA3005B429B1819686B46DE1D6A
:1038C0003000FFF781FA022804D133782B55013CF0
:1038D000EFD276BD052CFCD00128FAD10230F8E7F2
:1038E000140900111F2807D8012380228340D20524
:1038F00091680B43936070473F2808D801238022CA
:1039000020388340D20551690B435361F3E75F28A8
:10391000F1D80123802240388340D205116A0B433D
:103920001362E8E71F2807D8012280218240C905D9
:103930008B6893438B6070473F2808D80122802111
:1039400020388240C9054B6993434B61F3E75F28F8
:10395000F1D80122802140388240C9050B6A934387
:103960000B62E8E71F2810D880230200DB05153A18
:103970001968012A06D820229143196019680A4360
:103980001A60704701228240F6E73F2811D8802351
:103990000200DB05353AD968032A06D81022914384
:1039A000D960D9680A43DA60EBE701222038824007
:1039B000F5E75F28E5D842238022181A413B83406F
:1039C000D205516A99435162516A0B435362D8E759
:1039D00010B50400012813D1A022184992050B68E4
:1039E0005B015B0913430B60154B164A19681140C4
:1039F000154A0A431A60402219680A431A6010BD2A
:103A00000028FCD101000A2000F0F6F821000B206C
:103A100000F0F2F8C0220A4B920019680A434021D4
:103A20001A601A688A431A60B022044912060B68A9
:103A30005B015B0913430B60E1E7C04614F00040F3
:103A40001CF000407F00FEFF80FD010072B6074AB7
:103A50001368013313600422054B1A600023054AE2
:103A600013608022D2055360FEE7C0467808FF1F2E
:103A7000C0F00040C4F0004005490B68002B05D1A0
:103A8000044A0A6004490A60044A13607047C04649
:103A9000140AFF1F841E0000380AFF1FC4F00040F4
:103AA0000023034A1360034A1360034A13607047FC
:103AB00054F0004040F1004044F1004002B471462F
:103AC00049084900095649008E4402BC7047C04667
:103AD00002B4714649084900095C49008E4402BCA1
:103AE0007047C04603B47146490840004900095A6E
:103AF00049008E4403BC704701B40248844601BCAF
:103B0000604700BFDD3F000001B40248844601BCAD
:103B1000604700BFEDA5000001B40248844601BC27
:103B2000604700BF0D52010001B40248844601BC49
:103B3000604700BFC95C010001B40248844601BC73
:103B4000604700BF116E000001B40248844601BC0A
:103B5000604700BFE9D4000001B40248844601BCBC
:103B6000604700BF8D11010001B40248844601BCCA
:103B7000604700BF8D82000001B40248844601BC4A
:103B8000604700BF810E000001B40248844601BCBA
:103B9000604700BFF935010001B40248844601BC0A
:103BA000604700BFA1AF000001B40248844601BCD9
:103BB000604700BF156B010001B40248844601BC98
:103BC000604700BF0534010001B40248844601BCCF
:103BD000604700BF53B9000001B40248844601BCED
:103BE000604700BF6137010001B40248844601BC50
:103BF000604700BF9D6A000001B40248844601BCD2
:103C0000604700BF75A2001101B40248844601BCA0
:103C1000604700BFED6B010001B40248844601BC5F
:103C2000604700BFE512010001B40248844601BCB0
:103C3000604700BFCD4C010001B40248844601BC7E
:103C4000604700BF2D6C010001B40248844601BCEE
:103C5000604700BF8944000001B40248844601BCAB
:103C6000604700BF21A9000001B40248844601BC9E
:103C7000604700BFE9F6000001B40248844601BC79
:103C8000604700BF8512010001B40248844601BCB0
:103C9000604700BF9573010001B40248844601BC2F
:103CA000604700BF6D0B010001B40248844601BCAF
:103CB000604700BF090E000001B40248844601BC01
:103CC000604700BF8552010001B40248844601BC30
:103CD000604700BFC1A5000001B40248844601BC92
:103CE000604700BF0134010001B40248844601BCB2
:103CF000604700BFBD0B010001B40248844601BC0F
:103D0000604700BF0189000001B40248844601BC3D
:103D1000604700BF090E000001B40248844601BCA0
:103D2000604700BFC1F7000001B40248844601BCEF
:103D3000604700BFE94C010001B40248844601BC61
:103D4000604700BF7912010001B40248844601BCFB
:103D5000604700BFA9D8000001B40248844601BCF6
:103D6000604700BF45B8001101B40248844601BC59
:103D7000604700BFE917010001B40248844601BC56
:103D8000604700BF75A9000001B40248844601BC29
:103D9000604700BF51B8000001B40248844601BC2E
:103DA000604700BFC9A9000001B40248844601BCB5
:103DB000604700BFB70E000001B40248844601BC52
:103DC000604700BFF90D010001B40248844601BC00
:103DD000604700BFDD0C010001B40248844601BC0D
:103DE000604700BFE927000001B40248844601BCD7
:103DF000604700BF85C1000001B40248844601BC91
:103E0000604700BF75F8000001B40248844601BC59
:103E1000604700BF71B0000001B40248844601BC95
:103E2000604700BF01D7000001B40248844601BCCE
:103E3000604700BFF9ED000001B40248844601BCB0
:103E4000604700BF016C010001B40248844601BC18
:103E5000604700BF9DA9000001B40248844601BC30
:103E6000604700BFE90B010001B40248844601BC71
:103E7000604700BFD9B0000001B40248844601BCCD
:103E8000604700BF7997000001B40248844601BC36
:103E9000604700BFCD0C010001B40248844601BC5C
:103EA000604700BFC166010001B40248844601BCFE
:103EB000604700BFADAE000001B40248844601BCBB
:103EC000604700BFD544010001B40248844601BCEC
:103ED000604700BFB352010001B40248844601BCF0
:103EE000604700BF8B52010001B40248844601BC08
:103EF000604700BF6911010001B40248844601BC5B
:103F0000604700BF2144000001B40248844601BC60
:103F1000604700BFC56D010001B40248844601BC82
:103F2000604700BF3D71010001B40248844601BCF6
:103F3000604700BF496D010001B40248844601BCDE
:103F4000604700BFF535010001B40248844601BC5A
:103F5000604700BFD1AE000001B40248844601BCF6
:103F6000604700BF6DF6000001B40248844601BC02
:103F7000604700BF19FA000001B40248844601BC42
:103F8000604700BFC115010001B40248844601BC6E
:103F9000604700BF0934010001B40248844601BCF7
:103FA000604700BF5976010001B40248844601BC55
:103FB000604700BFED68010001B40248844601BCBF
:103FC000604700BF8914010001B40248844601BC67
:103FD000604700BF0167010001B40248844601BC8C
:103FE000604700BFDD0A010001B40248844601BCFD
:103FF000604700BF4DF9000001B40248844601BC8F
:10400000604700BF8937010001B40248844601BC03
:08401000604700BFBD5C010028
:1040180002000000FEC000110100000018BF0011DE
:1040280002000000FAC00011010000005840FF1F04
:104038000200000020BF0011010000006461FF1FA2
:1040480002000000F8C0001103000000D860FF1F44
:104058001200000002000000FEC000110100000074
:1040680060BF001102000000FAC00011010000004A
:104078005DBF0011020000006ABF001103000000CC
:104088001361FF1F02000000F8C0001103000000C8
:104098002861FF1F02000000FAC0001101000000A3
:1040A8005CBF00110200000068BF0011030000009F
:1040B800E960FF1F02000000F8C0001103000000C3
:1040C8000A61FF1F02000000FEC00011010000008D
:1040D800ACBF001102000000FAC00011010000008E
:1040E800A141FF1F02000000BEBF00110100000037
:1040F800A1BF001102000000FAC000110100000079
:10410800A041FF1F02000000BCBF00110100000019
:104118003061FF1F02000000FAC00011010000001A
:104128009F41FF1F02000000BABF001101000000FC
:1041380091BF001102000000FAC000110100000048
:104148009E41FF1F02000000B8BF001101000000DF
:104158008CBF001102000000FAC00011010000002D
:104168009D41FF1F02000000B6BF001101000000C2
:1041780084BF001102000000FAC000110100000015
:104188009C41FF1F02000000B4BF001101000000A5
:104198007CBF0011020202020202000000000000BF
:1041A80016150000854E0011494E00110CC0001173
:1041B80090011D0018001800FFFF07010203040505
:1041C80006020106000000000000000000000000D8
:1041D80000000000000000000000000000000000D7
:1041E8000300000002000000FEC0001101000000F2
:1041F8002CC0001102000000FAC0001101000000EC
:104208005C42FF1F0200000036C0001101000000E0
:104218005E61FF1F02000000F8C0001103000000EB
:104228005064FF1F02000000FAC0001101000000E6
:104238005C42FF1F0200000034C0001101000000B2
:104248006061FF1F02000000F8C0001103000000B9
:104258004864FF1F12000000000100000000011167
:10426800FFFF000050485936000000000000000021
:104278000B000500F0000000B4000028002800280A
:104288003075A000A000A000A00000080008E00110
:10429800F000100010001000100010001000500076
:1042A8005000500010001000D0070000000000006F
:1042B8000F0001000500307507001000010081FFA4
:1042C80000000000FF000000497400115172001145
:1042D800E16F0011FFFF0100FF000000819E001147
:1042E800F19B0011099B0011000000000000000074
:1042F80000000800040000003B0001085902E0012A
:104308008821280002000000FEC000110100000002
:10431800C4C1001102000000FAC000110100000031
:104328008943FF1F02000000F6C0001101000000D1
:104338001468FF1F02000000FAC00011010000000D
:104348008843FF1F02000000F4C0001101000000B4
:104358008643FF1F02000000FAC0001101000000A0
:104368008443FF1F02000000F2C00011010000009A
:104378007C43FF1F180018001D0090010200000375
:104388000202000002000000FEC00011010000004F
:10439800D8C1001102000000FAC00011010000009D
:1043A800CC43FF1F02000000F0C000110000000015
:1043B8000000000002000000F8C000110300000027
:0643C8003468FF1F20FF16
:040000051FFF184180
:00000001FF
