:020000041100E9
:103000007FB50023284C294D03932800217C284AB2
:1030100001F025FA002812D103232800217C03AAFD
:1030200001F0C4F900280AD1224B039A9A4206D132
:10303000214B2248E360224B636104B070BD02263D
:10304000217CFE2228001F4B009601F081F9002808
:1030500001D00020F1E71C4BA2899A42F9D1217CD2
:10306000FF222800194B009601F072F90028F0D1D8
:10307000E389174A934203D1164B17486361DCE793
:10308000164A9342E5D1164B164A1B68934206D95D
:10309000C02304222800217C9B0001F0C2F9124BBE
:1030A00012486361C9E7C0464461FF1FA441FF1F86
:1030B000813700005959530059598320C4BE00116B
:1030C000B14100115061FF1F595900005261FF1FAB
:1030D0008305000069410011A4BE001182150000A3
:1030E0006861FF1F8713000005420011B4BE001184
:1030F00070B5134D2B7C002B0DD0124C200001F02D
:10310000D5F8297C382907D1BA22200001F078F9B6
:10311000200001F009F970BDEB890B4A934206D1FA
:103120009023022220001B0201F07BF9F0E7074AFE
:103130009342EDD12000064A01F091F9E8E7C0463C
:103140004461FF1FA441FF1F83050000832000008E
:10315000A23000000022024B1A825A617047C0461A
:103160004461FF1FF7B5164B0192C318021D0020E2
:10317000009388235B05D3181B685C1C1AD09CB293
:10318000402C18D88D781E0CAC466746CD782D02A1
:103190003D43AE4206D1019800280ED110000C70BC
:1031A000240A4C7003249BB20733A343D218009B1C
:1031B0009A42DED3FEBD4432F9E71000FAE7C0467A
:1031C000FC0F0000802213B503000324019189B293
:1031D000520107319B18A14304305A1A88235B051A
:1031E000C3181B68591C03D190429241104016BD70
:1031F00099B2402907D80B000733A343C018904267
:10320000ECD30020F3E74430F9E7134B134A1B6873
:10321000126810B5FA24934201D81A00F824104B12
:10322000E4021B689A4210D813000E4A12689A42B0
:103230000ED3013307D1F823DB029C4203D10A49A4
:10324000054808F0E5FB200010BDFC24E402ECE793
:10325000FE24E402F7E7C04600C0071100D00711C2
:1032600000E0071100F00711FFFFFF7FF0B59BB0F2
:10327000150003900491402A5CD806AC618022803E
:10328000FFF7C3FF002221000600FFF76BFF0528B0
:103290000FD92388AB420CD1002D07D0504B2A0008
:1032A0000399C01808F0E4FC002802D101201BB0EB
:1032B000F0BD258030000699FFF784FF041E79D108
:1032C000069B0793FFF7A1FF80235B01C6188023AD
:1032D00007001B039E4201D1F826F60288235B05F6
:1032E000F31801931B68013302D0019808F040FAEB
:1032F0003C49019808F08CFB3B1D0293331D05935C
:103300008822029B52059B181B6808935A1C13D1F4
:1033100088235B05FF1839680198013908F078FBAC
:10332000380008F025FA30000799FFF74BFF04003A
:10333000002C41D10020BAE744219AB20091402AE2
:1033400004D80320D11D814389B2009104991B0C3C
:103350008B4224D0402A22D80122300008A9FFF74E
:1033600001FF021E1BD1380008A9FFF7FBFE040075
:103370000428DDD9009A059B9B1880225201B218BF
:1033800093422AD288235B05C118009A09A808F045
:103390001FFA134B009A09A9F01808F031FC009AA3
:1033A000029B9446634402930F4B029AFB189A4285
:1033B000A6D3ADE70428BDD088235B05E0180699A5
:1033C00008F026FB0323EA1C9A4300D16EE7044B66
:1033D0000399E01808F014FC68E70424ECE7C04601
:1033E00004000011FFFFFF7FF80F000073B5040019
:1033F0001600402A1ED801AD6980FFF706FF0022A3
:1034000029002A80FFF7AEFE042810D92D88002E4F
:103410000BD0002C09D0321CAE4200D92A1C074B1D
:1034200092B2C118200008F0D3F928B276BDC0438B
:1034300000B2FBE703204042F8E7C0460400001159
:1034400037B5042204000D0001A81649FFF7CEFF8E
:10345000020004280BD1019BA34208D3AB4204D045
:10346000104901A80195FFF701FF01203EBD0E4C58
:1034700023682000019308F07BF9019920000139AD
:10348000019108F0C5FA80235B01E418074B9C42C8
:10349000EED10422034901A80195FFF7E7FE0020C1
:1034A000E4E7C0465555000000C0071100000811B0
:1034B000F0B589B010226946234808F009FB234B78
:1034C000009A6C469A4211D1019B0F2B35D8069970
:1034D000029A8C4618001100002604AD013808D26B
:1034E000002E01D00A00A160013229D10023A3607F
:1034F00023E04F1CF2D161460126EFE7103610227F
:103500002900300008F0E4FAA368A868013300D16C
:10351000A060882329685B05C9186B6829601A03B5
:10352000120B6A60814203D03B4201D108F050F98E
:103530006368013B6360002BE0D1A06809B0F0BD77
:10354000E027014E3F03F6E70000011150485936CD
:1035500007B508F0E5FBFFF7ABFF002803D00190AB
:1035600001984168084707BD10B508F0D9FBFFF77F
:103570009FFF040008F0ECFA200010BD13B5040012
:1035800008F0CEFB002C03D0019401984168084755
:1035900013BDC0468022F8B5964C974BD20000214F
:1035A00020001C6008F09CFB2300944A88331A60BA
:1035B000934B1A786A23002A00D01133E3620A235E
:1035C0002365904B37221B780820A3638E4B21186C
:1035D000E361102323628D4B3B256361C823DB002D
:1035E000A36123008C331A602823013AE26320642C
:1035F0006364CA67043A211DCA672100BC310D60AB
:103600002100C03108602100C4310B602100063563
:10361000CC310D602100083DC8310D602100D03152
:103620000A602200D43210602200D83213602200D7
:103630000227E032210017604222DC310A602100BB
:103640001B3DE4310D602100E83108602100EC31C0
:103650000B6023000521F43319602300F0331A6056
:103660002300183290331A6023009433186023002B
:103670001E3A98331A60AF23DB002360644BFA26AE
:103680002363644B644DE360644BF031A364230017
:10369000FF31FC33B600A16021611E60A562732575
:1036A000E5656D3D6565A56596255D4AAD00E264FD
:1036B000666258606766A56600270925A767E56604
:1036C000584F594D606720002567E2673A6015271B
:1036D0009C30676007001A2038602000A030070087
:1036E000212038602000A83007004C4838602000B6
:1036F000F830066026006427A436376026005F3F56
:10370000AC3637602600033FB03637602600C63738
:10371000B436376026000027B836376038269E60FA
:10372000424E96205E64424E5A66DE61414E9A6475
:103730005E62F53EFF3E9E621E269A67354A800015
:10374000DE661F675F67DD651D661862DA67BE2388
:10375000394A5B00E250394BD838235004302250AC
:10376000C4225200A350C623E4205B00E15004337E
:10377000334AE1503349344BD16034498000195009
:103780003349E938FF381950324904301950324969
:103790003248D16132491163324951631900F43121
:1037A0000860CE203049400011603049195019009E
:1037B0002F48F83108602F49D16582212E4A8900AF
:1037C0005A501A002D490832D1671A002C49B432D8
:1037D000116088212B4A89005A501A002A498832E0
:1037E00011602A4ADA6408F0B3F8012008F090FA70
:1037F000F8BDC0460004FF1F5464FF1F206FFF1F69
:10380000D043FF1F4A0AFF1F3A07000080C3C901C7
:103810009A020000DC0500006A18000050C3000096
:1038200088130000F009FF1F204E00006509FF1FEC
:1038300068100000C409000040420F00102700007B
:10384000FC00FF1FC11BFF1F0000FF1F192CFF1FE3
:10385000A12FFF1F392EFF1F811FFF1F7926FF1F7A
:103860009D1FFF1F4D21FF1F0D1FFF1F9D28FF1FC5
:103870008529FF1F8D19FF1FA927FF1FD524FF1FB3
:10388000E124FF1F0D1EFF1FC51EFF1F851DFF1F0B
:103890000223F0B501250024594E91B03370594BE5
:1038A000594F1D703A680393584B29009A700420B1
:1038B000574A2300009408F02BF98023DB059D6212
:1038C000FFF752FE534BC218C0239B029A4201D20B
:1038D000FFF754FE3C6008F07BF9FFF75BFE08F051
:1038E00057F81F2201254C4B1A704C4B1D704C4B46
:1038F0001C704C4B05AC19689143163A0A431A6088
:10390000602219689143403A0A431A6008F058F857
:1039100008F056F9444B9847C120FF21434B8000E3
:103920001A588A431A50C522920098588843BF39C2
:103930000143995098583E4908408021C9010143EC
:10394000802099509958C0050902090A01439950ED
:1039500080213848490107F05BFF03232A003649DC
:1039600000933648019508F05BF82C22344905A8ED
:1039700007F02EFF6178207806F0EAFB023410ABE6
:10398000A342F7D12F4C304B226803201A40A023CA
:10399000DB0213432360802322689B0413432360CC
:1039A00022682A4B1A4080239B0313432360284A32
:1039B000284B934200D8012008F042F908F080F823
:1039C00080232268DB0413432360307807F0D0FFA4
:1039D000039B1878C0B207F063FF08F019F90C498F
:1039E000042007F02DFF06F0CBFD00F035F800F0C5
:1039F0004FFD00F0EFFD00F0E9F9002011B0F0BD3F
:103A00004A0AFF1FD043FF1F34F000407461FF1FBC
:103A10003B000108000001E0480AFF1F490AFF1FA0
:103A2000680AFF1FBCF00040E1A2000000E100E0D6
:103A3000FF00FFFFD443FF1F5856FF1FD453FF1F43
:103A4000C0BD001114F00040FF7FF8FFFFFF9FFF93
:103A50000080FF1F206FFF1F002210B511001120F2
:103A600007F08EFF10BD0000F8B500230926374F80
:103A7000374C3B62E3681120B343E36008F090F8F1
:103A8000112008F075F9112008F002F8402322688F
:103A900080251343236080236268DB021343636045
:103AA000A3682C4A2B43A360A36802211340A360A0
:103AB0008023A2689B0113431022A360236C07207C
:103AC00093432364236C0F3A1343236480235B00E6
:103AD0003B62226B204B1A402263626B1A40626386
:103AE000A26B1A40A263E26B1340E363E3681B4AD4
:103AF0001340E36006F02CFB0121072006F03CFC9C
:103B0000174B11205A6C15435D6408F0F1F8FD2144
:103B1000144B154A89005A508023C720626B5B03FF
:103B200013436363E36880003343E3600F4B104A41
:103B300019581140802212020A431A50802292051D
:103B40001A6008220B4B5A63F8BDC04600F00040D3
:103B50003CF00040FFFFDFFFEFFFEFFFFFFF7FFFC5
:103B6000003800400000FF1F5118FF1F00E100E077
:103B7000FF00FFFF0000054010B5FFF7B9FAE12094
:103B8000C00407F01DFE10BD70B51A4CE388002B71
:103B90002AD0FA22D200934201D2FFF7EDFF236828
:103BA000E088A688C0188023711C89B2124D20605D
:103BB000A1809B00994218D3420A93B2C21AEB80AB
:103BC0002260A6800D4A642093420AD8FA2200207F
:103BD000D200934205D90A21180007F009FEC8381F
:103BE000C0B200232872E38070BD07F0D1FF83B21A
:103BF000EB80E7E7D060FF1F5C61FF1FB70B0000A1
:103C000030B503A804880B20002C0ED14968074D5D
:103C100008784978090201430A20A94205D1012107
:103C200020001980024B1B7A137030BD192A000046
:103C30005C61FF1FF7B5150008AA16884A680F4F88
:103C400014785278120222430A24BA4214D1012273
:103C5000DBB2019200962A0007F00CFD041E0BD186
:103C6000074B1B68002B07D068782A7800021043A6
:103C700042425041013098472000FEBD0229000019
:103C8000E060FF1F30B5012503790400BFB02B426F
:103C900011D00A49408807F05DF828420BD0084B44
:103CA00001A95B8D4D800B80064B00221B7A60883A
:103CB0000B7104F011F83FB030BDC046D860FF1F53
:103CC0001840FF1F5C61FF1F10B50549054806F04D
:103CD000F7FF0421044A054806F0B4FF10BDC046B2
:103CE000D860FF1FFFFF0000ECBD00111840FF1F50
:103CF00010B5024804F074FE10BDC046853C0011AA
:103D0000012303700B4B1A7A4270022282709A7858
:103D1000C270DA780271032242711A7982715A797B
:103D2000C2710C2202729A794272DB7983720B2083
:103D30007047C0465C61FF1F022310B50370013B52
:103D400043700533837010330371443B43712A334E
:103D500083714433C37100230372054B04001B8835
:103D600043720A30FFF7CCFF11231520E37010BD1A
:103D70005C61FF1F10B5142007F0EAFF124B1422FC
:103D80000021186007F0ACFF002007F009FD0120BA
:103D900007F0F6FC022007F08BFD032004F0C2F8C8
:103DA000042006F0DBF8052003F0FAFA062003F001
:103DB000CDFF072001F062FB082006F023FF092059
:103DC00001F024F910BDC046E460FF1F07F0A8FE13
:103DD000012007F0EDFD07F023FF0000094B10B5AF
:103DE0000400984205D0012904D12000064906F0BC
:103DF00067FF10BD0229FCD1013904F0ABFD00289A
:103E0000F3D0F6E7FEFF00000A61FF1F70B50D7AE0
:103E1000100004AA2C00168810221440154220D14C
:103E2000002E20D10A78022A18D14A6851781578D4
:103E30000E4A09022943914205D00D4A914209D008
:103E40001C800A2404E014220A491A8007F0C0FCEE
:103E5000200070BD0C2208491A80F7E71C8001245D
:103E6000F6E70824F4E70B24F2E7C046F3FF00006E
:103E7000F4FF00006042FF1FE0BE001110B5040017
:103E80000749084806F01CFF074804F0E5FC00203D
:103E9000E40704D50721054A054806F0D3FE10BD06
:103EA0000A61FF1FFFFF0000DD3D001130BE001161
:103EB0005C40FF1F10B50B4BBEB01A780A4902A830
:103EC00000F03CFD01AC80B26080002808D0074BB8
:103ED00000221B8821002380054B188803F0FCFE7C
:103EE0003EB010BDE860FF1FE960FF1FB640FF1F36
:103EF000C041FF1F10B50B4BBEB01A780A4902A88B
:103F000001F02EFE01AC80B26080002808D0074B83
:103F100000225B8D21002380054B188803F0DCFE16
:103F20003EB010BD1261FF1F1361FF1F5C40FF1FF9
:103F3000C041FF1FF7B50E00377A1C0008AB110017
:103F40003D001A8820231D401F423CD13378022BAC
:103F50003BD173681F785B781B023B431E4FBB420B
:103F600008D01E4FBB4214D01D4DAB4221D00A25B4
:103F70002800FEBD002A2AD1142C2AD82200F0687D
:103F800007F026FC174B1C70012CF1D9FFF7B2FF8C
:103F9000EEE7002A1BD1202C1BD82200F06807F086
:103FA00017FC114B04211C70104B187807F088FE89
:103FB000DEE7E3B20124009201940A00310007F029
:103FC00059FB0500D4E70825D2E70125D0E70B25EA
:103FD000CEE70D25CCE7C046F3FF0000F4FF00005C
:103FE000022900001261FF1FE860FF1F0962FF1F26
:103FF000332310B5040003700A220749013007F08B
:10400000E7FB064B0F201B681A0AE37222731A0C97
:104010001B0E6273A37310BD5C61FF1F8461FF1FE1
:1040200030B5012503790400BFB02B4213D00B49F2
:10403000408806F08FFE28420DD0094B01AD1B8849
:1040400002A82B80FFF7D4FF0F236B8000222900EA
:10405000608803F041FE3FB030BDC0460A61FF1FDB
:10406000B640FF1F10B5024804F0BAFC10BDC046B0
:104070002140001170B5160004AA148805AA15780D
:104080004A685078117800022A4A084380180528A7
:104090004BD807F0CDFC03131E29343F0722100034
:1040A000062C0AD8121BAA4200D92A0022491A80DB
:1040B0003000091907F08CFB002070BD0720112C7F
:1040C000FBD81222121BAA4200D92A001B491A80CF
:1040D000EEE707200E2CF0D80F22121BAA4200D9BF
:1040E0002A0017491A80E3E70720032CE5D80422A9
:1040F000121BAA4200D92A0012491A80D8E70722C7
:104100001000062CD9D8121BAA4200D92A000E4949
:104110001A80CDE707221000062CCED8121BAA4227
:1041200000D92A0009491A80C2E700220A201A8011
:10413000C3E7C046DCD5FFFF81BE00113061FF1F21
:1041400071BE00116CBE001164BE00115CBE001196
:1041500010B50D21024A034806F074FD10BDC0469B
:1041600050BE0011CC40FF1F37B50F4C01AD0423EA
:104170002A00217C00F01AF9002813D1298823682D
:1041800049BA89B24B4321891B0C5B18074A6988DD
:10419000538049BA636889B24B4361891B0C5B1831
:1041A00093803EBD0120FCE74461FF1F5C61FF1F5F
:1041B00037B5124C06236A46217C6D4600F0F6F8AE
:1041C000002818D12988236849BA89B24B4321892C
:1041D0000B4A1B0C5B1853806B4603335B78E97802
:1041E0001B020B435BBA61689BB24B4361891B0C9A
:1041F0005B1893803EBD0120FCE7C0464461FF1F71
:104200005C61FF1FF0B5022785B0154C03AD217C22
:104210002B0000220097060000F09AF8002802D038
:10422000012005B0F0BD0E23217C01223000009753
:104230006B4400F08DF80028F2D129882368C9BAB0
:104240004B4321891B145B18064A6988538049BA7D
:10425000636889B24B4361891B0C5B189380E0E76C
:104260004461FF1F5C61FF1F10B500F0F5FA034ABF
:10427000002013880133138010BDC0465C61FF1F0E
:1042800010B500F0D3FA10BD10B58024064AA40082
:104290001168436B234205D113685B1A032BF8D9CD
:1042A000012010BD0020FCE76008FF1F70B5C17938
:1042B00005000C00631E9C411A4BE402E4184900FF
:1042C0000460C9B2007906F08DF8E979687949008F
:1042D0000131C9B206F086F8E8790930C0B207F0BA
:1042E000D7FB0023E36661332360AA795B3B002A96
:1042F0000ED022689A43023B134323600A23E361F2
:104300000733236200232363A3630133E36370BD98
:1043100022689A43022313432360462363610633D2
:10432000A361EFE70050004070B50025040003686A
:10433000DD66C0790930C0B207F032FC290020796F
:1043400005F0ECFF2900607905F0E8FF70BD000082
:10435000F8B51E0006AB1D78002304681700E3665D
:10436000616007F0DDFC01238022E3662B002761FA
:104370005200013B08D207F0EBFB08200A4A116803
:10438000002D03D12800F8BD2261F2E7236F03421C
:1043900003D02369013D3370013613685B1A032B88
:1043A000EED90125EEE7C0466008FF1F70B51C007E
:1043B000002305681600EB66696007F0B1FC012375
:1043C0008022EB6623005200013B08D207F0C0FBBD
:1043D00008200A4A1168002C03D1200070BD2A6110
:1043E000F2E72B6F034203D02B69013C3370013697
:1043F00013685B1A032BEED90124EEE76008FF1F58
:10440000002370B504681500E366616007F088FC5E
:104410000123E366256107F09BFB2000FFF734FFD3
:1044200070BD70B51D00002304681600E36661606E
:1044300007F076FC0123E36626610F33626B1A42B4
:10444000FCD02B0A23611023626B1A42FCD0EDB220
:10445000256107F07DFB2000FFF716FF70BD0023EC
:1044600070B504681500E366616007F059FC01232C
:10447000E3662B0A23611023626B1A42FCD0EDB273
:10448000256107F065FB2000FFF7FEFE70BD000010
:1044900010B5084CE368002B08D18022064B52026D
:1044A0001B689B186360054B1B68236007F040FB8B
:1044B000A06010BD8461FF1FC8F00040CCF0004038
:1044C000F0B5184A936A916A9942FBD116498A68F5
:1044D0009A421FD39A1A8B60144B4C68186893B297
:1044E000D2024343D20E42431B0A08681B19120230
:1044F0009B180024020001270D4D4B60561CAB4257
:104500000BD8002C01D010000CC10A4A13600A4BD2
:104510001860F0BD581E821ADDE7084A3C009B185F
:104520003200EBE700F000408461FF1F140AFF1F18
:1045300040420F00C8F00040CCF00040C0BDF0FF8A
:1045400070B51B4C23793F2B01D93F232371194AA6
:1045500013701078C0B207F043F91823164A1749B0
:104560001380174A0B8013804B80A0790C3B421CB0
:10457000534380221201934217D81A00114D8880AC
:1045800028801148CB8002806379002B01D1013350
:1045900063713C2222720D4A0D4953430B60E3794B
:1045A000052B01D81023E37170BD1300E6E7C04668
:1045B0007861FF1F480AFF1FBE41FF1F7C43FF1F9A
:1045C000BC41FF1FBA41FF1FB841FF1FA60E0000EC
:1045D0006861FF1FF8B521210020FEF731FF114C63
:1045E000011E114D09D10C22104BC1CBC1C42800B2
:1045F00007F076FBFFF7A4FFF8BD0C2220000C4962
:10460000FEF7F4FE0C2802D0084B43CB43C40C2227
:1046100028000849FEF7EAFE0C28EBD00C22002106
:10462000E5E7C0467861FF1F4461FF1FD4BE00115B
:10463000FC0C0000F50C000010B50C2202480349E8
:10464000FEF714FE10BDC0467861FF1FFC0C000091
:10465000F0B51D4C8022A544040088206946520113
:10466000400507F0FDF9902212016A441300200072
:1046700032C832C316C816C38023144C144FA66820
:104680009B033343A3603B6007F072FA8823A06862
:104690005B05C01807F06CF80025882329008022EC
:1046A000A0685B05C01840196944520007F0A8FAD9
:1046B00080230135FF355B019D42EED1A6603E604F
:1046C000044B9D44F0BDC046FCEFFFFFF042FF1FCE
:1046D0009808FF1F0410000003780021013BF0B58B
:1046E000012B05D82B4B2C4C2C4E027A914200DB2F
:1046F000F0BD4268575C1A6901321A6122783F2A7C
:1047000006D8227894460132D2B222706246B7545B
:10471000522F05D101221F705A739A730131E4E7B9
:104720009A7B002A30D05A7B944665460132D2B239
:104730005A735F550C2AF1D91A7B452A05D0DA8ABB
:10474000013292B2DA820022E7E701279A8A013227
:1047500092B29A829A1CD7771A79DF7812023A437A
:1047600012B21A839A795F7912023A4312B25A83CB
:104770005A781F7A1A779A785A775A7A9A77DA7922
:10478000DA775A1CD777DEE7DA8A013292B2DA8218
:10479000C4E7C046A461FF1FC861FF1FC961FF1FB6
:1047A000F0B51C4B89B01800242200211E0007F030
:1047B00097FA40220021184807F092FA0022174B7E
:1047C00000211A700A3202ABD01807F089FA144B94
:1047D00004AC238096239B010593012321002372BF
:1047E000104B114A0793A1C9A1C21360002204987B
:1047F00000920599069A05F0E7FF040062426241C3
:10480000F31CDA77002802D1082007F071FA2000A3
:1048100009B0F0BDA461FF1FC961FF1FC861FF1F80
:1048200005060000D94600119461FF1F07B5084B2B
:10483000DB7F002B0BD0002006F002F80022054B96
:1048400000920FCB05F0C0FF082007F051FA07BD1A
:10485000A761FF1F9461FF1F10B5124B124ADB7F47
:104860001249002B0CD0138B4B80538B1BB28B80C7
:104870000332D37F002B02D0082006F0F1FF10BDD9
:10488000938A002B0AD0938A5B429BB24B80D38AD7
:10489000002B05D0D38A5B429BB2E7E7044BF5E7D8
:1048A000034BE3E7A661FF1FA461FF1F5C61FF1FCD
:1048B000FFFF0000F0B587B0051E6C4627D06846A4
:1048C00006F04EFF1B4D022806D10622694628003D
:1048D00007F0CEF9002818D00F2221000023012074
:1048E00094460600EA5C013317091037BE403700D2
:1048F000664632400600964032003A434A61043927
:10490000062BEED12000FFF7A3FE07B0F0BD182262
:104910006946094807F0A4F8AB00E358013305D015
:104920001822FF21200007F0DBF9EBE70135062D07
:10493000F2D1EAE76509FF1F00090011F0B5002672
:1049400004000F00150085B0B24200D184E08A78DF
:104950004B1C01934B7812021A43CB7808781B0446
:1049600013430A79207012061A430092039266706C
:10497000252800D190E033D8112813D807F0C0F8CB
:1049800066001501150115011501A400B200AB0068
:104990001501150115011501150115011501150167
:1049A000EF000F01232800D1C7E0DB2800D0C3E1CE
:1049B000042D00D8ABE0052D00D18FE16E1F320031
:1049C0000098791D06F004FF05223900200006F04A
:1049D000FFFE32000099601D06F0FAFE2E003BE05B
:1049E000562853D00FD8332800D1A1E0552836D00F
:1049F0002628DAD1BB4D13223100280007F070F9C8
:104A0000FEF7A8FB57E0712800D172E0722800D1B0
:104A100084E0DC28C9D1022D00D878E04B7863709F
:104A20008B78A3706B461E88032D05D0033DC81CF0
:104A3000AAB23100FEF71AFC31001022E01CFEF78A
:104A4000D5FCC61C002807DA60706DE00C2220003F
:104A5000A54906F0BDFE0C26300005B0F0BD6A1E6B
:104A6000A24D0C2A10D8002A07D02800019906F080
:104A7000AFFEFFF765FDFFF7DFFD0C222900601C8C
:104A800006F0A6FE0D26E7E70C22EEE7974D984BC1
:104A90002A0043CB43C2ECE76A1E924D0C2A11D880
:104AA000002A08D00199280006F092FE0C22280066
:104AB0009049FEF7DBFB13222900601C06F088FEFC
:104AC0001426C9E70C22EDE706228B49601C06F08C
:104AD0007FFE0626C0E712228849601C06F078FE99
:104AE0001326B9E708228649601C06F071FE0926E4
:104AF000B2E7012D0ED04978F02908D8814D2888D9
:104B000001F088FC804B2A885200D35A00E0FF2332
:104B1000637009E07B4A7C4B1288F5E77B4B012DE3
:104B200004D04A785A706270022695E75B78EFE706
:104B30002000FFF75DFA06008EE7042D05D9744DBD
:104B4000009B2B6006F0F4FFA860FFF7B9FC04227D
:104B5000039003A9601C06F03BFE05267CE76D4E22
:104B6000062D15D906223000019907F081F800289A
:104B70000ED006220199300006F02AFE0622664970
:104B80003000FEF773FB0123604A51780B435370EA
:104B900031000622601C06F01BFE07265CE7012D93
:104BA000B5D04878FFF786FEBEE701281FD15B4AE3
:104BB000AB1E0092132B06D84B78002B0BD100F0C4
:104BC00093F900F0C9F9564B00991E78601C721ECB
:104BD00006F0FEFD40E7013D2A000199009806F02D
:104BE000F7FD50490098AAB2FEF740FBE9E7032819
:104BF00000D0DAE6012D2CD120700C234A4A6370D4
:104C0000D27F4A4BA2709A1CD27F1026E2701A699A
:104C100022711A69120A62711A69120CA2711A6958
:104C2000120EE2719A8A22729A8A120A6272DA8AE1
:104C3000A272DA8A120AE2721A8B22731A8B12B2E9
:104C4000121262735A8BA2735B8B1BB21B12E3733B
:104C500002E74B782070002BCFD0012B1BD10B33F8
:104C60006370324B0B261A8BA2701A8B12B212127F
:104C7000E2705A8B22715A8B013312B21212627196
:104C8000DA7EA2711A7FE2715A7F22729A7F627273
:104C9000DB7FA372E0E6032B00D038E7022D00D1C2
:104CA00035E70C22224B897818780426A0701878F2
:104CB0006270E170884200D8CEE61B785B1A1E1C39
:104CC000DBB2934200D9161C1A4BF6B23200201DFB
:104CD000C918043606F07CFDF6B2BDE6152510268F
:104CE00072E6C0464461FF1FE0BE00117861FF1FFD
:104CF000D4BE0011F50C00005061FF1F3061FF1F92
:104D0000F442FF1FC041FF1F5864FF1F7461FF1F63
:104D10008461FF1F6509FF1FADAC0000E963FF1F41
:104D2000E763FF1FAEDE0000A761FF1FA461FF1F46
:104D3000C861FF1FC961FF1FDA2800D0E7E6042D14
:104D400000D8E4E6082D17D9BB797A791B02134302
:104D5000FA7912041A433B7A1B061343009A136034
:104D6000009B05221B6839002000039306F030FDEC
:104D70000422601D03A9B8E6FE236370F0E7C04675
:104D800070470000020010B5094B0A32094C92B27C
:104D9000DA815A8298811882207802F09FF90422E1
:104DA000054B012120781A7006F08AFF10BDC0461D
:104DB0007E42FF1F3264FF1F3164FF1F013870B550
:104DC000042809D806F034FE030928081200224BF3
:104DD0000221187806F074FF70BD1F4B0821187867
:104DE00006F0E6FF00221D4B1A72F5E78022002430
:104DF0001A4B520060201A81DC7206F079FFFFF72F
:104E000015FD154D08212878154A06F0A9FE210048
:104E1000287806F005FDDFE70F4B0821187806F02B
:104E2000C7FF602006F01CFD0E48FEF785FF0E4B05
:104E30000E4A9B7993800E4A13800022074BDA7248
:104E40000132FF321A810B4B5B78002BC4D00A4A27
:104E5000136006F0ADFEBFE70962FF1F6861FF1F28
:104E600010270000C941FF1F7861FF1F7C43FF1F0F
:104E7000BA41FF1F7461FF1F34F0004010B50129D3
:104E800007D1042805D18021024B8900187806F04B
:104E900017FF10BD0962FF1F10B5002907D10428B4
:104EA00005D18021024B8900187806F009FF10BD5A
:104EB0000962FF1F0300F0B50A4D8E18B14202D1FE
:104EC00052008018F0BD0C782F6824093C5D0F2734
:104ED0001C700C7801313C402F683C5D5C700233E3
:104EE000ECE7C046B441FF1F1022124B10B51A70F8
:104EF0000F23114C11492370093A063B1048637087
:104F000006F066FC2D2301220E490F486372FFF75D
:104F1000D1FF01220D49FFF7CDFF01220C49FFF718
:104F2000C9FF030000200B4902001870FEF79EF92C
:104F300010BDC0460664FF1FE763FF1F81BE00115E
:104F4000E963FF1F6709FF1FF163FF1F6609FF1F6A
:104F50006509FF1FAEDE000070B5134C142220005F
:104F60001249FEF743FA431E114D132B19D8AB78A3
:104F7000002B16D0431C2B7009236B7000230019E3
:104F8000037028780B4B01302900C0B2187006F06E
:104F9000D7FB297822000139C9B2002005F070FD45
:104FA00070BDFFF7A1FFECE7E963FF1FAEDE000075
:104FB000E763FF1F0664FF1F10B5114B1A781870C6
:104FC000002A0ED000280BD10E4B1A78062A07D8DB
:104FD0005423D340DB0703D50B4B187802F07EF83F
:104FE00010BD0028FCD0074B1B78012B02D0033BDF
:104FF000022BF5D8044B0121187806F061FEEFE78B
:105000000A64FF1F3164FF1F3264FF1F70B54D4EED
:105010004D4A4E493070042005F090FAFEF79AF898
:10502000FFF7BEFB06F024FC032249494948FFF77D
:1050300041FF2D24030004221C7047490130FFF773
:1050400039FF30230470454D454C437083702E3B2F
:10505000062220004349EB87FEF7C8F9062813D043
:10506000200006F07DFB022809D00321200006F075
:105070001FFE8D23E3706E3B23711933637106228B
:1050800020003849FEF7F2F8374B1B68FC335C64AC
:10509000FFF762FF0020FFF78FFF344C344A0121F5
:1050A000344B1278207801F0DBFF334A334B12780F
:1050B0000021207801F0D4FF0122314B1A70314BCE
:1050C0009B78552B36D1304B3B325A722F4B304A9E
:1050D000AB81EA812B826A822021307806F040FC85
:1050E0000120404205F018FD0120404205F0B4FDCA
:1050F000FFF72EF8FEF7E8FD00F0CAFC0120404261
:10510000FEF7BCFE012006F073FDF02001F066F909
:105110000121307806F0D4FD307802F03BF91D48CB
:1051200006F0EEFBFEF7A0FC00226020110006F066
:1051300027FC70BD6422184B5B7953431A000A3276
:10514000C6E7C0460962FF1F994E00117D4E00114F
:10515000F442FF1F3061FF1F5061FF1F7E42FF1F9F
:105160006509FF1FADAC00005464FF1F3264FF1FD0
:10517000E841FF1FC941FF1F0664FF1FE763FF1FD0
:10518000D863FF1F7461FF1F6861FF1FC40900001F
:10519000CE0900000A62FF1F7861FF1FF8B50D00FD
:1051A0008B065DD5674B1B78002B42D0FFF788F943
:1051B000654B664C664E99686268737A8A1ADB039F
:1051C0009A4202D36160FEF74FFC327A217A531E75
:1051D000DBB2994230D1FFF753F8637A002B25D028
:1051E000013BDBB26372002B20D15A4B9B78552BCD
:1051F00001D106F0DDFCE37A002B12D00023A27A65
:10520000E3729A4202D0A372FEF7BEFC524A534F99
:105210001388380001331380FEF78EFD390006F045
:10522000B7FA642370795843FFF7ACFD237A013352
:10523000237220206840F8BD9142CED30027277208
:10524000FFF712F8A37ABB4202D0A772FEF79CFCCC
:10525000424F3800FEF770FD390006F099FABCE7BE
:105260000BB2002B0ADA3E4B187806F0C9FA002878
:1052700001D006F035FC80200002DBE70224214249
:1052800009D0334A314B127A0120023A1A72FFF7E1
:1052900093FE2000CEE70B0721D5FFF711F92A4B2B
:1052A0002A492B4C98684A68637A821ADB039A422F
:1052B00002D34860FEF7D8FBFEF7D6FFFEF7E0FF0B
:1052C000274B08211878274A06F04AFC00F0FAFB21
:1052D0002368DB0701D5FEF7C5FE0820AAE7CB0649
:1052E00009D5FEF751FC174B1B78002B01D1FEF7B7
:1052F000FFFC10209EE70124214205D01A4800F04F
:1053000081F806F01DFCC4E78024A40021420FD0E0
:10531000042004F0FDFE0028BBD00A4B1B78002BB4
:10532000B7D02622094B11485A72FFF72BFDB0E780
:10533000042408002040214200D17CE7FEF7BAFD9A
:10534000A7E7C0460A64FF1F8461FF1F6861FF1F53
:105350007861FF1F7461FF1F5C61FF1FC941FF1F60
:105360000962FF1F10270000AC41FF1FC4090000A5
:10537000F0B51A4B1A4F1B883A880400194E1A4D83
:1053800085B09A420DD832889A420AD3174B1A88B0
:105390002B889A4205D1164A164B12881B889A42CE
:1053A0001AD0052001F070F83B8802A90B803388E1
:1053B00001904B802B88104D8B800E4B2A781B88D8
:1053C000CB800E4B188802F091FD0D4B08212878F8
:1053D000019A1C7006F0C4FB05B0F0BDD663FF1F38
:1053E000BE41FF1FBC41FF1FBA41FF1FD463FF1F17
:1053F000D263FF1FB841FF1F3264FF1FC041FF1F70
:10540000D063FF1F13B50C4B1C78002C11D1002862
:1054100001D00A4B18600A4A0A4B11780A4A1078E0
:105420000A4A01920A4A0092002205F021FA20005D
:1054300016BD1124FBE7C0463164FF1FCC63FF1F7C
:105440003064FF1F2064FF1F3264FF1F0C64FF1FC6
:105450001064FF1F10B5064B12201B78052B06D1D8
:10546000044B13221988044B187801F0E9F910BD98
:105470003164FF1FC041FF1F3264FF1F10B50024BD
:105480000122114B52421870104B1C70104B1A80A5
:1054900001F080FF04220F4B21001A700E480C32DD
:1054A00006F0D6FB102221000C4806F0D1FB0722A3
:1054B0000B4B1C600B4B1C700B4B1C700B4B1A7076
:1054C0000B4B1C7010BDC0463264FF1F3164FF1FC0
:1054D000C041FF1F3064FF1F2064FF1F1064FF1FC7
:1054E0000C64FF1FE663FF1FE563FF1FC241FF1F40
:1054F000E463FF1FF8B5174C0600257806A81424AE
:105500000078052D23D1B41F134FA5B21824BD4236
:105510001DD88D1FADB2BD4219D8FA256D00AA4223
:1055200015D21D000D4F0A3DADB2BD420FD80C4C37
:1055300026800C4C21800C4900240A800B4A1380E1
:10554000FFF716FF0A4B0421187806F031FC200003
:10555000F8BDC0463164FF1F790C0000750C0000D7
:10556000BE41FF1FBC41FF1FBA41FF1FB841FF1FD3
:105570003264FF1FF0B50BB20D0089B0002B00DBC9
:1055800070E1A44E307806F03BF9041E50D0037849
:10559000A22B00D122E1D02B1AD0912B45D14378F8
:1055A0000E2B42D19C4B82889A423ED19B4B1B785A
:1055B000052B3AD18368032018567F2835D0984BA5
:1055C0001B68002B31D05B68002B2ED098472CE055
:1055D0008078072829D806F02BFA0428183F3F7452
:1055E000A8D86378002B0CD101218C4B19708D4BFE
:1055F0001A78002A5BD08C4B307801F031FD0028FE
:1056000055D00722854B1A7051E061780029F8D1F6
:10561000E378002B11D0854A854B1278307801F061
:105620001FFD60706378002BEBD1200006F058FA64
:1056300080200002684009B0F0BD784B1B78022B37
:10564000F3D00121307806F0F3FA0028EAD10121E5
:10565000307806F035FBE5E76378002BD1D16F4F4A
:10566000032807D13B78052B02D101333B701EE0A4
:105670000223FBE76F4B1A886F4B0293002A0BD073
:105680001B78002B03D00121307806F069FA3B78B3
:10569000062B04D1013BE9E7029B1A70F7E7042BC4
:1056A00041D10121029B3078197006F009FB5C4B57
:1056B0001B68002BB9D01B68002BB6D0574A107856
:1056C00084E76378554F002B27D10622211D5B48C4
:1056D00006F07EF862895A4B5A491A80A2895A4BC1
:1056E0001A80E3890B800521397058490A80584A8D
:1056F0001380228A574B1A80574B1B78012B09D1F4
:105700001F2000F0C1FEFA229200424304213078AB
:1057100006F026FA0022484B75E7312B00D070E7DF
:105720000022454B1A700323A0E7062200214348BC
:1057300006F08EFA0023454A04211380444A30784B
:105740001380444A138006F033FB0821307806F0BA
:105750002FFBA379083B5A425341304A033313705D
:10576000304B1B78002B06D0334B30781A78002A48
:1057700006D001F0B3FC0122314B52421A8096E769
:105780000121197006F09CFAF5E70821307806F03F
:105790000FFB6378002B00D047E72C4B2D4F029373
:1057A000E388029A04211380294B307803932389DC
:1057B000039A138063893B8006F03AFA002800D0F0
:1057C00033E7264B1B68002B00D12EE70399029884
:1057D0003A88098800881B68984726E74379132B85
:1057E00000D022E70389012B0AD11D4B1B78022B25
:1057F00006D10821307806F0DBFAFFF72BFE14E71C
:10580000052000F041FE08210200307806F0A8F9DA
:105810000BE7C0463264FF1F051400003164FF1F10
:10582000CC63FF1FE841FF1FC941FF1F0664FF1F34
:10583000E763FF1F0864FF1F0A64FF1FD963FF1F90
:10584000C041FF1FE063FF1FE263FF1FD663FF1F1E
:10585000D463FF1FD263FF1FD863FF1FC863FF1FFE
:10586000D063FF1F8020C001014200D0E2E6CB07D9
:1058700031D5324B1B78002B1DD0314E05AC33781F
:10588000052B1AD1023B23702E4B21001B7823726B
:105890002D4B1B7863722D4B187801F085FB002887
:1058A00009D007202A4B30701B68002B03D01B68DF
:1058B000002B00D098470120BCE60E20254B062285
:1058C0001B7825492370254B1B78637002ABC018E9
:1058D00005F07EFFD8E7022308001840194209D0DE
:1058E000174B1B78052B03D11D4B188806F058F871
:1058F00002209FE60424214203D0FFF739FD200057
:1059000098E6082308001840194200D193E6154B89
:105910001C78012C03D0022C0DD008208AE6124BF3
:10592000124A134913481B8812880988008800947A
:10593000FFF7E0FDF1E7FFF78DFDEEE70A64FF1FDB
:105940003164FF1FC241FF1FE463FF1F3264FF1F6A
:10595000CC63FF1FE663FF1FC341FF1FE563FF1F0B
:10596000C041FF1FD063FF1FB841FF1FBA41FF1F97
:10597000BC41FF1FBE41FF1F10B502A804880B20C9
:10598000002C10D1496808784978090201430C4875
:10599000814209D1022119800A4B59881170DB78A4
:1059A00000205BB2537010BD074C0A20A142FAD10F
:1059B00002211980034B998811705B79F0E7C0468A
:1059C0006E2A00005C61FF1F6F2A0000F7B515000A
:1059D00008AA16884A680F4F147852781202224398
:1059E0000A24BA4214D10122DBB2019200962A00A5
:1059F00005F040FE041E0BD1074B1B68002B07D09F
:105A000068782A780002104342425041013098479A
:105A10002000FEBD022900004464FF1F30B50125AF
:105A200003790400BFB02B4225D01449408805F00B
:105A300091F928420CD0124B01A95B8D60880B8034
:105A400002234B800F4B00225B888B8002F044F9CD
:105A50000D49608805F07EF9C0070CD50B4B01A9F4
:105A60001B8800220B8002234B80064B9B888B8077
:105A7000608802F031F93FB030BDC0463C64FF1F82
:105A8000EC41FF1F5C61FF1F3464FF1F4642FF1F94
:105A900010B50749074805F013F90749054805F00F
:105AA0000FF90721054A064805F0CCF810BDC0469D
:105AB0003C64FF1FFFFF00003464FF1F00BF0011A4
:105AC000EC41FF1F10B5024802F08AFF10BDC0462E
:105AD0001D5A00110200F0B501270A480A4E51185C
:105AE0008B1A002B00DCF0BD0824157843086840B1
:105AF00038404000805B013C58406D08002CF5D1D7
:105B00000132EDE7FFFF00001ABF0011F0B50025DC
:105B10000F269D4200DBF0BD4C5D07094440344038
:105B2000A400A05801357840F3E7000070B50C00E0
:105B300088B06B460F2610340A780131150012091F
:105B400035401D705A700233A142F5D120236946B9
:105B5000024AFFF7DBFF08B070BDC04620BF00114E
:105B6000F0B54E780B7889B036020C001700019022
:105B70001E43012A61D9954B9E4200D877E001333C
:105B80009E421CD1062A17D1CA788B7812021A437A
:105B90000B791B0413434A7912061A438C4B5A6142
:105BA00000221A705A808B4A5A608B4A9A608B4A3C
:105BB000DA60002009B0F0BD88225205EEE7884B7C
:105BC0009E423CD182498B78002B00D0F6E00C2A13
:105BD00031D10F22A3789343E27812021343227942
:105BE000120413436279120613434B60E279A079E1
:105BF00012020243207A00041043627A1206024322
:105C0000CA60E27AA07A1202024376484A8183424D
:105C100008D804236E49142201980B7005F0D8FDB2
:105C20001420C7E71201D21889235B059A42F0D8E5
:105C300001238B70BDE7022AFAD00523EAE76A4AFE
:105C400001239642E6D1FFF705FC052F0CD9E37836
:105C5000A2781B021343227912041A4363791B06AC
:105C60001343624A0393136005F0A2FFA1E7584D66
:105C70002B78002B9DD1AB78002B00D1A0E02B8995
:105C800001339BB20093B34200D091E0132AD4D9E0
:105C9000CF7C8B7C3F02122120001F43FFF71AFFAD
:105CA000874200D08EE0002E3DD1E378A2781B021F
:105CB00013432279E96812041A4363791B061343DC
:105CC00003930A228B4212D1FF23A370E370237146
:105CD00063716B89002B09D1E37B227C1B021204C8
:105CE0001343A27B13431B0901336B8100226B8991
:105CF000002B8ED0002A67D1686837013818000B56
:105D00006B6900030390984205D9686105F030FD86
:105D1000EB780133EB7068681022A11C381805F08D
:105D20006FFF2E8145E76F89009A7B1E9BB29342DD
:105D30003AD1E278A37812021A43237905A81B040A
:105D4000134362796C6812061A43EB68009203925F
:105D5000211D0C22049305F03BFD0120260004A91F
:105D600040421036FFF7E2FE013F012F17D1009AA3
:105D70000B232861824200D04CE704221C492000FA
:105D800005F03EFF042203A9686805F069FEE96892
:105D9000039AFF23914200D13CE7F73B3AE73100F9
:105DA000FFF7C4FE1036DFE70923B742A4D831E776
:105DB000009BB34200D9FCE607232BE7022329E727
:105DC000032327E7062325E70A2323E7FFFE000036
:105DD0006042FF1F00000111FFFF000050485936CC
:105DE00001FF0000FFFF001102FF000034F000403F
:105DF0006C42FF1F10B5034C0B000122210000F084
:105E00006BFA10BDB55F00110B8870B506000D0070
:105E10000224162B11D92B000322094900F05CFA49
:105E2000041E0AD1074B2A881B88191C934200D9EB
:105E3000111C300089B200F0EDFA200070BDC046A0
:105E4000E15F00115A64FF1F10B54A780400013A5F
:105E50000B000220012A07D80A78002A04D0052264
:105E60002000024900F038FA10BDC0460F60001152
:105E70000A7810B50B0004000220002A04D0072283
:105E80002000024900F028FA10BDC046BB60001196
:105E90000A7810B50B0004000220002A04D0092261
:105EA0002000024900F018FA10BDC046216100111F
:105EB00010B5034C0B000B22210000F00DFA10BDB1
:105EC0005161001110B5034C0B000D22210000F0B0
:105ED00003FA10BDC361001110B5034C0B000F2273
:105EE000210000F0F9F910BD1D6200110A7810B50B
:105EF0000B0004000220002A04D0112220000249D5
:105F000000F0EAF910BDC0462D620011002310B563
:105F10001322190000F0E0F910BD000010B5034C89
:105F20000B001722210000F0D7F910BD7F6200118D
:105F3000002310B51922190000F0CEF910BD0000A1
:105F400010B5034C0B001B22210000F0C5F910BD59
:105F5000B9620011F7B584890D0006000121002CFB
:105F600022D000238268D3561778002B1EDA0C2C1F
:105F70001AD90C3CA4B2131940880093230002F0F4
:105F800090FE431E984101307B06DB0F6B703F2370
:105F9000013C1F40A4B22870AF70AC80002C07D029
:105FA000B3680133AB6000210800FEBD0020EBE7C1
:105FB000AC60F8E70B7803704B8843704B881B0A82
:105FC00083700B79C370042070470420022B06D124
:105FD0000020537811781B02009A0B4313807047FE
:105FE0000B8803700B881B0A437002207047042043
:105FF000009983420AD1537810781B0203430B8027
:10600000D37890781B02034300204B807047F8B58B
:106010000D004B7801240021461C03702B788B4225
:1060200001D82000F8BD6B78B01C4F1C012B10D19B
:10603000890069184B88022233704B88B9001B0A0B
:106040007370691805F06CFC04360434A4B2F9B21C
:10605000E4E7122359436B185A88043132705B8885
:1060600010221B0A7370691805F05AFC123612349C
:10607000ECE770B5049D14001E00052B01D8042028
:1060800070BD637812781B0213432B80E378A278EB
:106090001B02134302226B802A71211D681D063EDC
:1060A00005F03EFCB2B22A81E92AE8D82800A11DF9
:1060B0000A3005F035FC0020E2E7002310B50A782D
:1060C0009A4201D8900010BD9A008A185488013372
:1060D00004705488DBB2240A4470948884709288D7
:1060E000120AC2700430EAE710B51100029C062BB8
:1060F00004D004201022142B01D010BD02222271E2
:106100004B7808781B0203432380CB7888781B02E6
:10611000034363800431601D05F002FC0020ECE7BE
:1061200010B50C788B7804315C43E4B20370220024
:10613000013005F0F5FB601C10BD0420022B06D1D8
:106140000020537811781B02009A0B43138070478C
:1061500010B50C000A88023105F0E2FB208810BD62
:1061600070B504000D0004981100012B01D8042023
:1061700070BD167852781202324302800200F1326A
:1061800055701470E125002C00D10C35023B9AB2F9
:106190004280AA42EBD80231043005F0C1FB002056
:1061A000E6E70420009983420AD1537810781B0255
:1061B00003430B80D37890781B02034300204B806D
:1061C000704710B50C000A88023105F0A9FB208841
:1061D00010BD000070B501211E000420049C0E407B
:1061E0000B4218D1CB40DDB28D4214D90A49DBB243
:1061F000098899420FD32300EE331D7033005800F5
:1062000011184978165C0902314301332152D9B281
:106210008D42F4D8002070BD7842FF1F10B50C00ED
:106220000A88023105F07CFB208810BD10B50C787F
:106230008B7804315C43E4B203702200013005F036
:106240006FFB601C10BD10B511000298032B01D824
:10625000042010BD14785278043B120222430280BD
:10626000CA788C781202224342809AB28280EB2A4A
:10627000EED80431063005F053FB0020E9E710B5F5
:106280000C000B8803700B881B0A43704B888370CB
:106290004B881B0AC3708A880430063105F040FB26
:1062A000A088043080B210BD0420012B03D100204F
:1062B0001378009A1370704710B50C000B880370A8
:1062C0000B881B0A43704A880230043105F028FB12
:1062D0006088023080B210BDF0B589B003931D4BC9
:1062E000029242000700D05A019102F022F81325D1
:1062F000061E2CD0029B01240370019B002B04D0AE
:10630000001903999847001984B26B461B7A5BB257
:10631000002B0FDA1021380002F01CFB1925002891
:1063200012D130003219E1B202F070FC051E0BD11F
:106330000C34A4B2042305A938000B800C814E60F4
:1063400001F0B2FD051E02D0300005F081FA2800F0
:1063500009B0F0BD5864FF1F70B505000C0000289F
:106360000CD00020814209D010222000044905F001
:10637000D7FA01202B7823736B78637370BDC04606
:1063800060BF0011F0B506000D0017001C0085B0BD
:1063900002291BD00020102907D1022B07D0102B77
:1063A00003D115E00020102C08D005B0F0BD6946DF
:1063B0003800FFF7D1FF2A0069460BE0694630003C
:1063C000FFF7CAFF22006946380004E0022BE9D13A
:1063D0002A003900300005F053FBE6E7031CF028E3
:1063E00000D9F023032008499AB2013A0B80D31751
:1063F000034006499B189B100B80D30F04499B1840
:106400005B100B807047C0467C42FF1F7A42FF1F23
:106410007842FF1F034B1B888B4202D3024B400084
:10642000C15270477C42FF1F5864FF1F014B400060
:10643000185A70475864FF1F1722014B1A80704783
:106440005864FF1F70B505000E2005F041FA041EC8
:1064500013D0D023037000230622837007494570B0
:10646000033005F05DFA064B2100DA8A62811B7E5B
:106470002373044B187805F013FB70BD7464FF1F81
:106480006464FF1FCC42FF1F262803D8024B400044
:10649000C05A70470148FCE77E42FF1FFFFF000023
:1064A00070B506000C00094D1C220021280005F0E3
:1064B000CFFB074B1E70074B1C7005F041FA012300
:1064C000002801D0002312202B7070BD6464FF1FD0
:1064D000CC42FF1F8564FF1F70B505000D4C0800FE
:1064E000E260A16010220021656005F089FA0128B0
:1064F00003D11021A06802F061FD102200212800C4
:1065000005F07EFA012803D11021606802F056FDE3
:1065100070BDC0466464FF1F70B5041E05D100291C
:1065200003D006220D4805F0FBF90D4B1D78012D17
:1065300011D1002C05D102221A7005F021FB280090
:1065400070BD00221A70074B1B78FF2BF7D020007C
:10655000FFF778FFF3E70025F1E7C0467464FF1FFB
:106560006464FF1FCC42FF1F030010B5002801D157
:10657000002010BD00780B4A002803D15988D18231
:106580001B7913761378022BF2D10023984200D1A5
:1065900003331370044B1B78FF2B01D0FFF752FF1E
:1065A0000120E6E76464FF1FCC42FF1F002911D0E1
:1065B00000280CD04B79012803D1402252421343CA
:1065C00003E03F221340032802D001204B717047A3
:1065D0004022F4E70800FAE770B5094D0100287879
:1065E00000280BD0074C0622200005F099F9210065
:1065F0002878FFF7DBFF200005F0C2FB70BDC04626
:106600008464FF1F5E64FF1F00290AD0012808D19F
:106610003F224B799343C02B03D0403B5A42534116
:10662000981C704770B5174D06002B78FF2B15D0BE
:106630000A2005F04DF9041E10D0D0230370C83B8A
:106640008370114B11491B784670C37006220430C9
:1066500005F066F92100287805F022FA0C4B1B782A
:10666000012B0DD10B4B1B68002B03D09B68002B1B
:1066700000D09847084B04211878084A05F068F8BC
:1066800070BDC046CC42FF1F8464FF1F5E64FF1FC5
:106690008064FF1FAC64FF1FB064FF1F60EA00004E
:1066A000014B98687047C0466464FF1F014BDB686C
:1066B000186870476464FF1F074B10B5DA681368E9
:1066C00001331360054B1878FF2803D08021C901DE
:1066D00005F0F6FA10BDC0466464FF1FCC42FF1FF0
:1066E000F7B50E0002F0CAF8051E1CD00E4B06626C
:1066F0001F78002F00D10778AB791020019305F0A7
:10670000E7F8041E0FD0D0230380C73B8370019BA2
:10671000E91DC3700622043005F002F9210038009B
:10672000E66005F0BDF9F7BDCA42FF1F014B1878BE
:106730007047C0468464FF1F054B002805D1054BF8
:106740001A78054B002A00D1014B18007047C0464B
:106750007464FF1F8464FF1F5E64FF1F014B586851
:106760007047C0466464FF1F024B1868431E98417F
:10677000C0B270478864FF1F421E03000120152A23
:1067800003D9FF3B5A425341D8B27047F0B51C00C1
:1067900000230E0085B0039002920B70029A934280
:1067A00001D3002019E0E55C5A1CD2B2002DF8D0CC
:1067B000029851198142F4DC0233DFB2A35C180065
:1067C0000193FFF7D9FF002807D0013D019A0399F3
:1067D000EBB233708A4202D1E01905B0F0BDDB198B
:1067E000DBB2DBE710B50C0002F0A0F803001220CA
:1067F000002B03D02100588805F02AF910BD0000B5
:1068000070B50E4D84006359002B15D0186A00280E
:1068100001D005F05DFA2B59586A002801D005F027
:1068200057FA2B59986A002801D005F051FA2859D7
:1068300005F04EFA00232B5170BDC0469464FF1F33
:106840001C4B70B504000E00150099420AD11A4B7A
:106850001B68002B01D1122070BD1B68002BFAD0E1
:106860009847F9E7154B994215D1134B1B68002B3C
:106870000AD01B68002B07D09847002804D1104B82
:106880001C70104B1D70E7E729002000FFF7AAFFDE
:106890000028E1D1F3E7080001F0F0FF0028DAD08A
:1068A00003780320A342D7D12900300005F0D0F8A7
:1068B000D2E7C046FEFF00009064FF1FFFFF00000C
:1068C0008D64FF1F8C64FF1FF7B50400808801F002
:1068D000D5FF0025A84203D00578A08802F00AF869
:1068E0001C4E3378002B1FD0AB421DD11A4B280011
:1068F0001978FFF777FF002818D000233370A379A9
:106900000820A778A688019304F0E2FF011E0DD0AD
:10691000D0230370CA3B8370019B477086808371CC
:10692000280005F0BDF801E0002DE8D1A0880B4B50
:106930008200D358002B01D0FFF762FF1721A088F7
:10694000FFF768FDA08801F02BFDA08801F002FE92
:10695000F7BDC0468D64FF1F8C64FF1F9464FF1F4A
:10696000F0B587B01D000CAB1B88070001930DAB81
:106970001B88142002930EAB1B88160003930FABE9
:106980001B880091049310AB1B88059304F0A0FFB3
:10699000041E1AD0D0230370CB3B47708370C6709F
:1069A000062229000430002D11D004F0B9FF019B0C
:1069B00021006381029B0098A381039BE381049BD8
:1069C0002382059BA37405F06BF807B0F0BD05F0BA
:1069D0003FF9ECE7F7B5009308AB1B8807000C20E4
:1069E0000D001600019304F073FF041E13D028005D
:1069F00001F044FF00280FD00078D0232370C93B5A
:106A0000A370009B21002381019B6770A580E68015
:106A1000638105F045F8F7BD014B1878EDE7C046F6
:106A2000CC42FF1F13B5040064890389C2888188A2
:106A3000C0780094FFF7CEFF13BD000010B5044CE2
:106A40002068002803D005F043F90023236010BD1F
:106A50009864FF1FA122F0B5818892004A43384B09
:106A6000384F1B6889B09B189D2292009B18827931
:106A700004001A603B68002B5FD01D78324B1B6806
:106A8000002B04D05B68002B01D000209847260023
:106A900008363100E079FFF7B7FD237DE071020091
:106AA000E0780493638A29000393238A0293E3899D
:106AB0000193A38800933300FFF752FFE378002B84
:106AC0000BD1E289A379A18802920196E27928008C
:106AD0000092012201F0DCFEE0703B68002B20D028
:106AE000FFF7ACFF194D287800281AD0184B1978F9
:106AF000FFF778FE002814D02B780820A788E678C6
:106B0000079304F0E5FE011E09D0D0230370CA3BB1
:106B10004670837087808671079804F0C1FF002358
:106B20002B701721A088FFF775FCA08801F038FCB6
:106B3000A08801F00FFD09B0F0BD064B9DE7C046EF
:106B40003409FF1F9864FF1FAC64FF1F8D64FF1F93
:106B50008C64FF1FCC42FF1FF8B5070008000E0031
:106B600001F08CFE041E18D02620FFF78DFC051EB8
:106B700000D12578062004F0ABFE041E0DD00021C4
:106B8000062205F065F8D0232370C23B2100677010
:106B9000A370A680E8B204F083FFF8BDF0B585B01D
:106BA00001930AAB1B78070002930BAB1B7808001C
:106BB0000D000092039301F061FE061E22D010200A
:106BC00004F086FE041E1DD01022002105F040F8BE
:106BD0002620FFF759FC002800D13078D0232370FD
:106BE000C13BA370009B21002372019B67706372FD
:106BF000029BA580A372039BC0B2E3720C9BE3606F
:106C000004F04EFF05B0F0BDF7B50D00019001F0A6
:106C100035FE071E1FD00E2004F05AFE041E1AD0A7
:106C20002620FFF731FC061E00D13E78D0232380BA
:106C3000C53BA370F91D0622E01C04F071FE019B08
:106C40002100638101232B40AD07ED0F2373657392
:106C5000F0B204F025FFF7BDF0B585B0029010004A
:106C60000D0017000A9E039301F008FE041E31D0A8
:106C7000029B002B2ED1039B02795B0724D51223A4
:106C800013430422002E08D10B99002905D10C9939
:106C9000002902D10D9900291AD01A430D9B2271A7
:106CA000002B00D0C9E0002E00D1CFE0002D00D095
:106CB000CCE0606A002801D005F00AF81C21300001
:106CC00005F03EF8606205E002239A430E33D7E7F1
:106CD00093432371654BBA00D458002C00D1AAE02D
:106CE000002E10D0236A002B03D11C2005F030F8B1
:106CF00020625E4BBA00D358186A002803D01C22C9
:106D0000310004F00DFE0C9B002B12D0574CBB0041
:106D10001D596B6A002B03D1162005F019F8686223
:106D2000BB00E358586A002803D016220C9904F0DF
:106D3000F7FD0D9B002B11D04C4DBC006659B36A7A
:106D4000002B03D1142005F003F8B0622B59986A88
:106D5000002803D014220D9904F0E2FD380001F060
:106D60008DFD051E67D0414BBA00D358002B62D071
:106D70001A6A3420002A00D11C389A6A002A01D0ED
:106D8000143080B20B9A002A01D01C3080B25B6AAA
:106D9000002B01D0163080B204F09AFD041E4AD0B8
:106DA0001822002104F054FF2620FFF76DFB01900C
:106DB000002801D12B780193D0232370029B20005F
:106DC00063700A23294EA370039BBD00A371AB59C6
:106DD000A780196A1830002905D01C22A06004F091
:106DE0009FFD200034307359996A002907D00300B1
:106DF00014221433E060029304F092FD02980B9B7E
:106E0000002B08D003001C221C330B992061029335
:106E100004F086FD02987359596A002903D016229E
:106E2000606104F07DFD6B462100187904F038FEA6
:106E30003800FFF7E5FC05B0F0BD10220D9B0D9961
:106E40001B69A018236204F06BFD2CE70B9B002B41
:106E500000D13FE7012D00D03CE7606A002801D057
:106E600004F036FF1C210B982AE7C0469464FF1FEC
:106E700010B5044C2068002803D004F029FF00233B
:106E8000236010BD8864FF1F0B4B07B51A68002AEA
:106E900001D100200EBD6946531C01201278073134
:106EA000FFF774FC0028F4D002780123100018408A
:106EB0001A42EED0EEE7C046A464FF1FF0B51F4FA4
:106EC00001203B6887B0002B25D09B78059300F00C
:106ED000B3FB002821D00A20FFF7D6FA04000B20CC
:106EE000FFF7D2FA164B05001E78731E9E413B68D1
:106EF000F6B2191DD878FFF759FB3B682900DA7AFA
:106F0000043303929A790193029200903300200097
:106F1000059A04F0B5FC07B0F0BDFFF7B5FF0028F7
:106F200005D00620FFF7B0FA04000720D8E70820B4
:106F3000FFF7AAFA04000920D2E7C0468864FF1FC1
:106F40008464FF1F70B50A4E040033780D00FF2BD8
:106F50000DD0042004F0BCFC011E08D0D023037027
:106F6000CE3B45708370C470307804F099FD70BDDD
:106F7000DC42FF1F70B5040006200D0004F0A8FCE1
:106F8000011E0AD0D0230370CD3B8370054B4470A3
:106F90001B688580187804F083FD002C01D0FFF772
:106FA00067FF70BD8864FF1FF8B5264F06003B6879
:106FB0000D001124002B05D10522234B1B78134211
:106FC00002D112242000F8BD204A10241268002AA1
:106FD000F8D01278002AF5D0DB0719D52B789A1E45
:106FE000012A1AD80C2004F0B3FE132438600028BC
:106FF000E8D000230A22437029000670023004F012
:107000008FFCFFF75BFF041E0AD0FFF731FFD9E7C3
:1070100000F012FB0028E1D1E4E7002BE2D0D0E73A
:107020000B4B1B78032BCDD11D20FFF72DFA094BFD
:1070300018800028C6D0084B04211878074A04F0AD
:1070400087FBBFE78864FF1F8564FF1FA464FF1FE1
:107050008464FF1F8264FF1FB064FF1F60EA0000AA
:10706000F7B50193194B14001A78052306000F0099
:1070700012201A4221D0012920D1154B1D68002D64
:107080001BD002201F2C18D8002C02D0019B002BF3
:1070900013D0104B1F221E706E1C0021300004F014
:1070A000D7FD01992200300004F03AFC31002000A5
:1070B0002C70002F06D004F0FBFCFEBD064B122006
:1070C0001D68DCE704F03CFBF7E7C0468564FF1F62
:1070D000A464FF1FDC42FF1FA064FF1FF8B50F4E22
:1070E00012243368002B17D01B780F3C834213D136
:1070F00000250B4F0221387804F05AFE094B042179
:1071000038781D8004F054FE074B28001D8033683A
:107110005C7004F0B5FD04002000F8BD8864FF1F1A
:10712000B064FF1F9C64FF1F8264FF1F70B50128BD
:1071300023D11B4C2388002B03D01A4A1578002D2D
:1071400007D0194B1B68002B02D01878FFF7C6FF39
:1071500070BD3B2B02D93C3B2380F9E7134E022143
:10716000307804F025FEFA222388920002215A4347
:10717000307804F0F5FC2580EAE70B4B1B68002B08
:10718000E6D00B4B1B785B07E2D5084B0221187841
:1071900004F00EFE0022024B1A80FFF769FED7E7CB
:1071A0009C64FF1F8064FF1F8864FF1FB064FF1F83
:1071B0008564FF1FF8B51E4D2868002803D004F031
:1071C00087FD00232B601B4E3068002803D004F09D
:1071D0007FFD00233360184F05243B7818002040C2
:1071E000234221D0154800F02BFA3B78234213D0DC
:1071F000202004F0ADFD2860002813D020220021BB
:1072000004F026FD202004F0A3FD041E306005D00C
:107210002022002104F01CFD002004E0286804F076
:1072200057FD2C601320F8BD00F00AFAF4E7C046C1
:10723000A464FF1FA064FF1F8564FF1FD042FF1FCF
:1072400010B50A4C23681A1E0ED0002808D1013050
:10725000587004F015FD002805D02368002B02D0DB
:107260000021FFF787FE0122100010BD8864FF1F78
:10727000F7B5274E050033680191181E21D05C78C0
:10728000244F012C30D1FFF7FFFD002825D020002E
:10729000FFF7FAF80400412814D91F4B022118788F
:1072A0001E4A04F055FA1E4B3C3C1C8002223368F7
:1072B0005A703B78002B14D128000199FFF75AFE31
:1072C0000120FEBDFA2292004243002AEED0124B6A
:1072D0000221187804F044FCE8E7FFF7D5F8020033
:1072E000F3E700233B70EBE73B78002BE8D103206A
:1072F00004F0EEFA011E08D0D0230370CC3B457099
:1073000083703368187804F0CBFBFFF7B1FDD7E743
:107310008864FF1F8064FF1FB064FF1F60EA0000E5
:107320009C64FF1F10B51749838802008B4220D050
:1073300011D815498B4217D0144900205B1899B217
:10734000012907D8926811785A425341D8B2FFF701
:10735000F9FD012010BD0E4A00209B1807229BB2A8
:107360009A424041C0B2F5E783681878FFF768FF9A
:10737000F0E7836899785A78090218781143FFF783
:1073800077FFE7E70A20000006200000F8DFFFFF94
:10739000AFDFFFFF014B18707047C046DD42FF1F93
:1073A00010B5064C207001F045FA207804F0D8FCA6
:1073B0000521207800F068FD10BDC046B064FF1FB5
:1073C0000BB273B50D00002B00DBC4E0884B1878BE
:1073D00004F016FA041E0ED00378912B0FD0A22BC6
:1073E00000D1A1E0834B1878FF2852D0210004F08F
:1073F00057FB00284DD180200002684076BD4378BD
:107400000F2B76D013D8052B70D00E2BEAD18088A5
:10741000794B98422BD8794B98421BD8784B98429D
:10742000E0D1A3681878591CFFF776F838E03E2BB6
:10743000D8D18378032B74D06CD8012B6ED0022B5B
:10744000D0D1704B1B68002B23D05B68002B20D061
:1074500098471EE06C4BC0180C28C3D804F0C0FA43
:107460001DC2C2150BC20B0B0B3223C23C00674B73
:10747000C0180728B6D8664B1B68002B09D01B68BC
:10748000002B06D0200098470AE0A3681878FFF781
:10749000C9F8200004F024FBADE7A068FFF764F80A
:1074A00000289FD0F5E7A3681B78002BF1D0554B3F
:1074B0001B68002BEDD01B68002BEAD0210055483B
:1074C0009847EDE74F4B1B68002BE2D01B68002B61
:1074D000DFD021005048F3E7504B1B68002BD8D079
:1074E0005B68002BD5D021004348E9E7FFF7ECF9B2
:1074F000CFE780884A4B984203D04A4B984200D04D
:1075000070E7464B1B68002BC3D05B68002BC0D0D4
:107510002100D5E7153B012BBBD963E7FFF79AFAAA
:10752000B7E7FFF77FFAB4E73F4B1B78042B07D18F
:1075300000236A4613800179408800F0CBFCA8E75D
:10754000364B1B68002BA4D05B68002BA1D0010038
:10755000364898479DE7012421420AD0294B1B68F1
:10756000002B04D05B68002B01D00020984701203D
:1075700043E78B070AD5264B1B68002B04D05B68BA
:10758000002B01D020009847022036E70421280074
:1075900008400D4200D131E7254E3388002B21D021
:1075A000013B9BB23380002B1AD1FFF7DDF8002896
:1075B0000AD0204B1C70164B1B68002B04D05B6854
:1075C000002B01D020009847FFF7C8F8694601F06A
:1075D0000CFD6846FFF700F81D20FEF755FF3080D0
:1075E00004200AE7024B187804F0E2FBF8E7C046F3
:1075F000B064FF1FDD42FF1F0E20000001200000CD
:1076000009100000A864FF1FFEDFFFFFAFDFFFFFD0
:10761000AC64FF1F0C2000000B2000009064FF1FD3
:107620000D200000132000008564FF1FFFFF0000F5
:107630008264FF1F8064FF1F10B501F09FF910BD29
:10764000014B18607047C046AC64FF1F0B880020D8
:10765000162B01D817230420014A13807047C04617
:107660005A64FF1F00207047074A030011888142B7
:1076700007D091880020994202D101308000101873
:1076800070470020FAE7C046B864FF1FF0B58F7856
:1076900006000D00C5B01E2F15D1FFF7E5FF051E32
:1076A00003D10024200045B0F0BD00223B00310092
:1076B000C078009200F0B8FB0400A81C00F0D8FBD2
:1076C000FF23EB70EEE7264B062403931B78FF2B7A
:1076D000E8D0182FE6D87B08224A013BDB00029253
:1076E0009A589446002ADDD0029AD3185B68002B82
:1076F000D8D00878002802D14B78012B02D106247B
:10770000122FCFD107AFAB88697800976446AA687B
:10771000A047041EC6D1AB78029A5B08013BDB0090
:10772000D318390030005B689847041E0BD1AB7842
:10773000042BB6D0039A310010782200009700F095
:1077400073FB0400AEE76A78002AABD1AA7805A9DA
:107750003B88087130000A704B80FEF74BFBA0E7B6
:10776000E042FF1F70BF00111D4B37B50500984266
:107770000BD000290AD1FFF777FF002805D119485F
:10778000FFF772FF002800D0058037BD01291AD10C
:10779000FFF76AFF041EF8D001235B420380A37841
:1077A000FF2BF2D0FE2B07D00023E07814220093A9
:1077B00029001E3300F038FBA01C00F059FB012308
:1077C0005B426380E1E70229DFD1013901F0C2F8B1
:1077D0000028DAD12800FFF747FF041EDFD1D4E7E5
:1077E000FEFF0000FFFF0000022210B5074B5242CF
:1077F0001A80074801325A809A80DA8000F084FAB1
:10780000044801F029F8002010BDC046B864FF1FED
:107810008D760011697700110388F7B50400002BFD
:1078200002D102252800FEBD4268022113782548B6
:107830005268FEF7A7FD00282ED0234F01253A8875
:10784000002AEFD0802321885B0201259B1A9942F0
:10785000E8DC0C2004F07CFA061E31D03B8822883C
:107860009C4600231800019561469DB2491989B2D2
:10787000AA421BD8002801D062443A80002330007D
:10788000082208C0210004F04BF8104A1368002BAE
:1078900013D100251660C5E76268022113780C48F1
:1078A0005268FEF76FFD0028C7D1BAE760681D0176
:1078B0004019418101330198D6E71A001B68E6E7B9
:1078C0001325AFE7DEBF0011DE42FF1FB464FF1FC8
:1078D000DCBF0011014B18707047C046E042FF1F2B
:1078E00014230A0010B51A40194204D001221021B5
:1078F00001F04CF810BD4B06F9D4C84302234000F8
:107900001840F7E710B514008B0604D501221021AA
:1079100001F03CF810BD08230A001A40194202D1B8
:107920004BB2002B0FDA102101F030F8002808D0FC
:107930002300F2331B78002BECD0F1342378012B99
:10794000E8D10020E6E703208907FAD4E2E7000047
:10795000F0B51F00184B85B01C680190029103928E
:10796000002C27D1200005B0F0BDA5683301ED182B
:107970006B89019A934211D3029A93420ED8002F39
:1079800004D10A9B002B10D12C00EBE73B00297897
:10799000039A6868FEF7F6FC0028F2D10136B6B209
:1079A000A388B342E1D82468DAE7A3680A9A5B891E
:1079B0001380E9E70026F3E7B464FF1F37B50C0036
:1079C0000A8849880123914217D3002A15D0651DE2
:1079D00023792A0002210A48FEF7D4FC102300284C
:1079E0000BD023796188208800242A000094FFF7B7
:1079F000AFFF0A23A04200D0230018003EBDC046BE
:107A0000DEBF001113B50A000888498801238842A7
:107A10000BD8002809D00024137905320094FFF711
:107A200097FF0A23A04200D02300180016BD13B50B
:107A30000A0008884988012388420BD8002809D009
:107A40000024137905320094FFF782FF0A23A04235
:107A500000D02300180016BDF0B58BB003904A8803
:107A600008880E000123824213D3002811D000237E
:107A7000012704AC23700022718813000092FFF7E5
:107A800067FF05002078002D06D122780A23002AFE
:107A900041D118000BB0F0BD002835D12B78022B56
:107AA00018D167706A8983000130E31880005A801A
:107AB00069680222201803F033FF23780133DBB218
:107AC0002370042B19D93B006889013080B2002B48
:107AD000D1D0DAE702236370122358436A8923184E
:107AE00004305A8069681022201803F019FF2378A7
:107AF0000133DBB22370002BE5D10A4A6B899B1856
:107B00005A425341DBB2DFE76378012BE4D12B7893
:107B1000022BC7D0B9E721000398FEF795F900239F
:107B2000B7E7C0460100FFFF0F4BF0B5040018682F
:107B3000002816D083685D89A54207D88288AE18D0
:107B4000B44203DA12019A18934201D10068EFE7B8
:107B50001E005F891036A74204D1002900D00D8095
:107B60001800F0BD3300EFE7B464FF1F70B50500E7
:107B70000C0008880021FFF7D7FF03000120002B2D
:107B800004D022002800197AFFF7BCFE70BDF7B5BB
:107B90000C00002501902300EE331B78AB4201D886
:107BA00000200AE06B00E65A00213000E718FFF7DA
:107BB000BBFF002802D126800130FEBD017A01986A
:107BC000FFF78EFE002802D03B882380F5E70135C1
:107BD000EDB2E0E710B5040008880021FFF7A4FF2C
:107BE00003000120002B03D02000197AFFF778FE54
:107BF00010BD0000054B1B68002B01D1180004E0EC
:107C00009A6852898242F6D198887047B464FF1FFF
:107C1000F0B50E27002687B0039302ABFF183E8015
:107C200005001F4B40891400984207D02B78013083
:107C300000976A6880B2FFF78BFE060002212B785E
:107C400018486A68FEF79EFB00280FD06C89200058
:107C5000FFF7D0FF002802D0013C0419A4B2039B17
:107C6000002B00D01C80300007B0F0BD02212B7823
:107C70000D486A68FEF786FB0028E7D102212B78C1
:107C80000A486A68FEF77EFB002807D0002EDED087
:107C90003B88A342DBD17489013CDFE76C89DEE7D6
:107CA000FFFF0000DEBF0011DCBF0011DABF0011D2
:107CB00010B50C00FFF7D8FC03000220002B0AD0FF
:107CC000002C00D023609B781720FE2B03D00138B6
:107CD000FF2B00D1002010BD73B50D0001A90400D9
:107CE0001600FFF7E5FF172805D0002E04D1290064
:107CF0002000FEF725F976BD01221021200000F0BA
:107D000045FE0028F3D0F6E7014B18607047C046E7
:107D1000C464FF1F37B56B469D1D0100040002229D
:107D2000280003F055FD2B88B02B0ED12379122BA0
:107D300009D12300FA331B78012B06D10121608879
:107D400000F0E0F801E01B2BF8D037BD10B5054B73
:107D50000421187000F098F8FFF746FDFEF76CFB61
:107D600010BDC046C864FF1F0020F0B50BB20F0065
:107D700087B0834234DA274B187803F041FD051EA3
:107D80002BD00378A02B25D103AE3100FEF7E2F80B
:107D9000041E0BD1B378DB0724D51F4B06341B68B8
:107DA000002B03D03100688898470400A868002899
:107DB00001D003F04DFD002C08D1184A039B13405D
:107DC000174A934206D0B3781B2B03D00121688851
:107DD00000F098F8280003F083FE8020000278402D
:107DE00007B0F0BD0F4B1B68002B10D03100688826
:107DF0009847041EDAD07378002BD7D1B27801A946
:107E00000A704B800C716888FDF7F4FFCEE70624FA
:107E1000F1E7C046C864FF1FC064FF1F00FFFF00FA
:107E200000011200C464FF1FF7B50190FC200D0093
:107E300017001E0003F04CFD04001320002C12D08C
:107E4000B02320002370089BF422677065802671A0
:107E50000830002B08D0190003F062FD21000198C2
:107E600003F01EFE0020FEBD089903F0F1FEF5E7C9
:107E700010B5041E06D00078FD2803D803F0F0FEEC
:107E8000FF23237010BD00000A1F93B210B5040039
:107E90000220032B05D882400020024BD1529B18B0
:107EA0009C7010BDE864FF1F0B8870B5043B040094
:107EB0000D000220032B0BD80121200000F04AFD09
:107EC00003001420002B03D02900200000F0DEFB6B
:107ED00070BD000007B51300034A00920A0001219B
:107EE00000F02CFC0EBDC0461181001107B50192B7
:107EF00003220092024B0A00122100F047FC0EBD43
:107F00008F81001107B56B4601AA11800449D88002
:107F100008780633012802D1190003F009FF07BDD4
:107F2000C964FF1F0C4B10B518700023FF210B4ACA
:107F30001380138193819380094A53801370517287
:107F400093819372D174D3821375517703F040FDFE
:107F500000F0FCF910BDC046F864FF1FE864FF1F85
:107F6000CA64FF1FF0B58DB06B46002003910C2250
:107F70009B5E834200DBB1E05D4B187803F040FC70
:107F8000051E00D1A5E00378902B00D09EE006AF3F
:107F900001004688380000F013FA796804000029CF
:107FA00000D19DE03B88052B6FD13B89032B1CD969
:107FB00005AC200000F0A2F86288172A60D8398941
:107FC000131D994231D17968237804310291D90780
:107FD00038D5607800F08EF9071E06D000230371B3
:107FE0002378012B08D0132B23D0A868002800D1B8
:107FF00079E003F02DFC76E06288029909A800F090
:10800000A6F80290380000F08BF909AA2378387A94
:108010000192002231000092029A00F012F9380019
:1080200000F064F9029B002BDFD0300000F080F9F3
:10803000DBE70378032BD8D16288029909A800F006
:10804000D6F8DEE709AF122B12D13800029900F002
:10805000B4F8021EE9D127498B88002BC5D0887956
:108060002378019761780091310000F0EAF8BCE7CD
:1080700000233A003B8061783000FFF72BFFB4E724
:108080001D4B09AA09936178F6E7042B02D09A1FC9
:10809000012AAAD8174A043B9B00995A0029A4D068
:1080A000D218907831003A0000F0ADF800289CD149
:1080B0003B88042B03D001213000FFF723FF012C64
:1080C00004D1A868002801D003F0C2FB280003F007
:1080D00007FD8020039B0002434018000DB0F0BD57
:1080E000012800D181E701213000FFF70BFFEDE708
:1080F000F864FF1FE864FF1F010017000B7803708E
:108100004B784370CB788A781B02134343807047C7
:108110000A88030002700A88120A42700A88012A3B
:1081200006D14A8882704A88120AC27004207047B9
:1081300002208242FBD14A8804309A704A88120A8F
:10814000DA708A881A718A88120A5A71EFE710B5B4
:108150000400012082420CD94B780A781B02134399
:108160002380834206D1CB788A781B021343638035
:10817000002010BD022BFBD1CB788A781B02134361
:1081800063804B790A791B021343A380F0E70B88C5
:1081900003700B881B0A43704B8883704B881B0A43
:1081A000C3708B8803718B881B0A4371CB888371E2
:1081B000CB881B0AC3710820704703000120082ADE
:1081C00014D14A780878120202431A80CA78887853
:1081D000120202435A804A790879120202439A80B5
:1081E000CA798879120202430020DA80704710B5FC
:1081F00004000120022A05D100204B780A781B02D6
:108200001343238010BDF8B5060010200F001500A1
:1082100003F05EFB04000120002C0ED0A0230C22F2
:10822000290023806780201D002D07D003F078FBF4
:108230002100300003F034FC0020F8BD03F008FDFD
:10824000F6E7F7B51E00009008AB142017001D7864
:10825000019103F03DFB041E12D0A2230370019B89
:1082600047704380099B057146710C220830002B32
:1082700007D0190003F054FB2100009803F010FC14
:10828000F7BD099903F0E4FCF6E737B5041E0FD0FB
:108290004388002B0CD00025C1881323007A1722B5
:1082A00001950095FFF7CDFFFF2365806372257070
:1082B00037BD000010B50C4904004A88002A09D0D7
:1082C0008B89002B05D00020CB8A0222834201D06B
:1082D00010BD012213000A20434300204032C8543D
:1082E000C81842800472F3E7CA64FF1F002343806A
:1082F00003707047094B00211A0010B55C88002CF0
:1083000006D01C79844203D10A234B43D01810BDF8
:1083100001310A330329F1D10020F8E7CA64FF1FB5
:1083200010B50400407A03F09BFCFF23637210BD7C
:108330007047043010B580B203F032FD002803D03E
:108340000421494203F0A4FC10BD000070B50025D3
:10835000104CA0682580A581A580A84202D003F01A
:1083600077FAA56000250C4C0C4B606D1D80230036
:1083700058331D70A84202D003F06AFA65650025E3
:108380006068002801D003F063FA013508340A2D33
:10839000F6D170BD9065FF1F3465FF1F8465FF1F18
:1083A00070B5041E09D1054D2880A881A880A86851
:1083B000002802D003F04CFAAC6070BD9065FF1F3E
:1083C000F0B54B8885B00193002343600A7905001E
:1083D0000F00022A00D07BE0CA88032A17D98B68D5
:1083E0005E7819783602DC78D8790E4399781B7A52
:1083F00024021B020C43034353495BBA0B80331D19
:1084000093421ED1042C04D0631F022B0ED90120ED
:1084100015E0019A4D4B1201D35A002B06D001985A
:10842000FFF7BEFF4A4A1369013313610421B8689C
:108430002E812C80494203F02BFC6860002005B09F
:10844000F0BD434D042C06D0631F022B0FD9EB68FF
:108450000133EB60DBE7019A3C4B1201D35A002B4E
:1084600005D00198FFF79CFF2B6901332B61374B37
:1084700030000293019B029A1B0101930023019992
:108480008C468B52130063449C8003939E81FFF7BC
:1084900050FF039B041E986016D00421B86849421F
:1084A00003F0F6FBFA880100043A200003F038FAE2
:1084B0000199029AFB888A5A043B9B18029A8B52B4
:1084C0002B6801332B60A2E7AB690133AB619EE7F8
:1084D0001E4B0293019B1E01029BF35A002B2DD0D1
:1084E00002998C19A068002828D0012A26D1FA8880
:1084F0009B189BB27352A189994217D39B1AC0183B
:10850000B96803F00DFA029BA289F35A934200D096
:108510007DE700222B81A3882B80A3686B60029BE0
:10852000F2520B4A53680133536070E7084A93686C
:10853000013393600198FFF733FF68E7044A5369FA
:1085400001335361F6E7C046FA64FF1F9065FF1FD1
:108550000065FF1F70B5051E15D10B4C0B4B188025
:10856000230058331870606D002802D003F070F9B2
:108570006565250050356068002801D003F068F972
:108580000834AC42F7D170BD3465FF1F8465FF1F0E
:10859000F0B51700A12285B0920001934243394BF8
:1085A00006001B680C009B18D933FF331D78FDF7BC
:1085B0003DFF0430854204DD3000FDF737FF043015
:1085C000C5B2BD4207D33A0000213000019B03F041
:1085D0008FF905B0F0BD2900380003F0D9FA230067
:1085E000C6B250331E700393019B290063653800A7
:1085F00003F026FACBB20293002B02D0039B013684
:108600001E7000262300503303931B78B34204D816
:10861000606D002831D10020DBE7029A2800002A93
:1086200004D0013B1000B34200D02800F700E71946
:10863000387003F0D5FA786000280ED03A780199A6
:1086400003F06EF9019A3B780136D3180E4A019374
:10865000D369F6B20133D361D4E7039B1870606528
:10866000A74205D1084A1320D36A0133D362B0E789
:10867000606803F0EDF80834F2E703F0E9F800234E
:108680006365C8E73409FF1F0065FF1FF7B50D00DC
:1086900007000421686803F0FBFA2B8904000370CB
:1086A0002B891B0A43702B8883702B881B0AC3708D
:1086B0002E8902250436F6B2F42E15D81B4B9F42A4
:1086C00014D10C2003F004F91135011E0CD09023B5
:1086D00003708E3B0371043B4380154B8460C6805E
:1086E000187803F0DDF900252800FEBD5C237B43EC
:1086F000104AD3180093583301931B78002B0FD1E5
:108700000300320038000099FFF742FF019B05008B
:108710001B78002BE8D13800009903F0D1F8E3E78B
:10872000054A0725536A01335362DDE7FEFF000067
:10873000F864FF1F3465FF1F0065FF1FF0B587B0A9
:10874000009017200F0016000193FFF7F2FD13258C
:10875000041E18D00C98031E02D00199201D9847C2
:10876000030AE370052303A9A07004300881277071
:10877000009866700B804C60FFF788FF051E02D0E2
:10878000200003F065F8280007B0F0BDF0B587B011
:108790001F000CAB1B780391059301210DAB060064
:1087A0001C78049200F0D6F81425002821D020006F
:1087B000FFF780FD0135041E1BD01149059B0A7887
:1087C00003700132D2B2131EC68001D101231A00F8
:1087D0000B7022713000049B03990097FFF7AEFFE6
:1087E000051E09D1230021000648074A093303F07A
:1087F00057FA280007B0F0BD002363802370F8E724
:10880000FC64FF1F8B82001130750000F8B5050075
:108810000E00064C064F2368002B02D031002800C2
:1088200098470434BC42F6D1F8BDC046A065FF1F8E
:10883000B465FF1F0123064A5B4253800023137176
:108840005362044A136053609360D36013617047AE
:10885000B465FF1FA065FF1F0200002310B5064985
:108860009C000859002801D1625010BD0133052B2E
:10887000F6D11320F9E7C046A065FF1F034A5388CD
:10888000181A43425841404210407047B465FF1FD8
:10889000F0B585B002930AAB1F780CAB1B88009033
:1088A00008000E0001920393FFF7E8FF0500112076
:1088B000002D1BD10E48FFF7E1FF04001520002C0E
:1088C00014D006220B99A771E01D03F029F8019B33
:1088D00030002371029B29006371009B6680237026
:1088E000039B6562E381FFF791FF280005B0F0BDAF
:1088F000FFFF000010B5FFF7C1FF04000220002CAD
:1089000012D060880121FFF781FF606A002801D042
:1089100003F0DEF928220021200003F099F9012359
:1089200000205B426380207110BD000030B5074A13
:10893000074C5588010013780020A54204D05B1A2B
:1089400059424B415842104030BDC046B465FF1FEC
:10895000FFFF0000084A10B501230C00904208D028
:10896000FFF78CFF031E04D0037923405A1E934166
:10897000DBB2180010BDC046FEFF0000024B1879A4
:10898000431E9841C0B27047B465FF1F70B5040024
:108990000D001600FFF772FF002804D10F4B9C4218
:1089A00000D0143070BD10230279416A13400029B1
:1089B0000AD10520002BF5D0897E0C20A9428941DF
:1089C000494249420840EDE70F20002BEAD09207C8
:1089D000F2D40A38002EEFD0E4E7C046FEFF0000D4
:1089E000030010B5002800D110BD0348034A418898
:1089F0009142F9D09847F7E7B465FF1FFFFF0000E9
:108A0000002330B5C45CCD5C6C40D4540133102BD2
:108A1000F8D130BD0F23002210B5C45C640022439E
:108A2000CA54C25CD209013BF7D210BD020001005A
:108A300010B52032103102F0FBFE10BDF0B58DB044
:108A40000590102007931700069103F081F901901B
:108A5000102003F07DF9019B13240290002B05D018
:108A600000280CD11324019803F032F9029B002B4B
:108A700002D0180003F02CF920000DB0F0BD10203A
:108A800003F066F90600102003F062F913240500D4
:108A9000002E00D1B3E0002819D01022002103F0ED
:108AA000D7F832002900059802F0C2FE041E0ED14C
:108AB00033787F2B56D830000199FFF7ABFF019B2D
:108AC0001B787F2B58D802990198FFF7A3FF30003D
:108AD00003F0FEF8002D02D0280003F0F9F8002C76
:108AE000C1D1102003F034F90600102003F030F952
:108AF0000390002E00D180E000287CD03A000121B4
:108B00000F3223001211049106D013B204930F23E5
:108B10003B405A4253411BB2049A013A1201002BC6
:108B200034D0069BD2B298180199039AFFF768FFD8
:108B300010220021300003F08BF8049D069F013DB8
:108B4000ADB22D017D19AF4242D0002C33D03000A0
:108B500003F0BEF8039B002B00D184E7180003F05C
:108B6000B7F880E729003000FFF754FF28002649B6
:108B7000019AFFF745FFA2E729000198FFF74AFF96
:108B800028002149029AFFF73BFFA0E70F2506992D
:108B90003D408A1808A8D9B28D4207D9D15C195432
:108BA0000133102BF7D1039A0299BFE7691A4F429C
:108BB0007941C901F3E73900300008AAFFF720FF27
:108BC0003200059808A902F033FE10370400BAE716
:108BD000002CBCD13000039908AAFFF711FF320026
:108BE00008A9059802F024FE082204003100079825
:108BF00002F096FEABE71324A9E71324AAE70028A6
:108C000000D069E72EE7C046E4BF0011F0B58BB095
:108C10000F0016000225009000283FD0002A3DD00A
:108C20000B1DDBB21800029303F092F81135041EFD
:108C300034D0FDF73BFD05003A000099201D02F0FD
:108C4000D7FEEBB20393E3702B0CDBB22F0A009339
:108C50006370FFB22B0E2370A7700193FDF720FD08
:108C60001022010006A802F0C3FE2100029A04AB04
:108C700006A8FFF7E3FE051E0DD1039B0822337003
:108C8000009B04A9B370019B7770F370301D02F054
:108C9000AFFEFDF711FD200003F01AF828000BB01D
:108CA000F0BDF0B58FB00D00149E039004920593B3
:108CB000002A03D1022420000FB0F0BD002EF9D00D
:108CC0000398FFF7DBFD1424071EF4D07278337885
:108CD00012021A43B3781B041343F27812061A43A4
:108CE000036A0192934201D30133E3D1002D03D0F3
:108CF0003B7901249B07DED50822002106A802F05B
:108D0000A7FF059B13240433DBB21800029303F082
:108D10001FF8051ECFD0059A0499043002F068FEB2
:108D200004223100280002F063FE390010221031C5
:108D30000AA802F05DFE2900029A06AB0AA8FFF716
:108D40007DFE041E0FD1082206A908A802F050FEDD
:108D50000822311D08A802F093FE012807D10199CD
:108D60000398FDF7BDFC280002F0B2FFA3E7012441
:108D7000F9E7000070B51C4C05002368181E10D0E0
:108D8000002D14D11A78002A0CD1981C083202F058
:108D9000C7FD02F0A5FD0135002808D123681D702C
:108DA000012070BD0A331800082202F0B9FD2368C3
:108DB000002BF5D0122002F08BFD061E0DD0C12332
:108DC00021680370457002311022023002F0A8FDC4
:108DD00023683100587802F063FE206802F078FFC3
:108DE00000232360DCE7C046DC65FF1FF8B5040004
:108DF0002020FDF749FB0D4EA700BB590500002BB5
:108E00000DD000280BD0D878FF2809D108492A00B6
:108E10000C55F35907480333611802F041FFF8BDC0
:108E2000290002F0C5FC0028F0D1F8E7F865FF1F23
:108E3000E065FF1F3DA0001170B5064D8400635929
:108E4000002B05D0D87802F00BFFFF226359DA70AF
:108E500070BDC046F865FF1F70B506008CB00C00F1
:108E6000150000213022684602F0F2FE3100102287
:108E7000684602F0BDFD1D2021000322684402F077
:108E8000B7FD6846FFF7D2FD2D210400032228001C
:108E9000694402F0ADFD20000CB070BDF0B50400D7
:108EA000170097B001931CAB1D7830221EAB0091C8
:108EB0000AA800211E7802F0CBFE2100102202AC8D
:108EC0000AA802F095FD10220021200002F0C0FE49
:108ED00007223900200002F08BFD07220199A0181B
:108EE00002F086FD33005A1E9341A3732B005A1ED5
:108EF00093410021102206A8E37302F0A9FE062286
:108F00001D9907A802F074FD1A2006221F99001966
:108F100002F06EFD102200990EA802F069FD1023E8
:108F20000EAA11782078013B4140DBB21170013468
:108F30000132002BF5D10AA8FFF778FD102212A903
:108F400004000EA802F0ECFC102206AB0EA9087873
:108F50001D78013A6840D2B2087001330131002A0D
:108F6000F5D10AA8FFF762FD044310222098E4B26D
:108F700012A902F03DFD200017B0F0BD70B50E0043
:108F800014008CB00100102268461D0002F030FD74
:108F90003100082204A802F02BFD2100082206A8B7
:108FA00002F026FD6846FFF741FD0400102228006C
:108FB00008A902F01DFD20000CB070BDF8B5060038
:108FC0000D0000243719AC4200D3F8BD02F060FC5C
:108FD000030A3B70631CDBB201379D4203D90234A4
:108FE000F054E4B2EEE71C00EDE7F7B507000C0023
:108FF0000225002818D0002916D001AE0321300028
:10900000FFF7DCFF3F23B27831001A4001331343EE
:1090100038002200B370FFF71FFF051E04D10322A2
:109020003100E01C02F07CFC2800FEBD03785807EC
:10903000DA08C00FD20080009B0710439B0F184333
:10904000C0B2704707230B40C908C9000B43037027
:109050007047000070B50400FFF7EEFE134DA4004A
:109060006359002B21D0186A002801D002F030FE8D
:109070002B59986E002801D002F02AFE2B59D86E89
:10908000002801D002F024FE2B59186F002801D0CF
:1090900002F01EFE2B59586F002801D002F018FE76
:1090A000285902F015FE00232B5170BDF865FF1FF3
:1090B0000E4B8000C35870B50C00002B0FD09D687C
:1090C000002D0CD02B78201D0B706B784B70A97C79
:1090D000FFF7B8FF2B7E23726B69E36070BD10222F
:1090E0000021200002F0B4FDF8E7C046F865FF1F3C
:1090F000014B18607047C046F465FF1F074A030024
:109100008000825810B5002A06D0D088984203D13A
:10911000012901D1FFF79EFF10BDC046F865FF1F72
:10912000F0B5254E95B087000B93BB59050009910A
:1091300012200A92002B2FD0D888FFF79FFB040043
:109140001420002C28D0280010A9FFF7B1FFBB592C
:109150001E781F6A002E21D0FDF7E8FA0790002044
:10916000FDF7EAFA0890A5793800E61D10AF0CA9C2
:1091700000F0E2FA0EA9380000F0D7FA0B9B0A992A
:109180000493089B09980193079B0396009302950B
:109190000EAB0CAAFFF782FE15B0F0BDFDF7C6FAC4
:1091A00005003000FDF7C8FAA37906000793E31D18
:1091B000089310A8DBE7C046F865FF1F30B50D4CDB
:1091C00085002A59030085B00120002A0DD018001F
:1091D0006946FFF76DFF2B59D8881B78002B06D006
:1091E000054B6A46072100F0DAFB05B030BD034BA2
:1091F000F7E7C046F865FF1F2B970011399700115C
:1092000030B5094C8500295985B0102268462531B2
:1092100002F086FB2A591121044BD0886A4600F0DF
:10922000BEFB05B030BDC046F865FF1FD5970011E5
:1092300030B5094C8500295985B010226846353172
:1092400002F06EFB2A591121044BD0886A4600F0C7
:10925000A6FB05B030BDC046F865FF1F139800118E
:10926000F8B54D4F86001020F4590D0002F070FD46
:10927000F3592062186A132200286DD02900033A9E
:109280009C6802F04DFBF359197800295AD1227DD0
:10929000186A94466646027B0F00724001263242ED
:1092A00001D167463740227DB2433A432275077B9E
:1092B000D6B27A400027920701D4B607F70F0226EC
:1092C000227D7F00B2433A432275067BD7B27240BB
:1092D0000026B446520702D47F07FA0F944662462E
:1092E00004269700227DB2433A432275627D00270F
:1092F00094466646427B72400126324201D167465F
:1093000037400126627DB2433A436275477BD6B24D
:109310007A400027920701D4B607F70F0226627D34
:109320007F00B2433A436275407BD6B24240002090
:10933000520701D47607F00F0426627D8000B24305
:10934000024362756A78002A08D06278002A05D044
:1093500005220533DA7700221000F8BD04222879AF
:10936000104205D1A07C104202D10533033AF1E747
:1093700020782C78002902D1020020001400182245
:109380000428E9D8042CE7D805216143034A0533B2
:109390005218125CDEE7C046F865FF1FF4BF0011EB
:1093A00010B50A001121024B00F0F9FA10BDC046B9
:1093B0006F9800110B0030B587B001AD2B806B4664
:1093C00004001100981D082202F0AAFA2A000B21BD
:1093D0002000024B00F0E3FA07B030BD979800116F
:1093E00010B50A001121024B00F0D9FA10BDC04699
:1093F000EB98001137B56D460B0004001100681C96
:1094000006222B7002F08CFA6A4608212000024BDB
:1094100000F0C5FA37BDC0460B99001110B50A001F
:109420001121024B00F0BBFA10BDC0465B99001140
:109430007FB505000B4BAA00D4580800002C0FD0B4
:10944000666F237FE28821780396266F0296E66E88
:109450000196A46E0094FDF7FFFB2800FFF7FAFDCC
:109460007FBDC046F865FF1F10B51721FFF7E0FF6D
:1094700010BD000070B50A000D00064B022104006B
:1094800000F08DFA060029782000FFF7D1FF3000A8
:1094900070BDC0463B980011F0B587B000236C4604
:1094A0002370836805001E78701E0A2857D801A90A
:1094B00002F0BEFA06063135393D4145494D5100AD
:1094C000180000F040F90623122849D000281AD1CC
:1094D0006888FFF7D3F90823002813D04279002ABF
:1094E00044D1254B1A78072312070BD5234B1A6852
:1094F0000723002A06D01768002F03D0310001AAE5
:10950000B847030023702378002B2AD16888FFF71F
:109510006DFC07B0F0BD180000F06CF9D6E718003C
:1095200000F087F9D2E7180000F093F9CEE71800B1
:1095300000F0ADF9CAE7180000F0C3F9C6E718005B
:1095400000F0F6F9C2E7180000F0F6F9BEE71800DF
:1095500000F013FABAE7180000F013FAB6E7072391
:10956000237021006888FFF785FFD2E70523012AD1
:10957000C8D1034BBBE7C0468564FF1FF065FF1FE2
:10958000F465FF1FF8B52C4F8600F35904000D0059
:10959000002B40D0DA8882423DD15A78062A33D156
:1095A0001A78002A2ED0012099681A6A097D014292
:1095B00006D0157B054203D007225A700120F8BD62
:1095C0000220014204D0157B054201D00922F4E7B4
:1095D0000420014204D0127B024201D00B22ECE7AE
:1095E000164B1B68002BE9D05B68002BE6D02000EF
:1095F0009847BB5900215B78122BDFD12000FFF781
:1096000017FFDBE70E4BECE7112A04D1002900D04D
:1096100032252900F2E7002D08D12000FFF72EF9AE
:10962000002803D01023027913430371210028007E
:10963000FDF792FAC2E7C046F865FF1FF065FF1F0D
:10964000F465FF1F70B50E4E8500AB590400002B6A
:1096500013D01B78002B11D10A4B1B68002B04D0B0
:109660005B68002B01D02000984773595B78122B60
:1096700003D100212000FFF7DBFE70BD024BECE7B9
:10968000F865FF1FF465FF1FF065FF1F094B8000A1
:10969000C3581020002B0CD01A6A002A09D09B68EE
:1096A000002B06D0127A1B7E101C9A4200D9181C7F
:1096B000C0B27047F865FF1F70B503000D001400BD
:1096C0000220002A30D000292ED013700B78081DFC
:1096D00053704B789370FFF7A9FCE07001200221D2
:1096E0002B7A23716B7B034063716A7B0A401343BF
:1096F000042263716E7B1640334363716E7BF60800
:10970000F600334363712B7B0340A371287B014038
:1097100000200B43A371297B0A401343A3712A7BCA
:10972000D208D2001343A37170BD10B50A00010026
:109730000120FFF7C1FF10BD10B50A000100022093
:10974000FFF7BAFF10BD70B506000C000220002E16
:1097500030D000292ED07378201D0B70B3784B7059
:10976000F178FFF76FFC01223579257271794B1082
:1097700008001340934010400343881010408000BD
:10978000C9080343C9000B436373B1794B10080048
:109790001340934010400343881002409200C908D0
:1097A0001343C9000B4321202373FCF76DFE854250
:1097B00001D2122070BD2220257AFCF765FE854279
:1097C000F7D823781820042BF4D86378012BF1D82C
:1097D0000020EFE7030010B50220002909D0002B7C
:1097E00007D00322481C0A7019000D3202F098F8C5
:1097F000002010BD03000222080010B5002B06D087
:10980000002904D00E32591C02F08AF80022100000
:1098100010BD030010B50220002909D0002B07D08D
:109820000422481C0A7019000C3202F079F800205A
:1098300010BD10B5FFF7DEFF10BD030002200029A8
:1098400006D0002B04D0052200200A701B784B7034
:10985000704703000220002B08D0002906D05B7857
:1098600000200B70013B082B00D918307047030013
:1098700010B50220002909D0002B07D00622481C71
:109880000A7019000A3202F04BF8002010BD10B522
:10989000FFF7B0FF10BD02000B00022010B5002939
:1098A0000ED0002A0CD00721197011885970118828
:1098B000090A997011180822D81C02F031F800200A
:1098C00010BD03000A00022010B5002B0CD00029A7
:1098D0000AD099785878090201431180901CD91C4C
:1098E000082202F01DF8002010BD030010B5022070
:1098F000002909D0002B07D00822481C0A70190043
:10990000921802F00DF8002010BD02000B0002209A
:1099100010B500290BD0002A09D00921197011783F
:1099200018185970511C062201F0FAFF002010BDD2
:1099300010B5FFF75FFF10BD02000B00022010B54D
:10994000002A09D0002907D0517819701118062271
:10995000581C01F0E5FF002010BD030010B50220E7
:10996000002909D0002B07D00A22481C0A701900D0
:10997000063201F0D5FF002010BD10B5FFF73AFF09
:1099800010BD02000B00022010B5002A06D00029ED
:1099900004D018005178FFF755FB002010BDF0B53A
:1099A0001F00062387B003AD06000800298101923D
:1099B0002B80FEF7BEFC1324011E68600CD00198BA
:1099C000B847041E05D129003000FEF76DFA041EC9
:1099D00002D0686801F03CFF3000FFF707FA200072
:1099E00007B0F0BDF0B504008BB001911500002167
:1099F000102202A802F02CF9334EA700B859002813
:109A00003CD0C388A34239D10378002B36D14278A9
:109A1000062A18D102000100553235310C3006AB50
:109A2000FFF7ACFA002829D12000FFF72FFE020033
:109A300006A902A801F074FF200002A902F058F85C
:109A400001200BB0F0BD816E002917D00B8A112ABE
:109A500028D19D420ED101981231093A02F010F836
:109A6000012807D1BB5920009D6EFFF70FFE29008A
:109A70000200DEE732212000FFF7DAFC2000FEF7CB
:109A8000FDFE061E1BD0416A002918D00B8AAB428E
:109A900015D108220198123101F0F2FF01280ED1F0
:109AA000716A0AE09D42E9D108220198123101F061
:109AB000E7FF0128E2D1BB59996E8A7EB9E7200001
:109AC00002F066F9BCE7C046F865FF1FF0B56E4DC1
:109AD00087007E5985B0337802900393002B00D025
:109AE00085E0B368346A01937078062817D10122A3
:109AF0001B7D134202D0217B114218D10222134256
:109B000002D0217B114251D10422134203D0237B86
:109B1000134200D08EE0019B5A7DEB5982E007385A
:109B20000428F8D801F084FF032E42658600B36E46
:109B3000002B03D11C2002F00BF9B066EB599C6E90
:109B4000002C1CD010220021200002F081F8029885
:109B5000FFF79CFD01002000FFF730FA01F098FEAE
:109B60002082200008211230FFF728FA0298FFF720
:109B70008DFDA076EB592100D888FFF711FC082253
:109B8000EB591CE0B36E002B05D01A00198AF0883F
:109B90001232FFF70FFC0222019B197DEB59114293
:109BA00050D0207B10424DD0073208E0F488FCF7FB
:109BB000D5FD01002000FFF713FC0A22EB595A7073
:109BC0005A78073A042A12D8D888FEF757FE002898
:109BD00056D0C3895A08D2182C49029B0298CB54FC
:109BE0009B00EB5841180433294802F059F805B09E
:109BF000F0BDFCF79BFD03000120834201D1002052
:109C00000393EB59DE88FCF797FD039902003000BF
:109C1000FFF7F0FB019AEB59117D0422114218D194
:109C2000019A527D01210A4218D0607B084215D06A
:109C30000C22C4E7F688FCF733FD01003000FFF783
:109C4000EDFB68E704221142EAD0217B1142E7D004
:109C5000AAE7217B1142E3D00B22B0E702210A429E
:109C600004D0607B084201D00E22A8E704210A42FA
:109C700004D0627B0A4201D01022A0E712229EE7A4
:109C8000FA225200A8E7C046F865FF1FFC65FF1FD7
:109C900047A0001110B5064B1A7804231000184095
:109CA0001A4200D00348FFF723FA002010BDC04637
:109CB0008564FF1FE442FF1F70B50400FFF7D0FA70
:109CC000051E43D12000FFF779FA234EA400A059C6
:109CD0008268937CDB0708D50321036A1B790B405C
:109CE000012B02D1017F0B430377431DD97F8B1ECC
:109CF000022B0DD8022900D00121C088FCF784FF77
:109D0000042133591A7F59700A431A77280070BD0D
:109D100001290CD102231022437000210C3001F0E4
:109D200097FF305910213530FFF748F9EEE7052944
:109D3000ECD10223D118437010220C3001F0F0FD59
:109D400004233259117F0B431377EAE708251828BB
:109D5000DCD1053DDAE7C046F865FF1FF0B58BB0F2
:109D6000059143887C4F9E00F45915000493002C04
:109D700015D1012902D000200BB0F0BD101D57787D
:109D80001678FFF753F9EB68320002932B7A0499A7
:109D9000019300903B002000FCF700FFEBE7E38815
:109DA000049A934201D00820E6E72378012B00D1E2
:109DB000D0E0059B581E092800D9CBE001F038FE01
:109DC00005CA0A29C8506C859AB229000498FFF781
:109DD00073FFD1E7200029001022453001F0A0FDDB
:109DE000B9594B78042B02D1013B4B70C3E70B00F0
:109DF0000A00253335320C310498FFF791F90498A5
:109E0000FFF7FEF90522431E9841BB59C0005A7066
:109E1000B2E7200029001022553001F081FD049B9B
:109E20004D4C9D00295904980A0006AB55320C315F
:109E3000FFF776F929591022453106A801F020FED6
:109E4000012808D10498FFF7F3F90590002804D100
:109E500006222B595A7005988EE708230593FAE7D6
:109E600063780C2B76D1E36E002B03D11C2001F01C
:109E70006FFFE066BB59D86E00286BD01022290016
:109E800001F04EFDBB590498DC6EFFF7FFFB0D227D
:109E9000A076BB595A706EE7E06E00285AD06378FE
:109EA0000D2B57D12B8808220382A91C123001F0F8
:109EB00037FDBB599A68517D0222114226D0186A9B
:109EC000407B104222D00C32E4E763780E2B41D164
:109ED000236F002B03D1162001F03AFF2067BB59F6
:109EE000186F002803D01022290001F019FD0F225D
:109EF000BB59CFE763780F2B2CD1206F0622691C4A
:109F0000103001F00DFDBB599A68517D04221142B9
:109F100003D0196A497B1142D5D100210498FFF77B
:109F200087FA28E7606F002808D1143001F010FF8D
:109F3000BB596067586F002800D134E71022290010
:109F400001F0EEFC0122BB5952425B6F1A61E4E75B
:109F50002978E3E707200FE7F865FF1F10B5064CE7
:109F6000207001F0E5FC06212078FDF78DFF034805
:109F7000FEF772FC10BDC0460B66FF1FFD9000117E
:109F800000200BB270B50D00834216DA264B18780C
:109F900001F036FC041E0DD00378922B0ED0A02BBE
:109FA00037D0224B1878FF283AD0210001F078FDF5
:109FB000002835D180200002684070BD43780E2B08
:109FC0000BD03E2BEDD18378052B12D0082BE8D196
:109FD00081798088FFF7D6FA08E0154B82889A428B
:109FE000DFD183681878591CFEF7C4FE0028D8D04A
:109FF00016E0104B1B785B0712D50F4B1B68002B2C
:10A000000ED09B68002B0BD0C289811D8088984799
:10A01000ECE7FFF741FAA068002801D001F018FC36
:10A02000200001F05DFDC5E70B66FF1FDD42FF1F4D
:10A03000182000008564FF1FF465FF1F10B500782D
:10A04000FFF712FA10BD10B50078FFF7FBFA10BD4C
:10A050000C234343084A10B59B185A68002A03D0C2
:10A06000012901D1904710BD9B68002BFBD000292E
:10A07000F9D19847F7E7C0462866FF1F01238340C0
:10A08000094A10B5946B1C439463506B984350631A
:10A09000D46B20009843012901D120001843D063DC
:10A0A000116B0B43136310BD00800040F0B500241A
:10A0B0000127154B85B0DA6B144E03921A6C01928E
:10A0C000DA64019BE3403B4217D0039DE5403D40ED
:10A0D0000295E5B202992800FFF7BAFF316A736A68
:10A0E000002908D03900002B01D0029979402800BE
:10A0F000FFF7C4FF01E0002BF9D101340C36172C17
:10A10000DFD105B0F0BDC046008000400C66FF1FE7
:10A11000064B01215A68C2400A4204D01B68C34062
:10A120001800084070471B6DF9E7C04600800040EA
:10A130000122064B8240002903D0D9680A43DA6025
:10A140007047D9689143D960FAE7C04600380040AB
:10A150000322424370B50F4DAB189C785E78012303
:10A16000361B0136B340013BA340A140DB430C004A
:10A17000122808D8525D08499200521811681940F7
:10A180002143116070BD054A11680B4023431360E1
:10A19000F8E7C0463BC0001108F0004014F0004052
:10A1A000C21F70B5D4B20623092C0BD80125084C68
:10A1B0009540002908D00021FFF7CAFF23682B43F0
:10A1C00023600023180070BD2368AB43F8E7C04646
:10A1D00000380040214BF0B51B185B78022B21D1D1
:10A1E000032444431E4A1F4EA35C12199478012293
:10A1F00015008540B76B013CE4B23D43A240B56316
:10A20000194C122815D89B0000290CD117495B184E
:10A2100099680A439A600123205C154A83401168BB
:10A220000B431360F0BD11495B1899689143996025
:10A23000F1E70E4B00290DD159690A435A61225C9E
:10A240001328E8D00123203A93400A4908680343C1
:10A250000B60E7E7596991435961F0E70C66FF1F0E
:10A260003BC000110080004080C0001100F00040A1
:10A27000A0F00040A4F00040F8B500241B4E1C4D97
:10A280001C4B1B5D012B1FD1194A9269E2401A42F7
:10A290000BD00122B25693402200143AD2B2022AC5
:10A2A00009D815494A6913434B61013402360C350C
:10A2B000172CE5D1F8BD0022B2560F499200521872
:10A2C00091680B439360F0E7022BEED1E7B23800C0
:10A2D000FFF71EFF01235840C1B23800FFF77AFF95
:10A2E0003800FFF715FF6877DFE7C0460DC00011A3
:10A2F0000C66FF1F0D66FF1F00F0004001220238B0
:10A300008240054B002903D059690A435A617047BE
:10A31000596991435961FAE700380040F8B50E00D9
:10A3200001210F008740114A0400D368FD43BB435D
:10A33000D360831E8B4201D8FFF7E0FF002120008D
:10A34000FFF72EFF0A4A0B4B5168012E05D1394306
:10A350001B1951605E700020F8BD29405160022237
:10A360001C1962709A6915409D61F4E7003800403D
:10A37000008000400C66FF1F012210B58240074B91
:10A38000002906D019680A431A600121FFF7C6FFA9
:10A3900010BD196891431960F7E7C046008000407E
:10A3A0000C2370B5002543430A4A29009B181D70F1
:10A3B000094B04001B185D70FFF7B0FF0123A34099
:10A3C000064928000A681A430A6005490A689A4340
:10A3D0000A6070BD2866FF1F0C66FF1F34800040B6
:10A3E0003080004070B504000E00FF2813D0032514
:10A3F0000540FFF7D5FF084AA3089B009B183F22A2
:10A40000ED00AA40AE401968200091433143196025
:10A410000121FFF78DFE70BD18380040F8B50C24FF
:10A420004443134B0500E4186368002B03D1A36871
:10A430001220002B1AD0022201270E4B00215B199B
:10A440005A7028002770FFF769FF63681E1E08D046
:10A45000A3683E00002B04D02800FFF759FE4640B9
:10A46000F6B228003100FFF709FE0020F8BDC04613
:10A470002866FF1F0C66FF1FF7B5C420FF222A4B7A
:10A4800080001958002591433F3A0A431A50802210
:10A49000264E5202264F1A60264B5C5D002C22D0BD
:10A4A000AB1E012B03D80121E8B2FFF727FF012CD7
:10A4B00019D11E4B9B69EB40234214D0EBB218001C
:10A4C0000193FFF725FE01000198FFF755FF0123D7
:10A4D000FB569C40EBB2143BE443022B1AD8164ABD
:10A4E000536923405361337F002B0DD0ECB2200021
:10A4F000FFF794FF2000FFF70BFE737F01008342FC
:10A5000002D02000FFF7A4FD01350C360237172DCD
:10A51000C2D1F7BD0023FB56074A9B009B189A68DF
:10A5200014409C60DFE7C04600E100E00C66FF1FBE
:10A530000DC000110D66FF1F00F0004070B50E0049
:10A5400015000400FFF72CFF0C236343094A200089
:10A550009B189D605E60FFF761FFF021064B074A84
:10A560008900051E5A5002D02000FFF719FF28006D
:10A5700070BDC0462866FF1F0000FF1FADA0001180
:10A5800070B5134D07202C78002C1FD19822210084
:10A590005200280001F0A4FB0123C420FF222B70ED
:10A5A0000C4B80001C635C630B4B1C605C600B4BB2
:10A5B000195891433F3A0A431A50802252021A60B6
:10A5C0000D20074A074901F0DBF9200070BDC046A5
:10A5D0000C66FF1F00800040A0F0004000E100E09A
:10A5E00079A4001179A20011F8B50600012826D03F
:10A5F0000B220827164C01239340164A164DD367A9
:10A600007301ED18287C0021FFF792FD0021687C82
:10A61000FFF78EFD002580233800237325712570F8
:10A6200025732572656001F0A3FB380001F0B8FACC
:10A630000A4BAE4207D1EB2292009E50F8BD112288
:10A640001927074CD7E7F12292009D50F6E7C04644
:10A650000040004004E100E0C067FF1F0000FF1F52
:10A6600000900040F0B587B0050001F049FB049070
:10A670002800FFF7B9FF012D00D17DE00523042755
:10A6800008260393444C06330193444B6A019B18FC
:10A690001A7CFF2A02D15B7CFF2B6BD0300001F0CB
:10A6A000F7F9300001F064FB3C4B6A0102936B0147
:10A6B0000593029B02219E18307CFFF749FD022181
:10A6C000707CFFF745FD39000027307CFFF78AFEDC
:10A6D000707C0399FFF786FE27737169049B18113C
:10A6E0004B08C01801F054FA802327612373030A32
:10A6F000DBB22371F37EC0B22070BB4244D01B2377
:10A700002373029B6A019B181A7E0123002A3DD005
:10A7100087222272636062687F3313436A01944622
:10A720006360029B63449B7E002B03D0022362681C
:10A73000134363601A4A002D2AD1EB21194B89007B
:10A740005350019B184A9B089B009B180322019CB5
:10A75000C0202240FF24D200944080001958A14319
:10A760008024944022000A431A500123019A934006
:10A770000D4A136007B0F0BD092308270393DB19C6
:10A7800019260A4C019380E70323B9E72272C5E733
:10A79000F121074BD3E7C04600400040C067FF1FD0
:10A7A0000000FF1F411BFF1F00E100E00090004080
:10A7B000811BFF1F10B50020FFF754FF10BD10B51F
:10A7C0000120FFF74FFF10BDF0B587B005930CAB2C
:10A7D0001D78174F6E01F35D029002AC11200391BA
:10A7E0000492002B1ED1637A0C380193002B19D1EF
:10A7F00019002022F01901F073FA0E4BF31807CC60
:10A8000007C39C466246236828001360FFF72AFFAF
:10A810000123F355002D07D129000820064A01F035
:10A82000AFF8002007B0F0BD1920044A0199F6E7FF
:10A83000C067FF1FD067FF1FB5A70011BFA700119A
:10A8400070B50400FFF7D0FE084D660120220021FC
:10A85000701901F045FA0023082073559C4200D07E
:10A86000192001F055F8002070BDC046C067FF1FD9
:10A8700070B51D0002240C2910D8094ACA40D2071D
:10A880000CD5FBF70DFE041E08D1059A049928008B
:10A89000FBF722FEFCF78EFCFFF7FCF9200070BDF1
:10A8A0001210000030B50D7802232C009C43184292
:10A8B00001D02B431C0008252300AB43284201D0C4
:10A8C0002B00234320241D00A543204201D01C431C
:10A8D00025002A230D70184204D011781E3B0B432B
:10A8E000137030BD0028FCD10C2113788B43F7E79F
:10A8F000F8B51D0006AB1B88140007AA0E000B203C
:10A900001778002B27D10A78022A49D14A68507853
:10A9100011780002244A08438018042840D801F026
:10A9200087F803121D1B2300F06801F0A1F8021C38
:10A93000C0B2B84200D93A1CD2B22000F1682A80D5
:10A9400000F0EEFF06E00222F3681B882A802370E5
:10A950001B0A63700020F8BD0622EEE701232B805E
:10A96000F3681B782370F5E7F368002B16D00822F4
:10A970002A801A8822701A88120A62705A88A27075
:10A980005A88120AE2709A8822719A88120A6271B1
:10A99000DA88A271DB881B0AE371DBE72B80D9E739
:10A9A00001202B80D7E7C04600D6FFFFF7B5160081
:10A9B0000A781D0008AB1F880C000123022A18D159
:10A9C0004A685078117800022B4A084380180328FF
:10A9D0000FD801F02DF802254439E06801F048F85D
:10A9E000C0B20723B84204D37B190193152B02DDB3
:10A9F0000D231800FEBDE0682A003100C01900F0E8
:10AA00008FFF6B4600209B88E268D0541B4B1B686D
:10AA1000834203D01B68834200D098470023E8E7B5
:10AA20000B23002FE5D1022DE2D1737832781B027F
:10AA30001343E2681380114B1B68002BEED01B6898
:10AA4000002BEBD00120E8E70B23002FD1D1062DFE
:10AA5000CED12A003100E06800F062FFDEE70B2370
:10AA6000002FC6D1012DC3D132787533012AC0D849
:10AA7000E3681A70D2E7C04600D6FFFF1868FF1FD0
:10AA800070B50C001500072837D800F0D1FF04146A
:10AA900036361B36242E182015290BD8184E1622B0
:10AAA0000021300001F0D4F822002900300000F02D
:10AAB00037FF002070BD18200229FBD11288114BEE
:10AAC0001A80F6E718200829F4D10A000E48290058
:10AAD00000F07EFEEDE718200129EBD10B4B10783A
:10AAE0000B49DA69FFF7DEFEE3E718200129E1D11F
:10AAF000064B10780749DA6BF4E70220DAE7C04624
:10AB00000068FF1F8643FF1F7C43FF1F0C43FF1F8E
:10AB10003443FF1F5443FF1F030010B50020DB0721
:10AB200004D50721024A034800F08CF810BDC04646
:10AB300098C000110C43FF1F054A0300106800284D
:10AB400003D082889A4201D1806870470068F6E796
:10AB5000106AFF1F0A88030008009A4204D08A88FE
:10AB600004309A4200D000207047000073B5060000
:10AB70006846150001960180FCF74EFE041E11D1B7
:10AB8000002D0FD07689002E11D00C2001F0E0F8B6
:10AB900000280ED0084A0460136886808560002B68
:10ABA00002D11060200076BD1A001B68F7E702246E
:10ABB000F8E71324F6E7C046106AFF1FF8B5F22243
:10ABC00000230D4F0D4E79680500424333709942C2
:10ABD00000D07B600A4C0021200001F039F80023EE
:10ABE0001A007C609D4201D13570F8BD013322808E
:10ABF000DBB2F234F6E7C046086BFF1F066BFF1F9F
:10AC0000146AFF1F012100220A4B10B549420A4C69
:10AC1000198099809A719A70084B207001201980D0
:10AC20005A60FFF7CBFF2078FCF754FE0448FDF78D
:10AC300013FE10BD2068FF1F106BFF1F086BFF1F66
:10AC4000F1AC0011022310B5002802D0FFF78EFFEF
:10AC50000300180010BD0000030010B50020DB0742
:10AC600004D50421024A0348FFF780FF10BDC04607
:10AC7000ACC000118C43FF1FF0B50E2687B00393C4
:10AC80000CAB1F8802ABF6180500080031000292D9
:10AC9000FCF74AFF04000120002C0FD03088FFF79A
:10ACA0004BFF03000E20002B08D05E68002E05D05D
:10ACB00021002800039B029A0097B04707B0F0BD1F
:10ACC0000A4B10B5984207D10122002352420A8054
:10ACD0008B708A808B7110BDFFF73CFF0028FAD083
:10ACE00001235B42038000238370F4E7FFFF000031
:10ACF000F8B5050001290AD1134E00243388F22744
:10AD0000AB4219D028001149FFF7DAFF06E002290B
:10AD100004D10139FDF71EFE0028EDD0F8BD3B003F
:10AD200063437268D018D35A002B09D03A0000212F
:10AD300000F08EFF0134E4B2054B1B78A342EED83D
:10AD400001235B423380DDE7086BFF1F2068FF1F94
:10AD5000066BFF1F10B5FFF7FDFE030000208342C6
:10AD600000D0987810BD0000F0B589B01C000EAB83
:10AD700080CB03901E8810AB1B78049202930B7A51
:10AD80000D00DB0616D42B780593022B24D00498F3
:10AD9000FFF7D2FE002812D003689C46002B0ED08D
:10ADA000029B2200019329003B0064460398009611
:10ADB000A04705E00498FFF7BFFE002802D10E204F
:10ADC00009B0F0BD8368002BF9D00A22290003984E
:10ADD00098470028D7D0F3E76B6858781A786A4B01
:10ADE000000210439842D2D8043B984210D2674BDD
:10ADF000984242D015D8664BC0180128C7D80B20FE
:10AE0000002EDDD1EB681A7859683A80200028E0DE
:10AE1000604BC018032800D978E000F009FE836A6F
:10AE2000779D5D4B9842B2D10B20002EC8D10123F3
:10AE30003B80EB6831001B7823706889013080B259
:10AE4000FCF772FE3A88031E0ED0017802328A188F
:10AE50003A80428962704289120AA2705968027867
:10AE6000E01C00F05DFD06E004323A80310004226F
:10AE7000601C00F0EDFE0020A2E70B20002E9FD109
:10AE8000EB6807A91E8804233B80330A3000267034
:10AE90006370FCF749FE051E28D004AB9A890E2387
:10AEA00004A95B183D49C668FCF7B2FE00280BD127
:10AEB0002B783B486A680599FBF764FA002803D1B0
:10AEC000012304AA5B42D3813278022A06D1716839
:10AED000201D00F025FD3B8802333B800E2304AA91
:10AEE0009B181B88A3701B0AE370C4E704ABDE81C8
:10AEF000F4E70B20002E00D062E7E9680398FFF723
:10AF000029FF02233B8020706670B4E70B20002EDF
:10AF100000D055E70222EB681B883A8023701B0A99
:10AF20006370A8E7E86800F0A3FDC2B20300072041
:10AF3000B24200D244E70DD00299DBB271189942B7
:10AF400002DB921BD3B20293029BE9681A003B809A
:10AF500089195BE70023F6E70B20002E00D02FE7CE
:10AF60000722EB683A801A7822705A7862705A8801
:10AF7000A2705A88120AE2701A792271DA88627114
:10AF8000DB881B0AA37176E7042900000228000071
:10AF900000D8FFFFFFD6FFFF03280000FFFF0000DF
:10AFA000DCBF0011F0B58DB06B4600200891202267
:10AFB0009B5E83423DDAA54B187800F021FC071E0A
:10AFC00032D00378B02B2CD10079023816281FD844
:10AFD00000F096FD17001E001E001E0031001E002E
:10AFE00094001E001B011E0050011E0071011E0076
:10AFF000CB011E0050021E001E001E008E021E000D
:10B00000B902934B93491B8878880B80FAF7FCFEB2
:10B010003800FCF77FFE904B1B68002B01D03800F6
:10B020009847380000F05CFD8020089B00024340F8
:10B0300018000DB0F0BDEE220021864800F008FE99
:10B040000BAA3B7B7989388900923A000D32FCF7D4
:10B050007FFC04007F4B1B78002C3DD144E07F4BEC
:10B060007888059306AB9A8A7D4B4100CB5A7D4E7A
:10B07000073BDBB202930023210001930096059B5E
:10B08000FFF772FE734D00280FD133883A8A9A4237
:10B090000BD138000599123000F0F2FC002804D0E2
:10B0A0002B7862899B00EB185A80162606ABF6189F
:10B0B0009A8A200033007989FCF7AAFD2B780400D6
:10B0C0009A00AA1851880029C4D00133DBB22B7032
:10B0D000002806D031889180634A12889A42BED8EF
:10B0E00002E0012149429180002B04D0594978881F
:10B0F000FAF7BEFE8CE73E890A2479E000253E89F6
:10B10000574B06937B88069A5B009B5A033B9D42F4
:10B1100002DB002DF0D05BE0162206A812183B7B64
:10B12000798900923A0030000D32FCF711FC05904D
:10B13000002858D04689017A7888FCF7D1FB041E94
:10B1400044D1464B78880793069B4100C95A454B2A
:10B150000439C9B206AAD28A0693029101940093D7
:10B160000599079BFFF700FE041E2FD1069B394966
:10B170001A88931C002D26D14B807988384B4900C2
:10B18000CB5A5119033B8B4220DD059B31485B892B
:10B1900041190B71A91C0135C9B2EDB205914519D0
:10B1A0001B0A2B71059B2D490433181800F0B8FBBE
:10B1B0002C4B059A1B88D318DDB22C4B9E4205D030
:10B1C0000136B6B29CE749889942D6D0002D0CD002
:10B1D000204C2800618800F00BFB2070210078884B
:10B1E000FAF756FE14E7059CF0E7002C00D183E740
:10B1F0007B78142B00D10BE716493B794E800B70FE
:10B200000C717888FAF7F6FD02E7162406ABE4180D
:10B2100021003889FCF788FC011E00D18FE1788875
:10B2200022880F4C45002C5B0A4D013CE4B202948D
:10B2300000240F4B01940095FFF796FD041E00D0EB
:10B2400016E129007888FAF733FEE1E6106BFF1F5C
:10B250007C42FF1F2868FF1F1C68FF1F1C69FF1F1F
:10B260005864FF1F0C6AFF1F7A42FF1FFFFF000098
:10B270002A68FF1F162406ABE41821003889FCF762
:10B2800053FC011E00D15AE178882288B24C450057
:10B290002C5BB24D013CE4B202947C89B04B01942A
:10B2A0000095FFF761FD041E00D0E1E029007888D9
:10B2B000FAF708FEACE60025A84B1D803B00F633EC
:10B2C0001B78A64A78880792AB4208D9A24B12880D
:10B2D0000693069943005B5A013B9A4203DB0799A8
:10B2E000FAF7FAFD94E616246B00FB18059306ABFB
:10B2F000E418059B21001889FCF716FC011E03D1F8
:10B30000059B01241E8973E77888964B2288069C4A
:10B31000099343001B5B944E013BDBB20293002375
:10B3200000960193099BFFF71FFD041E02D0059BA9
:10B330001E895DE77B88069A5B009B5A079A1088F6
:10B34000328881188B4203DC1B1A013B9AB232808F
:10B35000824C02300999001900F0E2FA2388328801
:10B3600001359B182380EDB2A8E70BAA3B7B7989B6
:10B37000388900923A000D32FCF7EAFA00250600FF
:10B38000002E04D10A24002D00D171E063E0317A4F
:10B390007888FCF7A5FA0100041E67D16E4C714B4A
:10B3A000788805940793059B4400E45A6E4B063C4D
:10B3B000E4B206AA928A06930294019100933100A6
:10B3C000079BFFF7D1FC041E50D1069B634A1B88E4
:10B3D000002D34D104335380604C728963191A7183
:10B3E0006B1C9BB2E318120A1A7106AB9A8A1623D9
:10B3F00006A81B1879893000FCF70AFCFF212B1DD9
:10B40000AA1C9BB20335059306000B0092B2ADB2A5
:10B41000002803D006ABDB8AD9B21B0AA218651933
:10B4200011712B71059B504D181D2A884D4920180C
:10B4300000F076FA2B88059AD3189DB2A0E75188C0
:10B440001A1D914207D17A8805995200525AEB1879
:10B45000053A9A42C0DC414C2800618800F098FB14
:10B46000207021007888FAF741FDD1E5002DF2D156
:10B470003E89BDE6162606ABF61831003889FCF782
:10B4800053FB3D000400FA3500282DD0037A9B06BB
:10B490000CD400227B893989788800923A000C32DA
:10B4A000FFF7EAFB041E10D03E8915E03088FFF755
:10B4B00043FB00281AD08368002B17D021001222EA
:10B4C00078889847041EE4D0EEE72B78002B02D151
:10B4D0007888FAF71BFD00262B78002B00D097E523
:10B4E000002C00D194E583E60124DDE70E24DBE7A0
:10B4F000162506ABED1829003889FCF715FB041E4C
:10B500001DD0037A9B0609D4184B7A8819888A4281
:10B5100063D0174881425FD00924A9E72888FFF744
:10B520000BFB00280DD08368002B0AD021001222CB
:10B5300078889847041EE7D09AE7100053E001246A
:10B5400096E70E2494E7094B7A881B889A423FD0ED
:10B550007888FAF7EDFC5BE55864FF1F2868FF1F49
:10B560002A68FF1F1C69FF1F0C6AFF1F086BFF1F63
:10B57000FFFF0000F223059851684343CD18C95AD4
:10B5800000291FD03B7A012B0BD16C88AB887888BF
:10B59000AA1D0094FFF770FB041E02D000233B722B
:10B5A0002E88F2220021280000F052FB00232B807D
:10B5B000059B0133DBB20593144B05991B78144AA4
:10B5C0008B42D7D801235B421380002CC0D00FE6FA
:10B5D000002634000596EFE71A8058680B4B1A785E
:10B5E000F22353431B18984296D002000188F2328E
:10B5F0000029A2D13C0008342100F22200F090F989
:10B6000021007888FAF78AFC02E5C046066BFF1F26
:10B61000086BFF1F70B504000E001500FFF79AFAC3
:10B62000031E08D131000548FFF794FA03001120EA
:10B63000002B02D01C8000209D7070BDFFFF000019
:10B64000F8B50B4F06003B780D001400FF2B0ED011
:10B650000A2000F03DF9011E09D0B1230380002328
:10B6600046800371C5800481387800F019FAF8BD6E
:10B67000CD43FF1FF8B50F0006A90600088807A9EB
:10B680000B25098800281FD10235022B1CD15478C4
:10B69000137824021C43230073358B4314D1FD68B7
:10B6A00030002900FFF756FB84420CD0290022000D
:10B6B0003000FFF7AFFF1125002805D12200300030
:10B6C0007989FFF7BDFF00252800F8BDF0B50E7899
:10B6D00085B003900AA805880120022E0DD14C6880
:10B6E0002778647824023C43054FBC4205D1039877
:10B6F000DBB201960095FFF7BDFF05B0F0BDC04677
:10B7000002290000034B10B51B68002B00D098479E
:10B71000FEE7C046146BFF1F07B501A8FFF7F2FF55
:10B72000044A05480021121A00F0DAFAF8F7B0F8D6
:10B73000FEE7C046186BFF1FD043FF1F000000004C
:10B7400001B40248844601BC604700BF5522000096
:10B7500001B40248844601BC604700BF5952010051
:10B7600001B40248844601BC604700BFAD38FF1FEA
:10B7700001B40248844601BC604700BFA537FF1FE3
:10B7800001B40248844601BC604700BF3D18000078
:10B7900001B40248844601BC604700BF056A00004E
:10B7A00001B40248844601BC604700BFB14E0000AE
:10B7B00001B40248844601BC604700BF5147010004
:10B7C00001B40248844601BC604700BFF919FF1F5D
:10B7D00001B40248844601BC604700BF810E0000EE
:10B7E00001B40248844601BC604700BFDD66010029
:10B7F00001B40248844601BC604700BF350E00001A
:10B8000001B40248844601BC604700BFF54E010008
:10B8100001B40248844601BC604700BFB54C01003A
:10B8200001B40248844601BC604700BF21240000E7
:10B8300001B40248844601BC604700BFE5480000EF
:10B8400001B40248844601BC604700BFFD35FF1FBC
:10B8500001B40248844601BC604700BFD9490100D9
:10B8600001B40248844601BC604700BF1530FF1F89
:10B8700001B40248844601BC604700BFB933FF1FD2
:10B8800001B40248844601BC604700BF851F000028
:10B8900001B40248844601BC604700BF2951010041
:10B8A00001B40248844601BC604700BFD139FF1F84
:10B8B00001B40248844601BC604700BF2146010034
:10B8C00001B40248844601BC604700BF3119FF1F24
:10B8D00001B40248844601BC604700BF1D4D010011
:10B8E00001B40248844601BC604700BFD91B000078
:10B8F00001B40248844601BC604700BF0519FF1F20
:10B9000001B40248844601BC604700BF35550000C1
:10B9100001B40248844601BC604700BFA530FF1F48
:10B9200001B40248844601BC604700BFE94C0100F5
:10B9300001B40248844601BC604700BFC92600002C
:10B9400001B40248844601BC604700BF5125000095
:10B9500001B40248844601BC604700BFADAE0000A0
:10B9600001B40248844601BC604700BF01240000C6
:10B9700001B40248844601BC604700BFEDA5000049
:10B9800001B40248844601BC604700BF5930FF1F24
:10B9900001B40248844601BC604700BF7D2DFF1FF3
:10B9A00001B40248844601BC604700BF2526000060
:10B9B00001B40248844601BC604700BFA54F0100A6
:10B9C00001B40248844601BC604700BF793AFF1FBA
:10B9D00001B40248844601BC604700BF79180000EA
:10B9E00001B40248844601BC604700BFBD3AFF1F56
:10B9F00001B40248844601BC604700BF45510100C4
:10BA000001B40248844601BC604700BF1D4B0100E1
:10BA100001B40248844601BC604700BF9938FF1F4B
:10BA200001B40248844601BC604700BF4550000095
:10BA300001B40248844601BC604700BFD13AFF1FF1
:10BA400001B40248844601BC604700BF090E0000F3
:10BA500001B40248844601BC604700BF8D1200005B
:10BA600001B40248844601BC604700BF2136FF1F75
:10BA700001B40248844601BC604700BFDD520100AA
:10BA800001B40248844601BC604700BFCD4C0100B0
:10BA900001B40248844601BC604700BFE538FF1F7F
:10BAA00001B40248844601BC604700BF594F010001
:10BAB00001B40248844601BC604700BF4D1F00002E
:10BAC00001B40248844601BC604700BF8932FF1FB1
:10BAD00001B40248844601BC604700BF65710100A3
:10BAE00001B40248844601BC604700BF434D0100D9
:10BAF00001B40248844601BC604700BF311B00000E
:10BB000001B40248844601BC604700BFE53AFF1F0C
:10BB100001B40248844601BC604700BFC56D010006
:10BB200001B40248844601BC604700BFED4A0100F1
:10BB300001B40248844601BC604700BF156B010098
:10BB400001B40248844601BC604700BFC51D000027
:10BB500001B40248844601BC604700BF9DA90000B3
:10BB600001B40248844601BC604700BF8B5201000B
:10BB700001B40248844601BC604700BFF135FF1F95
:10BB800001B40248844601BC604700BF291C000084
:10BB900001B40248844601BC604700BF090E0000A2
:10BBA00001B40248844601BC604700BF2539FF1F2D
:10BBB00001B40248844601BC604700BF4D3AFF1FF4
:10BBC00001B40248844601BC604700BFA13AFF1F90
:10BBD00001B40248844601BC604700BFC9A9000007
:10BBE00001B40248844601BC604700BF017F0000E9
:10BBF00001B40248844601BC604700BF6DBC000030
:10BC000001B40248844601BC604700BFF136FF1F03
:10BC100001B40248844601BC604700BFBD2FFF1F2E
:10BC200001B40248844601BC604700BF8552010050
:10BC300001B40248844601BC604700BFC94A010004
:10BC400001B40248844601BC604700BF4932FF1F6F
:10BC500001B40248844601BC604700BF154D010095
:10BC600001B40248844601BC604700BF114701008F
:10BC700001B40248844601BC604700BFF30E0000D7
:10BC800001B40248844601BC604700BF691F000040
:10BC900001B40248844601BC604700BF5549010019
:10BCA00001B40248844601BC604700BFA9460100B8
:10BCB00001B40248844601BC604700BF055E000035
:10BCC00001B40248844601BC604700BF0D52010028
:10BCD00001B40248844601BC604700BF014C01002A
:10BCE00001B40248844601BC604700BFB70E0000A3
:10BCF00001B40248844601BC604700BFD52FFF1F36
:10BD000001B40248844601BC604700BFD1A50000D1
:10BD100001B40248844601BC604700BF456B010086
:10BD200001B40248844601BC604700BF75A9000009
:10BD300001B40248844601BC604700BFE11700001F
:10BD400001B40248844601BC604700BFF94C0100C1
:10BD500001B40248844601BC604700BF3D4B01006E
:10BD600001B40248844601BC604700BF5D17000073
:10BD700001B40248844601BC604700BF6539FF1F1B
:10BD800001B40248844601BC604700BFC5210000E1
:10BD900001B40248844601BC604700BF091B000093
:10BDA00001B40248844601BC604700BFE928000096
:10BDB00001B40248844601BC604700BFB352010091
:10BDC0000000010002000300040005020602070251
:10BDD000080009000A000B000C000D000E000F0007
:10BDE000100011001300140015001600013C001192
:10BDF000353C0011000000000200000002BE0011EE
:10BE0000192A0F180A000000F1590000FD24000053
:10BE100041460100657F0011819F0011C17300112F
:10BE2000697D001175550011A5AF00119D510011DC
:10BE30000D3E0011353F00110000000016160000F5
:10BE4000020000004CBE0011F4FFF3FFD2FC000022
:10BE5000754000110000000000000000496E6B6298
:10BE6000697264004942532D56313300303030310D
:10BE7000006769746875622E636F6D2F70767678CF
:10BE800000494253544832500000000002000000B4
:10BE9000A0BE0011292A282A272A262A252A242A50
:10BEA0000A180000744000001027000060F0000035
:10BEB0000400000006640000204E000000000000A6
:10BEC000060000005C440000102700006CEE00003B
:10BED00007000000050000001F501D10023CB400C8
:10BEE00000012C00210000008102000030313233BB
:10BEF0003435363738394142434445460000000066
:10BF000079590011CD590011000000000200000015
:10BF100018BF00116F2A6E2A1A18000001A0000035
:10BF2000000000006410B71DC8206E3BAC30D9265D
:10BF30009041DC76F4516B6B5861B24D3C71055009
:10BF40002083B8ED44930FF0E8A3D6D68CB361CB31
:10BF5000B0C2649BD4D2D38678E20AA01CF2BDBDE5
:10BF6000FB349B5F80000080001000000000000098
:10BF7000CB5F00114D760011EF5F0011597A00116F
:10BF8000736000112F7A0011E9600011057A001129
:10BF90003B610011D57B0011A3610011D57B00111D
:10BFA000D56100118F7B0011E9600011BD7900118E
:10BFB000616100116D7B00110000000000000000B5
:10BFC000476200116D7B0011A962001165760011B6
:10BFD000052A042A012A002A022903280128002808
:10BFE0000118001800000000000000000000000020
:10BFF00000000087010102010201010201020303A6
:10C0000004010301010101010303020103000D000A
:10C010000E001000110013001401070108010A01AD
:10C020000B011C011D02040205020702080219028D
:10C030001A021C021D03010302031700020100057E
:10C0400004000807000B0A001716001D1C0102015E
:10C05000010504010E0D0111100114130117160141
:10C060001A19020201020B0A020E0D02111002142B
:10C0700013021716030504030807030B0A030E0D2A
:10C080000001020307090A0B0E0F101112141718F2
:10C09000191A1B1F20212200F1A80011ADA90011BF
:10C0A0000000000002000000E2BF001100000000DC
:10C0B000CDB600110000000002000000E0BF00113A
:020000041FFFDC
:1000000000000000753D001108BE001104BE001183
:10001000E460FF1F0000000000000000000000007E
:1000200000000000000000000000000000000000D0
:1000300000000000000000000000000000000000C0
:1000400000000000000000000000000000000000B0
:1000500000000000000000000000000000000000A0
:100060000000000000000000000000000000000090
:100070000000000000000000000000000000000080
:100080000000000000000000000000000000000070
:100090000000000000000000000000000000000060
:1000A0000000000000000000000000000000000050
:1000B0000000000000000000000000000000000040
:1000C0000000000000000000000000000000000030
:1000D0000000000000000000000000000000000020
:1000E0000000000000000000000000000000000010
:1000F0000000000000000000000000000000000000
:1001000000000000000000000000000000000000EF
:1001100000000000000000000000000000000000DF
:1001200000000000000000000000000000000000CF
:1001300000000000000000000000000000000000BF
:1001400000000000000000000000000000000000AF
:10015000000000000000000000000000000000009F
:10016000000000000000000000000000000000008F
:10017000000000000000000000000000000000007F
:10018000000000000000000000000000000000006F
:10019000AD32FF1FF530FF1FC166010000000000F7
:1001A000000000000000000000000000000000004F
:1001B000000000000000000000000000000000003F
:1001C000000000000000000000000000000000002F
:1001D000000000000000000000000000000000001F
:1001E000000000000000000000000000000000000F
:1001F00000000000000000000000000000000000FF
:1002000000000000000000000000000000000000EE
:1002100000000000000000000000000000000000DE
:1002200000000000000000000000000000000000CE
:1002300000000000000000000000000000000000BE
:1002400000000000000000000000000000000000AE
:10025000000000000000000000000000000000009E
:10026000000000000000000000000000000000008E
:10027000000000000000000000000000000000007E
:10028000000000000000000000000000000000006E
:10029000000000000000000000000000000000005E
:1002A000000000000000000000000000000000004E
:1002B000000000000000000000000000000000003E
:1002C000000000000000000000000000000000002E
:1002D000000000000000000000000000000000001E
:1002E000000000000000000000000000000000000E
:1002F00000000000000000000000000000000000FE
:1003000000000000000000000000000000000000ED
:1003100000000000000000000000000000000000DD
:1003200000000000000000000000000000000000CD
:1003300000000000000000000000000000000000BD
:1003400000000000000000000000000000000000AD
:10035000000000000000000000000000000000009D
:10036000000000000000000000000000000000008D
:1003700019B700110000000000000000000000009C
:10038000000000000000000000000000000000006D
:10039000000000000000000000000000000000005D
:1003A000000000000000000000000000411BFF1FD3
:1003B000000000000000000000000000000000003D
:1003C000000000000000000000000000000000002D
:1003D000000000000000000000000000000000001D
:1003E000000000000000000000000000000000000D
:1003F00000000000000000000000000000000000FD
:08183800206FFF1F4118FF1F84
:10184000024981F3088802F06FFA0000206FFF1F41
:1018500070B500241E491F4A1F484C6308CA1B0567
:101860001B0DE4188242F9D11C4B80228B630021AE
:1018700009201B4B920519621A4B1B4DDA671B4B53
:10188000DA688243DA609A68194802409A60112047
:10189000296002F067F8112002F044F880226B6C96
:1018A000112093436B64EE23DB006343114A1B0C4E
:1018B000D3800122104B9A7201F0ACFB0F4B1B78C6
:1018C000002B04D10E4B1021187802F065FA70BD80
:1018D000000005408805054000060540FF010000A6
:1018E00000F0004004E100E0003800403CF000401F
:1018F000FFDFFFFFD060FF1F6861FF1F0A64FF1F4B
:101900000962FF1F10B502F097FA072804D01228C9
:1019100008D0022808D010BD044A0420136B0133FC
:101920001363F8E70220F6E71420F4E70065FF1FD1
:10193000F8B507000C0026002500503630785135E8
:10194000002804D10300287058342370F8BD29788A
:10195000CA00481E8141A3183800A25C5B68C9B266
:10196000FFF7D0FF00280DD12B78DA00A218013341
:1019700050602B703378044A013B3370136A013393
:101980001362D8E70123DFE70065FF1F5C234343B1
:10199000074910B5C9180B0058331B78012B05D126
:1019A000FFF7C6FF034A936A0133936210BDC04636
:1019B0003465FF1F0065FF1F10B502F075F9064A78
:1019C0000121130010CB4942D967044B136002F088
:1019D0003BFA200010BDC04600E100E010001000FE
:1019E00010B5040002F060F9024B1C6002F02CFA02
:1019F00010BDC04600E100E010B5040002F054F94B
:101A00004021094A200013688B43136000F07EFADE
:101A100001F02EFC0022054B01201A60044B043219
:101A20001A6002F0F1F9FEE71CF00040C4F000403B
:101A3000C0F00040431E5A425341A022F0B5D201EB
:101A40005B421340144E154A40019B183218127E17
:101A50008BB00191002A19D01A000832D46F0022ED
:101A6000E5B206AFE4B294420CDC3018C369002B37
:101A700006D0019A03A8027006AA42600572984730
:101A80000BB0F0BD1978B9540132ECE71A7D1A7821
:101A900006AB01251A70E8E7C067FF1F0040004051
:101AA0007FB5244B4101CA5C0400002A2AD05A1891
:101AB000107E002826D0907E002823D0107902289E
:101AC00020D11689D588701B80B2021C102800D93D
:101AD000102292B2AE4216D1591801230B71002385
:101AE000CA69CB800B819A4206D0684603210373F2
:101AF0000171029301A890470820002C00D0192002
:101B000001F088FA7FBD013C60424441A02064425C
:101B1000C001044008485B1824180848DD680633F3
:101B2000013A92B28242EDD019884E1C1E80695C47
:101B30002170F5E7C067FF1F00400040FFFF000075
:101B40000F220E4B10B59868104002380A280BD8A7
:101B500001F0BEFF0D0A0B0A0A110A0A0A0A060062
:101B600002210020FFF766FF10BD0121F9E70020E8
:101B7000FFF796FFF8E7DB6FF6E7C046004000404E
:101B80000F220E4B10B59868104002380A280BD867
:101B900001F09EFF0E0A0B0A0A120A0A0A0A060040
:101BA00002210120FFF746FF10BD01210800F9E7DF
:101BB0000120FFF775FFF7E7DB6FF5E700900040C6
:101BC000564B70B51B68012B03D1554A936D0133F9
:101BD000936502F029F8534B534A1860534B544C09
:101BE0001A600123534A1360534A13602378002B71
:101BF00006D006225149524802F0E6F8002323702D
:101C0000504A514B10681B78C1B2002B0ED14F4C7B
:101C1000C0B223785BB2002B4FDB237824785BB211
:101C200064B21B0424021B191B1813600B1C5029DF
:101C30004ED95023464A47491078DBB2FF2202288A
:101C40004BD10868444C454D267890432A789642FB
:101C500054D9227824782E785D10013DA31B6B4364
:101C60005201D31A10335B111843086002F06CF96B
:101C7000031F012B45D83A4B1B78002B06D0394B5C
:101C80001B78002B02D0002001F0BEFFA122364BB2
:101C900092009978354B4A431B689B188322920027
:101CA0009B181B78033B012B03D8AF20400001F0A9
:101CB000EBFF01222E4BDA8270BD237824785BB2D1
:101CC00064B2FF33FF341B0424021B190138ABE755
:101CD000CAB2022AAED20223ACE70868254C264DD0
:101CE000267890432A78964208D9227824782D784D
:101CF0005B10013B641B63435201B2E72378DBB204
:101D0000B2E70228D5D11D4B1B78013B022B03D92A
:101D10001B4B1B78022BCCD16C20C8E79809FF1F06
:101D2000FC0FFF1F4C64FF1FFF3F00001410034017
:101D30005064FF1F0C10034000100340D50BFF1F21
:101D40007211FF1FB40003408C09FF1F680AFF1FB8
:101D5000490AFF1F94000340460AFF1F470AFF1F5E
:101D6000F908FF1F2209FF1F300DFF1F3409FF1F55
:101D7000BC0BFF1F440AFF1F450AFF1F1C09FF1F62
:101D80002309FF1F10B501F0C7FF0022014B1A8085
:101D900010BDC0464864FF1F10B501F0EDFFA12142
:101DA000054A89009478054A61431268044B521829
:101DB000528C1A8010BDC046300DFF1F3409FF1F22
:101DC0004864FF1F10B50D4B0D4A9978A1239B0065
:101DD0004B431268D218531DD97F0A4B1B88994276
:101DE00009D2441C07D0C82805D0D2695B1A5A43CF
:101DF000054B5343C01802F007F910BD300DFF1F0B
:101E00003409FF1F4864FF1F7102000070B5244DA4
:101E10002B68002B28D002F037F82B68D8402B68AD
:101E20000400002B27D002F037F82B68D8401D4B58
:101E30001D4A9978A1239B004B431268D118D25CAC
:101E400091239B00002A20D0CA580132CA50174B58
:101E500017491B680868834214D3D23B181A012A19
:101E60001AD0144B186070BD02F00EF8124B1968AE
:101E700001F0DAFFD3E702F00FF80F4B196801F019
:101E8000D3FFD4E70D495B18E8E7CA500C4B1B6839
:101E9000DB68E418201AE4E7F530FF30E1E7C046DC
:101EA0001C08FF1F300DFF1F3409FF1F9C09FF1F77
:101EB0004C64FF1FA009FF1F1808FF1F2DFF3F00E4
:101EC0005464FF1F70B504000D00282916D10300CB
:101ED000A433C2881B889B1A0B4A9BB293420DD92C
:101EE00006006A3605223100653001F0F5FF002852
:101EF00004D13100200001F017FE70BD2900200040
:101F000001F0AAFFF9E7C046FE7F0000F8B5050022
:101F1000012001F031FE134CA36AA26A9342FBD167
:101F2000114E336001F010FF1049030008601048A3
:101F3000426894460F4A17680022BC4501D24268A5
:101F4000BA1A0D4802603268AD18A422E562606AD0
:101F5000520302436262094A1278002A01D00F3B01
:101F60000B60F8BD00F00040340AFF1FE408FF1FBB
:101F700028100040180AFF1F1C0AFF1F1C09FF1F22
:101F800070B580241025E405A3682B43A36001F0FD
:101F900033FFA368AB43A36070BD0000F7B5160024
:101FA00080221C001023D2050191916805000B438B
:101FB000936000225B4BD7301A6001F0CDFF9D2368
:101FC0002F002A009B00EB58FC37CA3201213868E9
:101FD0000092002B01D00021009A01F0D5FD2900CC
:101FE000009BCB311A78504BD3351A604B780A7866
:101FF0001B0213438A7812041A43CB781B0613433F
:102000004A4A1BBA13604B790A791B0213438A7937
:1020100012041A43CB7931001B061343444A1BBAFE
:1020200013606B782A781B021343AA7812041A43B0
:10203000EB781B0613433F4A1BBA1360019A330225
:1020400013433D4A13603D4B22001B1B9C46032952
:102050003FDC032332009A43B3089B00F11A9BB282
:10206000032946D13549E01852188178407809048F
:1020700000020143E05C0433014311600022FF2BA6
:102080004ADDF0222E4B12011A600F222D4B1A60EE
:102090002D4A1368002BFCD00023224A27491360E5
:1020A000091B321D0B191B68043A180A2370607053
:1020B000180C1B0EA070E3700434002AF2DC80229E
:1020C00010213B68D20501333B6093688B439360DA
:1020D000F7BD6346D578981893782D061B042B43DB
:1020E000157804392B43557804322D022B430360B5
:1020F000ADE702290AD11149E05C5218E11849788C
:1021000009020143043311609BB2B7E70129B5D13D
:102110000A495218E15CF5E7084959180A60043386
:10212000ADE7C046000004403C00044038000440D5
:1021300034000440300004400C000440000104401E
:10214000040004401000044014000440F0B51400E2
:1021500080221D00102385B0D205019191680600F0
:102160000B4393600023684AD730136001F0F4FEFC
:102170003300FC3358689D2337009B00F158CA3761
:102180003A00002900D083E001F0FEFC31003A78EB
:102190005E4BCB311A604B780A781B0213438A7866
:1021A000A44612041A43CB781B061343584A1BBAA1
:1021B00013604B790A791B0213438A7912041A437C
:1021C000CB791B061343534A1BBA13604B7A0A7A26
:1021D0001B0213438A7A12041A43CB7A29001B0686
:1021E00013434D4A1BBA1360019A230213434B4A0F
:1021F00013602A00231D18000393494B5B1B0193B6
:10220000019BCF785B1802938B783F061B043B43FE
:102210000F7804383B434F7804313F023B43029F21
:102220003B600328ECDCA3081C0003989900431AC8
:102230000134181FA400072B2CD1394B2819E7189B
:10224000837840781B0400020343285D03433B600E
:1022500008310C000023FF2C2EDD324B324919606F
:102260000F21324B1960012327490B60304B19684D
:102270000029FCD006211B680B40042B21D08022B2
:102280000020D20593680A318B43936005B0F0BDFE
:10229000012179E7022808D1214BE0182B195B783E
:1022A0002C5D1B0223430360D2E70128D2D11C4BD3
:1022B000285DE3181860CBE7194961180B600434F6
:1022C000C9E7002310490B606346002B0CDC330088
:1022D000FC335A68102101325A608022D20593687B
:1022E00001208B439360D1E7019B9B181B68190A5F
:1022F00013705170190C1B0ED37004235B42917044
:102300009C440432E0E7C046000004403C00044026
:102310003800044034000440300004400C00044005
:102320000001044004000440080F000010000440B5
:102330001400044070B5061E19D002225A4B9B7936
:102340009343012B13D1594B1A78FF2A0FD15A7896
:10235000FF2A0CD19A78FF2A09D1DA78FF2A06D110
:102360001A79FF2A03D15B79FF2B00D199E0504BFA
:102370000C201A78012A08D000224E4D1A702978B4
:102380000B00093B042B01D8212070BD4B1F012BF2
:10239000FAD9454CA37B042B00D982E0A279032A09
:1023A00000D97EE09A1ED2B2012A02D860881F2886
:1023B00077D9002E56D0012E73D1A0880128E3D002
:1023C000002907D1581E032803D801F081FB1217FA
:1023D00015122E702978481E032811D80025364B77
:1023E0001D602823237501F0DFFDA84227D0A580BA
:1023F000CAE702212970EDE70421FBE70321F9E791
:1024000007390129C0D82D490968C96A8906BBD591
:102410002B4908780028B7D1012A01D9002BB3D164
:1024200002230B708021274D2633890128782375DC
:1024300001F022FD80212878890101F0ADFC012303
:10244000A380214B1B78002B0AD0FA2280211F4B3E
:1024500092001B8809025A431A4B187801F054FD68
:10246000002092E701F020FC2B78A680073B012B8F
:1024700003D917482E7001F07FFD114B114C1A78CB
:10248000002A06D080210022207889011A7001F0EC
:10249000F3FC01F0D9FC80212078090201F0ECFC6A
:1024A000DEE7122071E7C046A60BFF1F6B09FF1F76
:1024B0001A09FF1F1C09FF1F4809FF1F5464FF1F53
:1024C0002309FF1F1B09FF1F2109FF1F2C09FF1FE5
:1024D0000010004010B5002901D001F0C5FB10BD6F
:1024E000F7B55E4B01919978A1239B004B435C4A61
:1024F000060014681022E418D6235B00E058362347
:10250000FF33E35C00279343222B3ED1554B0F3A18
:102510001A600760012501F0E7FC019B1880E823A1
:102520005B00E35C002B01D0B34255DD00224E4F2F
:10253000FA70AD32FF32A2581168002903D0928898
:10254000D24392071AD03822FF32A25C002A15D05B
:102550009B225200A25C002A10D1B3420EDAA423BF
:102560005B00E15AE018090A023101F025FB230063
:102570000122FE33013E01351A87FA70E8235B0021
:10258000E35C002B2AD0A8B2FEBD03683D00002BFF
:10259000C1D081880430090A023101F00DFBD62335
:1025A0005B00E3581F60B5E72300B133BA00FF3387
:1025B0009858013781880430090A023101F0FCFA89
:1025C000E8235B00E35CBB42EEDCE822F61AED1880
:1025D00000235200A354A9E70027F1E7200001F0EF
:1025E000BBFB00281FD0002E1DDD7319882647195C
:1025F0000193B600200001F07FFC5A3080002018C3
:102600004068013581880430090A023101F0D4FAAA
:10261000200001F041FBA3590133A351BD4202D078
:10262000019B9D42E6D1114BE35C002BABD095237F
:102630009B00E35C002BA6D00D4BE15A0029A2D0F1
:102640000C4AA35C994202D90133A3549BE70023AF
:102650001A212000A35401F0AFFB94E7300DFF1FB7
:102660003409FF1F00140340E010FF1F5A0200004E
:10267000720200005E0200000D4970B54A6E0D4CFA
:10268000D2038B69D20BA24206D80B4D0224AA4278
:1026900004D901F031FB70BD02246442E218150038
:1026A0007E2425402242F4D0A3432B438B61F0E7E4
:1026B00000F000400A200000FC1C0000F8B51D4B93
:1026C0001D4F1A78002A10D1BA7B002A02D101329C
:1026D0001A7003E0032AFAD0022AF8D001F064FC51
:1026E00000220120154B1A70F8BD154B154D1C68C2
:1026F000154B9E7801232B702878C0B200F09CFB0C
:10270000BB7B002B0BD101F04FFBA1239B0073433C
:10271000E41883239B00E41823782B70E4E7032B51
:1027200002D101F0C9FAF0E70020022BDCD101F060
:10273000EBFAEAE71C09FF1FA60BFF1F2309FF1F87
:102740003409FF1F490AFF1F300DFF1FF0B587B086
:102750000EAD2F780FAD2D780593AC46634614006F
:102760000E4D0CAA12782E7803930D9B00920193C4
:102770002200059B029701F05FFA2E70012C01D018
:10278000042C08D1802206498B889343054A12788D
:10279000D20113438B8007B0F0BDC0461C09FF1F58
:1027A0006C11FF1F7809FF1F0B001B3B70B5040065
:1027B0003020E02B0DD81300E025493BFF3B9BB2B6
:1027C000ED00AB4205D8034B200019825A8201F07C
:1027D000F3FB70BD8410FF1F10B501F025FA054B07
:1027E00000205B68052B04D9034A5268D20200D44A
:1027F000980810BD00100040FCE100E070B501F049
:1028000053FA0D4B1B68FC33DC691D6AFFF7E4FFCC
:102810006419844204D2094B01241B68002B07D0A1
:1028200004220024064B1A70064A9369013393610F
:1028300001F00AFB200070BD5464FF1F9809FF1FC0
:102840002309FF1FFC0FFF1F70B50C4D2B68FC33D5
:102850005C6A01F029FAFFF7BFFF2B680025FC3303
:102860009B6AE318834204D2054B1B68AB4200D13C
:10287000051B01F0E9FA280070BDC0465464FF1F33
:102880009809FF1FD722044B92009B5810B5002BCC
:1028900000D0984710BDC0460000FF1F10B501F0E2
:1028A000FFF8FFF7EFFF2749274BCA6D1A40842333
:1028B0005B001343CB65254B1B68186A01F05CF97C
:1028C000234B244A1A60244B244A1A60A022244B2A
:1028D00052001A60234B187801F0EEFA224923487F
:1028E00001F07AFB0023214A21499360023393606F
:1028F000204B214813600323936001F06DFB1022ED
:102900001E4BFF201A60802252031A60802292031D
:102910001A60802212041A6001F076F9012001F099
:102920001BF9FA20400001F03FF9582001F0ACF902
:10293000134801F001FB012001F016FB072001F014
:1029400053F910BD00F0004000FEFEFF5464FF1F6D
:10295000000003400180063DBC0003403408000035
:10296000A40003404A0AFF1F710200001410004037
:10297000FFFF3F00C30900002810004000E100E015
:1029800030750000664F3B6888331B6883F3088806
:1029900001F042F9634A6449136800200B40136058
:1029A000624B634A1B68934200D1A4E001F0ACF88B
:1029B0000221604A13688B431360FFF76FFF5E4B81
:1029C000002418785D4DC0B201F0E6F80223AC6037
:1029D000AB605B4B01202B6001F0CEF80323AB60B2
:1029E00001F072FA050001F01FF9060001F06CFA1F
:1029F000544B186001F0B8F9534B1A68AA4264416D
:102A0000AB1A80221B1BD203934201D39B029B0A69
:102A10003A68D16AC90700D470E04C491C0C0968B7
:102A20009BB24C4359432402090A64184849FC32BA
:102A300093680A6803219B1A464A474812689B1804
:102A4000464A9D18464A0B401768AD08DB190560D9
:102A50001360042B03D901350B40056013602D1959
:102A60002800404901F0E0F93F4F3E493B68C31858
:102A70003B602800019301F05FF83C4D286808187E
:102A800038492860884205D9019B01333B6001F039
:102A900053F8296001F0A8F9354B1B78002B0DD0B5
:102AA00001F0C2F8334BA21B196812188A4232D2C5
:102AB0008919091B091A304801F08EFA2F4D2B7A1B
:102AC000002B0ED001F0B0F8A21BE9681218914259
:102AD00024D98919091B091A294801F07DFA002314
:102AE0002B72284B83F3088801F056FA002001F07E
:102AF0000BF801F071F901F007F85EE7DC019900CD
:102B00000234641A5900641A09214B438033CB40C4
:102B1000A408E4188AE7FA218900CCE71A49DBE720
:102B20005464FF1F1CF00040FFFFC1FF0C0AFF1F91
:102B3000B641210310000040490AFF1F1410004055
:102B4000C3090000100AFF1F340AFF1F380AFF1FC5
:102B5000200AFF1F1C0AFF1F240AFF1FC4090000D0
:102B6000280AFF1F710200006008FF1F2C0AFF1FC8
:102B70001C09FF1FE408FF1F00100040740BFF1F1B
:102B80003C10004000000020DC050000A022054BA6
:102B900092009B5810B5002B01D0984710BD01F052
:102BA000F3F9FBE70000FF1FA122054B92009B58A1
:102BB00010B5002B01D0984710BD01F0E5F9FBE7F7
:102BC0000000FF1FA222054B92009B5810B5002B5E
:102BD00001D0984710BD01F0D7F9FBE70000FF1FB7
:102BE000A322054B92009B5810B5002B01D09847AB
:102BF00010BD01F0C9F9FBE70000FF1FA422054B3F
:102C000092009B5810B5002B01D0984710BD01F0E1
:102C1000BBF9FBE70000FF1F70B501F005F84F4B53
:102C2000186001F029F80400C30702D401F04CF841
:102C300070BD00224A4B1A604A4B187801380428AC
:102C400029D800F045FF0320181C2400200001F0C3
:102C5000BBF90128ECD0444C2378042B6ED100F052
:102C6000B3FF0028E4D000F057FF582001F00CF823
:102C700002232370DCE7200000F066FFE9E7200074
:102C800001F0BAF9E5E7200000F0A6FFE1E7200037
:102C900000F06AFFDDE701F057F90500012808D1CF
:102CA000324B1B78053B012B03D82000FFF76EFF4A
:102CB000D1E72D4B1B78022B01D0052B20D1022D03
:102CC00028D12B4B9B7BAB431CD12000FFF76CFF23
:102CD000264B18780128BED16405BCD4244925228E
:102CE0004B7B034205D1233A13405A4253412633CA
:102CF0001A000B7D9342AED9322001F0B5F8AAE755
:102D0000022D07D1194B1B78052B11D12000FFF79D
:102D100059FFDDE7012D0BD1012B03D12000FFF777
:102D20005FFF98E7062B03D12000FFF767FF92E7CC
:102D3000200001F029F9022D8DD1C9E7032B04D120
:102D40000C4B987C01F0F0F872E7072B00D06FE78E
:102D5000094B987B01F048F96AE7C0469C09FF1FC0
:102D60009809FF1F9009FF1F2309FF1F1C09FF1F60
:102D7000A60BFF1FBC0BFF1FD40BFF1FFA210A4B32
:102D80000A4A49001A640A4A5A500A4A04395A50EF
:102D9000094A08319A64094A5A50094A5C315A5022
:102DA000084ADA667047C0460000FF1F4D27FF1F24
:102DB0004928FF1FFD27FF1F3523FF1FBD26FF1FCB
:102DC000C51DFF1F991DFF1FF7B50B0CFF27012223
:102DD000009300233C001E001D009446019089B220
:102DE00062469A401000084018413618B6B2FF2FCC
:102DF00002D1012E00D19FB2009802401A41AD18B5
:102E0000ADB2FF2C02D1012D00D19CB20133102BA9
:102E1000E6D10320012E07D1012D04D1019B24010D
:102E2000E4191C700138FEBD102EFCD10238102DA3
:102E3000F9D00230F7E700008023F7B59C46264B17
:102E4000264F01932649274A274D284C284B022814
:102E50001AD1604638600868264E30408026360316
:102E60003043086001990978002909D11660224A87
:102E70002A60224A2260E02219689143A03A1BE0AE
:102E80008021C9021160F2E766463E600F68194E64
:102E90003E408027FF023E430E60019909780029D9
:102EA0000DD1176001280ED1154A2A60154A2260FB
:102EB000E02219689143C03A0A431A60F7BD8021A5
:102EC00089021160EEE7E0210F4A02432A600F4AAF
:102ED00022601A688A43F0E74B0AFF1FE0000340B4
:102EE000D80003409000034000000340500003401E
:102EF00040000340FFFFE3FF0280063D80450822BB
:102F00000180063D806608220080069880550822D0
:102F1000F8B51E4B80261A68002014003440324257
:102F200032D11A681A4F32431A6001223B680630C8
:102F300093433B6000F020FE0122164D2B681E4398
:102F40002E603B680A2613433B608027BF00124B6C
:102F50001B683B4211D1013EF6B2FF2E09D17E2201
:102F60000E4B1C682B68E40B1440934323432B60E7
:102F700005E0082000F000FEE9E7002EEFD18022F6
:102F80002B68600893432B60F8BDC046C4F0004036
:102F90005CF0004018F0004068F0004060F0004035
:102FA00010B500F0B9FF01215820034A00F0A4FD3C
:102FB000FFF7AEFF10BDC046600AFF1F10B57822B4
:102FC0000021034800F048FE00F08EFE002010BDF6
:102FD0004867FF1F70B5040000F066FE00230C2058
:102FE0000B4A010059438D18515C00290DD0A142B4
:102FF00008D1012300246B7000F026FE00F024FFAE
:10300000200070BD01330A2BEBD11224F6E7C04635
:103010004867FF1F70B5040000F046FE002319004A
:103020001D000C4A1078002808D0A04200D155702D
:10303000507801311B180C320A29F3D1002B05D12D
:1030400000F052FE00F000FF002070BD00F0FCFD1B
:10305000F8E7C0464867FF1FF7B504000C200023BF
:1030600084460E4D019267465F43E85D7E19A0429B
:1030700012D000280BD10A4B9C4662461B780833BD
:103080001370019B70707C557160B360FEBD01339D
:103090000A2BE8D10320F9E70720F7E74867FF1F6D
:1030A0004467FF1F70B500240C26104B32006243AA
:1030B000D5189A5C824211D10D4A1378F8331370F7
:1030C00000F0F2FD09222900121B72430C31280086
:1030D00000F0A2FE00F0B8FE002070BD002A02D071
:1030E00001340A2CE2D11220F7E7C0464867FF1FDF
:1030F0004467FF1F8020F8B5484BC0051B68C124FA
:103100008360474BFF251A68012313434361454BF6
:10311000A4001A68444B40211A60444B1A68444B7F
:103120001A60444B1A59AA431A51C52292009E585C
:10313000AE433143802699509F583F49F6010F40D6
:103140003E439E509E5880273602360A30439850A0
:1031500080201A5900020A4002431A5104341A59B5
:10316000364E3F04324080263A431A511A593606E9
:103170001202120A32431A5108341A5980260A40A0
:1031800002431A51C32292009F58B446AF433743BB
:103190009F509F58294E0F4007439F509F583740DC
:1031A00080263604374380269F509F5836063F02BC
:1031B0003F0A37439F50C0221F59AF433A431A5129
:1031C0001A591202120A1643C6221E5192009C5826
:1031D000AC4365462C439C509C5800250C40204332
:1031E0009850C72080001A58154C1140C022120276
:1031F0000A431A50134B1B78DB08AB4201DC00205A
:10320000F8BD2378002B06D0A368002B00D0984788
:1032100001350C34EEE71220F2E7C0460843FF1FE9
:103220000443FF1FB0F000404067FF1FB4F00040B0
:103230003C67FF1F00E100E0FF00FFFFFFFF00FF12
:103240004867FF1F4467FF1F030010B51F2809D8F8
:10325000072200201340072404490A78A24313439D
:103260000B7010BD00230620F5E7C0464467FF1F22
:10327000034A0449136800200B4013607047C0469E
:103280001CF00040FFFFC1FF054B06491B780A6890
:1032900005485B0702401B0B134300200B6070477F
:1032A0004467FF1F1CF00040FFFFC1FF70B50C25F5
:1032B000FFF7EAFF0A4B1C780A4BE4086543ED1858
:1032C000002C01D1200070BD2B78002B06D06B683C
:1032D000002B00D09847013C0C3DF1E71220F2E7AB
:1032E0004467FF1F3C67FF1F1FB5002102220B0030
:1032F00001910091052000F047FD02230B490A6867
:103300001A42FCD120230393039B5A1E0392002BE5
:10331000FAD1074A1368002BFCDA0B246C44200016
:10332000012100F009FD207804B010BD90C80040D4
:1033300000C8004013B504000A4B0193019B002B09
:1033400001D1112016BDFFF7CFFF23000340044237
:1033500005D0052000F010FC019B013BEDE71800B3
:10336000F0E7C046FFFFFF0707B500F09DFC802295
:103370000821D205936A0191002B01D1073991628E
:1033800002210C4A11600199481E01900029FAD1CE
:1033900003311160053101910199481E0190002906
:1033A000FAD11160002B02D18022D205936200F085
:1033B0004BFD07BD00C00040F0B52D4C89B023780F
:1033C000002B4FD1FEF7F8FA02232A4F03903A68F8
:1033D0001A42FCD120230693069B5A1E0692002B0C
:1033E000FAD1254E3368002BFCDA0120FFF7A2FF4B
:1033F000011E02D0112009B0F0BD0300032201908C
:10340000009005AD9F2000F0BFFC0321280000F0D4
:1034100093FC02233A681A42FCD120230793079BAE
:103420005A1E0792002BFAD13368002BFCDA0120D8
:10343000FFF780FF0028DDD10398FEF7D1FAAA78C4
:103440006B7811041B020B4329780B436360130054
:10345000113B0A49052B07D801239340A3600B6059
:10346000012323700020C6E780231B03F6E7C04634
:10347000F042FF1F90C8004000C800409808FF1F9E
:103480001E4B30B55A6818781D4B85B0D318594279
:103490004B4101210093002300F01EFC194B1A4AF6
:1034A00002259A6300221A6510325A658022C421CF
:1034B0009D65164B1648D202DA6789004258154BB3
:1034C00080241A4080231B0413434350642341206B
:1034D0000393E40500F006FA402000F003FA656269
:1034E000039D6B1E0393002DFAD103236362FFF744
:1034F0003BFFA562FFF760FF05B030BDFC42FF1F38
:1035000095FFFEF700C80040050001FF04E100E060
:1035100000E100E0FFFF00FFF0B585B00700FEF717
:103520004BFA022305002D4C22681A42FCD12023BD
:103530000093009B5A1E0092002BFAD1284E33684C
:10354000002BFCDA0120FFF7F5FE002803D0112440
:10355000200005B0F0BD234B2360022322681A42ED
:10356000FCD120230193019B5A1E0192002BFAD11A
:103570003368002BFCDA0120FFF7DCFE0028E6D1DF
:10358000194B1F60022322681A42FCD120230293A8
:10359000029B5A1E0292002BFAD13368002BFCDAF0
:1035A0000120FFF7C7FE0028D1D1104B2360022372
:1035B00022681A42FCD120230393039B5A1E0392D4
:1035C000002BFAD13368002BFCDA0120FFF7B2FEA2
:1035D000041EBCD12800FEF703FAB9E790C80040EA
:1035E00000C8004001000006A8C80040018000019A
:1035F00010B50020FFF790FF10BD000010B5064B7E
:1036000018705960FFF73CFF00211320034AFFF7B1
:1036100023FD002010BDC046FC42FF1F8134FF1F68
:10362000F0B5040085B003920291FEF7C5F9882237
:1036300063035B0B52051A438023DB059D6A8023DD
:10364000274F0092BA68002601901B039A420CD9BA
:10365000F82326001B041E401C4206D08022214B6A
:1036600052025E6219680A431A60002D0BD100F005
:103670001BFB02221C4B1A608023DB055A62013AB5
:103680009A6200F0E1FB0023039A934220D1002DBF
:103690000AD100F009FB144B03221D608023DB05D7
:1036A0005A629D6200F0D0FB8023BA681B039A42E5
:1036B00008D9002E06D000220A4B0C495A621A681B
:1036C0000A401A600198FEF78BF9002005B0F0BDA2
:1036D000009A0299D2181278CA540133D4E7C0462E
:1036E000F042FF1F00C8004000C00040FFFFFEFF87
:1036F000F0B587B0029103920400FEF75DF90190E6
:1037000000F0D2FA802302250122234EDB0535602A
:103710005D629A6200F098FB204F3B682B42FCD11F
:1037200020230493049B5A1E0492002BFAD11C4DB3
:103730002B68002BFCDA0120FFF7FCFD002802D0EB
:10374000112007B0F0BD2000039A029900F054FA4E
:10375000022304003A681A42FCD120230593059BFA
:103760005A1E0592002BFAD12B68002BFCDA01209F
:10377000FFF7E0FD051EE3D100F096FA8023032257
:10378000DB0535605A629D6200F05EFB0198FEF732
:1037900027F9E0B2D5E7C04600C0004090C800401D
:1037A00000C80040F0B5802489B00600FEF704F997
:1037B000E405A36A02250393029000F075FA012341
:1037C000304F3D606562A36200F03EFB2E4C2368E3
:1037D0002B42FCD120230593059B5A1E0592002BFA
:1037E000FAD12A4D2B68002BFCDA0120FFF7A2FD4D
:1037F000002803D01124200009B0F0BD244B236021
:10380000022322681A42FCD120230693069B5A1EEB
:103810000692002BFAD12B68002BFCDA0120FFF76F
:1038200089FD021EE6D11B4B03211E60030001909F
:103830000090202000F0A8FA022322681A42FCD14E
:1038400020230793079B5A1E0792002BFAD12B685F
:10385000002BFCDA0320FFF76DFD041ECAD100F037
:1038600023FA80230322DB053C605A629C6200F04D
:10387000EBFA039B002B01D1FFF776FD0298FEF7D0
:10388000AFF8B8E700C0004090C8004000C8004052
:103890000100000694C8004007B50002019104220F
:1038A000000A01A9FFF724FF0EBD000073B5050053
:1038B00005240B4AA3005B429B1819686B46DE1D6A
:1038C0003000FFF781FA022804D133782B55013CF0
:1038D000EFD276BD052CFCD00128FAD10230F8E7F2
:1038E000140900111F2807D8012380228340D20524
:1038F00091680B43936070473F2808D801238022CA
:1039000020388340D20551690B435361F3E75F28A8
:10391000F1D80123802240388340D205116A0B433D
:103920001362E8E71F2807D8012280218240C905D9
:103930008B6893438B6070473F2808D80122802111
:1039400020388240C9054B6993434B61F3E75F28F8
:10395000F1D80122802140388240C9050B6A934387
:103960000B62E8E71F2810D880230200DB05153A18
:103970001968012A06D820229143196019680A4360
:103980001A60704701228240F6E73F2811D8802351
:103990000200DB05353AD968032A06D81022914384
:1039A000D960D9680A43DA60EBE701222038824007
:1039B000F5E75F28E5D842238022181A413B83406F
:1039C000D205516A99435162516A0B435362D8E759
:1039D00010B50400012813D1A022184992050B68E4
:1039E0005B015B0913430B60154B164A19681140C4
:1039F000154A0A431A60402219680A431A6010BD2A
:103A00000028FCD101000A2000F04EFA21000B2012
:103A100000F04AFAC0220A4B920019680A4340217A
:103A20001A601A688A431A60B022044912060B68A9
:103A30005B015B0913430B60E1E7C04614F00040F3
:103A40001CF000407F00FEFF80FD010072B6074AB7
:103A50001368013313600422054B1A600023054AE2
:103A600013608022D2055360FEE7C0467808FF1F2E
:103A7000C0F00040C4F0004005490B68002B05D1A0
:103A8000044A0A6004490A60044A13607047C04649
:103A9000140AFF1F841E0000380AFF1FC4F00040F4
:103AA0000023034A1360034A1360034A13607047FC
:103AB00054F0004040F1004044F1004002B471462F
:103AC00049084900095649008E4402BC7047C04667
:103AD00002B4714649084900095C49008E4402BCA1
:103AE0007047C04603B47146490840004900095A6E
:103AF00049008E4403BC704701B40248844601BCAF
:103B0000604700BF0167010001B40248844601BC60
:103B1000604700BF016C010001B40248844601BC4B
:103B2000604700BF6DF6000001B40248844601BC46
:103B3000604700BF85C1000001B40248844601BC53
:103B4000604700BF090E000001B40248844601BC72
:103B5000604700BF0934010001B40248844601BC3B
:103B6000604700BF6911010001B40248844601BCEE
:103B7000604700BFF935010001B40248844601BC2A
:103B8000604700BF0189000001B40248844601BCBF
:103B9000604700BF2144000001B40248844601BCD4
:103BA000604700BF8914010001B40248844601BC8B
:103BB000604700BF8512010001B40248844601BC81
:103BC000604700BFC115010001B40248844601BC32
:103BD000604700BF01D7000001B40248844601BC21
:103BE000604700BFF535010001B40248844601BCBE
:103BF000604700BFF90D010001B40248844601BCD2
:103C0000604700BF9573010001B40248844601BCBF
:103C1000604700BFED6B010001B40248844601BC5F
:103C2000604700BFC9A9000001B40248844601BC36
:103C3000604700BFC95C010001B40248844601BC72
:103C4000604700BF9D6A000001B40248844601BC81
:103C5000604700BF21A9000001B40248844601BCAE
:103C6000604700BFB70E000001B40248844601BCA3
:103C7000604700BFE9D4000001B40248844601BC9B
:103C8000604700BFBD0B010001B40248844601BC7F
:103C9000604700BF7912010001B40248844601BCAC
:103CA000604700BF5976010001B40248844601BC58
:103CB000604700BF75A9000001B40248844601BCFA
:103CC000604700BF75F8000001B40248844601BC9B
:103CD000604700BFDD0A010001B40248844601BC10
:103CE000604700BFC56D010001B40248844601BCB5
:103CF000604700BFADAE000001B40248844601BC7D
:103D0000604700BFD1AE000001B40248844601BC48
:103D1000604700BF19FA000001B40248844601BCA4
:103D2000604700BF8D82000001B40248844601BC98
:103D3000604700BF21B7001101B40248844601BCAE
:103D4000604700BF3D71010001B40248844601BCD8
:103D5000604700BFBD5C010001B40248844601BC5D
:103D6000604700BF71B0000001B40248844601BC46
:103D7000604700BFC166010001B40248844601BC2F
:103D8000604700BFF9ED000001B40248844601BC61
:103D9000604700BF496D010001B40248844601BC80
:103DA000604700BF0D52010001B40248844601BCC7
:103DB000604700BFE9F6000001B40248844601BC38
:103DC000604700BF53B9000001B40248844601BCFB
:103DD000604700BFE94C010001B40248844601BCC1
:103DE000604700BF8552010001B40248844601BC0F
:103DF000604700BFD544010001B40248844601BCBD
:103E0000604700BFDD3F000001B40248844601BCAA
:103E1000604700BFA1AF000001B40248844601BC66
:103E2000604700BF810E000001B40248844601BC17
:103E3000604700BF090E000001B40248844601BC7F
:103E4000604700BFE927000001B40248844601BC76
:103E5000604700BF9DA9000001B40248844601BC30
:103E6000604700BF51B8000001B40248844601BC5D
:103E7000604700BF6137010001B40248844601BCBD
:103E8000604700BFB352010001B40248844601BC40
:103E9000604700BFE90B010001B40248844601BC41
:103EA000604700BF6D0B010001B40248844601BCAD
:103EB000604700BF51A1001101B40248844601BC13
:103EC000604700BFEDA5000001B40248844601BC74
:103ED000604700BF156B010001B40248844601BC75
:103EE000604700BFCD4C010001B40248844601BCCC
:103EF000604700BFCD0C010001B40248844601BCFC
:103F0000604700BFD9B0000001B40248844601BC3C
:103F1000604700BF8B52010001B40248844601BCD7
:103F2000604700BFED68010001B40248844601BC4F
:103F3000604700BF4DF9000001B40248844601BC4F
:103F4000604700BF8D11010001B40248844601BCE6
:103F5000604700BFDD0C010001B40248844601BC8B
:103F6000604700BF8944000001B40248844601BC98
:103F7000604700BFE512010001B40248844601BC5D
:103F8000604700BFC1A5000001B40248844601BCDF
:103F9000604700BFE917010001B40248844601BC34
:103FA000604700BF7997000001B40248844601BC15
:103FB000604700BFA9D8000001B40248844601BC94
:103FC000604700BF116E000001B40248844601BC86
:103FD000604700BF0134010001B40248844601BCBF
:103FE000604700BF2D6C010001B40248844601BC4B
:103FF000604700BFC1F7000001B40248844601BC1D
:10400000604700BF0534010001B40248844601BC8A
:08401000604700BF8937010081
:1040180002000000DEBF001101000000F8BD001121
:1040280002000000DABF0011010000005840FF1F25
:104038000200000000BE0011010000006461FF1FC3
:1040480002000000D8BF001103000000D860FF1F65
:104058001200000002000000DEBF00110100000095
:1040680040BE001102000000DABF0011010000008C
:104078003DBE0011020000004ABE0011030000000E
:104088001361FF1F02000000D8BF001103000000E9
:104098002861FF1F02000000DABF001101000000C4
:1040A8003CBE00110200000048BE001103000000E1
:1040B800E960FF1F02000000D8BF001103000000E4
:1040C8000A61FF1F02000000DEBF001101000000AE
:1040D8008CBE001102000000DABF001101000000D0
:1040E800A141FF1F020000009EBE00110100000058
:1040F80081BE001102000000DABF001101000000BB
:10410800A041FF1F020000009CBE0011010000003A
:104118003061FF1F02000000DABF0011010000003B
:104128009F41FF1F020000009ABE0011010000001D
:1041380071BE001102000000DABF0011010000008A
:104148009E41FF1F0200000098BE00110100000000
:104158006CBE001102000000DABF0011010000006F
:104168009D41FF1F0200000096BE001101000000E3
:1041780064BE001102000000DABF00110100000057
:104188009C41FF1F0200000094BE001101000000C6
:104198005CBE0011020202020202000000000000E0
:1041A80016150000BD4D0011814D0011ECBE001127
:1041B80090011D0018001800FFFF07010203040505
:1041C80006020106000000000000000000000000D8
:1041D80000000000000000000000000000000000D7
:1041E8000300000002000000DEBF00110100000013
:1041F8000CBF001102000000DABF0011010000002E
:104208005C42FF1F0200000016BF00110100000001
:104218005E61FF1F02000000D8BF0011030000000C
:104228003C64FF1F02000000DABF0011010000001B
:104238005C42FF1F0200000014BF001101000000D3
:104248006061FF1F02000000D8BF001103000000DA
:104258003464FF1F1200000000010000000001117B
:10426800FFFF000050485936000000000000000021
:104278000B000500F0000000B4000028002800280A
:104288003075A000A000A000A00000080008E00110
:10429800F000100010001000100010001000500076
:1042A8005000500010001000D0070000000000006F
:1042B8000F0001000500307507001000010081FFA4
:1042C80000000000FF000000257300112D7100118F
:1042D800BD6E0011FFFF0100FF0000005D9D001191
:1042E800CD9A0011E59900110000000000000000BF
:1042F80000000800040000003B0001085902E0012A
:104308008821280002000000DEBF00110100000023
:10431800A4C0001102000000DABF00110100000073
:104328008943FF1F02000000D6BF001101000000F2
:104338000068FF1F02000000DABF00110100000042
:104348008843FF1F02000000D4BF001101000000D5
:104358008643FF1F02000000DABF001101000000C1
:104368008443FF1F02000000D2BF001101000000BB
:104378007C43FF1F180018001D0090010200000375
:104388000202000002000000DEBF00110100000070
:10439800B8C0001102000000DABF001101000000DF
:1043A800CC43FF1F02000000D0BF00110000000036
:1043B8000000000002000000D8BF00110300000048
:0643C8002068FF1F20FF2A
:040000051FFF184180
:00000001FF
