:020000041100E9
:103000007FB50023284C294D03932800217C284AB2
:1030100001F063FA002812D103232800217C03AABF
:1030200001F002FA00280AD1224B039A9A4206D1F3
:10303000214B2248E360224B636104B070BD02263D
:10304000217CFE2228001F4B009601F0BFF90028CA
:1030500001D00020F1E71C4BA2899A42F9D1217CD2
:10306000FF222800194B009601F0B0F90028F0D19A
:10307000E389174A934203D1164B17486361DCE793
:10308000164A9342E5D1164B164A1B68934206D95D
:10309000C02304222800217C9B0001F000FA124B7F
:1030A00012486361C9E7C046E460FF1F4441FF1F47
:1030B0008137000059595300595983203CC10011F0
:1030C0002D420011F060FF1F59590000F260FF1FF0
:1030D00083050000E54100111CC1001182150000AC
:1030E0000861FF1F87130000814200112CC10011ED
:1030F00070B5134D2B7C002B0DD0124C200001F02D
:1031000013F9297C382907D1BA22200001F0B6F939
:10311000200001F047F970BDEB890B4A934206D1BC
:103120009023022220001B0201F0B9F9F0E7074AC0
:103130009342EDD12000064A01F0CFF9E8E7C046FE
:10314000E460FF1F4441FF1F83050000832000004F
:10315000A23000000022024B1A825A617047C0461A
:10316000E460FF1FF7B5164B0192C318021D002043
:10317000009388235B05D3181B685C1C1AD09CB293
:10318000402C18D88D781E0CAC466746CD782D02A1
:103190003D43AE4206D1019800280ED110000C70BC
:1031A000240A4C7003249BB20733A343D218009B1C
:1031B0009A42DED3FEBD4432F9E71000FAE7C0467A
:1031C000FC0F0000802213B503000324019189B293
:1031D000520107319B18A14304305A1A88235B051A
:1031E000C3181B68591C03D190429241104016BD70
:1031F00099B2402907D80B000733A343C018904267
:10320000ECD30020F3E74430F9E7134B134A1B6873
:10321000126810B5FA24934201D81A00F824104B12
:10322000E4021B689A4210D813000E4A12689A42B0
:103230000ED3013307D1F823DB029C4203D10A49A4
:10324000054808F059FC200010BDFC24E402ECE71E
:10325000FE24E402F7E7C04600C0071100D00711C2
:1032600000E0071100F00711FFFFFF7FF0B59BB0F2
:10327000150003900491402A5CD806AC618022803E
:10328000FFF7C3FF002221000600FFF76BFF0528B0
:103290000FD92388AB420CD1002D07D0504B2A0008
:1032A0000399C01808F0A8FB002802D101201BB028
:1032B000F0BD258030000699FFF784FF041E79D108
:1032C000069B0793FFF7A1FF80235B01C6188023AD
:1032D00007001B039E4201D1F826F60288235B05F6
:1032E000F31801931B68013302D0019808F09CFB8E
:1032F0003C49019808F000FC3B1D0293331D0593E7
:103300008822029B52059B181B6808935A1C13D1F4
:1033100088235B05FF1839680198013908F0ECFB38
:10332000380008F081FB30000799FFF74BFF0400DD
:10333000002C41D10020BAE744219AB20091402AE2
:1033400004D80320D11D814389B2009104991B0C3C
:103350008B4224D0402A22D80122300008A9FFF74E
:1033600001FF021E1BD1380008A9FFF7FBFE040075
:103370000428DDD9009A059B9B1880225201B218BF
:1033800093422AD288235B05C118009A09A808F045
:103390001BFD134B009A09A9F01808F07DFD009A57
:1033A000029B9446634402930F4B029AFB189A4285
:1033B000A6D3ADE70428BDD088235B05E0180699A5
:1033C00008F09AFB0323EA1C9A4300D16EE7044BF2
:1033D0000399E01808F060FD68E70424ECE7C046B4
:1033E00004000011FFFFFF7FF80F000073B5040019
:1033F0001600402A1ED801AD6980FFF706FF0022A3
:1034000029002A80FFF7AEFE042810D92D88002E4F
:103410000BD0002C09D0321CAE4200D92A1C074B1D
:1034200092B2C118200008F0CFFC28B276BDC0438C
:1034300000B2FBE703204042F8E7C0460400001159
:1034400037B5042204000D0001A81649FFF7CEFF8E
:10345000020004280BD1019BA34208D3AB4204D045
:10346000104901A80195FFF701FF01203EBD0E4C58
:1034700023682000019308F0D7FA01992000013950
:10348000019108F039FB80235B01E418074B9C4253
:10349000EED10422034901A80195FFF7E7FE0020C1
:1034A000E4E7C0465555000000C0071100000811B0
:1034B000F0B589B010226946234808F00DFC234B73
:1034C000009A6C469A4211D1019B0F2B35D8069970
:1034D000029A8C4618001100002604AD013808D26B
:1034E000002E01D00A00A160013229D10023A3607F
:1034F00023E04F1CF2D161460126EFE7103610227F
:103500002900300008F0E8FBA368A868013300D167
:10351000A060882329685B05C9186B6829601A03B5
:10352000120B6A60814203D03B4201D108F04CFC8F
:103530006368013B6360002BE0D1A06809B0F0BD77
:10354000E027014E3F03F6E70000011150485936CD
:1035500007B508F059FBFFF7ABFF002803D0019037
:1035600001984168084707BD10B508F04DFBFFF70B
:103570009FFF040008F038FB200010BD13B50400C5
:1035800008F042FB002C03D00194019841680847E1
:1035900013BDC0468022F8B5964C974BD20000214F
:1035A00020001C6008F0D0FA2300944A88331A6087
:1035B000934B1A786A23002A00D01133E3620A235E
:1035C0002365904B37221B780820A3638E4B21186C
:1035D000E361102323628D4B3B256361C823DB002D
:1035E000A36123008C331A602823013AE26320642C
:1035F0006364CA67043A211DCA672100BC310D60AB
:103600002100C03108602100C4310B602100063563
:10361000CC310D602100083DC8310D602100D03152
:103620000A602200D43210602200D83213602200D7
:103630000227E032210017604222DC310A602100BB
:103640001B3DE4310D602100E83108602100EC31C0
:103650000B6023000521F43319602300F0331A6056
:103660002300183290331A6023009433186023002B
:103670001E3A98331A60AF23DB002360644BFA26AE
:103680002363644B644DE360644BF031A364230017
:10369000FF31FC33B600A16021611E60A562732575
:1036A000E5656D3D6565A56596255D4AAD00E264FD
:1036B000666258606766A56600270925A767E56604
:1036C000584F594D606720002567E2673A6015271B
:1036D0009C30676007001A2038602000A030070087
:1036E000212038602000A83007004C4838602000B6
:1036F000F830066026006427A436376026005F3F56
:10370000AC3637602600033FB03637602600C63738
:10371000B436376026000027B836376038269E60FA
:10372000424E96205E64424E5A66DE61414E9A6475
:103730005E62F53EFF3E9E621E269A67354A800015
:10374000DE661F675F67DD651D661862DA67BE2388
:10375000394A5B00E250394BD838235004302250AC
:10376000C4225200A350C623E4205B00E15004337E
:10377000334AE1503349344BD16034498000195009
:103780003349E938FF381950324904301950324969
:103790003248D16132491163324951631900F43121
:1037A0000860CE203049400011603049195019009E
:1037B0002F48F83108602F49D16582212E4A8900AF
:1037C0005A501A002D490832D1671A002C49B432D8
:1037D000116088212B4A89005A501A002A498832E0
:1037E00011602A4ADA6408F0FFFB012008F024F98E
:1037F000F8BDC0460004FF1F7865FF1F4070FF1F23
:103800007043FF1F4A0AFF1F3A07000080C3C90127
:103810009A020000DC0500006A18000050C3000096
:1038200088130000F009FF1F204E00006509FF1FEC
:1038300068100000C409000040420F00102700007B
:10384000FC00FF1FC11BFF1F0000FF1F192CFF1FE3
:10385000A12FFF1F392EFF1F811FFF1F7926FF1F7A
:103860009D1FFF1F4D21FF1F0D1FFF1F9D28FF1FC5
:103870008529FF1F8D19FF1FA927FF1FD524FF1FB3
:10388000E124FF1F0D1EFF1FC51EFF1F851DFF1F0B
:103890000223F0B501250024594E91B03370594BE5
:1038A000594F1D703A680393584B29009A700420B1
:1038B000574A2300009408F04FF98023DB059D62EE
:1038C000FFF752FE534BC218C0239B029A4201D20B
:1038D000FFF754FE3C6008F077FBFFF75BFE08F053
:1038E0008BFA1F2201254C4B1A704C4B1D704C4B10
:1038F0001C704C4B05AC19689143163A0A431A6088
:10390000602219689143403A0A431A6008F03CF972
:1039100008F09AF8444B9847C120FF21434B8000A0
:103920001A588A431A50C522920098588843BF39C2
:103930000143995098583E4908408021C9010143EC
:10394000802099509958C0050902090A01439950ED
:1039500080213848490108F00FF903232A0036492D
:1039600000933648019508F0BFF82C22344905A889
:1039700008F02AFA6178207806F046FD023410AB90
:10398000A342F7D12F4C304B226803201A40A023CA
:10399000DB0213432360802322689B0413432360CC
:1039A00022682A4B1A4080239B0313432360284A32
:1039B000284B934200D8012008F05EFA08F0BCF8CA
:1039C00080232268DB0413432360307808F0B4FAC4
:1039D000039B1878C0B208F00FFB08F02DF90C49D2
:1039E000042008F001F806F027FF00F035F800F099
:1039F0008DFD00F029FE00F0FDF9002011B0F0BDB2
:103A00004A0AFF1F7043FF1F34F000401461FF1F7C
:103A10003B000108000001E0480AFF1F490AFF1FA0
:103A2000680AFF1FBCF00040E1A2000000E100E0D6
:103A3000FF00FFFF7443FF1FF855FF1F7453FF1F64
:103A400038C0001114F00040FF7FF8FFFFFF9FFF18
:103A50000080FF1F4070FF1F002210B511001120D1
:103A600008F05AF910BD0000F8B500230926374FB9
:103A7000374C3B62E3681120B343E36008F01CF865
:103A8000112008F0F1F8112007F0EEFF4023226822
:103A900080251343236080236268DB021343636045
:103AA000A3682C4A2B43A360A36802211340A360A0
:103AB0008023A2689B0113431022A360236C07207C
:103AC00093432364236C0F3A1343236480235B00E6
:103AD0003B62226B204B1A402263626B1A40626386
:103AE000A26B1A40A263E26B1340E363E3681B4AD4
:103AF0001340E36006F088FC0121072006F098FDE2
:103B0000174B11205A6C15435D6408F075F8FD21C0
:103B1000144B154A89005A508023C720626B5B03FF
:103B200013436363E36880003343E3600F4B104A41
:103B300019581140802212020A431A50802292051D
:103B40001A6008220B4B5A63F8BDC04600F00040D3
:103B50003CF00040FFFFDFFFEFFFEFFFFFFF7FFFC5
:103B6000003800400000FF1F5118FF1F00E100E077
:103B7000FF00FFFF0000054010B5FFF7B9FAE12094
:103B8000C00408F0F9F810BD70B51A4CE388002B9A
:103B90002AD0FA22D200934201D2FFF7EDFF236828
:103BA000E088A688C0188023711C89B2124D20605D
:103BB000A1809B00994218D3420A93B2C21AEB80AB
:103BC0002260A6800D4A642093420AD8FA2200207F
:103BD000D200934205D90A21180008F0B5F9C83877
:103BE000C0B200232872E38070BD08F0B5F883B23C
:103BF000EB80E7E77060FF1FFC60FF1FB70B000062
:103C000030B503A804880B20002C0ED14968074D5D
:103C100008784978090201430A20A94205D1012107
:103C200020001980024B1B7A137030BD192A000046
:103C3000FC60FF1FF7B5150008AA16884A680F4FE9
:103C400014785278120222430A24BA4214D1012273
:103C5000DBB2019200962A0007F050FE041E0BD141
:103C6000074B1B68002B07D068782A7800021043A6
:103C700042425041013098472000FEBD0229000019
:103C80008060FF1F30B5012503790400BFB02B42CF
:103C900011D00A49408807F0A1F928420BD0084BFF
:103CA00001A95B8D4D800B80064B00221B7A60883A
:103CB0000B7104F06DF93FB030BDC0467860FF1F56
:103CC000B83FFF1FFC60FF1F10B50549054807F00E
:103CD0003BF90421044A054807F0F8F810BDC04636
:103CE0007860FF1FFFFF000064C00011B83FFF1F96
:103CF00010B5024804F0D0FF10BDC046853C00114D
:103D00000122144B0270197A417002218170997856
:103D1000C170D97801710321417119798171597983
:103D2000C1710C21017299794172DB7983720A4B5E
:103D30001978CBB2002904D03A230273C3720D2044
:103D4000704703734373F2221423C27283730F20EC
:103D5000F6E7C046FC60FF1F2D63FF1F022310B56E
:103D60000370013B43700533837010330371443B90
:103D700043712A3383714433C37100230372064BAA
:103D800004001B8843720A30FFF7BAFF831D0A3014
:103D9000C0B2E37010BDC046FC60FF1F10B5142018
:103DA00007F072FE124B14220021186007F0CCFEBF
:103DB000002008F031F8012007F07EFF022007F014
:103DC0006BFE032004F00AFA042006F023FA052013
:103DD00003F042FC062004F015F9072001F0AAFCCC
:103DE000082007F053F8092001F03EFA10BDC04644
:103DF0008460FF1F08F010F9012007F0D5FF07F0DD
:103E000093FE0000094B10B50400984205D001292B
:103E100004D12000064907F097F810BD0229FCD113
:103E2000013904F0F3FE0028F3D0F6E7FEFF0000AE
:103E3000AA60FF1F30B5012503790400BFB02B42F3
:103E400014D00B49408807F0C9F828420ED0094B1E
:103E500001AD1B8802A82B8000F0B0FD688000280F
:103E600004D000222900608804F092F83FB030BDF1
:103E7000AA60FF1F5640FF1F70B50D7A100004AAFC
:103E80002C00168810221440154220D1002E20D17B
:103E90000A78022A18D14A68517815780E4A090220
:103EA0002943914205D00D4A914209D01C800A2431
:103EB00004E014220A491A8007F086FF200070BD32
:103EC0000C2208491A80F7E71C800124F6E7082431
:103ED000F4E70B24F2E7C046F3FF0000F4FF000014
:103EE0000042FF1F58C1001110B5040007490848DF
:103EF00007F02AF8074804F00BFE0020E40704D579
:103F00000721054A054806F0E1FF10BDAA60FF1F22
:103F1000FFFF0000053E0011A8C00011FC3FFF1F7D
:103F200010B50B4BBEB01A780A4902A800F0E8FDA4
:103F300001AC80B26080002808D0074B00221B88AB
:103F400021002380054B188804F022F83EB010BDF4
:103F50008860FF1F8960FF1F5640FF1F6041FF1FE1
:103F600010B50B4BBEB01A780A4902A801F054FFF5
:103F700001AC80B26080002808D0074B00225B8D26
:103F800021002380054B188804F002F83EB010BDD4
:103F9000B260FF1FB360FF1FFC3FFF1F6041FF1FA8
:103FA000F7B50E00377A1C0008AB11003D001A88E7
:103FB00020231D401F423CD13378022B3BD1736834
:103FC0001F785B781B023B431E4FBB4208D01E4F3D
:103FD000BB4214D01D4DAB4221D00A252800FEBDA6
:103FE000002A2AD1142C2AD82200F06807F0ECFE0F
:103FF000174B1C70012CF1D9FFF7B2FFEEE7002A36
:104000001BD1202C1BD82200F06807F0DDFE114BDD
:1040100004211C70104B187807F02EFDDEE7E3B288
:104020000124009201940A00310007F067FC0500AA
:10403000D4E70825D2E70125D0E70B25CEE70D25EB
:10404000CCE7C046F3FF0000F4FF000002290000A7
:10405000B260FF1F8860FF1F2E63FF1F332310B560
:10406000040003700A220749013007F0ADFE064B39
:104070000F201B681A0AE37222731A0C1B0E62735C
:10408000A37310BDFC60FF1F2461FF1F30B5012525
:1040900003790400BFB02B4213D00B49408806F0CF
:1040A0009DFF28420DD0094B01AD1B8802A82B8033
:1040B000FFF7D4FF0F236B8000222900608803F0F4
:1040C00067FF3FB030BDC046AA60FF1F5640FF1FCC
:1040D00010B5024804F0E0FD10BDC0468D4000114F
:1040E00010B5024804F0D8FD10BDC046353E0011A1
:1040F00070B5160004AA148805AA15784A68507885
:10410000117800022A4A0843801805284BD807F086
:104110005BFD03131E29343F07221000062C0AD82A
:10412000121BAA4200D92A0022491A80300009191C
:1041300007F04AFE002070BD0720112CFBD8122288
:10414000121BAA4200D92A001B491A80EEE7072059
:104150000E2CF0D80F22121BAA4200D92A001749B0
:104160001A80E3E70720032CE5D80422121BAA4299
:1041700000D92A0012491A80D8E707221000062C1D
:10418000D9D8121BAA4200D92A000E491A80CDE7BD
:1041900007221000062CCED8121BAA4200D92A00F2
:1041A00009491A80C2E700220A201A80C3E7C046E4
:1041B000DCD5FFFFF9C00011D060FF1FE9C000117E
:1041C000E4C00011DCC00011D4C0001110B50D21F5
:1041D000024A034806F07AFE10BDC046C8C000116E
:1041E0006C40FF1F37B50F4C01AD04232A00217C22
:1041F00000F01AF9002813D12988236849BA89B236
:104200004B4321891B0C5B18074A6988538049BAC4
:10421000636889B24B4361891B0C5B1893803EBD78
:104220000120FCE7E460FF1FFC60FF1F37B5124C64
:1042300006236A46217C6D4600F0F6F8002818D166
:104240002988236849BA89B24B4321890B4A1B0C40
:104250005B1853806B4603335B78E9781B020B4392
:104260005BBA61689BB24B4361891B0C5B189380FE
:104270003EBD0120FCE7C046E460FF1FFC60FF1F5D
:10428000F0B5022785B0154C03AD217C2B00002230
:104290000097060000F09AF8002802D0012005B02F
:1042A000F0BD0E23217C0122300000976B4400F00A
:1042B0008DF80028F2D129882368C9BA4B43218997
:1042C0001B145B18064A6988538049BA636889B22F
:1042D0004B4361891B0C5B189380E0E7E460FF1F90
:1042E000FC60FF1F10B500F043FB034A0020138859
:1042F0000133138010BDC046FC60FF1F10B500F0F5
:1043000035FB10BD10B58024064AA4001168436B2C
:10431000234205D113685B1A032BF8D9012010BD85
:104320000020FCE76008FF1F70B5C17905000C0094
:10433000631E9C411A4BE402E41849000460C9B2B0
:10434000007906F0ABF9E979687949000131C9B221
:1043500006F0A4F9E8790930C0B207F085FB002324
:10436000E36661332360AA795B3B002A0ED02268A2
:104370009A43023B134323600A23E361073323621A
:1043800000232363A3630133E36370BD22689A4370
:10439000022313432360462363610633A361EFE7DF
:1043A0000050004070B5002504000368DD66C07948
:1043B0000930C0B207F080FB2900207906F00AF925
:1043C0002900607906F006F970BD0000F8B51E00FE
:1043D00006AB1D78002304681700E366616007F0F0
:1043E00013FC01238022E3662B0027615200013B6E
:1043F00008D207F0F9FB08200A4A1168002D03D102
:104400002800F8BD2261F2E7236F034203D023693D
:10441000013D3370013613685B1A032BEED9012579
:10442000EEE7C0466008FF1F70B51C00002305685A
:104430001600EB66696007F0E7FB01238022EB665C
:1044400023005200013B08D207F0CEFB08200A4AA5
:104450001168002C03D1200070BD2A61F2E72B6F98
:10446000034203D02B69013C3370013613685B1A99
:10447000032BEED90124EEE76008FF1F002370B57F
:1044800004681500E366616007F0BEFB0123E36684
:10449000256107F0A9FB2000FFF734FF70BD70B560
:1044A0001D00002304681600E366616007F0ACFBA2
:1044B0000123E36626610F33626B1A42FCD02B0A9C
:1044C00023611023626B1A42FCD0EDB2256107F024
:1044D0008BFB2000FFF716FF70BD002370B504684A
:1044E0001500E366616007F08FFB0123E3662B0A8A
:1044F00023611023626B1A42FCD0EDB2256107F0F4
:1045000073FB2000FFF7FEFE70BD000010B5084CE5
:10451000E368002B08D18022064B52021B689B18CF
:104520006360054B1B68236007F06EFDA06010BD43
:104530002461FF1FC8F00040CCF00040F0B5184ADD
:10454000936A916A9942FBD116498A689A421FD3AD
:104550009A1A8B60144B4C68186893B2D20243438A
:10456000D20E42431B0A08681B1912029B18002432
:10457000020001270D4D4B60561CAB420BD8002C9E
:1045800001D010000CC10A4A13600A4B1860F0BD3C
:10459000581E821ADDE7084A3C009B183200EBE700
:1045A00000F000402461FF1F140AFF1F40420F006B
:1045B000C8F00040CCF00040C0BDF0FF70B5194C11
:1045C00023793F2B01D93F232371174A13701078A9
:1045D000C0B207F099FB1823144A15491380154AF5
:1045E0000B8013804B80A0790C3B421C53438022EC
:1045F0001201934213D81A00CB80A0230E4D88805D
:1046000028800E486371823B028023720C4A0D4B56
:104610001A60E379052B01D81023E37170BD1300F4
:10462000EAE7C0461861FF1F480AFF1F5E41FF1FEF
:104630001C43FF1F5C41FF1F5A41FF1F5841FF1FD2
:10464000E09304000861FF1FF8B521210020FEF768
:10465000F7FE114C011E114D09D10C22104BC1CB9C
:10466000C1C4280007F070FAFFF7A8FFF8BD0C22BC
:1046700020000C49FEF7BAFE0C2802D0084B43CBB1
:1046800043C40C2228000849FEF7B0FE0C28EBD0EA
:104690000C220021E5E7C0461861FF1FE460FF1F00
:1046A0004CC10011FC0C0000F50C000010B50C22F0
:1046B00002480349FEF7DAFD10BDC0461861FF1F2E
:1046C000FC0C0000F0B51D4C8022A544040088209D
:1046D00069465201400507F077F9902212016A44B9
:1046E0001300200032C832C316C816C38023144CEE
:1046F000144FA6689B033343A3603B6007F05CFA4A
:104700008823A0685B05C01807F08EF90025882370
:1047100029008022A0685B05C01840196944520036
:1047200007F0BAFB80230135FF355B019D42EED1D6
:10473000A6603E60044B9D44F0BDC046FCEFFFFF09
:104740009042FF1F9808FF1F04100000F8B503787F
:104750000500013B0026012B02D82B7A9E4200DB8C
:10476000F8BD6B68564C9A5DA3690133A361554B44
:1047700019783F2905D81878411CC9B21970524BD5
:104780001A54A37B002B0BD1522A05D1013322707E
:104790006373A3730136E0E7636901336361F9E78B
:1047A000617B4B1CDBB2637362540C2BF2D9237B0D
:1047B000452B40D10921454801F0E8FA6289030000
:1047C00060789A4237D10023A3736373A38B0122CD
:1047D00001339BB2A38323000833DA772379E2788D
:1047E0001B0213431BB2E3836379E11C9C466746BB
:1047F000A379621D1B023B431BB22384C877A178B7
:10480000231DD977637A2100D377E3792A319C4637
:104810006246A31DDA77227AE31DDA77230008784F
:104820002B33002825D019788A4225D01A70E36AE4
:104830000133E36220E0238A01339BB22382012308
:10484000E25C522A0FD1453AD01A21000022C0B2B0
:10485000CF5C0132D2B20F7001318242F8D10D2209
:10486000D31A637396E701330D2BE9D10023A373A9
:10487000F7E7012008701A70154B19883F2319407B
:10488000144B1C6818688442FBD106204843124B25
:1048900021021C541B180C0C090E99700021D970B0
:1048A0006146197180215A71094A5C7013880901A7
:1048B00001339BB21380094B187807F0DDF869E7E4
:1048C0003461FF1FE662FF1FE762FF1F3561FF1FB4
:1048D0006461FF1F28F000406661FF1F2E63FF1F09
:1048E000F0B51A4D89B030220021280007F02CF9CC
:1048F000002740220021164807F026F90A22154B0E
:1049000039001F7002ABD018012607F01DF996215F
:10491000114B04AC23802672104B069A890104982F
:1049200000970793059106F0ABF804002B00624254
:10493000624129331A70B84204D10820283507F0A3
:104940005BF92E70200009B0F0BDC0463461FF1F36
:10495000E762FF1FE662FF1FFF0600004D470011E0
:10496000014BD86A7047C0463461FF1F7047000092
:104970000E4A0F4BD27F0F49002A05D0DA8B4A80AE
:104980001B8C1BB28B8070479A8B002A0AD09A8BA3
:10499000524292B24A801A8A002A05D01B8A5B4290
:1049A0009BB2EEE7044AF5E7034BEAE73C61FF1FE1
:1049B0003461FF1FFC60FF1FFFFF000003000020A9
:1049C0002A4AF0B5128894B282424CD03F27601E2A
:1049D00027493840012C47D0062242438E5C8A1872
:1049E000B44665465678927836022E430625120460
:1049F0003243A61E3E4075434F5D4D196E78AD782B
:104A000036023E432D043543521B82251202120A00
:104A1000AD03AA4228D2FA25AD006A43D20B9C709E
:104A2000240ADC700624032544431D704E355D7056
:104A30000D5D08191D710C5D4178090221438478D0
:104A400024040C43C17809062143090A597181786D
:104A500099710021D9710179197241790C209A72EA
:104A6000120A5972DA72F0BD024AD8E76461FF1F78
:104A70006661FF1FFFFF0000F0B587B0051E6C46A2
:104A800027D0684607F088F81B4D022806D1062279
:104A90006946280006F0B0FF002818D00F22210038
:104AA0000023012094460600EA5C01331709103701
:104AB000BE403700664632400600964032003A4318
:104AC0004A610439062BEED12000FFF7FBFD07B049
:104AD000F0BD18226946094806F076FFAB00E3589E
:104AE000013305D01822FF21200007F02DF8EBE755
:104AF0000135062DF2D1EAE76509FF1F0009001113
:104B0000F0B5002604000F00150085B0B24200D1B8
:104B100084E08A784B1C01934B7812021A43CB78BD
:104B200008781B0413430A79207012061A43009276
:104B300003926670252800D190E033D8112813D84D
:104B400007F0DAF966001501150115011501A40039
:104B5000B200AB0015011501150115011501150174
:104B600015011501EF000F01232800D1C7E0DB2854
:104B700000D005E2042D00D8ABE0052D00D1FCE10A
:104B80006E1F32000098791D07F01EF905223900CA
:104B9000200007F019F932000099601D07F014F9A0
:104BA0002E003BE0562853D00FD8332800D1A1E087
:104BB000552836D02628DAD1BB4D132231002800E3
:104BC00006F0C2FFFEF7C6FA57E0712800D172E086
:104BD000722800D184E0DC28C9D1022D00D878E009
:104BE0004B7863708B78A3706B461E88032D05D0BD
:104BF000033DC81CAAB23100FEF738FB3100102279
:104C0000E01CFEF7F3FBC61C002807DA60706DE0BD
:104C10000C222000A54907F0D7F80C26300005B07B
:104C2000F0BD6A1EA24D0C2A10D8002A07D0280019
:104C3000019907F0C9F8FFF7C1FCFFF737FD0C2217
:104C40002900601C07F0C0F80D26E7E70C22EEE70C
:104C5000974D984B2A0043CB43C2ECE76A1E924D16
:104C60000C2A11D8002A08D00199280007F0ACF8C6
:104C70000C2228009049FEF7F9FA13222900601C43
:104C800007F0A2F81426C9E70C22EDE706228B49AB
:104C9000601C07F099F80626C0E712228849601CBC
:104CA00007F092F81326B9E708228649601C07F03E
:104CB0008BF80926B2E7012D0ED04978F02908D8E3
:104CC000814D288801F002FD804B2A885200D35A7A
:104CD00000E0FF23637009E07B4A7C4B1288F5E714
:104CE0007B4B012D04D04A785A706270022695E7FA
:104CF0005B78EFE72000FFF7B1F906008EE7042D9F
:104D000005D9744D009B2B6007F07EF9A860FFF772
:104D100015FC0422039003A9601C07F055F8052632
:104D20007CE76D4E062D15D906223000019906F05C
:104D300063FE00280ED006220199300007F044F8E7
:104D4000062266493000FEF791FA0123604A517845
:104D50000B43537031000622601C07F035F807261C
:104D60005CE7012DB5D04878FFF786FEBEE7012845
:104D70001FD15B4AAB1E0092132B06D84B78002B39
:104D80000BD100F0DFF900F015FA564B00991E78B0
:104D9000601C721E07F018F840E7013D2A000199D7
:104DA000009807F011F850490098AAB2FEF75EFA91
:104DB000E9E7032800D0DAE6012D2DD120700C237D
:104DC0004A4A637012784A4BA2701A000832D27FA6
:104DD0001026E2709A6922719A69120A62719A69C0
:104DE000120CA2719A69120EE2719A8B22729A8B3E
:104DF000120A62721A8AA2721A8A120AE272DA8B92
:104E00002273DA8B12B2121262731A8CA2731B8C89
:104E10001BB21B12E37301E74B782070002BCED03E
:104E2000012B1FD10B336370314B0B26DA8BA27031
:104E3000DA8B12B21212E2701A8C22711A8C12B230
:104E400012126271DA1CD27FA2711A1DD27FE27136
:104E50005A1DD27F22729A1DD27F07336272DB7F86
:104E6000A372DBE6032B49D1022D00D131E70C22DE
:104E7000204B897818780426A07018786270E17049
:104E8000884200D8CAE61B785B1A1E1CDBB293422C
:104E900000D9161C184BF6B23200201DC918043672
:104EA00006F092FFF6B2B9E6E460FF1F58C10011A8
:104EB0001861FF1F4CC10011F50C0000F060FF1FCE
:104EC000D060FF1F9442FF1F6041FF1F7C65FF1FE2
:104ED0001461FF1F2461FF1F6509FF1FADAC0000B7
:104EE0000D65FF1F0B65FF1FAEDE00005D61FF1F3C
:104EF0003461FF1FE662FF1FE762FF1F042B00D033
:104F0000E7E600263100032D04D9FE78BB7836028F
:104F10001E4331B22C4B21711D885023ADB26370FA
:104F20002B0AE370330A6371A5702B1C402D00D24D
:104F30004023403B9BB29E4200D2ACE6AE4200D33F
:104F4000A9E63F23062719407943204A01360092FB
:104F50008918A01D3A00B6B206F036FFB54200D857
:104F60005BE63F2320001E407E43009B3A00F11881
:104F70000C3006F029FF122650E61525102605E60E
:104F8000DA2800D0A5E6042D00D8A2E6082D17D90E
:104F9000BB797A791B021343FA7912041A433B7ADC
:104FA0001B061343009A1360009B05221B683900FF
:104FB0002000039306F008FF0422601D03A976E693
:104FC000FE236370F0E7C0466461FF1F6661FF1F48
:104FD00070470000020010B5094B0A32094C92B22A
:104FE000DA815A8298811882207802F0D3F904225B
:104FF000054B012120781A7006F03EFD10BDC04619
:105000001E42FF1F5665FF1F5565FF1F013870B513
:10501000042809D8254C06F0D7FD030829291000DB
:105020000221207806F028FD70BD0821207806F0C6
:1050300053FD00221E4B1A72F6E7802200251C4BFE
:10504000520060201A81DD7206F0D6FD194B1D70EA
:10505000194B1D70FFF78AFC08212078174A06F0CB
:10506000D3FC2900207806F08FFEDDE708212078A8
:1050700006F032FD602006F0CFFD1148FEF76EFE0F
:10508000104B114A9B799380104A13800022084BE1
:10509000DA720132FF321A810D4B5B78002BC3D0DC
:1050A0000C4A136006F018FFBEE7C0462E63FF1FD0
:1050B0000861FF1F2D63FF1F2C63FF1F10270000D7
:1050C0006941FF1F1861FF1F1C43FF1F5A41FF1F4B
:1050D0001461FF1F34F0004010B5012907D10428E6
:1050E00005D18021024B8900187806F0C5FC10BD5F
:1050F0002E63FF1F10B5002907D1042805D1802198
:10510000024B8900187806F0B7FC10BD2E63FF1F14
:105110000300F0B50A4D8E18B14202D1520080183A
:10512000F0BD0C782F6824093C5D0F271C700C78AB
:1051300001313C402F683C5D5C700233ECE7C046B7
:105140005441FF1F1022124B10B51A700F23114C3F
:1051500011492370093A063B1048637006F034FE8B
:105160002D2301220E490F486372FFF7D1FF012260
:105170000D49FFF7CDFF01220C49FFF7C9FF0300DE
:1051800000200B4902001870FEF770F810BDC046F1
:105190002A65FF1F0B65FF1FF9C000110D65FF1F7A
:1051A0006709FF1F1565FF1F6609FF1F6509FF1FC0
:1051B000AEDE000070B5134C142220001249FEF739
:1051C00015F9431E114D132B19D8AB78002B16D0AF
:1051D000431C2B7009236B7000230019037028787F
:1051E0000B4B01302900C0B2187006F01DFD297864
:1051F00022000139C9B2002005F086FD70BDFFF71D
:10520000A1FFECE70D65FF1FAEDE00000B65FF1F81
:105210002A65FF1F10B5114B1A781870002A0ED09E
:1052200000280BD10E4B1A78062A07D85423D340F6
:10523000DB0703D50B4B187802F0ACF810BD002843
:10524000FCD0074B1B78012B02D0033B022BF5D877
:10525000044B0121187806F00FFCEFE72E65FF1FC5
:105260005565FF1F5665FF1F70B54A4E4A4A4B49A8
:105270003070042005F0BEFAFDF76CFFFFF730FB3D
:1052800006F072FC032246494648FFF741FF2D24F1
:10529000030004221C7044490130FFF739FF30231A
:1052A0000470424D424C437083702E3B0622200016
:1052B0004049EB87FEF79AF8062813D0200006F045
:1052C0006BFC022809D00321200006F06DFC8D2321
:1052D000E3706E3B23711933637106222000354958
:1052E000FDF7C4FF344B1B68FC335C64FFF762FFBF
:1052F0000020FFF78FFF314C314A0121314B1278EA
:10530000207802F009F8304A304B127800212078DA
:1053100002F002F801222E4B1A702E4B9A783C2391
:10532000552A00D0163B2C4A202153722B4B2C4A75
:10533000EB81AA812A826B82307806F03DFE012043
:10534000404205F02DFD0120404205F0C9FDFEF769
:105350003DFFFEF7B9FC00F0F7FC01204042FEF7EC
:10536000C3FD012006F0E8FCF02001F093F90121D3
:10537000307806F081FB307802F068F9194806F0C1
:10538000CBFBFEF771FB00226020110006F0C4FC8D
:1053900070BDC0462E63FF1FF5500011D95000119B
:1053A0009442FF1FD060FF1FF060FF1F1E42FF1FCF
:1053B0006509FF1FADAC00007865FF1F5665FF1F34
:1053C0008841FF1F6941FF1F2A65FF1F0B65FF1FF3
:1053D000FC64FF1F1461FF1F0861FF1FCE0900005E
:1053E000C40900003063FF1FF8B50D008B0600D420
:1053F00085E07F4B1B78002B19D0FFF79FF8FFF754
:10540000AFFA7C4B7C4A1968884213D07B491860FC
:105410000B8801330B800121794B1970062313701F
:10542000784C2000FEF79AFC210006F0F5FA2020C7
:105430006840F8BD1378002B0BD0013BDBB2137032
:10544000002BF4D16E4A13706C4A13880133138019
:10545000E6E76D4B6D4C6E4E99686268737A8A1AF6
:10546000DB039A4202D36160FEF7FEFA327A217AB8
:10547000531EDBB299422ED1FEF740FF637A002B18
:1054800025D0013BDBB26372002B20D1614B9B78AE
:10549000552B01D106F020FDE37A002B12D000231A
:1054A000A27AE3729A4202D0A372FEF76DFB534ACE
:1054B000544F1388380001331380FEF74FFC390036
:1054C00006F0AAFA642370795843FFF783FD237A24
:1054D00001332372ABE79142D0D300272772FEF746
:1054E00001FFA37ABB4202D0A772FEF74DFB454FE6
:1054F0003800FEF733FC390006F08EFABEE70BB237
:10550000002B0ADA444B187806F0CEFB002801D0B5
:1055100006F00AFD802000028AE70224214209D019
:105520003B4A3A4B127A0120023A1A72FFF772FE96
:1055300020007DE780242401214202D0FEF7D0FD27
:10554000F6E70B0721D5FEF7F9FF2F4B2F49304C1B
:1055500098684A68637A821ADB039A4202D34860E9
:10556000FEF782FAFEF7BEFEFEF7C8FE2A4B0821C0
:1055700018782A4A06F048FA00F000FC2368DB0796
:1055800001D5FEF7A5FD082052E7CB0609D5FEF7A9
:10559000FBFA174B1B78002B01D1FEF7A9FB10205B
:1055A00046E70124214205D01D4800F087F806F0A7
:1055B0004BFCBDE78024A40021420FD0042004F05E
:1055C00003FF0028B4D00A4B1B78002BB0D0262252
:1055D0000E4B14485A72FFF7FDFCA9E7042408009B
:1055E0002040214200D124E7FEF79AFCA0E7C04604
:1055F0002E65FF1F2863FF1F2C63FF1FFC60FF1F2A
:105600002D63FF1F6941FF1F2461FF1F0861FF1FFA
:105610001861FF1F1461FF1F2E63FF1F102700007A
:105620004C41FF1FC4090000F0B51A4B1A4F1B88EC
:105630003A880400194E1A4D85B09A420DD8328826
:105640009A420AD3174B1A882B889A4205D1164AD8
:10565000164B12881B889A421AD0052001F070F868
:105660003B8802A90B80338801904B802B88104D1A
:105670008B800E4B2A781B88CB800E4B188802F04B
:1056800091FD0D4B08212878019A1C7006F0BCF999
:1056900005B0F0BDFA64FF1F5E41FF1F5C41FF1FB4
:1056A0005A41FF1FF864FF1FF664FF1F5841FF1F98
:1056B0005665FF1F6041FF1FF464FF1F13B50C4BBD
:1056C0001C78002C11D1002801D00A4B18600A4A1E
:1056D0000A4B11780A4A10780A4A01920A4A009243
:1056E000002205F009FA200016BD1124FBE7C04690
:1056F0005565FF1FF064FF1F5465FF1F4465FF1FC2
:105700005665FF1F3065FF1F3465FF1F10B5064B40
:1057100012201B78052B06D1044B13221988044B49
:10572000187801F0E9F910BD5565FF1F6041FF1FB2
:105730005665FF1F10B500240122114B524218700C
:10574000104B1C70104B1A8001F080FF04220F4B8D
:1057500021001A700E480C3206F03EFA1022210089
:105760000C4806F039FA07220B4B1C600B4B1C70DF
:105770000B4B1C700B4B1A700B4B1C7010BDC046B2
:105780005665FF1F5565FF1F6041FF1F5465FF1FD2
:105790004465FF1F3465FF1F3065FF1F0A65FF1F4B
:1057A0000965FF1F6241FF1F0865FF1FF8B5174C11
:1057B0000600257806A814240078052D23D1B41FEF
:1057C000134FA5B21824BD421DD88D1FADB2BD42E6
:1057D00019D8FA256D00AA4215D21D000D4F0A3DB9
:1057E000ADB2BD420FD80C4C26800C4C21800C4928
:1057F00000240A800B4A1380FFF716FF0A4B04218E
:10580000187806F069F92000F8BDC0465565FF1FFD
:10581000790C0000750C00005E41FF1F5C41FF1F0A
:105820005A41FF1F5841FF1F5665FF1FF0B50BB2CD
:105830000D0089B0002B00DB70E1A44E307806F03B
:1058400033FA041E50D00378A22B00D122E1D02BD2
:105850001AD0912B45D143780E2B42D19C4B828894
:105860009A423ED19B4B1B78052B3AD1836803208B
:1058700018567F2835D0984B1B68002B31D05B68B9
:10588000002B2ED098472CE08078072829D806F0E6
:105890009BF90428183F3F74A8D86378002B0CD1DB
:1058A00001218C4B19708D4B1A78002A5BD08C4BE0
:1058B000307801F031FD002855D00722854B1A7051
:1058C00051E061780029F8D1E378002B11D0854AA6
:1058D000854B1278307801F01FFD60706378002BE3
:1058E000EBD1200006F020FB80200002684009B0C8
:1058F000F0BD784B1B78022BF3D00121307806F0F5
:10590000CBF90028EAD10121307806F0B5F8E5E7B7
:105910006378002BD1D16F4F032807D13B78052B3B
:1059200002D101333B701EE00223FBE76F4B1A8864
:105930006F4B0293002A0BD01B78002B03D0012160
:10594000307806F061F83B78062B04D1013BE9E79B
:10595000029B1A70F7E7042B41D10121029B30789A
:10596000197006F089F85C4B1B68002BB9D01B68D6
:10597000002BB6D0574A107884E76378554F002B38
:1059800027D10622211D5B4806F01EFA62895A4B78
:105990005A491A80A2895A4B1A80E3890B80052143
:1059A000397058490A80584A1380228A574B1A8006
:1059B000574B1B78012B09D11F2000F0C1FEFA22A2
:1059C000920042430421307806F01EF80022484B32
:1059D00075E7312B00D070E70022454B1A70032386
:1059E000A0E706220021434806F0F6F80023454AC6
:1059F00004211380444A30781380444A138006F00F
:105A00006BF80821307806F067F8A379083B5A4212
:105A10005341304A03331370304B1B78002B06D0B0
:105A2000334B30781A78002A06D001F0B3FC0122FB
:105A3000314B52421A8096E70121197006F01CF88A
:105A4000F5E70821307806F047F86378002B00D09E
:105A500047E72C4B2D4F0293E388029A04211380D1
:105A6000294B307803932389039A138063893B8001
:105A700006F012F9002800D033E7264B1B68002BF4
:105A800000D12EE7039902983A88098800881B689C
:105A9000984726E74379132B00D022E70389012B8F
:105AA0000AD11D4B1B78022B06D10821307806F055
:105AB00013F8FFF72BFE14E7052000F041FE082144
:105AC0000200307805F0A0FF0BE7C0465665FF1FC7
:105AD000051400005565FF1FF064FF1F8841FF1F7C
:105AE0006941FF1F2A65FF1F0B65FF1F2C65FF1F04
:105AF0002E65FF1FFD64FF1F6041FF1F0465FF1F30
:105B00000665FF1FFA64FF1FF864FF1FF664FF1F9E
:105B1000FC64FF1FEC64FF1FF464FF1F8020C001C2
:105B2000014200D0E2E6CB0731D5324B1B78002B87
:105B30001DD0314E05AC3378052B1AD1023B2370B2
:105B40002E4B21001B7823722D4B1B7863722D4B3B
:105B5000187801F085FB002809D007202A4B307007
:105B60001B68002B03D01B68002B00D09847012036
:105B7000BCE60E20254B06221B7825492370254BB9
:105B80001B78637002ABC01806F01EF9D8E7022339
:105B900008001840194209D0174B1B78052B03D178
:105BA0001D4B188806F040F902209FE6042421428C
:105BB00003D0FFF739FD200098E6082308001840BD
:105BC000194200D193E6154B1C78012C03D0022C0E
:105BD0000DD008208AE6124B124A134913481B883D
:105BE0001288098800880094FFF7E0FDF1E7FFF7CD
:105BF0008DFDEEE72E65FF1F5565FF1F6241FF1FFC
:105C00000865FF1F5665FF1FF064FF1F0A65FF1F31
:105C10006341FF1F0965FF1F6041FF1FF464FF1F01
:105C20005841FF1F5A41FF1F5C41FF1F5E41FF1F8C
:105C300010B502A804880B20002C10D14968087800
:105C40004978090201430C48814209D10221198097
:105C50000A4B59881170DB7800205BB2537010BD7D
:105C6000074C0A20A142FAD102211980034B9988DE
:105C700011705B79F0E7C0466E2A0000FC60FF1FE0
:105C80006F2A0000F7B5150008AA16884A680F4F5A
:105C900014785278120222430A24BA4214D1012203
:105CA000DBB2019200962A0005F028FE041E0BD1FB
:105CB000074B1B68002B07D068782A780002104336
:105CC00042425041013098472000FEBD02290000A9
:105CD0006865FF1F30B5012503790400BFB02B4272
:105CE00025D01449408805F079F928420CD0124B90
:105CF00001A95B8D60880B8002234B800F4B002233
:105D00005B888B8002F044F90D49608805F066F9E4
:105D1000C0070CD50B4B01A91B8800220B80022366
:105D20004B80064B9B888B80608802F031F93FB036
:105D300030BDC0466065FF1F8C41FF1FFC60FF1F28
:105D40005865FF1FE641FF1F10B50749074805F0DA
:105D5000FBF80749054805F0F7F80721054A06480A
:105D600005F0B4F810BDC0466065FF1FFFFF0000DE
:105D70005865FF1F78C100118C41FF1F10B5024804
:105D800002F08AFF10BDC046D55C00110200F0B5DC
:105D900001270A480A4E51188B1A002B00DCF0BD6F
:105DA000082415784308684038404000805B013C77
:105DB00058406D08002CF5D10132EDE7FFFF0000DF
:105DC00092C10011F0B500250F269D4200DBF0BD09
:105DD0004C5D070944403440A400A0580135784088
:105DE000F3E7000070B50C0088B06B460F26103446
:105DF0000A7801311500120935401D705A700233BE
:105E0000A142F5D120236946024AFFF7DBFF08B023
:105E100070BDC04698C10011F0B54E780B7889B0BE
:105E200036020C00170001901E43012A61D9954BE0
:105E30009E4200D877E001339E421CD1062A17D13A
:105E4000CA788B7812021A430B791B0413434A79E0
:105E500012061A438C4B5A6100221A705A808B4AE0
:105E60005A608B4A9A608B4ADA60002009B0F0BD14
:105E700088225205EEE7884B9E423CD182498B78BE
:105E8000002B00D0F6E00C2A31D10F22A3789343E7
:105E9000E278120213432279120413436279120644
:105EA00013434B60E279A07912020243207A000486
:105EB0001043627A12060243CA60E27AA07A1202A2
:105EC000024376484A81834208D804236E4914224B
:105ED00001980B7005F078FF1420C7E71201D21863
:105EE00089235B059A42F0D801238B70BDE7022A13
:105EF000FAD00523EAE76A4A01239642E6D1FFF782
:105F000005FC052F0CD9E378A2781B0213432279F4
:105F100012041A4363791B061343624A0393136006
:105F200005F0DAFFA1E7584D2B78002B9DD1AB7817
:105F3000002B00D1A0E02B8901339BB20093B34228
:105F400000D091E0132AD4D9CF7C8B7C3F02122160
:105F500020001F43FFF71AFF874200D08EE0002E7B
:105F60003DD1E378A2781B0213432279E968120439
:105F70001A4363791B06134303930A228B4212D1FF
:105F8000FF23A370E370237163716B89002B09D128
:105F9000E37B227C1B0212041343A27B13431B09E5
:105FA00001336B8100226B89002B8ED0002A67D1D0
:105FB000686837013818000B6B690003039098423A
:105FC00005D9686105F030FDEB780133EB70686846
:105FD0001022A11C381805F05FFF2E8145E76F895C
:105FE000009A7B1E9BB293423AD1E278A3781202C8
:105FF0001A43237905A81B04134362796C681206BF
:106000001A43EB6800920392211D0C22049305F0C1
:10601000DBFE0120260004A940421036FFF7E2FE15
:10602000013F012F17D1009A0B232861824200D033
:106030004CE704221C49200005F02EFF042203A98E
:10604000686805F0C1FCE968039AFF23914200D11A
:106050003CE7F73B3AE73100FFF7C4FE1036DFE7D5
:106060000923B742A4D831E7009BB34200D9FCE62C
:1060700007232BE7022329E7032327E7062325E746
:106080000A2323E7FFFE00000042FF1F000001116A
:10609000FFFF00005048593601FF0000FFFF0011CC
:1060A00002FF000034F000400C42FF1F10B5034C0B
:1060B0000B000122210000F06BFA10BD6D6200118F
:1060C0000B8870B506000D000224162B11D92B0089
:1060D0000322094900F05CFA041E0AD1074B2A8802
:1060E0001B88191C934200D9111C300089B200F0A2
:1060F000EDFA200070BDC046996200117E65FF1F59
:1061000010B54A780400013A0B000220012A07D892
:106110000A78002A04D005222000024900F038FA4B
:1061200010BDC046C76200110A7810B50B0004000C
:106130000220002A04D007222000024900F028FA99
:1061400010BDC046736300110A7810B50B0004003F
:106150000220002A04D009222000024900F018FA87
:1061600010BDC046D963001110B5034C0B000B22C3
:10617000210000F00DFA10BD0964001110B5034CA8
:106180000B000D22210000F003FA10BD7B6400110A
:1061900010B5034C0B000F22210000F0F9F910BDDF
:1061A000D56400110A7810B50B0004000220002A03
:1061B00004D011222000024900F0EAF910BDC046C7
:1061C000E5640011002310B51322190000F0E0F976
:1061D00010BD000010B5034C0B001722210000F089
:1061E000D7F910BD37650011002310B51922190029
:1061F00000F0CEF910BD000010B5034C0B001B22BF
:10620000210000F0C5F910BD71650011F7B5848952
:106210000D0006000121002C22D000238268D356F5
:106220001778002B1EDA0C2C1AD90C3CA4B21319C7
:1062300040880093230002F090FE431E98410130F5
:106240007B06DB0F6B703F23013C1F40A4B228701C
:10625000AF70AC80002C07D0B3680133AB60002175
:106260000800FEBD0020EBE7AC60F8E70B78037098
:106270004B8843704B881B0A83700B79C3700420D2
:1062800070470420022B06D10020537811781B029E
:10629000009A0B43138070470B8803700B881B0A0E
:1062A0004370022070470420009983420AD153783A
:1062B00010781B0203430B80D37890781B020343B2
:1062C00000204B807047F8B50D004B780124002169
:1062D000461C03702B788B4201D82000F8BD6B78E8
:1062E000B01C4F1C012B10D1890069184B88022269
:1062F00033704B88B9001B0A7370691805F004FEEF
:1063000004360434A4B2F9B2E4E7122359436B18FB
:106310005A88043132705B8810221B0A7370691826
:1063200005F0F2FD12361234ECE770B5049D14004E
:106330001E00052B01D8042070BD637812781B0263
:1063400013432B80E378A2781B02134302226B8055
:106350002A71211D681D063E05F0D6FDB2B22A81C4
:10636000E92AE8D82800A11D0A3005F0CDFD00205B
:10637000E2E7002310B50A789A4201D8900010BDD8
:106380009A008A185488013304705488DBB2240AB6
:106390004470948884709288120AC2700430EAE7CC
:1063A00010B51100029C062B04D004201022142BDF
:1063B00001D010BD022222714B7808781B020343E2
:1063C0002380CB7888781B02034363800431601DEF
:1063D00005F09AFD0020ECE710B50C788B780431BD
:1063E0005C43E4B203702200013005F08DFD601CB7
:1063F00010BD0420022B06D10020537811781B0217
:10640000009A0B431380704710B50C000A880231C4
:1064100005F07AFD208810BD70B504000D000498C9
:106420001100012B01D8042070BD16785278120299
:10643000324302800200F13255701470E125002CC5
:1064400000D10C35023B9AB24280AA42EBD802310D
:10645000043005F059FD0020E6E70420009983424E
:106460000AD1537810781B0203430B80D3789078BD
:106470001B02034300204B80704710B50C000A88B4
:10648000023105F041FD208810BD000070B50121EA
:106490001E000420049C0E400B4218D1CB40DDB2FC
:1064A0008D4214D90A49DBB2098899420FD32300DF
:1064B000EE331D703300580011184978165C09023C
:1064C000314301332152D9B28D42F4D8002070BD3E
:1064D0001842FF1F10B50C000A88023105F014FDA8
:1064E000208810BD10B50C788B7804315C43E4B281
:1064F00003702200013005F007FD601C10BD10B5CF
:1065000011000298032B01D8042010BD1478527892
:10651000043B120222430280CA788C781202224382
:1065200042809AB28280EB2AEED80431063005F020
:10653000EBFC0020E9E710B50C000B8803700B881A
:106540001B0A43704B8883704B881B0AC3708A8870
:106550000430063105F0D8FCA088043080B210BDAC
:106560000420012B03D100201378009A1370704788
:1065700010B50C000B8803700B881B0A43704A8807
:106580000230043105F0C0FC6088023080B210BDDA
:10659000F0B589B003931D4B029242000700D05A18
:1065A000019102F022F81325061E2CD0029B012433
:1065B0000370019B002B04D0001903999847001920
:1065C00084B26B461B7A5BB2002B0FDA10213800C5
:1065D00002F01CFB1925002812D130003219E1B25B
:1065E00002F070FC051E0BD10C34A4B2042305A9E3
:1065F00038000B800C814E6001F0B2FD051E02D008
:10660000300005F051FA280009B0F0BD7C65FF1F8D
:1066100070B505000C0000280CD00020814209D084
:1066200010222000044905F06FFC01202B78237311
:106630006B78637370BDC046D8C10011F0B5060019
:106640000D0017001C0085B002291BD00020102966
:1066500007D1022B07D0102B03D115E00020102CFE
:1066600008D005B0F0BD69463800FFF7D1FF2A0019
:1066700069460BE069463000FFF7CAFF2200694611
:10668000380004E0022BE9D12A003900300005F07F
:10669000FBFBE6E7031CF02800D9F02303200849A0
:1066A0009AB2013A0B80D317034006499B189B10FE
:1066B0000B80D30F04499B185B100B807047C046BA
:1066C0001C42FF1F1A42FF1F1842FF1F034B1B886B
:1066D0008B4202D3024B4000C15270471C42FF1F45
:1066E0007C65FF1F014B4000185A70477C65FF1FF7
:1066F0001722014B1A8070477C65FF1F70B505009B
:106700000E2005F0E1FB041E13D0D02303700023FC
:106710000622837007494570033005F0F5FB064BF0
:106720002100DA8A62811B7E2373044B187805F0FE
:1067300033FB70BD9865FF1F8865FF1F6C42FF1F0C
:10674000262803D8024B4000C05A70470148FCE796
:106750001E42FF1FFFFF000070B506000C00094D30
:106760001C220021280005F037FA074B1E70074B4A
:106770001C7005F009FC0123002801D00023122021
:106780002B7070BD8865FF1F6C42FF1FA965FF1F3E
:1067900070B505000D4C0800E260A16010220021D8
:1067A000656005F051FA012803D11021A06802F0BC
:1067B00061FD10220021280005F046FA012803D1CE
:1067C0001021606802F056FD70BDC0468865FF1F4D
:1067D00070B5041E05D1002903D006220D4805F02E
:1067E00093FB0D4B1D78012D11D1002C05D10222F8
:1067F0001A7005F059FB280070BD00221A70074B73
:106800001B78FF2BF7D02000FFF778FFF3E7002578
:10681000F1E7C0469865FF1F8865FF1F6C42FF1FA8
:10682000030010B5002801D1002010BD00780B4AEC
:10683000002803D15988D1821B7913761378022B53
:10684000F2D10023984200D103331370044B1B781C
:10685000FF2B01D0FFF752FF0120E6E78865FF1FFD
:106860006C42FF1F002911D000280CD04B79012861
:1068700003D140225242134303E03F221340032836
:1068800002D001204B7170474022F4E70800FAE77C
:1068900070B5094D0100287800280BD0074C06225E
:1068A000200005F031FB21002878FFF7DBFF2000F6
:1068B00005F02AF970BDC046A865FF1F8265FF1F5D
:1068C00000290AD0012808D13F224B799343C02BDD
:1068D00003D0403B5A425341981C704770B5174D46
:1068E00006002B78FF2B15D00A2005F0EDFA041EC8
:1068F00010D0D0230370C83B8370114B11491B7813
:106900004670C3700622043005F0FEFA2100287894
:1069100005F042FA0C4B1B78012B0DD10B4B1B6879
:10692000002B03D09B68002B00D09847084B042114
:106930001878084A05F018FA70BDC0466C42FF1F6F
:10694000A865FF1F8265FF1FA465FF1FD065FF1F9D
:10695000D465FF1F60EA0000014B98687047C0468D
:106960008865FF1F014BDB68186870478865FF1F4B
:10697000074B10B5DA68136801331360054B1878BC
:10698000FF2803D08021C90105F076F810BDC0466C
:106990008865FF1F6C42FF1FF7B50E0002F0CAF8B2
:1069A000051E1CD00E4B06621F78002F00D1077801
:1069B000AB791020019305F087FA041E0FD0D02385
:1069C0000380C73B8370019BE91DC370062204301E
:1069D00005F09AFA21003800E66005F0DDF9F7BD10
:1069E0006A42FF1F014B18787047C046A865FF1F19
:1069F000054B002805D1054B1A78054B002A00D11C
:106A0000014B18007047C0469865FF1FA865FF1F1F
:106A10008265FF1F014B58687047C0468865FF1F9D
:106A2000024B1868431E9841C0B27047AC65FF1F07
:106A3000421E03000120152A03D9FF3B5A4253414D
:106A4000D8B27047F0B51C0000230E0085B003904B
:106A500002920B70029A934201D3002019E0E55C88
:106A60005A1CD2B2002DF8D0029851198142F4DCA0
:106A70000233DFB2A35C18000193FFF7D9FF0028AF
:106A800007D0013D019A0399EBB233708A4202D1DB
:106A9000E01905B0F0BDDB19DBB2DBE710B50C0087
:106AA00002F0A0F803001220002B03D02100588828
:106AB00005F07AFA10BD000070B50E4D84006359E0
:106AC000002B15D0186A002801D005F0FDF82B59CD
:106AD000586A002801D005F0F7F82B59986A002869
:106AE00001D005F0F1F8285905F0EEF800232B51FC
:106AF00070BDC046B865FF1F1C4B70B504000E008A
:106B0000150099420AD11A4B1B68002B01D11220A3
:106B100070BD1B68002BFAD09847F9E7154B9942D6
:106B200015D1134B1B68002B0AD01B68002B07D014
:106B30009847002804D1104B1C70104B1D70E7E7DC
:106B400029002000FFF7AAFF0028E1D1F3E70800A1
:106B500001F0F0FF0028DAD003780320A342D7D158
:106B60002900300005F020FAD2E7C046FEFF000001
:106B7000B465FF1FFFFF0000B165FF1FB065FF1F79
:106B8000F7B50400808801F0D5FF0025A84203D0A6
:106B90000578A08802F00AF81C4E3378002B1FD02D
:106BA000AB421DD11A4B28001978FFF777FF002858
:106BB00018D000233370A3790820A778A688019302
:106BC00005F082F9011E0DD0D0230370CA3B8370FB
:106BD000019B477086808371280005F0DDF801E095
:106BE000002DE8D1A0880B4B8200D358002B01D098
:106BF000FFF762FF1721A088FFF768FDA08801F06A
:106C00002BFDA08801F002FEF7BDC046B165FF1F55
:106C1000B065FF1FB865FF1FF0B587B01D000CAB56
:106C20001B88070001930DAB1B88142002930EAB49
:106C30001B88160003930FAB1B880091049310ABC5
:106C40001B88059305F040F9041E1AD0D023037069
:106C5000CB3B47708370C670062229000430002D9C
:106C600011D005F051F9019B21006381029B00982E
:106C7000A381039BE381049B2382059BA37405F0FE
:106C80008BF807B0F0BD04F0A7FFECE7F7B5009371
:106C900008AB1B8807000C200D001600019305F0BF
:106CA00013F9041E13D0280001F044FF00280FD070
:106CB0000078D0232370C93BA370009B210023815F
:106CC000019B6770A580E680638105F065F8F7BDDC
:106CD000014B1878EDE7C0466C42FF1F13B5040066
:106CE00064890389C2888188C0780094FFF7CEFF49
:106CF00013BD000010B5044C2068002803D004F038
:106D0000E3FF0023236010BDBC65FF1FA122F0B587
:106D1000818892004A43384B384F1B6889B09B18D2
:106D20009D2292009B18827904001A603B68002B18
:106D30005FD01D78324B1B68002B04D05B68002BA2
:106D400001D000209847260008363100E079FFF78F
:106D5000B7FD237DE0710200E0780493638A290087
:106D60000393238A0293E3890193A388009333005A
:106D7000FFF752FFE378002B0BD1E289A379A188BA
:106D800002920196E27928000092012201F0DCFED5
:106D9000E0703B68002B20D0FFF7ACFF194D28783E
:106DA00000281AD0184B1978FFF778FE002814D065
:106DB0002B780820A788E678079305F085F8011E50
:106DC00009D0D0230370CA3B4670837087808671D8
:106DD000079804F0E1FF00232B701721A088FFF72C
:106DE00075FCA08801F038FCA08801F00FFD09B007
:106DF000F0BD064B9DE7C0463409FF1FBC65FF1F71
:106E0000D065FF1FB165FF1FB065FF1F6C42FF1FFC
:106E1000F8B5070008000E0001F08CFE041E18D023
:106E20002620FFF78DFC051E00D12578062005F0F1
:106E30004BF8041E0DD00021062204F0CDFED02315
:106E40002370C23B21006770A370A680E8B204F0F3
:106E5000A3FFF8BDF0B585B001930AAB1B7807001E
:106E600002930BAB1B7808000D000092039301F016
:106E700061FE061E22D0102005F026F8041E1DD04B
:106E80001022002104F0A8FE2620FFF759FC00285C
:106E900000D13078D0232370C13BA370009B210028
:106EA0002372019B67706372029BA580A372039B90
:106EB000C0B2E3720C9BE36004F06EFF05B0F0BD5E
:106EC000F7B50D00019001F035FE071E1FD00E2012
:106ED00004F0FAFF041E1AD02620FFF731FC061E2C
:106EE00000D13E78D0232380C53BA370F91D062234
:106EF000E01C05F009F8019B2100638101232B4070
:106F0000AD07ED0F23736573F0B204F045FFF7BDD5
:106F1000F0B585B0029010000D0017000A9E039393
:106F200001F008FE041E31D0029B002B2ED1039BE2
:106F300002795B0724D5122313430422002E08D1C3
:106F40000B99002905D10C99002902D10D9900292E
:106F50001AD01A430D9B2271002B00D0C9E0002EDD
:106F600000D1CFE0002D00D0CCE0606A002801D035
:106F700004F0AAFE1C21300005F02EF8606205E046
:106F800002239A430E33D7E793432371654BBA002C
:106F9000D458002C00D1AAE0002E10D0236A002B78
:106FA00003D11C2004F070FD20625E4BBA00D35860
:106FB000186A002803D01C22310004F0A5FF0C9BA6
:106FC000002B12D0574CBB001D596B6A002B03D10C
:106FD000162004F059FD6862BB00E358586A002887
:106FE00003D016220C9904F08FFF0D9B002B11D0BB
:106FF0004C4DBC006659B36A002B03D1142004F039
:1070000043FDB0622B59986A002803D014220D99D1
:1070100004F07AFF380001F08DFD051E67D0414B6A
:10702000BA00D358002B62D01A6A3420002A00D14B
:107030001C389A6A002A01D0143080B20B9A002AB8
:1070400001D01C3080B25B6A002B01D0163080B2B8
:1070500004F03AFF041E4AD01822002104F0BCFDBF
:107060002620FFF76DFB0190002801D12B780193BA
:10707000D0232370029B200063700A23294EA37043
:10708000039BBD00A371AB59A780196A1830002972
:1070900005D01C22A06004F037FF20003430735963
:1070A000996A002907D0030014221433E060029388
:1070B00004F02AFF02980B9B002B08D003001C222F
:1070C0001C330B992061029304F01EFF0298735940
:1070D000596A002903D01622606104F015FF6B463F
:1070E0002100187904F058FE3800FFF7E5FC05B0E0
:1070F000F0BD10220D9B0D991B69A018236204F0AE
:1071000003FF2CE70B9B002B00D13FE7012D00D0A4
:107110003CE7606A002801D004F0D6FD1C210B98E2
:107120002AE7C046B865FF1F10B5044C2068002848
:1071300003D004F0C9FD0023236010BDAC65FF1F20
:107140000B4B07B51A68002A01D100200EBD694615
:10715000531C012012780731FFF774FC0028F4D08B
:1071600002780123100018401A42EED0EEE7C04624
:10717000C865FF1FF0B51F4F01203B6887B0002B8B
:1071800025D09B78059300F0B3FB002821D00A207E
:10719000FFF7D6FA04000B20FFF7D2FA164B0500D2
:1071A0001E78731E9E413B68F6B2191DD878FFF712
:1071B00059FB3B682900DA7A043303929A790193E8
:1071C0000292009033002000059A04F00DFE07B0F3
:1071D000F0BDFFF7B5FF002805D00620FFF7B0FA95
:1071E00004000720D8E70820FFF7AAFA04000920C6
:1071F000D2E7C046AC65FF1FA865FF1F70B50A4EF9
:10720000040033780D00FF2B0DD0042004F05CFE49
:10721000011E08D0D0230370CE3B45708370C4702C
:10722000307804F0B9FD70BD7C42FF1F70B50400DA
:1072300006200D0004F048FE011E0AD0D023037082
:10724000CD3B8370054B44701B688580187804F033
:10725000A3FD002C01D0FFF767FF70BDAC65FF1FD9
:10726000F8B5264F06003B680D001124002B05D110
:107270000522234B1B78134202D112242000F8BDB3
:10728000204A10241268002AF8D01278002AF5D07B
:10729000DB0719D52B789A1E012A1AD80C2004F086
:1072A000F3FB132438600028E8D000230A2243703F
:1072B00029000670023004F027FEFFF75BFF041E72
:1072C0000AD0FFF731FFD9E700F012FB0028E1D127
:1072D000E4E7002BE2D0D0E70B4B1B78032BCDD19A
:1072E0001D20FFF72DFA094B18800028C6D0084B47
:1072F00004211878074A04F037FDBFE7AC65FF1F8B
:10730000A965FF1FC865FF1FA865FF1FA665FF1FB2
:10731000D465FF1F60EA0000F7B50193194B140014
:107320001A78052306000F0012201A4221D00129E5
:1073300020D1154B1D68002D1BD002201F2C18D802
:10734000002C02D0019B002B13D0104B1F221E706B
:107350006E1C0021300004F03FFC01992200300037
:1073600004F0D2FD310020002C70002F06D004F074
:1073700073FCFEBD064B12201D68DCE704F054FCD4
:10738000F7E7C046A965FF1FC865FF1F7C42FF1FC6
:10739000C465FF1FF8B50F4E12243368002B17D0B9
:1073A0001B780F3C834213D100250B4F0221387804
:1073B00004F092FB094B042138781D8004F08CFB0B
:1073C000074B28001D8033685C7004F035FD040015
:1073D0002000F8BDAC65FF1FD465FF1FC065FF1F0F
:1073E000A665FF1F70B5012823D11B4C2388002BF5
:1073F00003D01A4A1578002D07D0194B1B68002BB3
:1074000002D01878FFF7C6FF70BD3B2B02D93C3B7A
:107410002380F9E7134E0221307804F05DFBFA2255
:107420002388920002215A43307804F0EDFA258037
:10743000EAE70B4B1B68002BE6D00B4B1B785B0776
:10744000E2D5084B0221187804F046FB0022024BDB
:107450001A80FFF769FED7E7C065FF1FA465FF1F0D
:10746000AC65FF1FD465FF1FA965FF1FF8B51E4D52
:107470002868002803D004F027FC00232B601B4E53
:107480003068002803D004F01FFC00233360184F3D
:1074900005243B7818002040234221D0154800F0F5
:1074A0002BFA3B78234213D0202004F0EDFA286019
:1074B000002813D02022002104F08EFB202004F0AD
:1074C000E3FA041E306005D02022002104F084FB82
:1074D000002004E0286804F0F7FB2C601320F8BDBE
:1074E00000F00AFAF4E7C046C865FF1FC465FF1F35
:1074F000A965FF1F7042FF1F10B50A4C23681A1EB2
:107500000ED0002808D10130587004F095FC0028F6
:1075100005D02368002B02D00021FFF787FE01224F
:10752000100010BDAC65FF1FF7B5274E050033688E
:107530000191181E21D05C78244F012C30D1FFF727
:10754000FFFD002825D02000FFF7FAF804004128AD
:1075500014D91F4B022118781E4A04F005FC1E4B5B
:107560003C3C1C80022233685A703B78002B14D1BB
:1075700028000199FFF75AFE0120FEBDFA22920071
:107580004243002AEED0124B0221187804F03CFA54
:10759000E8E7FFF7D5F80200F3E700233B70EBE7DD
:1075A0003B78002BE8D1032004F08EFC011E08D0AC
:1075B000D0230370CC3B457083703368187804F097
:1075C000EBFBFFF7B1FDD7E7AC65FF1FA465FF1F1D
:1075D000D465FF1F60EA0000C065FF1F10B51749A2
:1075E000838802008B4220D011D815498B4217D0D6
:1075F000144900205B1899B2012907D892681178C4
:107600005A425341D8B2FFF7F9FD012010BD0E4A8E
:1076100000209B1807229BB29A424041C0B2F5E776
:1076200083681878FFF768FFF0E7836899785A78DD
:10763000090218781143FFF777FFE7E70A200000F7
:1076400006200000F8DFFFFFAFDFFFFF014B1870DF
:107650007047C0467D42FF1F10B5064C207001F0F8
:1076600045FA207804F080FC0521207800F068FDC0
:1076700010BDC046D465FF1F0BB273B50D00002BC3
:1076800000DBC4E0884B187804F00EFB041E0ED01B
:107690000378912B0FD0A22B00D1A1E0834B187857
:1076A000FF2852D0210004F077FB00284DD1802024
:1076B0000002684076BD43780F2B76D013D8052B97
:1076C00070D00E2BEAD18088794B98422BD8794B19
:1076D00098421BD8784B9842E0D1A3681878591C7F
:1076E000FFF776F838E03E2BD8D18378032B74D09F
:1076F0006CD8012B6ED0022BD0D1704B1B68002BA5
:1077000023D05B68002B20D098471EE06C4BC0183C
:107710000C28C3D804F0D8F91DC2C2150BC20B0B3C
:107720000B3223C23C00674BC0180728B6D8664B03
:107730001B68002B09D01B68002B06D0200098473F
:107740000AE0A3681878FFF7C9F8200004F0ECFB02
:10775000ADE7A068FFF764F800289FD0F5E7A368BD
:107760001B78002BF1D0554B1B68002BEDD01B680C
:10777000002BEAD0210055489847EDE74F4B1B6896
:10778000002BE2D01B68002BDFD021005048F3E72C
:10779000504B1B68002BD8D05B68002BD5D0210044
:1077A0004348E9E7FFF7ECF9CFE780884A4B984276
:1077B00003D04A4B984200D070E7464B1B68002B21
:1077C000C3D05B68002BC0D02100D5E7153B012B4F
:1077D000BBD963E7FFF79AFAB7E7FFF77FFAB4E799
:1077E0003F4B1B78042B07D100236A461380017995
:1077F000408800F0CBFCA8E7364B1B68002BA4D0D8
:107800005B68002BA1D00100364898479DE7012412
:1078100021420AD0294B1B68002B04D05B68002B47
:1078200001D000209847012043E78B070AD5264B5B
:107830001B68002B04D05B68002B01D02000984708
:10784000022036E70421280008400D4200D131E72C
:10785000254E3388002B21D0013B9BB23380002B77
:107860001AD1FFF7DDF800280AD0204B1C70164B08
:107870001B68002B04D05B68002B01D020009847C8
:10788000FFF7C8F8694601F00CFD6846FFF700F8FD
:107890001D20FEF755FF308004200AE7024B1878C0
:1078A00004F01AF9F8E7C046D465FF1F7D42FF1FB8
:1078B0000E2000000120000009100000CC65FF1F11
:1078C000FEDFFFFFAFDFFFFFD065FF1F0C200000D2
:1078D0000B200000B465FF1F0D20000013200000E6
:1078E000A965FF1FFFFF0000A665FF1FA465FF1F1E
:1078F00010B501F09FF910BD014B18607047C046EC
:10790000D065FF1F0B880020162B01D817230420F9
:10791000014A13807047C0467E65FF1F00207047F4
:10792000074A03001188814207D0918800209942BC
:1079300002D101308000101870470020FAE7C046DD
:10794000DC65FF1FF0B58F7806000D00C5B01E2F57
:1079500015D1FFF7E5FF051E03D10024200045B037
:10796000F0BD00223B003100C078009200F0B8FB6F
:107970000400A81C00F0D8FBFF23EB70EEE7264BB9
:10798000062403931B78FF2BE8D0182FE6D87B083A
:10799000224A013BDB0002929A589446002ADDD02D
:1079A000029AD3185B68002BD8D00878002802D13F
:1079B0004B78012B02D10624122FCFD107AFAB8811
:1079C000697800976446AA68A047041EC6D1AB78C0
:1079D000029A5B08013BDB00D318390030005B687A
:1079E0009847041E0BD1AB78042BB6D0039A310014
:1079F00010782200009700F073FB0400AEE76A786D
:107A0000002AABD1AA7805A93B88087130000A701A
:107A10004B80FEF74BFBA0E78042FF1FE8C100113F
:107A20001D4B37B5050098420BD000290AD1FFF74E
:107A300077FF002805D11948FFF772FF002800D012
:107A4000058037BD01291AD1FFF76AFF041EF8D05F
:107A500001235B420380A378FF2BF2D0FE2B07D0DB
:107A60000023E0781422009329001E3300F038FB35
:107A7000A01C00F059FB01235B426380E1E702296F
:107A8000DFD1013901F0C2F80028DAD12800FFF770
:107A900047FF041EDFD1D4E7FEFF0000FFFF000018
:107AA000022210B5074B52421A80074801325A8011
:107AB0009A80DA8000F084FA044801F029F8002066
:107AC00010BDC046DC65FF1F45790011217A001109
:107AD0000388F7B50400002B02D102252800FEBD63
:107AE00042680221137825485268FEF7A7FD002856
:107AF0002ED0234F01253A88002AEFD080232188F9
:107B00005B0201259B1A9942E8DC0C2003F0BCFFC4
:107B1000061E31D03B8822889C4600231800019520
:107B200061469DB2491989B2AA421BD8002801D0EA
:107B300062443A8000233000082208C0210004F08B
:107B4000E3F9104A1368002B13D100251660C5E72E
:107B50006268022113780C485268FEF76FFD002816
:107B6000C7D1BAE760681D0140194181013301980E
:107B7000D6E71A001B68E6E71325AFE756C20011E7
:107B80007E42FF1FD865FF1F54C20011014B1870C1
:107B90007047C0468042FF1F14230A0010B51A40E8
:107BA000194204D00122102101F04CF810BD4B06FF
:107BB000F9D4C843022340001840F7E710B5140079
:107BC0008B0604D50122102101F03CF810BD0823DA
:107BD0000A001A40194202D14BB2002B0FDA1021D1
:107BE00001F030F8002808D02300F2331B78002B76
:107BF000ECD0F1342378012BE8D10020E6E7032014
:107C00008907FAD4E2E70000F0B51F00184B85B0F1
:107C10001C68019002910392002C27D1200005B02E
:107C2000F0BDA5683301ED186B89019A934211D319
:107C3000029A93420ED8002F04D10A9B002B10D138
:107C40002C00EBE73B002978039A6868FEF7F6FC06
:107C50000028F2D10136B6B2A388B342E1D8246835
:107C6000DAE7A3680A9A5B891380E9E70026F3E75D
:107C7000D865FF1F37B50C000A8849880123914257
:107C800017D3002A15D0651D23792A0002210A483E
:107C9000FEF7D4FC102300280BD0237961882088BC
:107CA00000242A000094FFF7AFFF0A23A04200D06F
:107CB000230018003EBDC04656C2001113B50A008D
:107CC00008884988012388420BD8002809D000245D
:107CD000137905320094FFF797FF0A23A04200D0E2
:107CE0002300180016BD13B50A000888498801232F
:107CF00088420BD8002809D000241379053200945B
:107D0000FFF782FF0A23A04200D02300180016BD0F
:107D1000F0B58BB003904A8808880E000123824298
:107D200013D3002811D00023012704AC23700022B4
:107D3000718813000092FFF767FF05002078002D7F
:107D400006D122780A23002A41D118000BB0F0BDD9
:107D5000002835D12B78022B18D167706A898300EF
:107D60000130E31880005A8069680222201804F06C
:107D7000CBF823780133DBB22370042B19D93B00F5
:107D80006889013080B2002BD1D0DAE7022363701A
:107D9000122358436A89231804305A8069681022D4
:107DA000201804F0B1F823780133DBB22370002BE4
:107DB000E5D10A4A6B899B185A425341DBB2DFE78F
:107DC0006378012BE4D12B78022BC7D0B9E72100CF
:107DD0000398FEF795F90023B7E7C0460100FFFFBF
:107DE0000F4BF0B504001868002816D083685D8931
:107DF000A54207D88288AE18B44203DA12019A1855
:107E0000934201D10068EFE71E005F891036A74258
:107E100004D1002900D00D801800F0BD3300EFE739
:107E2000D865FF1F70B505000C0008880021FFF71A
:107E3000D7FF03000120002B04D022002800197A6C
:107E4000FFF7BCFE70BDF7B50C00002501902300C4
:107E5000EE331B78AB4201D800200AE06B00E65AF3
:107E600000213000E718FFF7BBFF002802D1268071
:107E70000130FEBD017A0198FFF78EFE002802D086
:107E80003B882380F5E70135EDB2E0E710B504004B
:107E900008880021FFF7A4FF03000120002B03D076
:107EA0002000197AFFF778FE10BD0000054B1B6813
:107EB000002B01D1180004E09A6852898242F6D161
:107EC00098887047D865FF1FF0B50E27002687B049
:107ED000039302ABFF183E8005001F4B408914003E
:107EE000984207D02B78013000976A6880B2FFF77C
:107EF0008BFE060002212B7818486A68FEF79EFB6D
:107F000000280FD06C892000FFF7D0FF002802D096
:107F1000013C0419A4B2039B002B00D01C8030004C
:107F200007B0F0BD02212B780D486A68FEF786FB8A
:107F30000028E7D102212B780A486A68FEF77EFB09
:107F4000002807D0002EDED03B88A342DBD1748905
:107F5000013CDFE76C89DEE7FFFF000056C200113D
:107F600054C2001152C2001110B50C00FFF7D8FC2A
:107F700003000220002B0AD0002C00D023609B7845
:107F80001720FE2B03D00138FF2B00D1002010BD9D
:107F900073B50D0001A904001600FFF7E5FF1728CF
:107FA00005D0002E04D129002000FEF725F976BD6A
:107FB00001221021200000F045FE0028F3D0F6E752
:107FC000014B18607047C046E865FF1F37B56B4628
:107FD0009D1D010004000222280003F0F5FE2B88FD
:107FE000B02B0ED12379122B09D12300FA331B7841
:107FF000012B06D10121608800F0E0F801E01B2B85
:10800000F8D037BD10B5054B0421187000F098F872
:10801000FFF746FDFEF76CFB10BDC046EC65FF1F89
:108020000020F0B50BB20F0087B0834234DA274B43
:10803000187803F039FE051E2BD00378A02B25D12C
:1080400003AE3100FEF7E2F8041E0BD1B378DB0774
:1080500024D51F4B06341B68002B03D031006888E1
:1080600098470400A868002801D003F01DFD002CEB
:1080700008D1184A039B1340174A934206D0B3789D
:108080001B2B03D00121688800F098F8280003F02A
:108090004BFF80200002784007B0F0BD0F4B1B68FB
:1080A000002B10D0310068889847041EDAD073780E
:1080B000002BD7D1B27801A90A704B800C71688867
:1080C000FDF7F4FFCEE70624F1E7C046EC65FF1F9D
:1080D000E465FF1F00FFFF0000011200E865FF1FBD
:1080E000F7B50190FC200D0017001E0003F0ECFE18
:1080F00004001320002C12D0B02320002370089B12
:10810000F4226770658026710830002B08D01900B2
:1081100003F0FAFE2100019803F03EFE0020FEBDB0
:10812000089903F059FDF5E710B5041E06D0007854
:10813000FD2803D803F090FCFF23237010BD00003E
:108140000A1F93B210B504000220032B05D8824009
:108150000020024BD1529B189C7010BD0C66FF1F73
:108160000B8870B5043B04000D000220032B0BD8D4
:108170000121200000F04AFD03001420002B03D051
:108180002900200000F0DEFB70BD000007B51300E1
:10819000034A00920A00012100F02CFC0EBDC046EB
:1081A000C983001107B5019203220092024B0A0015
:1081B000122100F047FC0EBD4784001107B56B4645
:1081C00001AA11800449D88008780633012802D119
:1081D000190003F0A1FE07BDED65FF1F0C4B10B5A4
:1081E00018700023FF210B4A138013819381938021
:1081F000094A53801370517293819372D174D38260
:108200001375517703F000FE00F0FCF910BDC04675
:108210001C66FF1F0C66FF1FEE65FF1FF0B58DB0DB
:108220006B46002003910C229B5E834200DBB1E091
:108230005D4B187803F038FD051E00D1A5E00378EA
:10824000902B00D09EE006AF01004688380000F079
:1082500013FA79680400002900D19DE03B88052BC2
:108260006FD13B89032B1CD905AC200000F0A2F88C
:108270006288172A60D83989131D994231D17968EB
:10828000237804310291D90738D5607800F08EF94F
:10829000071E06D0002303712378012B08D0132B6F
:1082A00023D0A868002800D179E003F0FDFB76E038
:1082B0006288029909A800F0A6F80290380000F040
:1082C0008BF909AA2378387A0192002231000092B2
:1082D000029A00F012F9380000F064F9029B002BBA
:1082E000DFD0300000F080F9DBE70378032BD8D132
:1082F0006288029909A800F0D6F8DEE709AF122BD0
:1083000012D13800029900F0B4F8021EE9D12749D1
:108310008B88002BC5D088792378019761780091EC
:10832000310000F0EAF8BCE700233A003B806178B6
:108330003000FFF72BFFB4E71D4B09AA09936178C2
:10834000F6E7042B02D09A1F012AAAD8174A043B49
:108350009B00995A0029A4D0D218907831003A0095
:1083600000F0ADF800289CD13B88042B03D00121FC
:108370003000FFF723FF012C04D1A868002801D0AA
:1083800003F092FB280003F0CFFD8020039B000246
:10839000434018000DB0F0BD012800D181E7012154
:1083A0003000FFF70BFFEDE71C66FF1F0C66FF1F99
:1083B000010017000B7803704B784370CB788A78F4
:1083C0001B021343438070470A88030002700A8827
:1083D000120A42700A88012A06D14A8882704A88A5
:1083E000120AC2700420704702208242FBD14A88E0
:1083F00004309A704A88120ADA708A881A718A8858
:10840000120A5A71EFE710B50400012082420CD91C
:108410004B780A781B0213432380834206D1CB7822
:108420008A781B0213436380002010BD022BFBD10E
:10843000CB788A781B02134363804B790A791B023D
:108440001343A380F0E70B8803700B881B0A43706B
:108450004B8883704B881B0AC3708B8803718B8891
:108460001B0A4371CB888371CB881B0AC371082018
:10847000704703000120082A14D14A7808781202B4
:1084800002431A80CA788878120202435A804A79D5
:108490000879120202439A80CA798879120202434B
:1084A0000020DA80704710B504000120022A05D1AF
:1084B00000204B780A781B021343238010BDF8B5C7
:1084C000060010200F00150003F0FEFC0400012040
:1084D000002C0ED0A0230C22290023806780201DB1
:1084E000002D07D003F010FD2100300003F054FCF4
:1084F0000020F8BD03F070FBF6E7F7B51E00009012
:1085000008AB142017001D78019103F0DDFC041E58
:1085100012D0A2230370019B47704380099B057111
:1085200046710C220830002B07D0190003F0ECFC38
:108530002100009803F030FCF7BD099903F04CFBD3
:10854000F6E737B5041E0FD04388002B0CD000256A
:10855000C1881323007A172201950095FFF7CDFFFC
:10856000FF2365806372257037BD000010B50C498C
:1085700004004A88002A09D08B89002B05D00020EE
:10858000CB8A0222834201D010BD012213000A20AF
:10859000434300204032C854C81842800472F3E7B5
:1085A000EE65FF1F0023438003707047094B0021D5
:1085B0001A0010B55C88002C06D01C79844203D1C7
:1085C0000A234B43D01810BD01310A330329F1D1DE
:1085D0000020F8E7EE65FF1F10B50400407A03F0B5
:1085E0003BFAFF23637210BD7047043010B580B2B0
:1085F00003F0F2FB002803D00421494203F05CFCA5
:1086000010BD000070B50025104CA0682580A58124
:10861000A580A84202D003F047FAA56000250C4CC3
:108620000C4B606D1D80230058331D70A84202D092
:1086300003F03AFA656500256068002801D003F070
:1086400033FA013508340A2DF6D170BDB466FF1F28
:108650005866FF1FA866FF1F70B5041E09D1054D9F
:108660002880A881A880A868002802D003F01CFAFE
:10867000AC6070BDB466FF1FF0B54B8885B0019348
:10868000002343600A7905000F00022A00D07BE036
:10869000CA88032A17D98B685E7819783602DC7885
:1086A000D8790E4399781B7A24021B020C430343AA
:1086B00053495BBA0B80331D93421ED1042C04D066
:1086C000631F022B0ED9012015E0019A4D4B1201B8
:1086D000D35A002B06D00198FFF7BEFF4A4A136910
:1086E000013313610421B8682E812C80494203F0C4
:1086F000E3FB6860002005B0F0BD434D042C06D0BC
:10870000631F022B0FD9EB680133EB60DBE7019AA3
:108710003C4B1201D35A002B05D00198FFF79CFF68
:108720002B6901332B61374B30000293019B029A76
:108730001B010193002301998C468B521300634463
:108740009C8003939E81FFF750FF039B041E98605B
:1087500016D00421B868494203F0AEFBFA88010044
:10876000043A200003F0D0FB0199029AFB888A5A50
:10877000043B9B18029A8B522B6801332B60A2E7B3
:10878000AB690133AB619EE71E4B0293019B1E0157
:10879000029BF35A002B2DD002998C19A068002857
:1087A00028D0012A26D1FA889B189BB27352A1893E
:1087B000994217D39B1AC018B96803F0A5FB029B16
:1087C000A289F35A934200D07DE700222B81A3882F
:1087D0002B80A3686B60029BF2520B4A53680133F3
:1087E000536070E7084A9368013393600198FFF77C
:1087F00033FF68E7044A536901335361F6E7C04623
:108800001E66FF1FB466FF1F2466FF1F70B5051E9E
:1088100015D10B4C0B4B1880230058331870606D2A
:10882000002802D003F040F96565250050356068E6
:10883000002801D003F038F90834AC42F7D170BDFC
:108840005866FF1FA866FF1FF0B51700A12285B06C
:10885000920001934243394B06001B680C009B18A1
:10886000D933FF331D78FDF73DFF0430854204DD29
:108870003000FDF737FF0430C5B2BD4207D33A00E0
:1088800000213000019B03F087FB05B0F0BD2900FB
:10889000380003F061FA2300C6B250331E70039310
:1088A000019B29006365380003F066FBCBB202939D
:1088B000002B02D0039B01361E700026230050338C
:1088C00003931B78B34204D8606D002831D1002097
:1088D000DBE7029A2800002A04D0013B1000B342D3
:1088E00000D02800F700E719387003F0C5F9786068
:1088F00000280ED03A78019903F006FB019A3B78E4
:108900000136D3180E4A0193D369F6B20133D3610D
:10891000D4E7039B18706065A74205D1084A13206D
:10892000D36A0133D362B0E7606803F0BDF808345E
:10893000F2E703F0B9F800236365C8E73409FF1FC5
:108940002466FF1FF7B50D0007000421686803F0D7
:10895000B3FA2B89040003702B891B0A43702B8800
:1089600083702B881B0AC3702E8902250436F6B249
:10897000F42E15D81B4B9F4214D10C2003F0A4FAFF
:108980001135011E0CD0902303708E3B0371043B04
:108990004380154B8460C680187803F0FDF90025EC
:1089A0002800FEBD5C237B43104AD3180093583344
:1089B00001931B78002B0FD103003200380000997F
:1089C000FFF742FF019B05001B78002BE8D1380020
:1089D000009903F059F9E3E7054A0725536A013383
:1089E0005362DDE7FEFF00001C66FF1F5866FF1F95
:1089F0002466FF1FF0B587B0009017200F00160007
:108A00000193FFF7F2FD1325041E18D00C98031EE6
:108A100002D00199201D9847030AE370052303A99A
:108A2000A070043008812770009866700B804C603D
:108A3000FFF788FF051E02D0200003F035F828005C
:108A400007B0F0BDF0B587B01F000CAB1B780391E9
:108A5000059301210DAB06001C78049200F0D6F8B6
:108A60001425002821D02000FFF780FD0135041EC9
:108A70001BD01149059B0A7803700132D2B2131E34
:108A8000C68001D101231A000B7022713000049BB3
:108A900003990097FFF7AEFF051E09D123002100BF
:108AA0000648074A093303F04FF9280007B0F0BD24
:108AB000002363802370F8E72066FF1F43850011C1
:108AC00030750000F8B505000E00064C064F23680F
:108AD000002B02D03100280098470434BC42F6D164
:108AE000F8BDC046C466FF1FD866FF1F0123064AB3
:108AF0005B425380002313715362044A1360536036
:108B00009360D36013617047D866FF1FC466FF1F70
:108B10000200002310B506499C000859002801D125
:108B2000625010BD0133052BF6D11320F9E7C04682
:108B3000C466FF1F034A5388181A434258414042F3
:108B400010407047D866FF1FF0B585B002930AAB9E
:108B50001F780CAB1B88009008000E000192039355
:108B6000FFF7E8FF05001120002D1BD10E48FFF78D
:108B7000E1FF04001520002C14D006220B99A771E8
:108B8000E01D03F0C1F9019B30002371029B290015
:108B90006371009B66802370039B6562E381FFF72E
:108BA00091FF280005B0F0BDFFFF000010B5FFF7F2
:108BB000C1FF04000220002C12D060880121FFF7C1
:108BC00081FF606A002801D003F07EF8282200218E
:108BD000200003F001F8012300205B426380207134
:108BE00010BD000030B5074A074C558801001378C6
:108BF0000020A54204D05B1A59424B415842104014
:108C000030BDC046D866FF1FFFFF0000084A10B500
:108C100001230C00904208D0FFF78CFF031E04D004
:108C2000037923405A1E9341DBB2180010BDC046A1
:108C3000FEFF0000024B1879431E9841C0B27047F6
:108C4000D866FF1F70B504000D001600FFF772FF15
:108C5000002804D10F4B9C4200D0143070BD10236B
:108C60000279416A134000290AD10520002BF5D072
:108C7000897E0C20A9428941494249420840EDE7DA
:108C80000F20002BEAD09207F2D40A38002EEFD042
:108C9000E4E7C046FEFF0000030010B5002800D145
:108CA00010BD0348034A41889142F9D09847F7E73D
:108CB000D866FF1FFFFF0000002330B5C45CCD5C09
:108CC0006C40D4540133102BF8D130BD0F23002257
:108CD00010B5C45C64002243CA54C25CD209013B93
:108CE000F7D210BD0200010010B52032103102F0A1
:108CF000FBFF10BDF0B58DB0059010200793170055
:108D0000069102F0C1FE0190102002F0BDFE019B11
:108D100013240290002B05D000280CD113240198B5
:108D200002F0D2FF029B002B02D0180002F0CCFF11
:108D300020000DB0F0BD102002F0A6FE06001020AD
:108D400002F0A2FE13240500002E00D1B3E000289B
:108D500019D01022002102F03FFF320029000598AF
:108D600002F0C2FF041E0ED133787F2B56D830009C
:108D70000199FFF7ABFF019B1B787F2B58D8029915
:108D80000198FFF7A3FF300002F09EFF002D02D0F4
:108D9000280002F099FF002CC1D1102002F074FECF
:108DA0000600102002F070FE0390002E00D180E03B
:108DB00000287CD03A0001210F32230012110491C7
:108DC00006D013B204930F233B405A4253411BB2C7
:108DD000049A013A1201002B34D0069BD2B29818A3
:108DE0000199039AFFF768FF10220021300002F07A
:108DF000F3FE049D069F013DADB22D017D19AF42EA
:108E000042D0002C33D0300002F05EFF039B002BD9
:108E100000D184E7180002F057FF80E729003000F6
:108E2000FFF754FF28002649019AFFF745FFA2E704
:108E300029000198FFF74AFF28002149029AFFF70D
:108E40003BFFA0E70F2506993D408A1808A8D9B234
:108E50008D4207D9D15C19540133102BF7D1039AF5
:108E60000299BFE7691A4F427941C901F3E7390016
:108E7000300008AAFFF720FF3200059808A902F089
:108E800033FF10370400BAE7002CBCD1300003993F
:108E900008AAFFF711FF320008A9059802F024FF85
:108EA000082204003100079803F02EF8ABE71324E2
:108EB000A9E71324AAE7002800D069E72EE7C046F7
:108EC0005CC20011F0B58BB00F00160002250090B7
:108ED00000283FD0002A3DD00B1DDBB218000293C2
:108EE00002F0D2FD1135041E34D0FDF73BFD050024
:108EF0003A000099201D02F017FFEBB20393E370D4
:108F00002B0CDBB22F0A00936370FFB22B0E237081
:108F1000A7700193FDF720FD1022010006A802F0C2
:108F200003FF2100029A04AB06A8FFF7E3FE051E2B
:108F30000DD1039B08223370009B04A9B370019BE1
:108F40007770F370301D02F0EFFEFDF711FD200089
:108F500002F0BAFE28000BB0F0BDF0B58FB00D00E6
:108F6000149E039004920593002A03D1022420004A
:108F70000FB0F0BD002EF9D00398FFF7DBFD1424ED
:108F8000071EF4D07278337812021A43B3781B04A8
:108F90001343F27812061A43036A0192934201D3F3
:108FA0000133E3D1002D03D03B7901249B07DED5AB
:108FB0000822002106A802F00FFE059B13240433AB
:108FC000DBB21800029302F05FFD051ECFD0059AB8
:108FD0000499043002F0A8FE04223100280002F0B7
:108FE000A3FE3900102210310AA802F09DFE2900CC
:108FF000029A06AB0AA8FFF77DFE041E0FD10822D5
:1090000006A908A802F090FE0822311D08A802F067
:109010003BFF012807D101990398FDF7BDFC28000B
:1090200002F052FEA3E70124F9E7000070B51C4CE2
:1090300005002368181E10D0002D14D11A78002ABC
:109040000CD1981C083202F05FFF02F005FF0135D9
:10905000002808D123681D70012070BD0A33180054
:10906000082202F051FF2368002BF5D0122002F0F5
:109070002BFF061E0DD0C1232168037045700231FD
:109080001022023002F040FF23683100587802F0CD
:1090900083FE206802F018FE00232360DCE7C04650
:1090A0000067FF1FF8B504002020FDF749FB0D4EB7
:1090B000A700BB590500002B0DD000280BD0D87895
:1090C000FF2809D108492A000C55F35907480333F2
:1090D000611802F039FEF8BD290002F06DFE00288B
:1090E000F0D1F8E71C67FF1F0467FF1FF5A200110E
:1090F00070B5064D84006359002B05D0D87802F076
:10910000ABFCFF226359DA7070BDC0461C67FF1FBD
:1091100070B506008CB00C001500002130226846A6
:1091200002F05AFD31001022684602F0FDFD1D20BC
:1091300021000322684402F0F7FD6846FFF7D2FDE4
:109140002D21040003222800694402F0EDFD2000D7
:109150000CB070BDF0B50400170097B001931CABC4
:109160001D7830221EAB00910AA800211E7802F063
:1091700033FD2100102202AC0AA802F0D5FD102216
:109180000021200002F028FD07223900200002F013
:10919000CBFD07220199A01802F0C6FD33005A1E2C
:1091A0009341A3732B005A1E93410021102206A85D
:1091B000E37302F011FD06221D9907A802F0B4FD29
:1091C0001A2006221F99001902F0AEFD1022009904
:1091D0000EA802F0A9FD10230EAA11782078013BF9
:1091E0004140DBB2117001340132002BF5D10AA8E5
:1091F000FFF778FD102212A904000EA802F084FEE9
:10920000102206AB0EA908781D78013A6840D2B248
:10921000087001330131002AF5D10AA8FFF762FD79
:10922000044310222098E4B212A902F07DFD200030
:1092300017B0F0BD70B50E0014008CB00100102204
:1092400068461D0002F070FD3100082204A802F0FB
:109250006BFD2100082206A802F066FD6846FFF7B4
:1092600041FD04001022280008A902F05DFD200045
:109270000CB070BDF8B506000D0000243719AC42E3
:1092800000D3F8BD02F038FD030A3B70631CDBB26B
:1092900001379D4203D90234F054E4B2EEE71C00DA
:1092A000EDE7F7B507000C000225002818D00029CB
:1092B00016D001AE03213000FFF7DCFF3F23B27868
:1092C00031001A400133134338002200B370FFF716
:1092D0001FFF051E04D103223100E01C02F014FE22
:1092E0002800FEBD03785807DA08C00FD2008000BE
:1092F0009B0710439B0F1843C0B2704707230B40D6
:10930000C908C9000B4303707047000070B5040022
:10931000FFF7EEFE134DA4006359002B21D0186A0D
:10932000002801D002F0D0FC2B59986E002801D003
:1093300002F0CAFC2B59D86E002801D002F0C4FC00
:109340002B59186F002801D002F0BEFC2B59586F22
:10935000002801D002F0B8FC285902F0B5FC002327
:109360002B5170BD1C67FF1F0E4B8000C35870B59A
:109370000C00002B0FD09D68002D0CD02B78201DE9
:109380000B706B784B70A97CFFF7B8FF2B7E2372B4
:109390006B69E36070BD10220021200002F01CFC0C
:1093A000F8E7C0461C67FF1F014B18607047C046B6
:1093B0001867FF1F074A03008000825810B5002A73
:1093C00006D0D088984203D1012901D1FFF79EFF32
:1093D00010BDC0461C67FF1FF0B5254E95B0870035
:1093E0000B93BB590500099112200A92002B2FD034
:1093F000D888FFF79FFB04001420002C28D02800F9
:1094000010A9FFF7B1FFBB591E781F6A002E21D0AB
:10941000FDF7E8FA07900020FDF7EAFA0890A57931
:109420003800E61D10AF0CA900F0E2FA0EA93800D2
:1094300000F0D7FA0B9B0A990493089B09980193B3
:10944000079B0396009302950EAB0CAAFFF782FED2
:1094500015B0F0BDFDF7C6FA05003000FDF7C8FAFB
:10946000A37906000793E31D089310A8DBE7C04625
:109470001C67FF1F30B50D4C85002A59030085B0CD
:109480000120002A0DD018006946FFF76DFF2B5907
:10949000D8881B78002B06D0054B6A46072100F0C0
:1094A000DAFB05B030BD034BF7E7C0461C67FF1F72
:1094B000E3990011F199001130B5094C8500295943
:1094C00085B010226846253102F01EFD2A5911216F
:1094D000044BD0886A4600F0BEFB05B030BDC046E4
:1094E0001C67FF1F8D9A001130B5094C8500295962
:1094F00085B010226846353102F006FD2A59112147
:10950000044BD0886A4600F0A6FB05B030BDC046CB
:109510001C67FF1FCB9A0011F8B54D4F8600102035
:10952000F4590D0002F0B0FAF3592062186A1322C0
:1095300000286DD02900033A9C6802F0E5FCF3593D
:10954000197800295AD1227D186A94466646027B12
:109550000F0072400126324201D167463740227D1A
:10956000B2433A432275077BD6B27A40002792076E
:1095700001D4B607F70F0226227D7F00B2433A439B
:109580002275067BD7B272400026B446520702D439
:109590007F07FA0F9446624604269700227DB24365
:1095A0003A432275627D002794466646427B7240AC
:1095B0000126324201D1674637400126627DB2431F
:1095C0003A436275477BD6B27A400027920701D4AE
:1095D000B607F70F0226627D7F00B2433A436275F9
:1095E000407BD6B242400020520701D47607F00FEC
:1095F0000426627D8000B243024362756A78002AC5
:1096000008D06278002A05D005220533DA770022D7
:109610001000F8BD04222879104205D1A07C104228
:1096200002D10533033AF1E720782C78002902D1E2
:1096300002002000140018220428E9D8042CE7D8DE
:1096400005216143034A05335218125CDEE7C04628
:109650001C67FF1F6CC2001110B50A001121024BDC
:1096600000F0F9FA10BDC046279B00110B0030B581
:1096700087B001AD2B806B4604001100981D0822B5
:1096800002F042FC2A000B212000024B00F0E3FA1A
:1096900007B030BD4F9B001110B50A001121024BDD
:1096A00000F0D9FA10BDC046A39B001137B56D4636
:1096B0000B0004001100681C06222B7002F024FC31
:1096C0006A4608212000024B00F0C5FA37BDC046AB
:1096D000C39B001110B50A001121024B00F0BBFA28
:1096E00010BDC046139C00117FB505000B4BAA00AE
:1096F000D4580800002C0FD0666F237FE2882178B1
:109700000396266F0296E66E0196A46E0094FDF70E
:10971000FFFB2800FFF7FAFD7FBDC0461C67FF1F57
:1097200010B51721FFF7E0FF10BD000070B50A006B
:109730000D00064B0221040000F08DFA0600297886
:109740002000FFF7D1FF300070BDC046F39A001132
:10975000F0B587B000236C462370836805001E783F
:10976000701E0A2857D801A902F02EFA06063135D4
:10977000393D4145494D5100180000F040F906239C
:10978000122849D000281AD16888FFF7D3F9082396
:10979000002813D04279002A44D1254B1A78072398
:1097A00012070BD5234B1A680723002A06D0176827
:1097B000002F03D0310001AAB8470300237023789B
:1097C000002B2AD16888FFF76DFC07B0F0BD1800A8
:1097D00000F06CF9D6E7180000F087F9D2E718001E
:1097E00000F093F9CEE7180000F0ADF9CAE71800D1
:1097F00000F0C3F9C6E7180000F0F6F9C2E7180058
:1098000000F0F6F9BEE7180000F013FABAE7180006
:1098100000F013FAB6E70723237021006888FFF7EA
:1098200085FFD2E70523012AC8D1034BBBE7C04619
:10983000A965FF1F1467FF1F1867FF1FF8B52C4F9E
:109840008600F35904000D00002B40D0DA888242D4
:109850003DD15A78062A33D11A78002A2ED0012019
:1098600099681A6A097D014206D0157B054203D02A
:1098700007225A700120F8BD0220014204D0157B56
:10988000054201D00922F4E70420014204D0127BF2
:10989000024201D00B22ECE7164B1B68002BE9D0EB
:1098A0005B68002BE6D020009847BB5900215B780D
:1098B000122BDFD12000FFF717FFDBE70E4BECE7A1
:1098C000112A04D1002900D032252900F2E7002D09
:1098D00008D12000FFF72EF9002803D010230279C9
:1098E0001343037121002800FDF792FAC2E7C04636
:1098F0001C67FF1F1467FF1F1867FF1F70B50E4E10
:109900008500AB590400002B13D01B78002B11D11C
:109910000A4B1B68002B04D05B68002B01D0200091
:10992000984773595B78122B03D100212000FFF771
:10993000DBFE70BD024BECE71C67FF1F1867FF1FC3
:109940001467FF1F094B8000C3581020002B0CD058
:109950001A6A002A09D09B68002B06D0127A1B7E57
:10996000101C9A4200D9181CC0B270471C67FF1F18
:1099700070B503000D0014000220002A30D0002929
:109980002ED013700B78081D53704B789370FFF72F
:10999000A9FCE070012002212B7A23716B7B03402C
:1099A00063716A7B0A401343042263716E7B164025
:1099B000334363716E7BF608F600334363712B7B90
:1099C0000340A371287B014000200B43A371297B36
:1099D0000A401343A3712A7BD208D2001343A37118
:1099E00070BD10B50A0001000120FFF7C1FF10BDD6
:1099F00010B50A0001000220FFF7BAFF10BD70B5D4
:109A000006000C000220002E30D000292ED07378E2
:109A1000201D0B70B3784B70F178FFF76FFC0122BB
:109A20003579257271794B1008001340934010402E
:109A30000343881010408000C9080343C9000B434A
:109A40006373B1794B1008001340934010400343F7
:109A5000881002409200C9081343C9000B4321201B
:109A60002373FCF76DFE854201D2122070BD2220C7
:109A7000257AFCF765FE8542F7D823781820042B59
:109A8000F4D86378012BF1D80020EFE7030010B57C
:109A90000220002909D0002B07D00322481C0A709D
:109AA00019000D3202F030FA002010BD030002222E
:109AB000080010B5002B06D0002904D00E32591C26
:109AC00002F022FA0022100010BD030010B502209F
:109AD000002909D0002B07D00422481C0A70190065
:109AE0000C3202F011FA002010BD10B5FFF7DEFFB6
:109AF00010BD03000220002906D0002B04D005224F
:109B000000200A701B784B70704703000220002B66
:109B100008D0002906D05B7800200B70013B082B91
:109B200000D918307047030010B50220002909D071
:109B3000002B07D00622481C0A7019000A3202F0D6
:109B4000E3F9002010BD10B5FFF7B0FF10BD020013
:109B50000B00022010B500290ED0002A0CD00721DE
:109B60001970118859701188090A99701118082202
:109B7000D81C02F0C9F9002010BD03000A00022021
:109B800010B5002B0CD000290AD09978587809021A
:109B900001431180901CD91C082202F0B5F9002065
:109BA00010BD030010B50220002909D0002B07D0FA
:109BB0000822481C0A701900921802F0A5F900202A
:109BC00010BD02000B00022010B500290BD0002AA6
:109BD00009D009211970117818185970511C0622E2
:109BE00002F092F9002010BD10B5FFF75FFF10BD25
:109BF00002000B00022010B5002A09D0002907D06E
:109C00005178197011180622581C02F07DF90020B5
:109C100010BD030010B50220002909D0002B07D089
:109C20000A22481C0A701900063202F06DF9002061
:109C300010BD10B5FFF73AFF10BD02000B00022067
:109C400010B5002A06D0002904D018005178FFF77B
:109C500055FB002010BDF0B51F00062387B003ADF3
:109C600006000800298101922B80FEF7BEFC132418
:109C7000011E68600CD00198B847041E05D1290068
:109C80003000FEF76DFA041E02D0686801F00CFF88
:109C90003000FFF707FA200007B0F0BDF0B5040070
:109CA0008BB0019115000021102202A801F094FF51
:109CB000334EA700B85900283CD0C388A34239D1FD
:109CC0000378002B36D14278062A18D10200010011
:109CD000553235310C3006ABFFF7ACFA002829D1EC
:109CE0002000FFF72FFE020006A902A802F00CF9DF
:109CF000200002A902F030F901200BB0F0BD816E06
:109D0000002917D00B8A112A28D19D420ED1019823
:109D10001231093A02F0B8F8012807D1BB592000E6
:109D20009D6EFFF70FFE29000200DEE732212000C2
:109D3000FFF7DAFC2000FEF7FDFE061E1BD0416A8D
:109D4000002918D00B8AAB4215D108220198123194
:109D500002F09AF801280ED1716A0AE09D42E9D119
:109D600008220198123102F08FF80128E2D1BB5984
:109D7000996E8A7EB9E7200002F0B6F8BCE7C046CB
:109D80001C67FF1FF0B56E4D87007E5985B0337894
:109D900002900393002B00D085E0B368346A0193EE
:109DA0007078062817D101221B7D134202D0217B37
:109DB000114218D10222134202D0217B114251D10B
:109DC0000422134203D0237B134200D08EE0019B78
:109DD0005A7DEB5982E007380428F8D801F0F4FEE8
:109DE000032E42658600B36E002B03D11C2001F0C8
:109DF0004BFEB066EB599C6E002C1CD0102200214B
:109E0000200001F0E9FE0298FFF79CFD0100200010
:109E1000FFF730FA01F070FF208220000821123095
:109E2000FFF728FA0298FFF78DFDA076EB59210085
:109E3000D888FFF711FC0822EB591CE0B36E002B09
:109E400005D01A00198AF0881232FFF70FFC02229F
:109E5000019B197DEB59114250D0207B10424DD00F
:109E6000073208E0F488FCF7D5FD01002000FFF779
:109E700013FC0A22EB595A705A78073A042A12D86E
:109E8000D888FEF757FE002856D0C3895A08D21842
:109E90002C49029B0298CB549B00EB584118043389
:109EA000294801F051FF05B0F0BDFCF79BFD030010
:109EB0000120834201D100200393EB59DE88FCF797
:109EC00097FD039902003000FFF7F0FB019AEB5970
:109ED000117D0422114218D1019A527D01210A42BA
:109EE00018D0607B084215D00C22C4E7F688FCF736
:109EF00033FD01003000FFF7EDFB68E7042211425B
:109F0000EAD0217B1142E7D0AAE7217B1142E3D0BE
:109F10000B22B0E702210A4204D0607B084201D044
:109F20000E22A8E704210A4204D0627B0A4201D033
:109F30001022A0E712229EE7FA225200A8E7C046AC
:109F40001C67FF1F2067FF1FFFA2001110B5064B03
:109F50001A780423100018401A4200D00348FFF773
:109F600023FA002010BDC046A965FF1F8442FF1FD1
:109F700070B50400FFF7D0FA051E43D12000FFF7AB
:109F800079FA234EA400A0598268937CDB0708D598
:109F90000321036A1B790B40012B02D1017F0B4384
:109FA0000377431DD97F8B1E022B0DD8022900D0C9
:109FB0000121C088FCF784FF042133591A7F5970AE
:109FC0000A431A77280070BD01290CD10223102200
:109FD000437000210C3001F0FFFD30591021353065
:109FE000FFF748F9EEE70529ECD10223D1184370B9
:109FF00010220C3001F088FF04233259117F0B43EB
:10A000001377EAE708251828DCD1053DDAE7C046D2
:10A010001C67FF1FF0B58BB0059143887C4F9E00F5
:10A02000F45915000493002C15D1012902D0002009
:10A030000BB0F0BD101D57781678FFF753F9EB6899
:10A04000320002932B7A0499019300903B00200088
:10A05000FCF700FFEBE7E388049A934201D0082065
:10A06000E6E72378012B00D1D0E0059B581E092894
:10A0700000D9CBE001F0A8FD05CA0A29C8506C85BB
:10A080009AB229000498FFF773FFD1E72000290056
:10A090001022453001F038FFB9594B78042B02D11A
:10A0A000013B4B70C3E70B000A00253335320C31FE
:10A0B0000498FFF791F90498FFF7FEF90522431E73
:10A0C0009841BB59C0005A70B2E720002900102205
:10A0D000553001F019FF049B4D4C9D0029590498FF
:10A0E0000A0006AB55320C31FFF776F929591022D8
:10A0F000453106A801F0C8FE012808D10498FFF7F1
:10A10000F3F90590002804D106222B595A700598BE
:10A110008EE708230593FAE763780C2B76D1E36E7C
:10A12000002B03D11C2001F0AFFCE066BB59D86EB8
:10A1300000286BD01022290001F0E6FEBB590498DC
:10A14000DC6EFFF7FFFB0D22A076BB595A706EE75D
:10A15000E06E00285AD063780D2B57D12B88082247
:10A160000382A91C123001F0CFFEBB599A68517DC1
:10A170000222114226D0186A407B104222D00C32B3
:10A18000E4E763780E2B41D1236F002B03D1162017
:10A1900001F07AFC2067BB59186F002803D0102209
:10A1A000290001F0B1FE0F22BB59CFE763780F2BD6
:10A1B0002CD1206F0622691C103001F0A5FEBB597E
:10A1C0009A68517D0422114203D0196A497B1142D9
:10A1D000D5D100210498FFF787FA28E7606F00289F
:10A1E00008D1143001F050FCBB596067586F00284B
:10A1F00000D134E71022290001F086FE0122BB596C
:10A2000052425B6F1A61E4E72978E3E707200FE722
:10A210001C67FF1F10B5064C207001F0DDFB062106
:10A220002078FDF78DFF0348FEF772FC10BDC04695
:10A230002F67FF1FB593001100200BB270B50D0002
:10A24000834216DA264B187801F02EFD041E0DD03D
:10A250000378922B0ED0A02B37D0224B1878FF28F2
:10A260003AD0210001F098FD002835D1802000026D
:10A27000684070BD43780E2B0BD03E2BEDD1837818
:10A28000052B12D0082BE8D181798088FFF7D6FA08
:10A2900008E0154B82889A42DFD183681878591CF0
:10A2A000FEF7C4FE0028D8D016E0104B1B785B07E1
:10A2B00012D50F4B1B68002B0ED09B68002B0BD0C8
:10A2C000C289811D80889847ECE7FFF741FAA068B2
:10A2D000002801D001F0E8FB200001F025FEC5E7D1
:10A2E0002F67FF1F7D42FF1F18200000A965FF1F79
:10A2F0001867FF1F10B50078FFF712FA10BD10B5F0
:10A300000078FFF7FBFA10BD0C234343084A10B551
:10A310009B185A68002A03D0012901D1904710BD2B
:10A320009B68002BFBD00029F9D19847F7E7C0467E
:10A330004C67FF1F01238340094A10B5946B1C43EF
:10A340009463506B98435063D46B20009843012969
:10A3500001D120001843D063116B0B43136310BD70
:10A3600000800040F0B500240127154B85B0DA6B62
:10A37000144E03921A6C0192DA64019BE3403B4253
:10A3800017D0039DE5403D400295E5B202992800B3
:10A39000FFF7BAFF316A736A002908D03900002B31
:10A3A00001D0029979402800FFF7C4FF01E0002B9B
:10A3B000F9D101340C36172CDFD105B0F0BDC04601
:10A3C000008000403067FF1F064B01215A68C240E1
:10A3D0000A4204D01B68C3401800084070471B6D38
:10A3E000F9E7C046008000400122064B8240002968
:10A3F00003D0D9680A43DA607047D9689143D960BD
:10A40000FAE7C046003800400322424370B50F4DC2
:10A41000AB189C785E780123361B0136B340013BB4
:10A42000A340A140DB430C00122808D8525D084924
:10A4300092005218116819402143116070BD054AFD
:10A4400011680B4023431360F8E7C046B3C2001104
:10A4500008F0004014F00040C21F70B5D4B20623CB
:10A46000092C0BD80125084C9540002908D0002163
:10A47000FFF7CAFF23682B4323600023180070BD39
:10A480002368AB43F8E7C04600380040214BF0B5E5
:10A490001B185B78022B21D1032444431E4A1F4E14
:10A4A000A35C12199478012215008540B76B013C1A
:10A4B000E4B23D43A240B563194C122815D89B0065
:10A4C00000290CD117495B1899680A439A60012347
:10A4D000205C154A834011680B431360F0BD11499D
:10A4E0005B18996891439960F1E70E4B00290DD1F3
:10A4F00059690A435A61225C1328E8D00123203AA3
:10A5000093400A49086803430B60E7E759699143A0
:10A510005961F0E73067FF1FB3C2001100800040AF
:10A52000F8C2001100F00040A0F00040A4F000408C
:10A53000F8B500241B4E1C4D1C4B1B5D012B1FD17D
:10A54000194A9269E2401A420BD00122B256934056
:10A550002200143AD2B2022A09D815494A69134393
:10A560004B61013402360C35172CE5D1F8BD0022C1
:10A57000B2560F499200521891680B439360F0E76E
:10A58000022BEED1E7B23800FFF71EFF012358403F
:10A59000C1B23800FFF77AFF3800FFF715FF687780
:10A5A000DFE7C04685C200113067FF1F3167FF1F1C
:10A5B00000F00040012202388240054B002903D000
:10A5C00059690A435A617047596991435961FAE7D9
:10A5D00000380040F8B50E0001210F008740114AF5
:10A5E0000400D368FD43BB43D360831E8B4201D874
:10A5F000FFF7E0FF00212000FFF72EFF0A4A0B4B78
:10A600005168012E05D139431B1951605E7000203D
:10A61000F8BD2940516002221C1962709A691540E8
:10A620009D61F4E700380040008000403067FF1F64
:10A63000012210B58240074B002906D019680A4351
:10A640001A600121FFF7C6FF10BD19689143196018
:10A65000F7E7C046008000400C2370B50025434357
:10A660000A4A29009B181D70094B04001B185D70D5
:10A67000FFF7B0FF0123A340064928000A681A43E8
:10A680000A6005490A689A430A6070BD4C67FF1F5B
:10A690003067FF1F348000403080004070B50400F8
:10A6A0000E00FF2813D003250540FFF7D5FF084A09
:10A6B000A3089B009B183F22ED00AA40AE401968FA
:10A6C00020009143314319600121FFF78DFE70BDD9
:10A6D00018380040F8B50C244443134B0500E41827
:10A6E0006368002B03D1A3681220002B1AD002222A
:10A6F00001270E4B00215B195A7028002770FFF7C5
:10A7000069FF63681E1E08D0A3683E00002B04D0BA
:10A710002800FFF759FE4640F6B228003100FFF747
:10A7200009FE0020F8BDC0464C67FF1F3067FF1FC1
:10A73000F7B5C420FF222A4B800019580025914309
:10A740003F3A0A431A508022264E5202264F1A6080
:10A75000264B5C5D002C22D0AB1E012B03D80121BF
:10A76000E8B2FFF727FF012C19D11E4B9B69EB4084
:10A77000234214D0EBB218000193FFF725FE01002D
:10A780000198FFF755FF0123FB569C40EBB2143BA9
:10A79000E443022B1AD8164A536923405361337F8E
:10A7A000002B0DD0ECB22000FFF794FF2000FFF744
:10A7B0000BFE737F0100834202D02000FFF7A4FD4F
:10A7C00001350C360237172DC2D1F7BD0023FB56D9
:10A7D000074A9B009B189A6814409C60DFE7C046BC
:10A7E00000E100E03067FF1F85C200113167FF1FE5
:10A7F00000F0004070B50E0015000400FFF72CFFBC
:10A800000C236343094A20009B189D605E60FFF79C
:10A8100061FFF021064B074A8900051E5A5002D0FD
:10A820002000FFF719FF280070BDC0464C67FF1FCE
:10A830000000FF1F65A3001170B5134D07202C7891
:10A84000002C1FD1982221005200280001F07CF931
:10A850000123C420FF222B700C4B80001C635C631F
:10A860000B4B1C605C600B4B195891433F3A0A43F9
:10A870001A50802252021A600D20074A074901F03F
:10A880004BFA200070BDC0463067FF1F00800040BB
:10A89000A0F0004000E100E031A7001131A5001157
:10A8A000F8B50600012826D00B220827164C0123F4
:10A8B0009340164A164DD3677301ED18287C00218A
:10A8C000FFF792FD0021687CFFF78EFD00258023B5
:10A8D000380023732571257025732572656001F09A
:10A8E000C3F9380001F0E8F80A4BAE4207D1EB2279
:10A8F00092009E50F8BD11221927074CD7E7F1228C
:10A9000092009D50F6E7C0460040004004E100E0A0
:10A91000E468FF1F0000FF1F00900040F0B587B003
:10A92000050001F081FB04902800FFF7B9FF012D1D
:10A9300000D17DE00523042708260393444C063309
:10A940000193444B6A019B181A7CFF2A02D15B7C5D
:10A95000FF2B6BD0300001F087F8300001F084F954
:10A960003C4B6A0102936B010593029B02219E18E6
:10A97000307CFFF749FD0221707CFFF745FD39006F
:10A980000027307CFFF78AFE707C0399FFF786FE74
:10A9900027737169049B18114B08C01801F0DCF98A
:10A9A000802327612373030ADBB22371F37EC0B2D5
:10A9B0002070BB4244D01B232373029B6A019B1867
:10A9C0001A7E0123002A3DD08722227263606268CA
:10A9D0007F3313436A0194466360029B63449B7E0A
:10A9E000002B03D002236268134363601A4A002DD0
:10A9F0002AD1EB21194B89005350019B184A9B081F
:10AA00009B009B180322019CC0202240FF24D200FF
:10AA1000944080001958A1438024944022000A43A6
:10AA20001A500123019A93400D4A136007B0F0BDFC
:10AA3000092308270393DB1919260A4C019380E7A1
:10AA40000323B9E72272C5E7F121074BD3E7C046DC
:10AA500000400040E468FF1F0000FF1F411BFF1F74
:10AA600000E100E000900040811BFF1F10B50020B6
:10AA7000FFF754FF10BD10B50120FFF74FFF10BDC9
:10AA8000F0B587B005930CAB1D78174F6E01F35DE1
:10AA9000029002AC112003910492002B1ED1637A24
:10AAA0000C380193002B19D119002022F01901F064
:10AAB0004BF80E4BF31807CC07C39C46624623683D
:10AAC00028001360FFF72AFF0123F355002D07D15B
:10AAD00029000820064A01F01FF9002007B0F0BD48
:10AAE0001920044A0199F6E7E468FF1FF468FF1F84
:10AAF0006DAA001177AA001170B51D0002240C295F
:10AB000010D8094ACA40D2070CD5FBF725FE041E0F
:10AB100008D1059A04992800FBF73AFEFCF7A6FC39
:10AB2000FFF714FA200070BD1210000030B50D7848
:10AB300002232C009C43184201D02B431C00082503
:10AB40002300AB43284201D02B00234320241D00C7
:10AB5000A543204201D01C4325002A230D70184232
:10AB600004D011781E3B0B43137030BD0028FCD17C
:10AB70000C2113788B43F7E7F8B51D0006AB1B8853
:10AB8000140007AA0E000B201778002B27D10A7893
:10AB9000022A49D14A68507811780002244A0843B1
:10ABA0008018042840D801F00FF803121D1B230061
:10ABB000F06801F059F9021CC0B2B84200D93A1C41
:10ABC000D2B22000F1682A8001F09EF906E002224C
:10ABD000F3681B882A8023701B0A63700020F8BD6D
:10ABE0000622EEE701232B80F3681B782370F5E73C
:10ABF000F368002B16D008222A801A8822701A883F
:10AC0000120A62705A88A2705A88120AE2709A88F0
:10AC100022719A88120A6271DA88A271DB881B0A93
:10AC2000E371DBE72B80D9E701202B80D7E7C04613
:10AC300000D6FFFFF7B516000A781D0008AB1F8885
:10AC40000C000123022A18D14A68507811780002BA
:10AC50002B4A0843801803280FD800F0B5FF0225BF
:10AC60004439E06801F000F9C0B20723B84204D3C8
:10AC70007B190193152B02DD0D231800FEBDE06842
:10AC80002A003100C01901F03FF96B4600209B8873
:10AC9000E268D0541B4B1B68834203D01B6883427D
:10ACA00000D098470023E8E70B23002FE5D1022DC1
:10ACB000E2D1737832781B021343E2681380114BA0
:10ACC0001B68002BEED01B68002BEBD00120E8E7BF
:10ACD0000B23002FD1D1062DCED12A003100E06800
:10ACE00001F012F9DEE70B23002FC6D1012DC3D1ED
:10ACF00032787533012AC0D8E3681A70D2E7C046AB
:10AD000000D6FFFF3C69FF1F70B50C001500072837
:10AD100037D800F059FF041436361B36242E18207D
:10AD200015290BD8184E16220021300000F054FFD0
:10AD300022002900300001F0E7F8002070BD182043
:10AD40000229FBD11288114B1A80F6E71820082936
:10AD5000F4D10A000E48290001F036F8EDE718207A
:10AD60000129EBD10B4B10780B49DA69FFF7DEFEB6
:10AD7000E3E718200129E1D1064B10780749DA6B87
:10AD8000F4E70220DAE7C0462469FF1F2643FF1FCD
:10AD90001C43FF1FAC42FF1FD442FF1FF442FF1FA2
:10ADA000030010B50020DB0704D50721024A034841
:10ADB00000F08CF810BDC04610C30011AC42FF1F5C
:10ADC000054A03001068002803D082889A4201D106
:10ADD000806870470068F6E7346BFF1F0A8803003D
:10ADE00008009A4204D08A8804309A4200D0002099
:10ADF0007047000073B50600684615000196018093
:10AE0000FCF766FE041E11D1002D0FD07689002EAE
:10AE100011D00C2000F038FE00280ED0084A046043
:10AE2000136886808560002B02D11060200076BDFB
:10AE30001A001B68F7E70224F8E71324F6E7C04678
:10AE4000346BFF1FF8B5F22200230D4F0D4E7968C9
:10AE5000050042433370994200D07B600A4C0021C8
:10AE6000200000F0B9FE00231A007C609D4201D151
:10AE70003570F8BD01332280DBB2F234F6E7C0460C
:10AE80002C6CFF1F2A6CFF1F386BFF1F0121002253
:10AE90000A4B10B549420A4C198099809A719A70F0
:10AEA000084B2070012019805A60FFF7CBFF2078F3
:10AEB000FCF76CFE0448FDF72BFE10BD4469FF1F34
:10AEC000346CFF1F2C6CFF1F79AF0011022310B5EB
:10AED000002802D0FFF78EFF0300180010BD00000D
:10AEE000030010B50020DB0704D50421024A034803
:10AEF000FFF780FF10BDC04624C300112C43FF1F85
:10AF0000F0B50E2687B003930CAB1F8802ABF61882
:10AF10000500080031000292FCF762FF04000120E6
:10AF2000002C0FD03088FFF74BFF03000E20002BC2
:10AF300008D05E68002E05D021002800039B029AED
:10AF40000097B04707B0F0BD0A4B10B5984207D143
:10AF50000122002352420A808B708A808B7110BDBF
:10AF6000FFF73CFF0028FAD001235B420380002357
:10AF70008370F4E7FFFF0000F8B5050001290AD14E
:10AF8000134E00243388F227AB4219D02800114910
:10AF9000FFF7DAFF06E0022904D10139FDF736FE9A
:10AFA0000028EDD0F8BD3B0063437268D018D35A37
:10AFB000002B09D03A00002100F00EFE0134E4B26B
:10AFC000054B1B78A342EED801235B423380DDE7BB
:10AFD0002C6CFF1F4469FF1F2A6CFF1F10B5FFF781
:10AFE000FDFE03000020834200D0987810BD0000D1
:10AFF000F0B589B01C000EAB80CB03901E8810AB5F
:10B000001B78049202930B7A0D00DB0616D42B7882
:10B010000593022B24D00498FFF7D2FE002812D00B
:10B0200003689C46002B0ED0029B2200019329004E
:10B030003B00644603980096A04705E00498FFF79C
:10B04000BFFE002802D10E2009B0F0BD8368002B9E
:10B05000F9D00A222900039898470028D7D0F3E7AF
:10B060006B6858781A786A4B000210439842D2D81D
:10B07000043B984210D2674B984242D015D8664B99
:10B08000C0180128C7D80B20002EDDD1EB681A7834
:10B0900059683A80200028E0604BC018032800D986
:10B0A00078E000F091FD836A779D5D4B9842B2D1C4
:10B0B0000B20002EC8D101233B80EB6831001B78A8
:10B0C00023706889013080B2FCF78AFE3A88031E3B
:10B0D0000ED0017802328A183A8042896270428921
:10B0E000120AA27059680278E01C00F00DFF06E019
:10B0F00004323A8031000422601C00F06DFD002013
:10B10000A2E70B20002E9FD1EB6807A91E8804231D
:10B110003B80330A300026706370FCF761FE051E29
:10B1200028D004AB9A890E2304A95B183D49C66850
:10B13000FCF7CAFE00280BD12B783B486A680599BA
:10B14000FBF77CFA002803D1012304AA5B42D381D8
:10B150003278022A06D17168201D00F0D5FE3B88A6
:10B1600002333B800E2304AA9B181B88A3701B0A82
:10B17000E370C4E704ABDE81F4E70B20002E00D0BF
:10B1800062E7E9680398FFF729FF02233B802070FC
:10B190006670B4E70B20002E00D055E70222EB6862
:10B1A0001B883A8023701B0A6370A8E7E86800F0E8
:10B1B0005BFEC2B203000720B24200D244E70DD0CA
:10B1C0000299DBB27118994202DB921BD3B202934F
:10B1D000029BE9681A003B8089195BE70023F6E7C8
:10B1E0000B20002E00D02FE70722EB683A801A7858
:10B1F00022705A7862705A88A2705A88120AE270D5
:10B200001A792271DA886271DB881B0AA37176E7EA
:10B21000042900000228000000D8FFFFFFD6FFFF2E
:10B2200003280000FFFF000054C20011F0B58DB0EC
:10B230006B460020089120229B5E83423DDAA54B9D
:10B24000187800F031FD071E32D00378B02B2CD1D6
:10B250000079023816281FD800F04EFE17001E0095
:10B260001E001E0031001E0094001E001B011E0067
:10B2700050011E0071011E00CB011E0050021E0075
:10B280001E001E008E021E00B902934B93491B88BC
:10B2900078880B80FAF714FF3800FCF797FE904B84
:10B2A0001B68002B01D038009847380000F03CFEA6
:10B2B0008020089B0002434018000DB0F0BDEE2234
:10B2C0000021864800F088FC0BAA3B7B79893889ED
:10B2D00000923A000D32FCF797FC04007F4B1B787C
:10B2E000002C3DD144E07F4B7888059306AB9A8AC9
:10B2F0007D4B4100CB5A7D4E073BDBB202930023CE
:10B30000210001930096059BFFF772FE734D002804
:10B310000FD133883A8A9A420BD1380005991230FE
:10B3200000F0B2FD002804D02B7862899B00EB1856
:10B330005A80162606ABF6189A8A200033007989BF
:10B34000FCF7C2FD2B7804009A00AA185188002946
:10B35000C4D00133DBB22B70002806D03188918035
:10B36000634A12889A42BED802E001214942918084
:10B37000002B04D059497888FAF7D6FE8CE73E892D
:10B380000A2479E000253E89574B06937B88069A6C
:10B390005B009B5A033B9D4202DB002DF0D05BE03B
:10B3A000162206A812183B7B798900923A003000D9
:10B3B0000D32FCF729FC0590002858D04689017A07
:10B3C0007888FCF7E9FB041E44D1464B7888079344
:10B3D000069B4100C95A454B0439C9B206AAD28A14
:10B3E00006930291019400930599079BFFF700FED5
:10B3F000041E2FD1069B39491A88931C002D26D193
:10B400004B807988384B4900CB5A5119033B8B420A
:10B4100020DD059B31485B8941190B71A91C013561
:10B42000C9B2EDB2059145191B0A2B71059B2D4937
:10B430000433181800F068FD2C4B059A1B88D318AC
:10B44000DDB22C4B9E4205D00136B6B29CE749884E
:10B450009942D6D0002D0CD0204C2800618800F0F5
:10B4600073FD207021007888FAF76EFE14E7059CC2
:10B47000F0E7002C00D183E77B78142B00D10BE799
:10B4800016493B794E800B700C717888FAF70EFEE6
:10B4900002E7162406ABE41821003889FCF7A0FC6B
:10B4A000011E00D18FE1788822880F4C45002C5B6B
:10B4B0000A4D013CE4B2029400240F4B0194009524
:10B4C000FFF796FD041E00D016E129007888FAF7F0
:10B4D0004BFEE1E6346CFF1F1C42FF1F4C69FF1F4F
:10B4E0004069FF1F406AFF1F7C65FF1F306BFF1F15
:10B4F0001A42FF1FFFFF00004E69FF1F162406AB14
:10B50000E41821003889FCF76BFC011E00D15AE1D8
:10B5100078882288B24C45002C5BB24D013CE4B2E5
:10B5200002947C89B04B01940095FFF761FD041EE5
:10B5300000D0E1E029007888FAF720FEACE600258B
:10B54000A84B1D803B00F6331B78A64A78880792EB
:10B55000AB4208D9A24B12880693069943005B5A66
:10B56000013B9A4203DB0799FAF712FE94E6162490
:10B570006B00FB18059306ABE418059B21001889A6
:10B58000FCF72EFC011E03D1059B01241E8973E7E5
:10B590007888964B2288069C099343001B5B944E47
:10B5A000013BDBB20293002300960193099BFFF756
:10B5B0001FFD041E02D0059B1E895DE77B88069A4D
:10B5C0005B009B5A079A1088328881188B4203DCF3
:10B5D0001B1A013B9AB23280824C02300999001941
:10B5E00000F092FC2388328801359B182380EDB24D
:10B5F000A8E70BAA3B7B7989388900923A000D3283
:10B60000FCF702FB00250600002E04D10A24002DC1
:10B6100000D171E063E0317A7888FCF7BDFA01006F
:10B62000041E67D16E4C714B788805940793059B77
:10B630004400E45A6E4B063CE4B206AA928A069392
:10B640000294019100933100079BFFF7D1FC041E87
:10B6500050D1069B634A1B88002D34D1043353809C
:10B66000604C728963191A716B1C9BB2E318120A41
:10B670001A7106AB9A8A162306A81B18798930001E
:10B68000FCF722FCFF212B1DAA1C9BB2033505935E
:10B6900006000B0092B2ADB2002803D006ABDB8AE5
:10B6A000D9B21B0AA218651911712B71059B504D57
:10B6B000181D2A884D49201800F026FC2B88059A71
:10B6C000D3189DB2A0E751881A1D914207D17A88FC
:10B6D00005995200525AEB18053A9A42C0DC414C87
:10B6E0002800618800F038FB207021007888FAF784
:10B6F00059FDD1E5002DF2D13E89BDE6162606ABF7
:10B70000F61831003889FCF76BFB3D000400FA3570
:10B7100000282DD0037A9B060CD400227B8939891E
:10B72000788800923A000C32FFF7EAFB041E10D032
:10B730003E8915E03088FFF743FB00281AD0836864
:10B74000002B17D02100122278889847041EE4D0DD
:10B75000EEE72B78002B02D17888FAF733FD00262C
:10B760002B78002B00D097E5002C00D194E583E6E0
:10B770000124DDE70E24DBE7162506ABED182900D2
:10B780003889FCF72DFB041E1DD0037A9B0609D4D3
:10B79000184B7A8819888A4263D0174881425FD053
:10B7A0000924A9E72888FFF70BFB00280DD0836840
:10B7B000002B0AD02100122278889847041EE7D077
:10B7C0009AE7100053E0012496E70E2494E7094B12
:10B7D0007A881B889A423FD07888FAF705FD5BE5A6
:10B7E0007C65FF1F4C69FF1F4E69FF1F406AFF1FEA
:10B7F000306BFF1F2C6CFF1FFFFF0000F22305982A
:10B8000051684343CD18C95A00291FD03B7A012BF8
:10B810000BD16C88AB887888AA1D0094FFF770FB69
:10B82000041E02D000233B722E88F2220021280041
:10B8300000F0D2F900232B80059B0133DBB2059386
:10B84000144B05991B78144A8B42D7D801235B42CD
:10B850001380002CC0D00FE6002634000596EFE7D9
:10B860001A8058680B4B1A78F22353431B189842DE
:10B8700096D002000188F2320029A2D13C0008349F
:10B880002100F22200F040FB21007888FAF7A2FCA8
:10B8900002E5C0462A6CFF1F2C6CFF1F70B5040028
:10B8A0000E001500FFF79AFA031E08D13100054873
:10B8B000FFF794FA03001120002B02D01C80002017
:10B8C0009D7070BDFFFF0000F8B50B4F06003B7880
:10B8D0000D001400FF2B0ED00A2000F0F5FA011E17
:10B8E00009D0B1230380002346800371C580048101
:10B8F000387800F051FAF8BD6D43FF1FF8B50F001E
:10B9000006A90600088807A90B25098800281FD169
:10B910000235022B1CD15478137824021C432300D7
:10B9200073358B4314D1FD6830002900FFF756FBB7
:10B9300084420CD0290022003000FFF7AFFF112510
:10B94000002805D1220030007989FFF7BDFF0025CE
:10B950002800F8BDF0B50E7885B003900AA80588D8
:10B960000120022E0DD14C682778647824023C43D4
:10B97000054FBC4205D10398DBB201960095FFF755
:10B98000BDFF05B0F0BDC04602290000034B10B555
:10B990001B68002B00D09847FEE7C046386CFF1F9D
:10B9A00007B501A8FFF7F2FF044A05480021121A63
:10B9B00000F0CAF8F7F76CFFFEE7C0463C6CFF1FCB
:10B9C0007043FF1F0000000001B40248844601BC20
:10B9D000604700BFD135FF1F01B40248844601BC57
:10B9E000604700BFC926000001B40248844601BC7C
:10B9F000604700BFAD35FF1F01B40248844601BC5B
:10BA0000604700BFF30E000001B40248844601BC49
:10BA1000604700BF8B52010001B40248844601BC5C
:10BA2000604700BF056A000001B40248844601BCBB
:10BA3000604700BF5537FF1F01B40248844601BC70
:10BA4000604700BF456B010001B40248844601BC59
:10BA5000604700BF513AFF1F01B40248844601BC51
:10BA6000604700BF1147010001B40248844601BC91
:10BA7000604700BF9538FF1F01B40248844601BCEF
:10BA8000604700BF0D52010001B40248844601BC6A
:10BA9000604700BF3D4B010001B40248844601BC31
:10BAA000604700BF2146010001B40248844601BC42
:10BAB000604700BFD949010001B40248844601BC77
:10BAC000604700BFD538FF1F01B40248844601BC5F
:10BAD000604700BF6D3AFF1F01B40248844601BCB5
:10BAE000604700BFB352010001B40248844601BC64
:10BAF000604700BF4550000001B40248844601BCC5
:10BB0000604700BF4938FF1F01B40248844601BCAA
:10BB1000604700BFC521000001B40248844601BC53
:10BB2000604700BF3555000001B40248844601BC9F
:10BB3000604700BF8552010001B40248844601BC41
:10BB4000604700BF3932FF1F01B40248844601BC80
:10BB5000604700BFB70E000001B40248844601BC34
:10BB6000604700BFC56D010001B40248844601BCB6
:10BB7000604700BF6933FF1F01B40248844601BC1F
:10BB8000604700BFB54C010001B40248844601BCC7
:10BB9000604700BF293AFF1F01B40248844601BC38
:10BBA000604700BF5D38FF1F01B40248844601BCF6
:10BBB000604700BF055E000001B40248844601BC36
:10BBC000604700BFA135FF1F01B40248844601BC95
:10BBD000604700BF813AFF1F01B40248844601BCA0
:10BBE000604700BF154D010001B40248844601BC06
:10BBF000604700BF9DA9000001B40248844601BC13
:10BC0000604700BFD52FFF1F01B40248844601BC26
:10BC1000604700BF75A9000001B40248844601BC1A
:10BC2000604700BF1530FF1F01B40248844601BCC5
:10BC3000604700BF5522000001B40248844601BCA1
:10BC4000604700BFBD2FFF1F01B40248844601BCFE
:10BC5000604700BF1D4B010001B40248844601BC8F
:10BC6000604700BF4D1F000001B40248844601BC7C
:10BC7000604700BF1539FF1F01B40248844601BC6C
:10BC8000604700BF017F000001B40248844601BC48
:10BC9000604700BF3119FF1F01B40248844601BC50
:10BCA000604700BFC94A010001B40248844601BC94
:10BCB000604700BFF54E010001B40248844601BC54
:10BCC000604700BF3D18000001B40248844601BC33
:10BCD000604700BF014C010001B40248844601BC2A
:10BCE000604700BF6571010001B40248844601BC91
:10BCF000604700BFE548000001B40248844601BC2B
:10BD0000604700BF2951010001B40248844601BCCC
:10BD1000604700BFDD66010001B40248844601BCF3
:10BD2000604700BF5930FF1F01B40248844601BC80
:10BD3000604700BF4551010001B40248844601BC80
:10BD4000604700BF6DBC000001B40248844601BCDE
:10BD5000604700BFA946010001B40248844601BC07
:10BD6000604700BF090E000001B40248844601BCD0
:10BD7000604700BF5952010001B40248844601BC2B
:10BD8000604700BFF919FF1F01B40248844601BC97
:10BD9000604700BF2124000001B40248844601BC72
:10BDA000604700BF594F010001B40248844601BCFE
:10BDB000604700BFA54F010001B40248844601BCA2
:10BDC000604700BF5147010001B40248844601BCEE
:10BDD000604700BF810E000001B40248844601BCE8
:10BDE000604700BFE928000001B40248844601BC56
:10BDF000604700BF851F000001B40248844601BCB3
:10BE0000604700BF7D2DFF1F01B40248844601BC7E
:10BE1000604700BF7918000001B40248844601BCA5
:10BE2000604700BFB14E000001B40248844601BC27
:10BE3000604700BF2526000001B40248844601BCCB
:10BE4000604700BF691F000001B40248844601BC7E
:10BE5000604700BFC51D000001B40248844601BC14
:10BE6000604700BFD91B000001B40248844601BCF2
:10BE7000604700BFDD52010001B40248844601BCA6
:10BE8000604700BFF931FF1F01B40248844601BC7E
:10BE9000604700BFCD4C010001B40248844601BC9C
:10BEA000604700BFA136FF1F01B40248844601BCB1
:10BEB000604700BF291C000001B40248844601BC51
:10BEC000604700BF5549010001B40248844601BCE7
:10BED000604700BF1D4D010001B40248844601BC0B
:10BEE000604700BFFD39FF1F01B40248844601BC12
:10BEF000604700BF091B000001B40248844601BC32
:10BF0000604700BF953AFF1F01B40248844601BC58
:10BF1000604700BFE94C010001B40248844601BCFF
:10BF2000604700BFE117000001B40248844601BC2D
:10BF3000604700BF434D010001B40248844601BC84
:10BF4000604700BFEDA5000001B40248844601BC73
:10BF5000604700BF350E000001B40248844601BCB2
:10BF6000604700BF311B000001B40248844601BC99
:10BF7000604700BF5D17000001B40248844601BC61
:10BF8000604700BF090E000001B40248844601BCAE
:10BF9000604700BF5125000001B40248844601BC3F
:10BFA000604700BF0519FF1F01B40248844601BC69
:10BFB000604700BF8D12000001B40248844601BCF6
:10BFC000604700BF0124000001B40248844601BC60
:10BFD000604700BFC9A9000001B40248844601BC03
:10BFE000604700BFF94C010001B40248844601BC1F
:10BFF000604700BFADAE000001B40248844601BCFA
:10C00000604700BF8139FF1F01B40248844601BC6C
:10C01000604700BF156B010001B40248844601BCB3
:10C02000604700BFED4A010001B40248844601BCEC
:08C03000604700BFD1A500002C
:10C0380000030103020303030403050306020702C6
:10C04800080309030A030B030C030D030E030F0374
:10C05800100311031303140315031603013C001105
:10C06800353C001100000000020000007AC00011F9
:10C07800192A0F180A000000F1590000FD240000D9
:10C08800414601001D82001139A200117976001184
:10C09800218000112D5800112DB20011E953001113
:10C0A800793E0011A13F00110000000016160000A3
:10C0B80002000000C4C00011F4FFF3FFD2FC00002E
:10C0C800F14000110000000000000000496E6B62A2
:10C0D800697264004942532D583230003030303193
:10C0E800006769746875622E636F6D2F7076767855
:10C0F800004942535448325000000000020000003A
:10C1080018C10011292A282A272A262A252A242A5A
:10C118000A180000744000001027000060F00000BA
:10C128000400000006640000204E0000000000002B
:10C13800060000005C440000102700006CEE0000C0
:10C1480007000000050000001F501D10023CB4004D
:10C1580000012C0021000000810200003031323340
:10C1680034353637383941424344454600000000EB
:10C17800315C0011855C0011000000000200000025
:10C1880090C100116F2A6E2A1A18000001A0000041
:10C19800000000006410B71DC8206E3BAC30D926E3
:10C1A8009041DC76F4516B6B5861B24D3C7105508F
:10C1B8002083B8ED44930FF0E8A3D6D68CB361CBB7
:10C1C800B0C2649BD4D2D38678E20AA01CF2BDBD6B
:10C1D800FB349B5F8000008000100000000000001E
:10C1E8008362001105790011A7620011117D001109
:10C1F8002B630011E77C0011A1630011BD7C0011C5
:10C20800F36300118D7E00115B6400118D7E0011B7
:10C218008D640011477E0011A1630011757C001127
:10C2280019640011257E00110000000000000000C4
:10C23800FF640011257E0011616500111D79001150
:10C24800052A042A012A002A02290328012800288D
:10C2580001180018000000000000000000000000A5
:10C26800000000870101020102010102010203032B
:10C2780004010301010101010303020103000D0090
:10C288000E001000110013001401070108010A0133
:10C298000B011C011D020402050207020802190213
:10C2A8001A021C021D030103020317000201000504
:10C2B80004000807000B0A001716001D1C010201E4
:10C2C800010504010E0D01111001141301171601C7
:10C2D8001A19020201020B0A020E0D0211100214B1
:10C2E80013021716030504030807030B0A030E0DB0
:10C2F8000001020307090A0B0E0F10111214171878
:10C30800191A1B1F2021220079AB001135AC00112E
:10C3180000000000020000005AC2001100000000E6
:10C3280055B90011000000000200000058C20011B9
:020000041FFFDC
:10000000000000009D3D001180C000117CC0001167
:100010008460FF1F000000000000000000000000DE
:1000200000000000000000000000000000000000D0
:1000300000000000000000000000000000000000C0
:1000400000000000000000000000000000000000B0
:1000500000000000000000000000000000000000A0
:100060000000000000000000000000000000000090
:100070000000000000000000000000000000000080
:100080000000000000000000000000000000000070
:100090000000000000000000000000000000000060
:1000A0000000000000000000000000000000000050
:1000B0000000000000000000000000000000000040
:1000C0000000000000000000000000000000000030
:1000D0000000000000000000000000000000000020
:1000E0000000000000000000000000000000000010
:1000F0000000000000000000000000000000000000
:1001000000000000000000000000000000000000EF
:1001100000000000000000000000000000000000DF
:1001200000000000000000000000000000000000CF
:1001300000000000000000000000000000000000BF
:1001400000000000000000000000000000000000AF
:10015000000000000000000000000000000000009F
:10016000000000000000000000000000000000008F
:10017000000000000000000000000000000000007F
:10018000000000000000000000000000000000006F
:100190005D32FF1FA530FF1FC16601000000000097
:1001A000000000000000000000000000000000004F
:1001B000000000000000000000000000000000003F
:1001C000000000000000000000000000000000002F
:1001D000000000000000000000000000000000001F
:1001E000000000000000000000000000000000000F
:1001F00000000000000000000000000000000000FF
:1002000000000000000000000000000000000000EE
:1002100000000000000000000000000000000000DE
:1002200000000000000000000000000000000000CE
:1002300000000000000000000000000000000000BE
:1002400000000000000000000000000000000000AE
:10025000000000000000000000000000000000009E
:10026000000000000000000000000000000000008E
:10027000000000000000000000000000000000007E
:10028000000000000000000000000000000000006E
:10029000000000000000000000000000000000005E
:1002A000000000000000000000000000000000004E
:1002B000000000000000000000000000000000003E
:1002C000000000000000000000000000000000002E
:1002D000000000000000000000000000000000001E
:1002E000000000000000000000000000000000000E
:1002F00000000000000000000000000000000000FE
:1003000000000000000000000000000000000000ED
:1003100000000000000000000000000000000000DD
:1003200000000000000000000000000000000000CD
:1003300000000000000000000000000000000000BD
:1003400000000000000000000000000000000000AD
:10035000000000000000000000000000000000009D
:10036000000000000000000000000000000000008D
:10037000A1B9001100000000000000000000000012
:10038000000000000000000000000000000000006D
:10039000000000000000000000000000000000005D
:1003A000000000000000000000000000411BFF1FD3
:1003B000000000000000000000000000000000003D
:1003C000000000000000000000000000000000002D
:1003D000000000000000000000000000000000001D
:1003E000000000000000000000000000000000000D
:1003F00000000000000000000000000000000000FD
:081838004070FF1F4118FF1F63
:10184000024981F3088802F0FFFA00004070FF1F90
:1018500070B500241E491F4A1F484C6308CA1B0567
:101860001B0DE4188242F9D11C4B80228B630021AE
:1018700009201B4B920519621A4B1B4DDA671B4B53
:10188000DA688243DA609A68194802409A60112047
:10189000296002F03FF8112002F01CF880226B6CE6
:1018A000112093436B64EE23DB006343114A1B0C4E
:1018B000D3800122104B9A7201F0ACFB0F4B1B78C6
:1018C000002B04D10E4B1021187802F0F5F970BDF1
:1018D000000005408805054000060540FF010000A6
:1018E00000F0004004E100E0003800403CF000401F
:1018F000FFDFFFFF7060FF1F0861FF1F2E65FF1FE6
:101900002E63FF1F10B502F0B7FA072804D0122883
:1019100008D0022808D010BD044A0420136B0133FC
:101920001363F8E70220F6E71420F4E72466FF1FAC
:10193000F8B507000C0026002500503630785135E8
:10194000002804D10300287058342370F8BD29788A
:10195000CA00481E8141A3183800A25C5B68C9B266
:10196000FFF7D0FF00280DD12B78DA00A218013341
:1019700050602B703378044A013B3370136A013393
:101980001362D8E70123DFE72466FF1F5C2343438C
:10199000074910B5C9180B0058331B78012B05D126
:1019A000FFF7C6FF034A936A0133936210BDC04636
:1019B0005866FF1F2466FF1F10B502F03DF9064A66
:1019C0000121130010CB4942D967044B136002F088
:1019D0006BFA200010BDC04600E100E010001000CE
:1019E00010B5040002F028F9024B1C6002F05CFA0A
:1019F00010BDC04600E100E010B5040002F01CF983
:101A00004021094A200013688B43136000F07EFADE
:101A100001F006FC0022054B01201A60044B043241
:101A20001A6002F039F9FEE71CF00040C4F00040F3
:101A3000C0F00040431E5A425341A022F0B5D201EB
:101A40005B421340144E154A40019B183218127E17
:101A50008BB00191002A19D01A000832D46F0022ED
:101A6000E5B206AFE4B294420CDC3018C369002B37
:101A700006D0019A03A8027006AA42600572984730
:101A80000BB0F0BD1978B9540132ECE71A7D1A7821
:101A900006AB01251A70E8E7E468FF1F004000402C
:101AA0007FB5244B4101CA5C0400002A2AD05A1891
:101AB000107E002826D0907E002823D0107902289E
:101AC00020D11689D588701B80B2021C102800D93D
:101AD000102292B2AE4216D1591801230B71002385
:101AE000CA69CB800B819A4206D0684603210373F2
:101AF0000171029301A890470820002C00D0192002
:101B000001F088FA7FBD013C60424441A02064425C
:101B1000C001044008485B1824180848DD680633F3
:101B2000013A92B28242EDD019884E1C1E80695C47
:101B30002170F5E7E468FF1F00400040FFFF000050
:101B40000F220E4B10B59868104002380A280BD8A7
:101B500001F096FF0D0A0B0A0A110A0A0A0A06008A
:101B600002210020FFF766FF10BD0121F9E70020E8
:101B7000FFF796FFF8E7DB6FF6E7C046004000404E
:101B80000F220E4B10B59868104002380A280BD867
:101B900001F076FF0E0A0B0A0A120A0A0A0A060068
:101BA00002210120FFF746FF10BD01210800F9E7DF
:101BB0000120FFF775FFF7E7DB6FF5E700900040C6
:101BC000564B70B51B68012B03D1554A936D0133F9
:101BD000936502F0E9F8534B534A1860534B544C49
:101BE0001A600123534A1360534A13602378002B71
:101BF00006D006225149524802F02EF800232370E5
:101C0000504A514B10681B78C1B2002B0ED14F4C7B
:101C1000C0B223785BB2002B4FDB237824785BB211
:101C200064B21B0424021B191B1813600B1C5029DF
:101C30004ED95023464A47491078DBB2FF2202288A
:101C40004BD10868444C454D267890432A789642FB
:101C500054D9227824782E785D10013DA31B6B4364
:101C60005201D31A10335B111843086001F0CCFF06
:101C7000031F012B45D83A4B1B78002B06D0394B5C
:101C80001B78002B02D0002002F066F9A122364B0F
:101C900092009978354B4A431B689B188322920027
:101CA0009B181B78033B012B03D8AF20400002F0A8
:101CB000B3F801222E4BDA8270BD237824785BB210
:101CC00064B2FF33FF341B0424021B190138ABE755
:101CD000CAB2022AAED20223ACE70868254C264DD0
:101CE000267890432A78964208D9227824782D784D
:101CF0005B10013B641B63435201B2E72378DBB204
:101D0000B2E70228D5D11D4B1B78013B022B03D92A
:101D10001B4B1B78022BCCD16C20C8E79809FF1F06
:101D2000FC0FFF1F7065FF1FFF3F000014100340F2
:101D30007465FF1F0C10034000100340D50BFF1FFC
:101D40007211FF1FB40003408C09FF1F680AFF1FB8
:101D5000490AFF1F94000340460AFF1F470AFF1F5E
:101D6000F908FF1F2209FF1F300DFF1F3409FF1F55
:101D7000BC0BFF1F440AFF1F450AFF1F1C09FF1F62
:101D80002309FF1F10B502F057F80022014B1A80FB
:101D900010BDC0466C65FF1F10B502F0B5F8A1215B
:101DA000054A89009478054A61431268044B521829
:101DB000528C1A8010BDC046300DFF1F3409FF1F22
:101DC0006C65FF1F10B50D4B0D4A9978A1239B0040
:101DD0004B431268D218531DD97F0A4B1B88994276
:101DE00009D2441C07D0C82805D0D2695B1A5A43CF
:101DF000054B5343C01801F057FF10BD300DFF1FB6
:101E00003409FF1F6C65FF1F7102000070B5244D7F
:101E10002B68002B28D001F077FE2B68D8402B6868
:101E20000400002B27D002F04FF82B68D8401D4B40
:101E30001D4A9978A1239B004B431268D118D25CAC
:101E400091239B00002A20D0CA580132CA50174B58
:101E500017491B680868834214D3D23B181A012A19
:101E60001AD0144B186070BD01F04EFE124B196869
:101E700001F02AFED3E702F027F80F4B196801F0B2
:101E800023FED4E70D495B18E8E7CA500C4B1B68EA
:101E9000DB68E418201AE4E7F530FF30E1E7C046DC
:101EA0001C08FF1F300DFF1F3409FF1F9C09FF1F77
:101EB0007065FF1FA009FF1F1808FF1F2DFF3F00BF
:101EC0007865FF1F70B504000D00282916D10300A6
:101ED000A433C2881B889B1A0B4A9BB293420DD92C
:101EE00006006A3605223100653002F05DF80028F0
:101EF00004D13100200002F017F870BD2900200045
:101F000002F03AF8F9E7C046FE7F0000F8B5050098
:101F1000012001F0E9FF134CA36AA26A9342FBD1AE
:101F2000114E336001F0A8FE10490300086010480C
:101F3000426894460F4A17680022BC4501D24268A5
:101F4000BA1A0D4802603268AD18A422E562606AD0
:101F5000520302436262094A1278002A01D00F3B01
:101F60000B60F8BD00F00040340AFF1FE408FF1FBB
:101F700028100040180AFF1F1C0AFF1F1C09FF1F22
:101F800070B580241025E405A3682B43A36001F0FD
:101F9000C3FFA368AB43A36070BD0000F7B5160094
:101FA00080221C001023D2050191916805000B438B
:101FB000936000225B4BD7301A6001F04DFF9D23E8
:101FC0002F002A009B00EB58FC37CA3201213868E9
:101FD0000092002B01D00021009A01F035FE29006B
:101FE000009BCB311A78504BD3351A604B780A7866
:101FF0001B0213438A7812041A43CB781B0613433F
:102000004A4A1BBA13604B790A791B0213438A7937
:1020100012041A43CB7931001B061343444A1BBAFE
:1020200013606B782A781B021343AA7812041A43B0
:10203000EB781B0613433F4A1BBA1360019A330225
:1020400013433D4A13603D4B22001B1B9C46032952
:102050003FDC032332009A43B3089B00F11A9BB282
:10206000032946D13549E01852188178407809048F
:1020700000020143E05C0433014311600022FF2BA6
:102080004ADDF0222E4B12011A600F222D4B1A60EE
:102090002D4A1368002BFCD00023224A27491360E5
:1020A000091B321D0B191B68043A180A2370607053
:1020B000180C1B0EA070E3700434002AF2DC80229E
:1020C00010213B68D20501333B6093688B439360DA
:1020D000F7BD6346D578981893782D061B042B43DB
:1020E000157804392B43557804322D022B430360B5
:1020F000ADE702290AD11149E05C5218E11849788C
:1021000009020143043311609BB2B7E70129B5D13D
:102110000A495218E15CF5E7084959180A60043386
:10212000ADE7C046000004403C00044038000440D5
:1021300034000440300004400C000440000104401E
:10214000040004401000044014000440F0B51400E2
:1021500080221D00102385B0D205019191680600F0
:102160000B4393600023684AD730136001F074FE7C
:102170003300FC3358689D2337009B00F158CA3761
:102180003A00002900D083E001F05EFD31003A788A
:102190005E4BCB311A604B780A781B0213438A7866
:1021A000A44612041A43CB781B061343584A1BBAA1
:1021B00013604B790A791B0213438A7912041A437C
:1021C000CB791B061343534A1BBA13604B7A0A7A26
:1021D0001B0213438A7A12041A43CB7A29001B0686
:1021E00013434D4A1BBA1360019A230213434B4A0F
:1021F00013602A00231D18000393494B5B1B0193B6
:10220000019BCF785B1802938B783F061B043B43FE
:102210000F7804383B434F7804313F023B43029F21
:102220003B600328ECDCA3081C0003989900431AC8
:102230000134181FA400072B2CD1394B2819E7189B
:10224000837840781B0400020343285D03433B600E
:1022500008310C000023FF2C2EDD324B324919606F
:102260000F21324B1960012327490B60304B19684D
:102270000029FCD006211B680B40042B21D08022B2
:102280000020D20593680A318B43936005B0F0BDFE
:10229000012179E7022808D1214BE0182B195B783E
:1022A0002C5D1B0223430360D2E70128D2D11C4BD3
:1022B000285DE3181860CBE7194961180B600434F6
:1022C000C9E7002310490B606346002B0CDC330088
:1022D000FC335A68102101325A608022D20593687B
:1022E00001208B439360D1E7019B9B181B68190A5F
:1022F00013705170190C1B0ED37004235B42917044
:102300009C440432E0E7C046000004403C00044026
:102310003800044034000440300004400C00044005
:102320000001044004000440080F000010000440B5
:102330001400044070B5061E19D002225A4B9B7936
:102340009343012B13D1594B1A78FF2A0FD15A7896
:10235000FF2A0CD19A78FF2A09D1DA78FF2A06D110
:102360001A79FF2A03D15B79FF2B00D199E0504BFA
:102370000C201A78012A08D000224E4D1A702978B4
:102380000B00093B042B01D8212070BD4B1F012BF2
:10239000FAD9454CA37B042B00D982E0A279032A09
:1023A00000D97EE09A1ED2B2012A02D860881F2886
:1023B00077D9002E56D0012E73D1A0880128E3D002
:1023C000002907D1581E032803D801F059FB121722
:1023D00015122E702978481E032811D80025364B77
:1023E0001D602823237501F0BFFCA84227D0A580DB
:1023F000CAE702212970EDE70421FBE70321F9E791
:1024000007390129C0D82D490968C96A8906BBD591
:102410002B4908780028B7D1012A01D9002BB3D164
:1024200002230B708021274D2633890128782375DC
:1024300001F052FC80212878890101F03DFC012344
:10244000A380214B1B78002B0AD0FA2280211F4B3E
:1024500092001B8809025A431A4B187801F064FC59
:10246000002092E701F0E8FB2B78A680073B012BC8
:1024700003D917482E7001F0AFFC114B114C1A789C
:10248000002A06D080210022207889011A7001F0EC
:1024900023FC01F009FD80212078090201F01CFCD9
:1024A000DEE7122071E7C046A60BFF1F6B09FF1F76
:1024B0001A09FF1F1C09FF1F4809FF1F7865FF1F2E
:1024C0002309FF1F1B09FF1F2109FF1F2C09FF1FE5
:1024D0000010004010B5002901D001F06DFC10BDC6
:1024E000F7B55E4B01919978A1239B004B435C4A61
:1024F000060014681022E418D6235B00E058362347
:10250000FF33E35C00279343222B3ED1554B0F3A18
:102510001A600760012501F0CFFA019B1880E823BB
:102520005B00E35C002B01D0B34255DD00224E4F2F
:10253000FA70AD32FF32A2581168002903D0928898
:10254000D24392071AD03822FF32A25C002A15D05B
:102550009B225200A25C002A10D1B3420EDAA423BF
:102560005B00E15AE018090A023101F00DFD230079
:102570000122FE33013E01351A87FA70E8235B0021
:10258000E35C002B2AD0A8B2FEBD03683D00002BFF
:10259000C1D081880430090A023101F0F5FCD6234C
:1025A0005B00E3581F60B5E72300B133BA00FF3387
:1025B0009858013781880430090A023101F0E4FC9F
:1025C000E8235B00E35CBB42EEDCE822F61AED1880
:1025D00000235200A354A9E70027F1E7200001F0EF
:1025E000BBFB00281FD0002E1DDD7319882647195C
:1025F0000193B600200001F0C7FB5A30800020187C
:102600004068013581880430090A023101F0BCFCC0
:10261000200001F0C9FAA3590133A351BD4202D0F1
:10262000019B9D42E6D1114BE35C002BABD095237F
:102630009B00E35C002BA6D00D4BE15A0029A2D0F1
:102640000C4AA35C994202D90133A3549BE70023AF
:102650001A212000A35401F08FFB94E7300DFF1FD7
:102660003409FF1F00140340E010FF1F5A0200004E
:10267000720200005E0200000D4970B54A6E0D4CFA
:10268000D2038B69D20BA24206D80B4D0224AA4278
:1026900004D901F0A1FA70BD02246442E2181500C9
:1026A0007E2425402242F4D0A3432B438B61F0E7E4
:1026B00000F000400A200000FC1C0000F8B51D4B93
:1026C0001D4F1A78002A10D1BA7B002A02D101329C
:1026D0001A7003E0032AFAD0022AF8D001F044FB72
:1026E00000220120154B1A70F8BD154B154D1C68C2
:1026F000154B9E7801232B702878C0B200F09CFB0C
:10270000BB7B002B0BD101F08FFBA1239B007343FC
:10271000E41883239B00E41823782B70E4E7032B51
:1027200002D101F0D9FBF0E70020022BDCD101F04F
:10273000BBF9EAE71C09FF1FA60BFF1F2309FF1FB8
:102740003409FF1F490AFF1F300DFF1FF0B587B086
:102750000EAD2F780FAD2D780593AC46634614006F
:102760000E4D0CAA12782E7803930D9B00920193C4
:102770002200059B029701F0EFF92E70012C01D089
:10278000042C08D1802206498B889343054A12788D
:10279000D20113438B8007B0F0BDC0461C09FF1F58
:1027A0006C11FF1F7809FF1F0B001B3B70B5040065
:1027B0003020E02B0DD81300E025493BFF3B9BB2B6
:1027C000ED00AB4205D8034B200019825A8201F07C
:1027D0000BFB70BD8410FF1F10B501F0E5FA054B2F
:1027E00000205B68052B04D9034A5268D20200D44A
:1027F000980810BD00100040FCE100E070B501F049
:102800001BFA0D4B1B68FC33DC691D6AFFF7E4FF04
:102810006419844204D2094B01241B68002B07D0A1
:1028200004220024064B1A70064A9369013393610F
:1028300001F03AFB200070BD7865FF1F9809FF1F6B
:102840002309FF1FFC0FFF1F70B50C4D2B68FC33D5
:102850005C6A01F0F1F9FFF7BFFF2B680025FC333C
:102860009B6AE318834204D2054B1B68AB4200D13C
:10287000051B01F019FB280070BDC0467865FF1FDD
:102880009809FF1FD722044B92009B5810B5002BCC
:1028900000D0984710BDC0460000FF1F10B501F0E2
:1028A000D7F8FFF7EFFF2749274BCA6D1A4084235B
:1028B0005B001343CB65254B1B68186A01F014FBC2
:1028C000234B244A1A60244B244A1A60A022244B2A
:1028D00052001A60234B187801F00EFB224923485E
:1028E00001F042F90023214A2149936002339360A9
:1028F000204B214813600323936001F035F9102227
:102900001E4BFF201A60802252031A60802292031D
:102910001A60802212041A6001F01EFB012001F0EF
:102920000BFBFA20400001F047F9582001F074FA3F
:10293000134801F071F9012001F006FB072001F0B6
:1029400063FA10BD00F0004000FEFEFF7865FF1F37
:10295000000003400180063DBC0003403408000035
:10296000A40003404A0AFF1F710200001410004037
:10297000FFFF3F00C30900002810004000E100E015
:1029800030750000664F3B6888331B6883F3088806
:1029900001F0B2F9634A6449136800200B401360E8
:1029A000624B634A1B68934200D1A4E001F0F4FA41
:1029B0000221604A13688B431360FFF76FFF5E4B81
:1029C000002418785D4DC0B201F0BEF90223AC605E
:1029D000AB605B4B01202B6001F086FA0323AB60F8
:1029E00001F0B2F8050001F0DFF9060001F0ACF8E3
:1029F000544B186001F0C0F8534B1A68AA42644166
:102A0000AB1A80221B1BD203934201D39B029B0A69
:102A10003A68D16AC90700D470E04C491C0C0968B7
:102A20009BB24C4359432402090A64184849FC32BA
:102A300093680A6803219B1A464A474812689B1804
:102A4000464A9D18464A0B401768AD08DB190560D9
:102A50001360042B03D901350B40056013602D1959
:102A60002800404901F030F83F4F3E493B68C31809
:102A70003B602800019301F0B7F83C4D2868081826
:102A800038492860884205D9019B01333B6001F039
:102A9000ABF8296001F080F8354B1B78002B0DD086
:102AA00001F082F9334BA21B196812188A4232D204
:102AB0008919091B091A304801F056F82F4D2B7A55
:102AC000002B0ED001F070F9A21BE9681218914298
:102AD00024D98919091B091A294801F045F800234E
:102AE0002B72284B83F3088801F0D6F9002001F0FF
:102AF00053FA01F011F901F04FFA5EE7DC01990099
:102B00000234641A5900641A09214B438033CB40C4
:102B1000A408E4188AE7FA218900CCE71A49DBE720
:102B20007865FF1F1CF00040FFFFC1FF0C0AFF1F6C
:102B3000B641210310000040490AFF1F1410004055
:102B4000C3090000100AFF1F340AFF1F380AFF1FC5
:102B5000200AFF1F1C0AFF1F240AFF1FC4090000D0
:102B6000280AFF1F710200006008FF1F2C0AFF1FC8
:102B70001C09FF1FE408FF1F00100040740BFF1F1B
:102B80003C10004000000020DC050000A022054BA6
:102B900092009B5810B5002B01D0984710BD01F052
:102BA00013F9FBE70000FF1FA122054B92009B5881
:102BB00010B5002B01D0984710BD01F005F9FBE7D7
:102BC0000000FF1FA222054B92009B5810B5002B5E
:102BD00001D0984710BD01F0F7F8FBE70000FF1F98
:102BE000A322054B92009B5810B5002B01D09847AB
:102BF00010BD01F0E9F8FBE70000FF1FA422054B20
:102C000092009B5810B5002B01D0984710BD01F0E1
:102C1000DBF8FBE70000FF1F70B501F0C5F84F4B74
:102C2000186001F049F90400C30702D401F084F8E8
:102C300070BD00224A4B1A604A4B187801380428AC
:102C400029D800F01DFF0320181C2400200001F0EB
:102C5000A3F80128ECD0444C2378042B6ED100F06B
:102C6000CBFF0028E4D001F02FF8582001F0D4F871
:102C700002232370DCE7200001F006F9E9E72000D9
:102C800000F0F2FFE5E7200000F07EFFE1E7200022
:102C900000F02AFFDDE700F0B7FF0500012808D1AA
:102CA000324B1B78053B012B03D82000FFF76EFF4A
:102CB000D1E72D4B1B78022B01D0052B20D1022D03
:102CC00028D12B4B9B7BAB431CD12000FFF76CFF23
:102CD000264B18780128BED16405BCD4244925228E
:102CE0004B7B034205D1233A13405A4253412633CA
:102CF0001A000B7D9342AED9322000F0F5FFAAE70F
:102D0000022D07D1194B1B78052B11D12000FFF79D
:102D100059FFDDE7012D0BD1012B03D12000FFF777
:102D20005FFF98E7062B03D12000FFF767FF92E7CC
:102D3000200001F049F8022D8DD1C9E7032B04D101
:102D40000C4B987C01F010F972E7072B00D06FE76D
:102D5000094B987B00F068FF6AE7C0469C09FF1F9B
:102D60009809FF1F9009FF1F2309FF1F1C09FF1F60
:102D7000A60BFF1FBC0BFF1FD40BFF1FFA210A4B32
:102D80000A4A49001A640A4A5A500A4A04395A50EF
:102D9000094A08319A64094A5A50094A5C315A5022
:102DA000084ADA667047C0460000FF1F4D27FF1F24
:102DB0004928FF1FFD27FF1F3523FF1FBD26FF1FCB
:102DC000C51DFF1F991DFF1FF7B50B0CFF27012223
:102DD000009300233C001E001D009446019089B220
:102DE00062469A401000084018413618B6B2FF2FCC
:102DF00002D1012E00D19FB2009802401A41AD18B5
:102E0000ADB2FF2C02D1012D00D19CB20133102BA9
:102E1000E6D10320012E07D1012D04D1019B24010D
:102E2000E4191C700138FEBD102EFCD10238102DA3
:102E3000F9D00230F7E700008023F7B59C46264B17
:102E4000264F01932649274A274D284C284B022814
:102E50001AD1604638600868264E30408026360316
:102E60003043086001990978002909D11660224A87
:102E70002A60224A2260E02219689143A03A1BE0AE
:102E80008021C9021160F2E766463E600F68194E64
:102E90003E408027FF023E430E60019909780029D9
:102EA0000DD1176001280ED1154A2A60154A2260FB
:102EB000E02219689143C03A0A431A60F7BD8021A5
:102EC00089021160EEE7E0210F4A02432A600F4AAF
:102ED00022601A688A43F0E74B0AFF1FE0000340B4
:102EE000D80003409000034000000340500003401E
:102EF00040000340FFFFE3FF0280063D80450822BB
:102F00000180063D806608220080069880550822D0
:102F1000F8B51E4B80261A68002014003440324257
:102F200032D11A681A4F32431A6001223B680630C8
:102F300093433B6000F0D8FF0122164D2B681E43DF
:102F40002E603B680A2613433B608027BF00124B6C
:102F50001B683B4211D1013EF6B2FF2E09D17E2201
:102F60000E4B1C682B68E40B1440934323432B60E7
:102F700005E0082000F0B8FFE9E7002EEFD180223D
:102F80002B68600893432B60F8BDC046C4F0004036
:102F90005CF0004018F0004068F0004060F0004035
:102FA00010B500F0B9FD01215820034A00F0C4FD1E
:102FB000FFF7AEFF10BDC046600AFF1F10B57822B4
:102FC0000021034800F060FE00F0AEFD002010BDBF
:102FD0006C68FF1F70B5040000F02EFE00230C206B
:102FE0000B4A010059438D18515C00290DD0A142B4
:102FF00008D1012300246B7000F06EFD00F054FF37
:10300000200070BD01330A2BEBD11224F6E7C04635
:103010006C68FF1F70B5040000F00EFE002319005D
:103020001D000C4A1078002808D0A04200D155702D
:10303000507801311B180C320A29F3D1002B05D12D
:1030400000F072FD00F030FF002070BD00F044FD84
:10305000F8E7C0466C68FF1FF7B504000C2000239A
:1030600084460E4D019267465F43E85D7E19A0429B
:1030700012D000280BD10A4B9C4662461B780833BD
:103080001370019B70707C557160B360FEBD01339D
:103090000A2BE8D10320F9E70720F7E76C68FF1F48
:1030A0006868FF1F8020F8B5484BC0051B68C12425
:1030B0008360474BFF251A68012313434361454B47
:1030C000A4001A68444B40211A60444B1A68444BD0
:1030D0001A60444B1A59AA431A51C52292009E58AD
:1030E000AE433143802699509F583F49F6010F4027
:1030F0003E439E509E5880273602360A30439850F1
:1031000080201A5900020A4002431A5104341A5905
:10311000364E3F04324080263A431A511A59360639
:103120001202120A32431A5108341A5980260A40F0
:1031300002431A51C32292009F58B446AF4337430B
:103140009F509F58294E0F4007439F509F5837402C
:1031500080263604374380269F509F5836063F020C
:103160003F0A37439F50C0221F59AF433A431A5179
:103170001A591202120A1643C6221E5192009C5876
:10318000AC4365462C439C509C5800250C40204382
:103190009850C72080001A58154C1140C0221202C6
:1031A0000A431A50134B1B78DB08AB4201DC0020AA
:1031B000F8BD2378002B06D0A368002B00D09847D9
:1031C00001350C34EEE71220F2E7C046A842FF1F9B
:1031D000A442FF1FB0F000406468FF1FB4F000403D
:1031E0006068FF1F00E100E0FF00FFFFFFFF00FF3E
:1031F0006C68FF1F6868FF1F030010B51F2809D8FF
:10320000072200201340072404490A78A2431343ED
:103210000B7010BD00230620F5E7C0466868FF1F4D
:10322000034A0449136800200B4013607047C046EE
:103230001CF00040FFFFC1FF054B06491B780A68E0
:1032400005485B0702401B0B134300200B607047CF
:103250006868FF1F1CF00040FFFFC1FF70B50C2520
:10326000FFF7EAFF0A4B1C780A4BE4086543ED18A8
:10327000002C01D1200070BD2B78002B06D06B688C
:10328000002B00D09847013C0C3DF1E71220F2E7FB
:103290006868FF1F6068FF1F1FB5002102220B0036
:1032A00001910091052000F027FC02230B490A68D8
:1032B0001A42FCD120230393039B5A1E0392002B36
:1032C000FAD1074A1368002BFCDA0B246C44200067
:1032D000012100F091FD207804B010BD90C800409D
:1032E00000C8004013B504000A4B0193019B002B5A
:1032F00001D1112016BDFFF7CFFF23000340044288
:1033000005D0052000F0F0FD019B013BEDE7180022
:10331000F0E7C046FFFFFF0707B500F08DFC8022F5
:103320000821D205936A0191002B01D107399162DE
:1033300002210C4A11600199481E01900029FAD11E
:1033400003311160053101910199481E0190002956
:10335000FAD11160002B02D18022D205936200F0D5
:10336000A3FD07BD00C00040F0B52D4C89B0237807
:10337000002B4FD1FEF720FB02232A4F03903A681F
:103380001A42FCD120230693069B5A1E0692002B5C
:10339000FAD1254E3368002BFCDA0120FFF7A2FF9B
:1033A000011E02D0112009B0F0BD030003220190DC
:1033B000009005AD9F2000F09FFB0321280000F046
:1033C0001BFD02233A681A42FCD120230793079B76
:1033D0005A1E0792002BFAD13368002BFCDA012029
:1033E000FFF780FF0028DDD10398FEF7F9FAAA78ED
:1033F0006B7811041B020B4329780B4363601300A5
:10340000113B0A49052B07D801239340A3600B60A9
:10341000012323700020C6E780231B03F6E7C04684
:103420009042FF1F90C8004000C800409808FF1F4E
:103430001E4B30B55A6818781D4B85B0D3185942C9
:103440004B4101210093002300F00EFD194B1A4A55
:1034500002259A6300221A6510325A658022C4211F
:103460009D65164B1648D202DA6789004258154B03
:1034700080241A4080231B041343435064234120BB
:103480000393E40500F006FA402000F003FA6562B9
:10349000039D6B1E0393002DFAD103236362FFF794
:1034A0003BFFA562FFF760FF05B030BD9C42FF1FE8
:1034B00095FFFEF700C80040050001FF04E100E0B1
:1034C00000E100E0FFFF00FFF0B585B00700FEF768
:1034D00073FA022305002D4C22681A42FCD12023E6
:1034E0000093009B5A1E0092002BFAD1284E33689D
:1034F000002BFCDA0120FFF7F5FE002803D0112491
:10350000200005B0F0BD234B2360022322681A423D
:10351000FCD120230193019B5A1E0192002BFAD16A
:103520003368002BFCDA0120FFF7DCFE0028E6D12F
:10353000194B1F60022322681A42FCD120230293F8
:10354000029B5A1E0292002BFAD13368002BFCDA40
:103550000120FFF7C7FE0028D1D1104B23600223C2
:1035600022681A42FCD120230393039B5A1E039224
:10357000002BFAD13368002BFCDA0120FFF7B2FEF2
:10358000041EBCD12800FEF72BFAB9E790C8004012
:1035900000C8004001000006A8C8004001800001EA
:1035A00010B50020FFF790FF10BD000010B5064BCE
:1035B00018705960FFF73CFF00211320034AFFF702
:1035C0004BFD002010BDC0469C42FF1F3134FF1F41
:1035D000F0B5040085B003920291FEF7EDF9882260
:1035E00063035B0B52051A438023DB059D6A80232E
:1035F000274F0092BA68002601901B039A420CD90B
:10360000F82326001B041E401C4206D08022214BBA
:1036100052025E6219680A431A60002D0BD100F055
:103620000BFB02221C4B1A608023DB055A62013A15
:103630009A6200F039FC0023039A934220D1002DB6
:103640000AD100F0F9FA144B03221D608023DB0538
:103650005A629D6200F028FC8023BA681B039A42DC
:1036600008D9002E06D000220A4B0C495A621A686B
:103670000A401A600198FEF7B3F9002005B0F0BDCA
:10368000009A0299D2181278CA540133D4E7C0467E
:103690009042FF1F00C8004000C00040FFFFFEFF37
:1036A000F0B587B0029103920400FEF785F901900E
:1036B00000F0C2FA802302250122234EDB0535608B
:1036C0005D629A6200F0F0FB204F3B682B42FCD118
:1036D00020230493049B5A1E0492002BFAD11C4D04
:1036E0002B68002BFCDA0120FFF7FCFD002802D03C
:1036F000112007B0F0BD2000039A029900F004FBEE
:10370000022304003A681A42FCD120230593059B4A
:103710005A1E0592002BFAD12B68002BFCDA0120EF
:10372000FFF7E0FD051EE3D100F086FA80230322B7
:10373000DB0535605A629D6200F0B6FB0198FEF72A
:103740004FF9E0B2D5E7C04600C0004090C8004045
:1037500000C80040F0B5802489B00600FEF72CF9BF
:10376000E405A36A02250393029000F065FA0123A1
:10377000304F3D606562A36200F096FB2E4C2368DB
:103780002B42FCD120230593059B5A1E0592002B4A
:10379000FAD12A4D2B68002BFCDA0120FFF7A2FD9D
:1037A000002803D01124200009B0F0BD244B236071
:1037B000022322681A42FCD120230693069B5A1E3C
:1037C0000692002BFAD12B68002BFCDA0120FFF7C0
:1037D00089FD021EE6D11B4B03211E6003000190F0
:1037E0000090202000F088F9022322681A42FCD1C0
:1037F00020230793079B5A1E0792002BFAD12B68B0
:10380000002BFCDA0320FFF76DFD041ECAD100F087
:1038100013FA80230322DB053C605A629C6200F0AD
:1038200043FB039B002B01D1FFF776FD0298FEF7C7
:10383000D7F8B8E700C0004090C8004000C800407A
:103840000100000694C8004007B50002019104225F
:10385000000A01A9FFF724FF0EBD000073B50500A3
:1038600005240B4AA3005B429B1819686B46DE1DBA
:103870003000FFF7A9FA022804D133782B55013C18
:10388000EFD276BD052CFCD00128FAD10230F8E742
:10389000140900111F2807D8012380228340D20574
:1038A00091680B43936070473F2808D8012380221A
:1038B00020388340D20551690B435361F3E75F28F9
:1038C000F1D80123802240388340D205116A0B438E
:1038D0001362E8E71F2807D8012280218240C9052A
:1038E0008B6893438B6070473F2808D80122802162
:1038F00020388240C9054B6993434B61F3E75F2849
:10390000F1D80122802140388240C9050B6A9343D7
:103910000B62E8E71F2810D880230200DB05153A68
:103920001968012A06D820229143196019680A43B0
:103930001A60704701228240F6E73F2811D88023A1
:103940000200DB05353AD968032A06D810229143D4
:10395000D960D9680A43DA60EBE701222038824057
:10396000F5E75F28E5D842238022181A413B8340BF
:10397000D205516A99435162516A0B435362D8E7A9
:1039800010B50400012813D1A022184992050B6834
:103990005B015B0913430B60154B164A1968114014
:1039A000154A0A431A60402219680A431A6010BD7A
:1039B0000028FCD101000A2000F006F921000B20AC
:1039C00000F002F9C0220A4B920019680A43402114
:1039D0001A601A688A431A60B022044912060B68FA
:1039E0005B015B0913430B60E1E7C04614F0004044
:1039F0001CF000407F00FEFF80FD010072B6074A08
:103A00001368013313600422054B1A600023054A32
:103A100013608022D2055360FEE7C0467808FF1F7E
:103A2000C0F00040C4F0004005490B68002B05D1F0
:103A3000044A0A6004490A60044A13607047C04699
:103A4000140AFF1F841E0000380AFF1FC4F0004044
:103A50000023034A1360034A1360034A136070474C
:103A600054F0004040F1004044F1004002B471467F
:103A700049084900095649008E4402BC7047C046B7
:103A800002B4714649084900095C49008E4402BCF1
:103A90007047C04603B47146490840004900095ABE
:103AA00049008E4403BC704701B40248844601BCFF
:103AB000604700BF19FA000001B40248844601BC07
:103AC000604700BFCD0C010001B40248844601BC30
:103AD000604700BF090E000001B40248844601BCE3
:103AE000604700BF21A9000001B40248844601BC20
:103AF000604700BFF935010001B40248844601BCAB
:103B0000604700BF496D010001B40248844601BC12
:103B1000604700BFE90B010001B40248844601BCC4
:103B2000604700BFED68010001B40248844601BC53
:103B3000604700BFADAE000001B40248844601BC3E
:103B4000604700BF0167010001B40248844601BC20
:103B5000604700BF156B010001B40248844601BCF8
:103B6000604700BF9D6A000001B40248844601BC62
:103B7000604700BF2D6C010001B40248844601BCBF
:103B8000604700BFC166010001B40248844601BC21
:103B9000604700BFF535010001B40248844601BC0E
:103BA000604700BFD544010001B40248844601BC0F
:103BB000604700BF5976010001B40248844601BC49
:103BC000604700BF8512010001B40248844601BC71
:103BD000604700BF09A4001101B40248844601BC3B
:103BE000604700BFD1AE000001B40248844601BC6A
:103BF000604700BF090E000001B40248844601BCC2
:103C0000604700BF01D7000001B40248844601BCF0
:103C1000604700BFDD0C010001B40248844601BCCE
:103C2000604700BF8D11010001B40248844601BC09
:103C3000604700BFC1F7000001B40248844601BCE0
:103C4000604700BF75A9000001B40248844601BC6A
:103C5000604700BF2144000001B40248844601BC13
:103C6000604700BFE94C010001B40248844601BC32
:103C7000604700BF0534010001B40248844601BC1E
:103C8000604700BFBD5C010001B40248844601BC2E
:103C9000604700BFB70E000001B40248844601BC73
:103CA000604700BFA1AF000001B40248844601BCD8
:103CB000604700BF8937010001B40248844601BC57
:103CC000604700BF0D52010001B40248844601BCA8
:103CD000604700BF6DF6000001B40248844601BC95
:103CE000604700BFB352010001B40248844601BCE2
:103CF000604700BF6137010001B40248844601BC3F
:103D0000604700BFC9A9000001B40248844601BC55
:103D1000604700BF9573010001B40248844601BCAE
:103D2000604700BF8552010001B40248844601BCCF
:103D3000604700BF8B52010001B40248844601BCB9
:103D4000604700BFDD0A010001B40248844601BC9F
:103D5000604700BF8914010001B40248844601BCD9
:103D6000604700BF71B0000001B40248844601BC46
:103D7000604700BFA9D8000001B40248844601BCD6
:103D8000604700BF53B9000001B40248844601BC3B
:103D9000604700BFD9B0000001B40248844601BCAE
:103DA000604700BF0134010001B40248844601BCF1
:103DB000604700BFC95C010001B40248844601BCF1
:103DC000604700BFE9D4000001B40248844601BC4A
:103DD000604700BFE917010001B40248844601BCF6
:103DE000604700BFC1A5000001B40248844601BC81
:103DF000604700BF116E000001B40248844601BC58
:103E0000604700BF3D71010001B40248844601BC17
:103E1000604700BFF90D010001B40248844601BCAF
:103E2000604700BF7912010001B40248844601BC1A
:103E3000604700BFE9F6000001B40248844601BCB7
:103E4000604700BF8D82000001B40248844601BC77
:103E5000604700BFA9B9001101B40248844601BC03
:103E6000604700BF8944000001B40248844601BC99
:103E7000604700BFC56D010001B40248844601BC23
:103E8000604700BFE927000001B40248844601BC36
:103E9000604700BF0934010001B40248844601BCF8
:103EA000604700BF7997000001B40248844601BC16
:103EB000604700BF9DA9000001B40248844601BCD0
:103EC000604700BFBD0B010001B40248844601BC3D
:103ED000604700BF6D0B010001B40248844601BC7D
:103EE000604700BF75F8000001B40248844601BC79
:103EF000604700BF0189000001B40248844601BC4C
:103F0000604700BFEDA5000001B40248844601BC33
:103F1000604700BFF9ED000001B40248844601BCCF
:103F2000604700BFDD3F000001B40248844601BC89
:103F3000604700BF85C1000001B40248844601BC4F
:103F4000604700BF6911010001B40248844601BC0A
:103F5000604700BFE512010001B40248844601BC7D
:103F6000604700BFED6B010001B40248844601BC0C
:103F7000604700BF4DF9000001B40248844601BC0F
:103F8000604700BF51B8000001B40248844601BC3C
:103F9000604700BFC115010001B40248844601BC5E
:103FA000604700BF016C010001B40248844601BCB7
:083FB000604700BFCD4C010089
:103FB8000200000056C200110100000070C000118C
:103FC8000200000052C2001101000000F83FFF1F6C
:103FD8000200000078C00011010000000461FF1F0A
:103FE8000200000050C20011030000007860FF1FAB
:103FF800120000000200000056C20011010000007B
:10400800B8C000110200000052C2001101000000F7
:10401800B5C0001102000000C2C00011030000007A
:10402800B360FF1F0200000050C20011030000002F
:10403800C860FF1F0200000052C20011010000000A
:10404800B4C0001102000000C0C00011030000004D
:104058008960FF1F0200000050C200110300000029
:10406800AA60FF1F0200000056C2001101000000F4
:1040780004C100110200000052C20011010000003A
:104088004141FF1F0200000016C10011010000009D
:10409800F9C000110200000052C200110100000026
:1040A8004041FF1F0200000014C100110100000080
:1040B800D060FF1F0200000052C200110100000082
:1040C8003F41FF1F0200000012C100110100000063
:1040D800E9C000110200000052C2001101000000F6
:1040E8003E41FF1F0200000010C100110100000046
:1040F800E4C000110200000052C2001101000000DB
:104108003D41FF1F020000000EC100110100000028
:10411800DCC000110200000052C2001101000000C2
:104128003C41FF1F020000000CC10011010000000B
:10413800D4C00011020202020202000000000000C6
:10414800161500000D500011D14F001164C1001167
:1041580090011D0018001800FFFF07010203040565
:104168000602010600000000000000000000000038
:104178000000000000000000000000000000000037
:10418800030000000200000056C2001101000000F8
:1041980084C100110200000052C200110100000099
:1041A800FC41FF1F020000008EC100110100000049
:1041B800FE60FF1F0200000050C200110300000053
:1041C8006065FF1F0200000052C2001101000000DC
:1041D800FC41FF1F020000008CC10011010000001B
:1041E8000061FF1F0200000050C200110300000020
:1041F8005865FF1F120000000001000000000111B7
:10420800FFFF000050485936000000000000000081
:104218000B000500F0000000B4000028002800286A
:104228003075A000A000A000A00000080008E00170
:10423800F0001000100010001000100010005000D6
:104248005000500010001000D007000000000000CF
:104258000F0001000500307507001000010081FF04
:1042680000000000FF000000DD750011E57300117B
:1042780075710011FFFF0100FF00000015A000117B
:10428800859D00119D9C00110000000000000000A9
:1042980000000800040000003B0001085902E0018A
:1042A800882128000200000056C200110100000009
:1042B8001CC300110200000052C2001101000000DE
:1042C8002943FF1F020000004EC200110100000038
:1042D8002469FF1F0200000052C200110100000003
:1042E8002843FF1F020000004CC20011010000001B
:1042F8002643FF1F0200000052C200110100000007
:104308002443FF1F020000004AC200110100000000
:104318001C43FF1F180018001D0090010200000335
:10432800020200000200000056C200110100000055
:1043380030C300110200000052C200110100000049
:104348006C43FF1F0200000048C20011000000007B
:10435800000000000200000050C20011030000002D
:064368004469FF1F20FF65
:040000051FFF184180
:00000001FF
