:020000041100E9
:103000007FB50023284C294D03932800217C284AB2
:1030100001F03BFA002812D103232800217C03AAE7
:1030200001F0DAF900280AD1224B039A9A4206D11C
:10303000214B2248E360224B636104B070BD02263D
:10304000217CFE2228001F4B009601F097F90028F2
:1030500001D00020F1E71C4BA2899A42F9D1217CD2
:10306000FF222800194B009601F088F90028F0D1C2
:10307000E389174A934203D1164B17486361DCE793
:10308000164A9342E5D1164B164A1B68934206D95D
:10309000C02304222800217C9B0001F0D8F9124BA8
:1030A00012486361C9E7C046A861FF1F0442FF1FC1
:1030B00081370000595953005959832000C9001124
:1030C000DD410011B461FF1F59590000B661FF1FB7
:1030D0008305000095410011E0C800118215000031
:1030E000CC61FF1F8713000031420011F0C80011AE
:1030F00070B5134D2B7C002B0DD0124C200001F02D
:10310000EBF8297C382907D1BA22200001F08EF98A
:10311000200001F01FF970BDEB890B4A934206D1E4
:103120009023022220001B0201F091F9F0E7074AE8
:103130009342EDD12000064A01F0A7F9E8E7C04626
:10314000A861FF1F0442FF1F8305000083200000C9
:10315000A23000000022024B1A825A617047C0461A
:10316000A861FF1FF7B5164B0192C318021D00207E
:10317000009388235B05D3181B685C1C1AD09CB293
:10318000402C18D88D781E0CAC466746CD782D02A1
:103190003D43AE4206D1019800280ED110000C70BC
:1031A000240A4C7003249BB20733A343D218009B1C
:1031B0009A42DED3FEBD4432F9E71000FAE7C0467A
:1031C000FC0F0000802213B503000324019189B293
:1031D000520107319B18A14304305A1A88235B051A
:1031E000C3181B68591C03D190429241104016BD70
:1031F00099B2402907D80B000733A343C018904267
:10320000ECD30020F3E74430F9E7134B134A1B6873
:10321000126810B5FA24934201D81A00F824104B12
:10322000E4021B689A4210D813000E4A12689A42B0
:103230000ED3013307D1F823DB029C4203D10A49A4
:10324000054809F0A1FA200010BDFC24E402ECE7D7
:10325000FE24E402F7E7C04600C0071100D00711C2
:1032600000E0071100F00711FFFFFF7FF0B59BB0F2
:10327000150003900491402A5CD806AC618022803E
:10328000FFF7C3FF002221000600FFF76BFF0528B0
:103290000FD92388AB420CD1002D07D0504B2A0008
:1032A0000399C01809F000F9002802D101201BB0D1
:1032B000F0BD258030000699FFF784FF041E79D108
:1032C000069B0793FFF7A1FF80235B01C6188023AD
:1032D00007001B039E4201D1F826F60288235B05F6
:1032E000F31801931B68013302D0019809F0D4F858
:1032F0003C49019809F048FA3B1D0293331D0593A0
:103300008822029B52059B181B6808935A1C13D1F4
:1033100088235B05FF1839680198013909F034FAF0
:10332000380009F0B9F830000799FFF74BFF0400A7
:10333000002C41D10020BAE744219AB20091402AE2
:1033400004D80320D11D814389B2009104991B0C3C
:103350008B4224D0402A22D80122300008A9FFF74E
:1033600001FF021E1BD1380008A9FFF7FBFE040075
:103370000428DDD9009A059B9B1880225201B218BF
:1033800093422AD288235B05C118009A09A809F044
:10339000B3F8134B009A09A9F01809F035F9009A0F
:1033A000029B9446634402930F4B029AFB189A4285
:1033B000A6D3ADE70428BDD088235B05E0180699A5
:1033C00009F0E2F90323EA1C9A4300D16EE7044BAB
:1033D0000399E01809F018F968E70424ECE7C046FF
:1033E00004000011FFFFFF7FF80F000073B5040019
:1033F0001600402A1ED801AD6980FFF706FF0022A3
:1034000029002A80FFF7AEFE042810D92D88002E4F
:103410000BD0002C09D0321CAE4200D92A1C074B1D
:1034200092B2C118200009F067F828B276BDC043F7
:1034300000B2FBE703204042F8E7C0460400001159
:1034400037B5042204000D0001A81649FFF7CEFF8E
:10345000020004280BD1019BA34208D3AB4204D045
:10346000104901A80195FFF701FF01203EBD0E4C58
:1034700023682000019309F00FF801992000013919
:10348000019109F081F980235B01E418074B9C420C
:10349000EED10422034901A80195FFF7E7FE0020C1
:1034A000E4E7C0465555000000C0071100000811B0
:1034B000F0B589B010226946234808F025FF234B58
:1034C000009A6C469A4211D1019B0F2B35D8069970
:1034D000029A8C4618001100002604AD013808D26B
:1034E000002E01D00A00A160013229D10023A3607F
:1034F00023E04F1CF2D161460126EFE7103610227F
:103500002900300008F000FFA368A868013300D14B
:10351000A060882329685B05C9186B6829601A03B5
:10352000120B6A60814203D03B4201D108F0E4FFF4
:103530006368013B6360002BE0D1A06809B0F0BD77
:10354000E027014E3F03F6E70000011150485936CD
:1035500007B508F059FEFFF7ABFF002803D0019034
:1035600001984168084707BD10B508F04DFEFFF708
:103570009FFF040008F038FE200010BD13B50400C2
:1035800008F042FE002C03D00194019841680847DE
:1035900013BDC0468022F8B5964C974BD20000214F
:1035A00020001C6009F078F82300944A88331A60E0
:1035B000934B1A786A23002A00D01133E3620A235E
:1035C0002365904B37221B780820A3638E4B21186C
:1035D000E361102323628D4B3B256361C823DB002D
:1035E000A36123008C331A602823013AE26320642C
:1035F0006364CA67043A211DCA672100BC310D60AB
:103600002100C03108602100C4310B602100063563
:10361000CC310D602100083DC8310D602100D03152
:103620000A602200D43210602200D83213602200D7
:103630000227E032210017604222DC310A602100BB
:103640001B3DE4310D602100E83108602100EC31C0
:103650000B6023000521F43319602300F0331A6056
:103660002300183290331A6023009433186023002B
:103670001E3A98331A60AF23DB002360644BFA26AE
:103680002363644B644DE360644BF031A364230017
:10369000FF31FC33B600A16021611E60A562732575
:1036A000E5656D3D6565A56596255D4AAD00E264FD
:1036B000666258606766A56600270925A767E56604
:1036C000584F594D606720002567E2673A6015271B
:1036D0009C30676007001A2038602000A030070087
:1036E000212038602000A83007004C4838602000B6
:1036F000F830066026006427A436376026005F3F56
:10370000AC3637602600033FB03637602600C63738
:10371000B436376026000027B836376038269E60FA
:10372000424E96205E64424E5A66DE61414E9A6475
:103730005E62F53EFF3E9E621E269A67354A800015
:10374000DE661F675F67DD651D661862DA67BE2388
:10375000394A5B00E250394BD838235004302250AC
:10376000C4225200A350C623E4205B00E15004337E
:10377000334AE1503349344BD16034498000195009
:103780003349E938FF381950324904301950324969
:103790003248D16132491163324951631900F43121
:1037A0000860CE203049400011603049195019009E
:1037B0002F48F83108602F49D16582212E4A8900AF
:1037C0005A501A002D490832D1671A002C49B432D8
:1037D000116088212B4A89005A501A002A498832E0
:1037E00011602A4ADA6408F0B7FE012008F09CFF55
:1037F000F8BDC0460004FF1F3065FF1F0070FF1FAB
:103800003444FF1F4A0AFF1F3A07000080C3C90162
:103810009A020000DC0500006A18000050C3000096
:1038200088130000F009FF1F204E00006509FF1FEC
:1038300068100000C409000040420F00102700007B
:10384000FC00FF1F6D1CFF1F0000FF1FC52CFF1F8A
:103850004D30FF1FE52EFF1F2D20FF1F2527FF1FC7
:103860004920FF1FF921FF1FB91FFF1F4929FF1F13
:10387000312AFF1F8D19FF1F5528FF1F8125FF1FAC
:103880008D25FF1FB91EFF1F711FFF1F311EFF1F58
:103890000223F0B5012500245B4E91B033705B4BE1
:1038A0005B4F1D703A6803935A4B29005A700420ED
:1038B000594A2300009408F0DFFD8023DB059D6258
:1038C000FFF752FE554BC218C0239B029A4201D209
:1038D000FFF754FE3C60052007F0CAFC08F074FCBA
:1038E000FFF758FE08F028FF1F2201254C4B1A70E5
:1038F0004C4B1D704C4B1C704C4B05AC19689143E4
:10390000163A0A431A60602219689143403A0A4302
:103910001A6008F041FF08F0FFFE454B9847C120B0
:10392000FF21444B80001A588A431A50C522920046
:1039300098588843BF390143995098583E490840E8
:103940008021C9010143802099509958C00509027E
:10395000090A0143995080213848490108F0ECFDDB
:1039600003232A00364900933648019508F08CFC61
:103970002C22354905A808F0BFFD6178207807F0B2
:10398000F7F8023410ABA342F7D1304C304B226829
:1039900003201A40A023DB02134323608023226804
:1039A0009B041343236022682A4B1A4080239B0305
:1039B00013432360284A294B934200D8012008F082
:1039C0004BFC08F0D1FC80232268DB041343236006
:1039D000307808F0D1FC039B1878C0B208F08CFE58
:1039E00008F02AFE0C49042008F08EFE07F0D8FAF1
:1039F00000F036F800F062FD00F0FAFD00F0F6F994
:103A0000002011B0F0BDC0464A0AFF1F3444FF1F1A
:103A100034F00040D861FF1F3B000108000001E0C6
:103A2000480AFF1F490AFF1F680AFF1FBCF0004039
:103A3000E1A2000000E100E0FF00FFFF3844FF1FAB
:103A4000BC56FF1F3854FF1FE8C7001114F0004098
:103A5000FF7FF8FFFFFF9FFF0080FF1F0070FF1F29
:103A6000002210B51100112008F0E6FC10BD000086
:103A7000F8B500230926374F374C3B62E368112025
:103A8000B343E36008F0D0FB112008F075FB112070
:103A900008F0A2FC40232268802513432360802382
:103AA0006268DB0213436360A3682C4A2B43A36064
:103AB000A36802211340A3608023A2689B011343E3
:103AC0001022A360236C072093432364236C0F3AD6
:103AD0001343236480235B003B62226B204B1A401C
:103AE0002263626B1A406263A26B1A40A263E26BAC
:103AF0001340E363E3681B4A1340E36007F038F8C0
:103B00000121072007F048F9174B11205A6C154383
:103B10005D6408F0C1FBFD21144B154A89005A5021
:103B20008023C720626B5B0313436363E3688000F9
:103B30003343E3600F4B104A1958114080221202A0
:103B40000A431A50802292051A6008220B4B5A63CE
:103B5000F8BDC04600F000403CF00040FFFFDFFF32
:103B6000EFFFEFFFFFFF7FFF003800400000FF1F67
:103B70005118FF1F00E100E0FF00FFFF00000540BB
:103B800070B5174CE088002823D02368A688C01899
:103B90008023711C89B2134D2060A1809B00994243
:103BA00018D3420A93B2C21AEB802260A6800E4A52
:103BB000642093420AD8FA220020D200934205D909
:103BC0000A21180008F0D8FDC838C0B200232872B6
:103BD000E38070BD08F0A0FB83B2EB80E7E7C0464E
:103BE0003461FF1FC061FF1FB70B000030B503A891
:103BF00004880B20002C0ED14968074D08784978BD
:103C0000090201430A20A94205D10121200019809F
:103C1000024B1B7A137030BD192A0000C061FF1FD0
:103C2000F7B5150008AA16884A680F4F147852781D
:103C3000120222430A24BA4214D10122DBB20192B9
:103C400000962A0008F02CFA041E0BD1074B1B68C3
:103C5000002B07D068782A78000210434242504176
:103C6000013098472000FEBD022900004461FF1F7B
:103C700030B5012503790400BFB02B4211D00A49A9
:103C8000408807F07DFD28420BD0084B01A95B8DD1
:103C90004D800B80064B00221B7A60880B7104F06C
:103CA0002BFD3FB030BDC0463C61FF1F7840FF1F79
:103CB000C061FF1F10B50549054807F017FD042135
:103CC000044A054807F0D4FC10BDC0463C61FF1F04
:103CD000FFFF000014C800117840FF1F10B5024814
:103CE00005F08EFB10BDC046713C00110122164B41
:103CF0000270197A4170022181709978C170D97867
:103D0000017103214171197981715979C1710921B9
:103D100001720E49097841720C2181729979C17240
:103D2000DB7903730A4B1978CBB2002904D03A230C
:103D3000827343730F2070478373C373F2221B2374
:103D4000427303741120F6E7C061FF1F2462FF1F56
:103D5000E562FF1F022310B50370013B437005337A
:103D6000837010330371443B43712A3383714433AE
:103D7000C37100230372064B04001B8843720A3090
:103D8000FFF7B4FF831D0A30C0B2E37010BDC04618
:103D9000C061FF1F10B5142008F016FC124B14224E
:103DA0000021186008F078FC002008F0C5FA012016
:103DB00008F022FB022008F037FC032004F0C2FDCB
:103DC000042006F0DBFD052003F0FAFF062004F0D6
:103DD000CDFC072002F030F8082007F029FC09206C
:103DE00001F0AAFD10BDC0464861FF1F08F04CFC61
:103DF000012008F071FB08F05FFB0000094B10B5D3
:103E00000400984205D0012904D12000064907F09A
:103E10006DFC10BD0229FCD1013905F0ABFA002878
:103E2000F3D0F6E7FEFF00006E61FF1F70B50D7A5C
:103E3000100004AA2C00168810221440154220D12C
:103E4000002E20D10A78022A18D14A6851781578B4
:103E50000E4A09022943914205D00D4A914209D0E8
:103E60001C800A2404E014220A491A8008F044FB4A
:103E7000200070BD0C2208491A80F7E71C8001243D
:103E8000F6E70824F4E70B24F2E7C046F3FF00004E
:103E9000F4FF0000C042FF1F2CC9001110B5040040
:103EA0000749084807F022FC074805F0E5F900201B
:103EB000E40704D50721054A054807F0D9FB10BDE2
:103EC0006E61FF1FFFFF0000FD3D001158C800118B
:103ED000BC40FF1F10B50B4BBEB01A780A4902A8B0
:103EE00001F0F6F801AC80B26080002808D0074BE2
:103EF00000221B8821002380054B188804F0FCFB5E
:103F00003EB010BD4C61FF1F4D61FF1F1641FF1FEA
:103F10002042FF1F10B50B4BBEB01A780A4902A809
:103F200002F02EFB01AC80B26080002808D0074B65
:103F300000225B8D21002380054B188804F0DCFBF8
:103F40003EB010BD7661FF1F7761FF1FBC40FF1FB1
:103F50002042FF1FF0B585B0039002920A7A1C0040
:103F60000AAB15001F8820230E001D401A4241D1C4
:103F700007F078F93378022B3ED173681A785B78B2
:103F80001B0213431F4A934211D01F4A934220D071
:103F90001E4A0A25934219D1012231000192039849
:103FA000029AE3B2009708F07BF805000EE0002FBC
:103FB00024D1142C24D82200F068029908F09CFA2D
:103FC000134B1C70012C01D9FFF7A4FF280005B08A
:103FD000F0BD002F12D1202C12D802992200F068D7
:103FE00008F08AFA0B4B04211C700B4B187808F070
:103FF00003FBEBE70825E9E70125E7E70B25E5E704
:104000000D25E3E7F3FF0000F4FF000002290000A4
:104010007661FF1F4C61FF1FE662FF1F332310B55F
:10402000040003700A220749013008F065FA064BC4
:104030000F201B681A0AE37222731A0C1B0E62739C
:10404000A37310BDC061FF1FE861FF1F30B50125DC
:1040500003790400BFB02B4213D00B49408807F00E
:104060008FFB28420DD0094B01AD1B8802A82B8085
:10407000FFF7D4FF0F236B8000222900608804F033
:104080003BFB3FB030BDC0466E61FF1F1641FF1FB6
:1040900010B5024805F0B4F910BDC0464D400011FE
:1040A00070B5160004AA148805AA15784A685078D5
:1040B000117800022A4A0843801805284BD808F0D6
:1040C00053F803131E29343F07221000062C0AD888
:1040D000121BAA4200D92A0022491A80300009196D
:1040E00008F00AFA002070BD0720112CFBD812221C
:1040F000121BAA4200D92A001B491A80EEE70720AA
:10410000222CF0D82322121BAA4200D92A001749D8
:104110001A80E3E70720032CE5D80422121BAA42E9
:1041200000D92A0012491A80D8E707221000062C6D
:10413000D9D8121BAA4200D92A000E491A80CDE70D
:1041400007221000062CCED8121BAA4200D92A0042
:1041500009491A80C2E700220A201A80C3E7C04634
:10416000DCD5FFFFBDC800119461FF1F99C8001185
:1041700094C800118CC8001184C8001110B50D211D
:10418000024A034807F074FA10BDC04678C800110F
:104190002C41FF1F37B50F4C01AD04232A00217CB1
:1041A00000F01AF9002813D12988236849BA89B286
:1041B0004B4321891B0C5B18074A6988538049BA15
:1041C000636889B24B4361891B0C5B1893803EBDC9
:1041D0000120FCE7A861FF1FC061FF1F37B5124C2B
:1041E00006236A46217C6D4600F0F6F8002818D1B7
:1041F0002988236849BA89B24B4321890B4A1B0C91
:104200005B1853806B4603335B78E9781B020B43E2
:104210005BBA61689BB24B4361891B0C5B1893804E
:104220003EBD0120FCE7C046A861FF1FC061FF1F23
:10423000F0B5022785B0154C03AD217C2B00002280
:104240000097060000F09AF8002802D0012005B07F
:10425000F0BD0E23217C0122300000976B4400F05A
:104260008DF80028F2D129882368C9BA4B432189E7
:104270001B145B18064A6988538049BA636889B27F
:104280004B4361891B0C5B189380E0E7A861FF1F1B
:10429000C061FF1F10B500F0B1FE034A0020138873
:1042A0000133138010BDC046C061FF1F10B500F080
:1042B000A3FE10BD10B58024064AA4001168436B0C
:1042C000234205D113685B1A032BF8D9012010BDD6
:1042D0000020FCE76008FF1F70B5C17905000C00E5
:1042E000631E9C411A4BE402E41849000460C9B201
:1042F000007906F087FDE979687949000131C9B292
:1043000006F080FDE8790930C0B208F065F80023B6
:10431000E36661332360AA795B3B002A0ED02268F2
:104320009A43023B134323600A23E361073323626A
:1043300000232363A3630133E36370BD22689A43C0
:10434000022313432360462363610633A361EFE72F
:104350000050004070B5002504000368DD66C07998
:104360000930C0B207F060FF2900207906F0E6FCB2
:104370002900607906F0E2FC70BD0000F8B51E006F
:1043800006AB1D78002304681700E366616007F040
:104390003BFF01238022E3662B0027615200013B93
:1043A00008D207F021FF08200A4A1168002D03D126
:1043B0002800F8BD2261F2E7236F034203D023698E
:1043C000013D3370013613685B1A032BEED90125CA
:1043D000EEE7C0466008FF1F70B51C0000230568AB
:1043E0001600EB66696007F00FFF01238022EB6681
:1043F00023005200013B08D207F0F6FE08200A4ACB
:104400001168002C03D1200070BD2A61F2E72B6FE8
:10441000034203D02B69013C3370013613685B1AE9
:10442000032BEED90124EEE76008FF1F002370B5CF
:1044300004681500E366616007F0E6FE0123E366A9
:10444000256107F0D1FE2000FFF734FF70BD70B585
:104450001D00002304681600E366616007F0D4FEC7
:104460000123E36626610F33626B1A42FCD02B0AEC
:1044700023611023626B1A42FCD0EDB2256107F074
:10448000B3FE2000FFF716FF70BD002370B504686F
:104490001500E366616007F0B7FE0123E3662B0AAF
:1044A00023611023626B1A42FCD0EDB2256107F044
:1044B0009BFE2000FFF7FEFE70BD000010B5084C0B
:1044C000E368002B08D18022064B52021B689B1820
:1044D0006360054B1B68236007F086FFA06010BD7A
:1044E000E861FF1FC8F00040CCF00040F0B5164A6C
:1044F000916A936A8B42FBD1144901278A688B60C9
:104500009A1A134B48681C6893B263431B0A1B1822
:10451000D002C00E6043020208689B18002402000B
:104520000C4D4B60561CAB4208D8002C01D010003B
:104530000CC1094A1360094B1860F0BD084A3C00E1
:104540009B183200EEE7C04600F00040E861FF1F14
:10455000140AFF1F40420F00C8F00040CCF000409A
:10456000C0BDF0FF70B5194C23793F2B01D93F2313
:104570002371174A13701078C0B207F04DFF18234B
:10458000144A15491380154A0B8013804B80A0797B
:104590000C3B421C534380221201934213D81A0051
:1045A000CB80A0230E4D888028800E4863719F3BEE
:1045B000028023720C4A0D4B1A60E379052B01D857
:1045C0001023E37170BD1300EAE7C046DC61FF1FF2
:1045D000480AFF1F1E42FF1FE043FF1F1C42FF1F30
:1045E0001A42FF1F1842FF1F10270000CC61FF1F57
:1045F000F8B521210020FEF723FF114C011E114DBB
:1046000009D10C22104BC1CBC1C4280008F044F8DA
:10461000FFF7A8FFF8BD0C2220000C49FEF7E6FECC
:104620000C2802D0084B43CB43C40C222800084975
:10463000FEF7DCFE0C28EBD00C220021E5E7C0469B
:10464000DC61FF1FA861FF1F10C90011FC0C0000F6
:10465000F50C000010B50C2202480349FEF706FED7
:1046600010BDC046DC61FF1FFC0C0000044A43057E
:104670005B0D5343C00A5043DB0A18187047C0460D
:10468000710200000388034A934201D00133038082
:104690007047C046FFFF0000034B1A68186890423D
:1046A000FBD10002000A704728F0004070B5FFF708
:1046B000F3FF2A4B0500DE6A294B361A3602DB7FF0
:1046C000360A284C093E002B05D08021264B890054
:1046D000187807F091FF254B9E4226D8238B244E55
:1046E000B34203D0238B01339BB22383214B1B683E
:1046F0001B021B0A2361204B1B78002B15D1231DA5
:10470000DB7F002B11D1032006F012FA00280DD117
:10471000A368ED1A2D022D0AA32D07D8A38BB3424F
:1047200003D0A38B01339BB2A38370BD2369621DA9
:10473000236002231B1ADBB2D3770122231DDA7711
:10474000002801D023696360082007F0A5FD064B0F
:104750008021187807F050FFE7E7C04600F00040DE
:10476000FF61FF1FF861FF1FE662FF1FF6FF7F007A
:10477000FFFF0000100AFF1F2862FF1F0C4B10B53F
:104780001B78012B08D10B490B4ACB7FFF2B09D19A
:10479000D31D0122DA7704E0082007F0F5FE002897
:1047A000F1D110BDCB7F0133DBB2CB77F0E7C04650
:1047B0002862FF1F0062FF1FF861FF1FF0B51D4C4C
:1047C0008022A5440400882069465201400507F074
:1047D000CBFE902212016A441300200032C832C37B
:1047E00016C816C38023144C144FA6689B0333438A
:1047F000A3603B6007F070FD8823A0685B05C018CC
:1048000007F04AFE0025882329008022A0685B0566
:10481000C01840196944520007F0F6FE80230135A4
:10482000FF355B019D42EED1A6603E60044B9D4486
:10483000F0BDC046FCEFFFFF5043FF1F9808FF1F6D
:104840000410000010B5FFF727FF0E4C0E4BA060C0
:10485000628B9A4203D0638B01339BB2638363689C
:10486000002B0DD0A0686368C01A0002000AFFF791
:10487000FDFE80235B02984200D3034880B2E083B0
:1048800010BDC046F861FF1FFFFF000010B5FFF725
:1048900003FF0C4B58601A1DD17FCCB2002910D1F8
:1048A00018600533DC770123D377074B1B78022B85
:1048B00002D0082007F0F0FC044B8021187807F0A4
:1048C0009BFE10BDF861FF1F2862FF1FE662FF1FFD
:1048D00070B505002D48FFF7D5FE2B7B002B02D1CC
:1048E0002B48FFF7CFFE2B4C6378A678002B47D0E0
:1048F000002E45D06368A068C01A0002000AFFF7C6
:10490000B5FE254B984238D80A2800D20A2002006A
:10491000A18E0A3A93B263868A4200D2A386E18EC0
:104920008A4200D9E38600231C495E008E5BB242B6
:1049300002D30133072BF8D1E3183A331978FF2952
:1049400001D0013119701649FE238A4204D80A2188
:1049500007F0E2FC0138C3B2220042321370A368B0
:10496000A868C01A0002000AFFF780FE80235B02DD
:10497000984200D30B48208707E00B48FFF782FEE0
:104980000A48FFF77FFE002EE9D170BD4062FF1F8D
:104990004262FF1F2862FF1F881300001CC900111C
:1049A000F5090000FFFF00005662FF1F4462FF1F71
:1049B000F0B589B004AF1E00050002910392387073
:1049C000FFF76AFE029B784CBB60039B00903B7331
:1049D000237878607E730193062D0ED17348FFF71C
:1049E00051FE019A0023022A03D1A37063701A2595
:1049F00096E0009AE260238010E0019B042D0FD125
:104A0000022B03D16A48FFF73DFE5FE06948FFF7DC
:104A100039FE009BE360022323800023A370E6E7B6
:104A2000052D05D16448022BECD1FFF72BFE6DE07C
:104A3000012B3CD0022B7FD0002B47D1002D1ED163
:104A4000022E0ED15D48FFF71DFE65700023A37096
:104A500001232370009B0820E360052507F01CFC60
:104A600076E05748FFF70EFE012E02D15548FFF7BA
:104A700009FE01236370029BE6706360E6E7012D87
:104A80000BD15148FFF7FEFD5048FFF7FBFD029B9D
:104A9000A570A360019B6370DAE7022DB2D13800E4
:104AA000FFF716FF1035082007F096FD50E0022DA5
:104AB00026D0032D3ED0012D0AD14348FFF7E2FD59
:104AC000A378002B02D1029BA570A36000253FE0D4
:104AD0003A48022E97D03A48FFF7D4FD012E02D172
:104AE0003848FFF7CFFDA3783948002B8BD1637886
:104AF000002B87D101336370029BE6706360E5E7AA
:104B00003800FFF7E5FE039B002B03D0009BE3601A
:104B1000002370E70C252F48FFF7B4FD039BA3701B
:104B200080212D4BC901187807F00EFE0C2D0FD0F7
:104B30001A25B8E7294878E7022D2AD12848FFF737
:104B4000A1FD039B002B02D12648FFF79BFD1025FA
:104B50006B0706D58021204BFA221878C90107F08F
:104B6000E3FC10231D420ED007F04EFB00231E4A2B
:104B7000D3771E4AD3772278012A02D01C4A937336
:104B8000537307F031FB423422781A4B1A7009B084
:104B9000F0BD002D03D10A48022ED8D0D5E7012D53
:104BA00000D02FE708482EE72862FF1F4E62FF1F44
:104BB0004862FF1F4A62FF1F4C62FF1F5262FF1FC5
:104BC0003862FF1F3A62FF1F3C62FF1F3E62FF1FF9
:104BD0005462FF1F5862FF1FE662FF1F4662FF1FFD
:104BE0004062FF1F4262FF1FFB61FF1FFC61FF1F4E
:104BF0006C62FF1F2462FF1F0022F0B5037885B0AE
:104C0000013B012602900192012B00D883E005B000
:104C1000F0BD636901336361B9E0627B531CDBB2B1
:104C20006373A7540C2B00D8B1E0237B452B3AD1FA
:104C300009215C4801F05EFC63896778834232D1C8
:104C40000023A3736373A38BE27801339BB2A38326
:104C500023000833DE77237960791B0213431BB2EC
:104C6000E383A379E11C1B0203431BB22384CF77A8
:104C7000A178231DD977637A621DD377E279A31DCA
:104C80002100DA77237AE21DD37722002A310878CF
:104C90002B32002825D011788B4224D01370E36A80
:104CA0000133E3621FE0238A01339BB22382012395
:104CB000E25C522A0FD120000021453AD21AD2B22A
:104CC000C75C0131C9B2077001309142F8D10D22A1
:104CD000D31A63735BE001330D2BE9D10023A37377
:104CE000F7E70E701370304B1A78002A04D00022B8
:104CF00008201A7007F070FCFFF7CEFC2B4B5861B0
:104D00000633DE7780212A4B4901187807F074FCBE
:104D1000019B01330193029B019A1B7A9A4200DBAB
:104D200075E7029B019A5B68224C9F5CA369013383
:104D3000A361214B1A783F2A05D819784A1CD2B2B0
:104D40001A701E4B5F54238A184D9BB203931C4B61
:104D5000DA7F002A10D1DE77FFF79EFC194BE8605E
:104D60001B78022B02D0082007F096FA8021104B06
:104D70008901187807F040FCA37B002B00D04CE79A
:104D8000522F00D045E7013327706373A373238A42
:104D9000039A9A42BCD0FFF77FFC00236861063576
:104DA000EB77AFE76D62FF1F9462FF1FF861FF1F93
:104DB000E662FF1F6C62FF1F9C62FF1F9D62FF1F68
:104DC000FB61FF1F2862FF1FF8B507F01DFA0E4EAA
:104DD000731D3768DD7F3469EDB207F005FA002DE9
:104DE0000BD1002C09D0381B084B0002000A984256
:104DF00003D8FFF73BFC80B2308400222B0039003F
:104E00001000FFF7D5FDF8BDF861FF1FCC0C0000C6
:104E100010B507F0F9F9054BDC6807F0E5F9002358
:104E200021001A000120FFF7C3FD10BDF861FF1F2C
:104E300070B507F0E9F9074B5D690633DC7F07F0D1
:104E4000D3F9E4B22900002322000220FFF7B0FDCD
:104E500070BDC046F861FF1F002310B51A0019008D
:104E60000320FFF7A5FD10BD002110B5034B0A007C
:104E7000D97706200B00FFF79BFD10BDFF61FF1FD8
:104E8000002310B51A0019000420FFF791FD10BD92
:104E9000002310B51A0019000520FFF789FD10BD89
:104EA000034B1878023843425841C0B27047C0469D
:104EB0002862FF1F10B5FFF7EFFB0C4B1A78012A91
:104EC00013D1DB68FA22C01A7D230002000A434393
:104ED000D2001B0B934208D90548FFF7D3FB0023F0
:104EE00006201A001900FFF763FD10BD2862FF1F9E
:104EF0005062FF1FF0B5304C89B0302200212000F5
:104F0000002707F0C9FB402200212C4807F0C4FB12
:104F10000A222B4B39001F7002ABD01807F0BCFBE4
:104F2000284B04AD2B80012396212B72264B89013F
:104F3000069A009704980591079306F057F9060022
:104F400073427341214D39002C22293428002370EB
:104F500007F0A2FB1E4C39004422200007F09CFB06
:104F600001235B42A386423423701A4BFF37612032
:104F7000194A1A491F7007F05FFA002802D02B0067
:104F80000833DF770321080005F0F2FD0320144AFF
:104F9000144905F0E3FF00280BD02A0001238021EB
:104FA000283207351370EB770F4B8900187807F01C
:104FB00023FB300009B0F0BD6C62FF1F9D62FF1F34
:104FC0009C62FF1FFF060000F94B0011F861FF1FF4
:104FD0002862FF1F2462FF1FAD4600117D470011AC
:104FE000454800118D480011E662FF1F014BD86A49
:104FF0007047C0466C62FF1F704700000E4A0F4B9F
:10500000D27F0F49002A05D0DA8B4A801B8C1BB255
:105010008B8070479A8B002A0AD09A8B524292B2A8
:105020004A801A8A002A05D01B8A5B429BB2EEE7AF
:10503000044AF5E7034BEAE77462FF1F6C62FF1F47
:10504000C061FF1FFFFF0000F0B587B0051E6C4672
:1050500027D0684607F0A0F81B4D022806D106228B
:105060006946280007F020FA002818D00F222100F6
:105070000023012094460600EA5C0133170910372B
:10508000BE403700664632400600964032003A4342
:105090004A610439062BEED12000FFF78FFB07B0E1
:1050A000F0BD18226946094807F05EFAAB00E358E4
:1050B000013305D01822FF21200007F0EDFAEBE7BD
:1050C0000135062DF2D1EAE76509FF1F000900113D
:1050D000F0B5002604000F00150085B0B24200D1E3
:1050E00087E08A784B1C01934B7812021A43CB78E5
:1050F00008781B0413430A79207012061A430092A1
:1051000003926670252800D193E033D8112813D874
:1051100007F032FA66001801180118011801A700FB
:10512000B500AE0018011801180118011801180186
:1051300018011801F1001101232800D1C9E0DB2872
:1051400000D09EE2042D00D896E2052D00D195E214
:105150006E1F32000098791D07F0CEF90522390044
:10516000200007F0C9F932000099601D07F0C4F96A
:105170002E003EE0562856D00FD8332800D1A3E0A9
:10518000552839D02628DAD1C14D13223100280004
:1051900007F082FAFDF7DEFF5AE0712800D175E0D2
:1051A000722800D186E0DC28C9D1022D00D863E244
:1051B0004B7863708B78A3706B461E88032D05D0E7
:1051C000033DC81CAAB23100FEF750F8310010228E
:1051D000E01CFEF70BF9C61C00280ADA60706FE0CD
:1051E0000C260C222000AB4907F086F9A84B5B7C0B
:1051F000E380300005B0F0BD6A1EA74D0C2A10D820
:10520000002A07D02800019907F076F9FFF7AAF9DC
:10521000FFF720FA0C222900601C07F06DF90D261B
:10522000E7E70C22EEE79C4D9C4B2A0043CB43C2A0
:10523000ECE76A1E964D0C2A11D8002A08D0019975
:10524000280007F059F90C2228009549FEF70EF8BE
:1052500013222900601C07F04FF91426C9E70C221D
:10526000EDE706228F49601C07F046F90626C0E7E5
:1052700012228D49601C07F03FF91326B9E7082276
:105280008A49601C07F038F90926B2E7012D0DD0D4
:105290004978F02900D9EFE1854D288801F0CAFD51
:1052A000844B2A885200D35A637009E0804A814BAC
:1052B0001288F7E7804B012D04D04A781A7062708B
:1052C000022696E71B78EFE72000FEF7A7FE060010
:1052D0008FE7042D05D9794D009B2B6007F084F8EA
:1052E000A860FFF703F90422039003A9601C07F0EC
:1052F00003F905267DE7724E062D15D906223000EA
:10530000019907F0D1F800280ED00622019930004B
:1053100007F0F2F806226B493000FDF7A7FF0123E2
:10532000654A11780B43137031000622601C07F0A8
:10533000E3F807265DE7012D00D19DE14878FFF7EE
:1053400083FEBDE701281FD15F4AAB1E0092132BDD
:1053500006D84B78002B0BD100F05CFA00F092FAE3
:105360005A4B00991E78601C721E07F0C5F840E782
:10537000013D2A000199009807F0BEF854490098B1
:10538000AAB2FDF773FFE9E7032800D0D7E6012DA5
:105390002DD120700C234F4A637012784E4BA270AF
:1053A0001A000832D27F1026E2709A6922719A6937
:1053B000120A62719A69120CA2719A69120EE27154
:1053C0009A8B22729A8B120A62721A8AA2721A8AB3
:1053D000120AE272DA8B2273DA8B12B21212627341
:1053E0001A8CA2731B8C1BB21B12E37301E74B7860
:1053F0002070002BCED0012B1FD10B336370364BA6
:105400000B26DA8BA270DA8B12B21212E2701A8CAF
:1054100022711A8C12B212126271DA1CD27FA2713E
:105420001A1DD27FE2715A1DD27F22729A1DD27F3D
:1054300007336272DB7FA372DBE6032B1FD1022DE1
:1054400000D119E10C22254B897818780426A07028
:1054500018786270E170884200D8CAE61B785B1A3F
:105460001E1CDBB2934200D9161C1D4BF6B2320053
:10547000201DC918043607F03FF8F6B2B9E6093B1B
:105480001800032B00D9F7E006F06EFE2C5498CAE2
:10549000A861FF1F2CC90011DC61FF1F10C900119A
:1054A000F50C0000B461FF1F9461FF1F5443FF1F00
:1054B0002042FF1F3465FF1FD861FF1FE861FF1FF7
:1054C0006509FF1FADAC0000C564FF1FC364FF1F6B
:1054D000AEDE00009562FF1F6C62FF1F9C62FF1F23
:1054E0009D62FF1F5E236370764B1A78A270DA7894
:1054F000E2701A8A2271120A62715A8AA271120A21
:10550000E2719A8A2272120A6272DA8AA272120A0C
:10551000E2721A8B2273120A62735A8BA273120AF6
:10552000E2739A8B2274120A6274DB8BA3741B0AD7
:10553000E37492E606F068FE634BDF8B1E8C1D8BD6
:105540005B8BBFB29BB2009306F04EFE5F2363708D
:105550005C4BB6B25A8EADB2A270120AE2709A8E4D
:105560002271120A6271DA8E2772A271A672120A71
:105570003F0A360AE2716772E6721A8FA5732273C8
:10558000120A6273009A2D0A2274120A62741A00B7
:10559000E57342321278A2749A8DD98D1B8C521801
:1055A00092B20F2B07D81B015BB2111C0F2A00D936
:1055B0000F210B43BCE710235B42F6E760236370C7
:1055C00000234248A21CC15CD1540133082BFAD1FC
:1055D0003C4A518C0B1CFF2900D9FF23A372918CEC
:1055E0000B1CFF2900D9FF23E372D38C23731B0A02
:1055F0006373138DA3731B0AE373538D344A2374AF
:105600001B0A6374D27F304BA274DA1D2833D27F19
:1056100019784B1E9941130049005A1E9341C8E75F
:1056200006F0F2FD284EB58B06F0DEFD6123ADB22B
:105630006370A570234B2D0AE5701A8E2271120A31
:1056400062719A8DA271120AE271DA8D2272120AC7
:1056500062721A8CA272120AE2725B8D23731B0AA9
:10566000637373681A0AA373E2731A0C1B0E6374D4
:1056700000232274A3745BE7FF2315E6152510268B
:105680006CE5DA28F8D1042DF6D9082D17D9BB79A5
:105690007A791B021343FA7912041A433B7A1B06E8
:1056A0001343009A1360009B05221B6839002000F9
:1056B000039306F021FF0422601D03A9E2E5FE2307
:1056C0006370F0E72862FF1FF861FF1F6262FF1F2F
:1056D0000062FF1F7047000002000A4B0A3292B2BC
:1056E00010B598811882DA815A820123064C237002
:1056F000064B187802F002FA002801D0002323702C
:1057000010BDC046DE42FF1FE664FF1F0E65FF1F8F
:10571000013870B5042809D8264C06F025FD030889
:10572000292910000221207806F066FF70BD0821AB
:10573000207807F009F800221F4B1A72F6E7802242
:1057400000251D4B520060201A81DD7206F0A4FD79
:105750001A4B1D701A4B1D70FFF792FB0821207821
:10576000184A06F0E1FE2900207806F07DFEDDE70C
:105770000821207806F0E8FFFFF78AFB602006F09A
:105780002BFF1148FEF7E6FA104B114A9B799380E4
:10579000104A13800022084BDA720132FF321A815C
:1057A0000D4B1B78002BC1D00C4A136006F004FF90
:1057B000BCE7C046E662FF1FCC61FF1FE562FF1F2A
:1057C000E462FF1F102700002942FF1FDC61FF1F5A
:1057D000E043FF1F1A42FF1FD861FF1F34F0004053
:1057E0000300F0B50A4D8E18B14202D15200801864
:1057F000F0BD0C782F6824093C5D0F271C700C78D5
:1058000001313C402F683C5D5C700233ECE7C046E0
:105810001442FF1F1022124B10B51A700F23114CA7
:1058200011492370093A063B1048637006F064FE84
:105830002D2301220E490F486372FFF7D1FF012289
:105840000D49FFF7CDFF01220C49FFF7C9FF030007
:1058500000200B4902001870FDF708FD10BDC0467E
:10586000E264FF1FC364FF1FBDC80011C564FF1FB2
:105870006709FF1FCD64FF1F6609FF1F6509FF1F32
:10588000AEDE000070B5134C142220001249FDF763
:10589000ADFD431E114D132B19D8AB78002B16D03C
:1058A000431C2B7009236B700023001903702878A8
:1058B0000B4B01302900C0B2187006F06DFD29783D
:1058C00022000139C9B2002005F0F0FD70BDFFF7DC
:1058D000A1FFECE7C564FF1FAEDE0000C364FF1F3D
:1058E000E264FF1F10B5114B1A781870002A0ED011
:1058F00000280BD10E4B1A78062A07D85423D34020
:10590000DB0703D50B4B187802F0F8F810BD002820
:10591000FCD0074B1B78012B02D0033B022BF5D8A0
:10592000044B0121187806F067FEEFE7E764FF1FDC
:105930000D65FF1F0E65FF1F70B5474E2D2430709B
:10594000FDF708FCFFF7D6FA06F096FE032243495E
:105950004348FFF745FF030004221C704149013012
:10596000FFF73EFF302304703F4D404C437083707F
:105970002E3B062220003E49EB87FDF737FD062827
:1059800013D0200006F008FC022809D003212000D3
:1059900006F022FF8D23E3706E3B23711933637190
:1059A000062220003249FDF761FC324B1B68FC33B4
:1059B0005C64FFF767FF0020FFF794FF2E4C2F4A2F
:1059C00001212F4B1278207802F05AF82D4A2E4BE5
:1059D00012780021207802F053F801222B4B1A7024
:1059E0002B4B5A783C23552A00D0163B294A2021BC
:1059F0005372294B294AEB81AA812A826B82307823
:105A000006F0D2FD0120404205F09CFD01204042FD
:105A100005F038FEFEF7B2FBFEF74CF900F048FD4A
:105A200001204042FEF73AFA012006F015FEF02070
:105A300001F0E4F90121307806F0DEFD307802F063
:105A4000B9F9174806F030FCFEF712F80022602082
:105A5000110006F0F1FC70BDE662FF1F5443FF1F0A
:105A60009461FF1FB461FF1FDE42FF1F6509FF1F26
:105A7000ADAC00003065FF1F0E65FF1F4842FF1FE1
:105A80002942FF1FE264FF1FC364FF1FB464FF1FAE
:105A9000D861FF1FCC61FF1FCE090000C4090000C0
:105AA000E862FF1FF8B50D008B0600D49CE005F0FE
:105AB000D9FB8F4B1B78002B24D0FEF717FDFFF787
:105AC000F9F9FFF793FA8B4B8B4A196888421CD07F
:105AD0008A4918600B888A4C01330B800121894B5D
:105AE00020001970062313700022874B1A70874B11
:105AF00026325A72FEF72EF9210006F02DFE844858
:105B0000FFF7EAFD20246C40D2E01378002B12D07E
:105B1000013BDBB21370002BF4D17A4A784C13703E
:105B2000764A2000138801331380FEF713F9210011
:105B300006F012FEE6E7774B744C774E9968626880
:105B4000737A8A1ADB039A4202D36160FDF790FFF1
:105B5000327A217A531EDBB2994231D1FEF7A6FB8D
:105B6000637A002B28D0013BDBB26372002B23D178
:105B70006A4B5B78552B01D106F01EFDE37A002BB2
:105B800012D00023A27AE3729A4202D0A372FDF7E8
:105B9000F7FF5A4A5A4F1388380001331380FEF733
:105BA000D9F8390006F0D8FD0322574B1A70642348
:105BB00070795843FFF790FD237A01332372A1E7F0
:105BC0009142CDD300272772FEF764FBA37ABB4234
:105BD00002D0A772FDF7D4FF494F3800FEF7BAF89C
:105BE000390006F0B9FDBBE70BB2002B0ADA4C4BCB
:105BF000187806F0D9FD002801D006F0A5FB802416
:105C0000240280E70224214208D0434A3F4B127A03
:105C10000120023A1A72FFF765FE74E78024A4009F
:105C2000214202D0FFF720F96DE78024214202D003
:105C3000FFF7CAF867E78024A401214202D0FFF7EA
:105C4000E7F860E780246401214202D0FFF7F0F812
:105C500059E78024E401214202D0FFF7FDF852E722
:105C60000824214226D0FFF71BF96C4000281FD0E2
:105C7000FEF73CFC274B2549274D98684A686B7A0C
:105C8000821ADB039A4202D34860FDF7F1FEFEF769
:105C900001FBFEF70BFB224B08211878214A06F086
:105CA00043FC00F01FFC2B68DB0701D5FEF7F0F981
:105CB0002000F8BDCB0609D5FDF762FF0C4B1B7821
:105CC000002B01D1FEF70AF810241CE70124214221
:105CD00005D0154800F074F806F06EFB13E70426B3
:105CE0000C0034403142E3D0FEF7F4F834000AE708
:105CF000E764FF1FE062FF1FE462FF1FC061FF1F38
:105D00002942FF1FE562FF1FC264FF1FCC61FF1F16
:105D1000C4090000E861FF1FDC61FF1FD861FF1F9D
:105D2000E662FF1F102700000C42FF1FF0B51A4B60
:105D30001A4F1B883A880400194E1A4D85B09A42B2
:105D40000DD832889A420AD3174B1A882B889A4268
:105D500005D1164A164B12881B889A421AD0052084
:105D600001F0A2F83B8802A90B80338801904B8098
:105D70002B88104D8B800E4B2A781B88CB800E4BC6
:105D8000188802F0C3FD0D4B08212878019A1C7079
:105D900006F0CAFB05B0F0BDB264FF1F1E42FF1F34
:105DA0001C42FF1F1A42FF1FB064FF1FAE64FF1F9B
:105DB0001842FF1F0E65FF1F2042FF1FAC64FF1F2C
:105DC00013B50C4B1C78002C11D1002801D00A4BC4
:105DD00018600A4A0A4B11780A4A10780A4A019256
:105DE0000A4A0092002205F059FA200016BD11243B
:105DF000FBE7C0460D65FF1FA864FF1F0C65FF1F72
:105E0000FC64FF1F0E65FF1FE864FF1FEC64FF1FAB
:105E100010B5064B12201B78052B06D1044B13221C
:105E20001988044B187801F01BFA10BD0D65FF1F8F
:105E30002042FF1F0E65FF1F10B500240122114BE9
:105E400052421870104B1C70104B1A8001F0B2FFB8
:105E500004220F4B21001A700E480C3206F034FB5E
:105E6000102221000C4806F02FFB07220B4B1C6070
:105E70000B4B1C700B4B1C700B4B1A700B4B1C709C
:105E800010BDC0460E65FF1F0D65FF1F2042FF1F9E
:105E90000C65FF1FFC64FF1FEC64FF1FE864FF1F1D
:105EA000C264FF1FC164FF1F2242FF1FC064FF1FA7
:105EB000F8B5174C0600257806A814240078052D9F
:105EC00023D1B41F134FA5B21824BD421DD88D1F76
:105ED000ADB2BD4219D8FA256D00AA4215D21D00F7
:105EE0000D4F0A3DADB2BD420FD80C4C26800C4C74
:105EF00021800C4900240A800B4A1380FFF716FF0B
:105F00000A4B0421187806F01FFC2000F8BDC0469B
:105F10000D65FF1F790C0000750C00001E42FF1F6D
:105F20001C42FF1F1A42FF1F1842FF1F0E65FF1F72
:105F3000F0B50BB20E0089B0002B00DB9BE1B44D35
:105F4000287806F031FC041E5ED00378A22B00D125
:105F50004CE1D02B1AD0912B53D143780E2B50D13A
:105F6000AC4B82889A424CD1AB4B1B78052B48D165
:105F70008368032018567F2843D0A84B1B68002B4A
:105F80003FD05B68002B3CD098473AE080780728E8
:105F900037D806F0F1FA0800360026004D004D0013
:105FA0009000D20002016378002B0CD007229A4B9C
:105FB0001A709A4B1B68002B23D01B68002B20D033
:105FC000954A1078E0E70121934B1970944B1A78A9
:105FD000002AEED0934B287801F052FD0028E5D13D
:105FE000E7E761780029E1D1E378002B11D08E4AF0
:105FF0008E4B1278287801F043FD60706378002B97
:10600000D4D1200006F0A0F980200002704009B031
:10601000F0BD814B1B78022BF3D00121287806F0CC
:106020007BFA0028EAD10121287806F0E5FAE5E7B5
:106030006278794F002A39D1032807D13B78052BA4
:1060400002D101333B70B4E70223FBE7784B1978A8
:1060500000290BD01A703B78053B012BD1D90121C7
:10606000744B2878197006F0C7FACAE7724B1A8881
:10607000704B0293002A0BD01B78002B03D0012118
:10608000287806F051FA3B78062B04D1013BD9E77A
:10609000029B1A70F7E7042B06D10121029B287896
:1060A000197006F0A9FA84E70323CBE70022604BBE
:1060B0001A700723C6E763785E4A574F0292002B97
:1060C00028D10622211D5D4806F016FA62895C4B34
:1060D0005C491A80A2895C4B1A80E3890B800521F8
:1060E00039705A490A805A4A1380228A594B1A80B9
:1060F000594B1B78012B09D11F2000F0D5FEFA2245
:10610000920042430421287806F00EFA0023029AF6
:1061100013704EE72878312B05D10121029B1970AD
:1061200003233B70BDE70723FA2201213B70029B4A
:106130009200197006F0F8F93BE7062200213F486B
:1061400006F0C2F90023414A04211380404A28780E
:106150001380404A138006F0F7FA0821287806F0E9
:10616000F3FAA379083B5A4253412B4A0333137085
:106170002B4B1B78002B06D02E4B28781A78002A40
:1061800006D001F0BBFC01222D4B52421A8010E7D1
:106190000121197006F030FAF5E70821287806F099
:1061A000D3FA6378002B00D02BE7284B294F0293BA
:1061B000E388029A04211380254B287803932389CE
:1061C000039A138063893B8006F0A6F9002800D06B
:1061D00017E7224B1B68002B00D112E703990298A6
:1061E0003A88098800881B6898470AE74379132B87
:1061F00000D006E70389012B34D1194B1B78022B01
:1062000030D10821287806F09FFAFFF701FEF8E662
:106210000E65FF1F051400000D65FF1FA864FF1F1A
:106220004842FF1F2942FF1FE264FF1FC364FF1F94
:10623000E664FF1FE764FF1FE464FF1FB564FF1FF0
:106240002042FF1FBC64FF1FBE64FF1FB264FF1F1C
:10625000B064FF1FAE64FF1FB464FF1FA464FF1F80
:10626000AC64FF1F052000F01FFE08210200287803
:1062700006F05AF9C5E68020C001014200D0C5E60B
:10628000CB0738D5354B1B78002B24D0344D05ACCB
:106290002B78052B21D1023B2370324B324F1B78D8
:1062A00021002372314B38781B78637201F08CFB2C
:1062B000002810D0FA2207230121387892002B7091
:1062C00006F032F92A4B1B68002B04D01B68002B08
:1062D00001D028789847012098E60E20254B062209
:1062E0001B7825492370254B1B78637002ABC018BF
:1062F00006F002F9D1E7022308001840194209D03C
:10630000174B1B78052B03D11D4B188806F0FCF8A2
:1063100002207BE60424214203D0FFF707FD200082
:1063200074E6082308001840194200D16FE6154BA7
:106330001C78012C03D0022C0DD0082066E6124BED
:10634000124A134913481B88128809880088009450
:10635000FFF7AEFDF1E7FFF75BFDEEE7E764FF1F38
:106360000D65FF1F2242FF1F0E65FF1FC064FF1F48
:10637000A864FF1FC264FF1F2342FF1FC164FF1FE9
:106380002042FF1FAC64FF1F1842FF1F1A42FF1F6D
:106390001C42FF1F1E42FF1F10B502A804880B20DD
:1063A000002C10D1496808784978090201430C484B
:1063B000814209D1022119800A4B59881170DB787A
:1063C00000205BB2537010BD074C0A20A142FAD1E5
:1063D00002211980034B998811705B79F0E7C04660
:1063E0006E2A0000C061FF1F6F2A0000F7B515007C
:1063F00008AA16884A680F4F14785278120222436E
:106400000A24BA4214D10122DBB2019200962A007A
:1064100005F046FE041E0BD1074B1B68002B07D06E
:1064200068782A7800021043424250410130984770
:106430002000FEBD022900002065FF1F30B50125A8
:1064400003790400BFB02B4225D01449408805F0E1
:1064500097F928420CD0124B01A95B8D60880B8004
:1064600002234B800F4B00225B888B8002F044F9A3
:106470000D49608805F084F9C0070CD50B4B01A9C4
:106480001B8800220B8002234B80064B9B888B804D
:10649000608802F031F93FB030BDC0461865FF1F7B
:1064A0004C42FF1FC061FF1F1065FF1FA642FF1F68
:1064B00010B50749074805F019F90749054805F0DF
:1064C00015F90721054A064805F0D2F810BDC04667
:1064D0001865FF1FFFFF00001065FF1F4CC900116A
:1064E0004C42FF1F10B5024802F08AFF10BDC046A3
:1064F0003D6400110200F0B501270A480A4E511808
:106500008B1A002B00DCF0BD082415784308684086
:1065100038404000805B013C58406D08002CF5D1AC
:106520000132EDE7FFFF000066C90011F0B500255C
:106530000F269D4200DBF0BD4C5D0709444034400E
:10654000A400A05801357840F3E7000070B50C00B6
:1065500088B06B460F2610340A78013115001209F5
:1065600035401D705A700233A142F5D1202369468F
:10657000024AFFF7DBFF08B070BDC0466CC90011CE
:10658000F0B54E780B7889B036020C0017000190F8
:106590001E43012A61D9954B9E4200D877E0013312
:1065A0009E421CD1062A17D1CA788B7812021A4350
:1065B0000B791B0413434A7912061A438C4B5A6118
:1065C00000221A705A808B4A5A608B4A9A608B4A12
:1065D000DA60002009B0F0BD88225205EEE7884B52
:1065E0009E423CD182498B78002B00D0F6E00C2AE9
:1065F00031D10F22A3789343E27812021343227918
:10660000120413436279120613434B60E279A079B6
:1066100012020243207A00041043627A12060243F7
:10662000CA60E27AA07A1202024376484A81834223
:1066300008D804236E49142201980B7005F05CFF02
:106640001420C7E71201D21889235B059A42F0D8BB
:1066500001238B70BDE7022AFAD00523EAE76A4AD4
:1066600001239642E6D1FFF7D3FB052F0CD9E3783F
:10667000A2781B021343227912041A4363791B0682
:106680001343624A0393136005F096FFA1E7584D48
:106690002B78002B9DD1AB78002B00D1A0E02B896B
:1066A00001339BB20093B34200D091E0132AD4D9B6
:1066B000CF7C8B7C3F02122120001F43FFF71AFF83
:1066C000874200D08EE0002E3DD1E378A2781B02F5
:1066D00013432279E96812041A4363791B061343B2
:1066E00003930A228B4212D1FF23A370E37023711C
:1066F00063716B89002B09D1E37B227C1B0212049E
:106700001343A27B13431B0901336B8100226B8966
:10671000002B8ED0002A67D1686837013818000B2B
:106720006B6900030390984205D9686105F0B4FED7
:10673000EB780133EB7068681022A11C381805F063
:1067400063FF2E8145E76F89009A7B1E9BB29342BF
:106750003AD1E278A37812021A43237905A81B04E0
:10676000134362796C6812061A43EB680092039235
:10677000211D0C22049305F0BFFE0120260004A970
:1067800040421036FFF7E2FE013F012F17D1009A79
:106790000B232861824200D04CE704221C492000D0
:1067A00005F032FF042203A9686805F0DDFEE96800
:1067B000039AFF23914200D13CE7F73B3AE73100CF
:1067C000FFF7C4FE1036DFE70923B742A4D831E74C
:1067D000009BB34200D9FCE607232BE7022329E7FD
:1067E000032327E7062325E70A2323E7FFFE00000C
:1067F000C042FF1F00000111FFFF00005048593642
:1068000001FF0000FFFF001102FF000034F0004014
:10681000CC42FF1F10B5034C0B000122210000F0F9
:106820006BFA10BDD56900110B8870B506000D001C
:106830000224162B11D92B000322094900F05CFA1F
:10684000041E0AD1074B2A881B88191C934200D9C1
:10685000111C300089B200F0EDFA200070BDC04676
:10686000016A00113665FF1F10B54A780400013A2D
:106870000B000220012A07D80A78002A04D005223A
:106880002000024900F038FA10BDC0462F6A0011FE
:106890000A7810B50B0004000220002A04D0072259
:1068A0002000024900F028FA10BDC046DB6A001142
:1068B0000A7810B50B0004000220002A04D0092237
:1068C0002000024900F018FA10BDC046416B0011CB
:1068D00010B5034C0B000B22210000F00DFA10BD87
:1068E000716B001110B5034C0B000D22210000F05C
:1068F00003FA10BDE36B001110B5034C0B000F221F
:10690000210000F0F9F910BD3D6C00110A7810B5B6
:106910000B0004000220002A04D0112220000249AA
:1069200000F0EAF910BDC0464D6C0011002310B50F
:106930001322190000F0E0F910BD000010B5034C5F
:106940000B001722210000F0D7F910BD9F6C001139
:10695000002310B51922190000F0CEF910BD000077
:1069600010B5034C0B001B22210000F0C5F910BD2F
:10697000D96C0011F7B584890D0006000121002CA7
:1069800022D000238268D3561778002B1EDA0C2CF5
:106990001AD90C3CA4B2131940880093230002F0CA
:1069A00090FE431E984101307B06DB0F6B703F2346
:1069B000013C1F40A4B22870AF70AC80002C07D0FF
:1069C000B3680133AB6000210800FEBD0020EBE797
:1069D000AC60F8E70B7803704B8843704B881B0A58
:1069E00083700B79C370042070470420022B06D1FA
:1069F0000020537811781B02009A0B4313807047D4
:106A00000B8803700B881B0A437002207047042018
:106A1000009983420AD1537810781B0203430B80FC
:106A2000D37890781B02034300204B807047F8B561
:106A30000D004B7801240021461C03702B788B42FB
:106A400001D82000F8BD6B78B01C4F1C012B10D171
:106A5000890069184B88022233704B88B9001B0AE1
:106A60007370691805F078FC04360434A4B2F9B2E6
:106A7000E4E7122359436B185A88043132705B885B
:106A800010221B0A7370691805F066FC1236123466
:106A9000ECE770B5049D14001E00052B01D80420FE
:106AA00070BD637812781B0213432B80E378A278C1
:106AB0001B02134302226B802A71211D681D063EB2
:106AC00005F04AFCB2B22A81E92AE8D82800A11DC3
:106AD0000A3005F041FC0020E2E7002310B50A78F7
:106AE0009A4201D8900010BD9A008A185488013348
:106AF00004705488DBB2240A4470948884709288AD
:106B0000120AC2700430EAE710B51100029C062B8D
:106B100004D004201022142B01D010BD02222271B7
:106B20004B7808781B0203432380CB7888781B02BC
:106B3000034363800431601D05F00EFC0020ECE788
:106B400010B50C788B7804315C43E4B203702200FA
:106B5000013005F001FC601C10BD0420022B06D1A1
:106B60000020537811781B02009A0B431380704762
:106B700010B50C000A88023105F0EEFB208810BD2C
:106B800070B504000D0004981100012B01D80420F9
:106B900070BD167852781202324302800200F13240
:106BA00055701470E125002C00D10C35023B9AB2CF
:106BB0004280AA42EBD80231043005F0CDFB002020
:106BC000E6E70420009983420AD1537810781B022B
:106BD00003430B80D37890781B02034300204B8043
:106BE000704710B50C000A88023105F0B5FB20880B
:106BF00010BD000070B501211E000420049C0E4051
:106C00000B4218D1CB40DDB28D4214D90A49DBB218
:106C1000098899420FD32300EE331D7033005800CA
:106C200011184978165C0902314301332152D9B257
:106C30008D42F4D8002070BDD842FF1F10B50C0063
:106C40000A88023105F088FB208810BD10B50C7849
:106C50008B7804315C43E4B203702200013005F00C
:106C60007BFB601C10BD10B511000298032B01D8EE
:106C7000042010BD14785278043B12022243028093
:106C8000CA788C781202224342809AB28280EB2A20
:106C9000EED80431063005F05FFB0020E9E710B5BF
:106CA0000C000B8803700B881B0A43704B888370A1
:106CB0004B881B0AC3708A880430063105F04CFBF0
:106CC000A088043080B210BD0420012B03D1002025
:106CD0001378009A1370704710B50C000B8803707E
:106CE0000B881B0A43704A880230043105F034FBDC
:106CF0006088023080B210BDF0B589B003931D4B9F
:106D0000029242000700D05A019102F022F81325A6
:106D1000061E2CD0029B01240370019B002B04D083
:106D2000001903999847001984B26B461B7A5BB22D
:106D3000002B0FDA1021380002F01CFB1925002867
:106D400012D130003219E1B202F070FC051E0BD1F5
:106D50000C34A4B2042305A938000B800C814E60CA
:106D600001F0B2FD051E02D0300005F00DFA28003A
:106D700009B0F0BD3465FF1F70B505000C00002898
:106D80000CD00020814209D010222000044905F0D7
:106D9000E3FA01202B7823736B78637370BDC046D0
:106DA000ACC90011F0B506000D0017001C0085B03D
:106DB00002291BD00020102907D1022B07D0102B4D
:106DC00003D115E00020102C08D005B0F0BD6946B5
:106DD0003800FFF7D1FF2A0069460BE06946300012
:106DE000FFF7CAFF22006946380004E0022BE9D110
:106DF0002A003900300005F077FCE6E7031CF02894
:106E000000D9F023032008499AB2013A0B80D31726
:106E1000034006499B189B100B80D30F04499B1815
:106E20005B100B807047C046DC42FF1FDA42FF1F39
:106E3000D842FF1F034B1B888B4202D3024B4000FA
:106E4000C1527047DC42FF1F3465FF1F014B4000F9
:106E5000185A70473465FF1F1722014B1A8070477C
:106E60003465FF1F70B505000E2005F0EDFA041E15
:106E700013D0D02303700023062283700749457086
:106E8000033005F069FA064B2100DA8A62811B7E25
:106E90002373044B187805F087FA70BD5065FF1F07
:106EA0004065FF1F2C43FF1F262803D8024B4000DC
:106EB000C05A70470148FCE7DE42FF1FFFFF000099
:106EC00070B506000C00094D1C220021280005F0B9
:106ED000FBFA074B1E70074B1C7005F08DF9012360
:106EE000002801D0002312202B7070BD4065FF1FC9
:106EF0002C43FF1F6165FF1F70B505000D4C080096
:106F0000E260A16010220021656005F0F5F901281A
:106F100003D11021A06802F061FD10220021280099
:106F200005F0EAF9012803D11021606802F056FD4E
:106F300070BDC0464065FF1F70B5041E05D1002915
:106F400003D006220D4805F007FA0D4B1D78012DE0
:106F500011D1002C05D102221A7005F02DFC280059
:106F600070BD00221A70074B1B78FF2BF7D0200052
:106F7000FFF778FFF3E70025F1E7C0465065FF1FF4
:106F80004065FF1F2C43FF1F030010B5002801D1EF
:106F9000002010BD00780B4A002803D15988D18207
:106FA0001B7913761378022BF2D10023984200D17B
:106FB00003331370044B1B78FF2B01D0FFF752FFF4
:106FC0000120E6E74065FF1F2C43FF1F002911D079
:106FD00000280CD04B79012803D1402252421343A0
:106FE00003E03F221340032802D001204B71704779
:106FF0004022F4E70800FAE770B5094D010028784F
:1070000000280BD0074C0622200005F0A5F921002E
:107010002878FFF7DBFF200005F02EF970BDC04691
:107020006065FF1F3A65FF1F00290AD0012808D1BB
:107030003F224B799343C02B03D0403B5A425341EC
:10704000981C704770B5174D06002B78FF2B15D094
:107050000A2005F0F9F9041E10D0D0230370C83BB4
:107060008370114B11491B784670C370062204309F
:1070700005F072F92100287805F096F90C4B1B7881
:10708000012B0DD10B4B1B68002B03D09B68002BF1
:1070900000D09847084B04211878084A05F0B4F945
:1070A00070BDC0462C43FF1F6065FF1F3A65FF1F80
:1070B0005C65FF1F8865FF1F8C65FF1F60EA00008D
:1070C000014B98687047C0464065FF1F014BDB6865
:1070D000186870474065FF1F074B10B5DA681368E2
:1070E00001331360054B1878FF2803D08021C901B4
:1070F00005F082FA10BDC0464065FF1F2C43FF1FFC
:10710000F7B50E0002F0CAF8051E1CD00E4B066241
:107110001F78002F00D10778AB791020019305F07C
:1071200093F9041E0FD0D0230380C73B8370019BCB
:10713000E91DC3700622043005F00EF92100380065
:10714000E66005F031F9F7BD2A43FF1F014B1878BF
:107150007047C0466065FF1F054B002805D1054BF1
:107160001A78054B002A00D1014B18007047C04621
:107170005065FF1F6065FF1F3A65FF1F014B586890
:107180007047C0464065FF1F024B1868431E984178
:10719000C0B270476465FF1F421E03000120152A1C
:1071A00003D9FF3B5A425341D8B27047F0B51C0097
:1071B00000230E0085B0039002920B70029A934256
:1071C00001D3002019E0E55C5A1CD2B2002DF8D0A2
:1071D000029851198142F4DC0233DFB2A35C18003B
:1071E0000193FFF7D9FF002807D0013D019A0399C9
:1071F000EBB233708A4202D1E01905B0F0BDDB1961
:10720000DBB2DBE710B50C0002F0A0F8030012209F
:10721000002B03D02100588804F0CEFF10BD0000E1
:1072200070B50E4D84006359002B15D0186A0028E4
:1072300001D004F0F1FF2B59586A002801D004F066
:10724000EBFF2B59986A002801D004F0E5FF28597C
:1072500004F0E2FF00232B5170BDC0467065FF1F94
:107260001C4B70B504000E00150099420AD11A4B50
:107270001B68002B01D1122070BD1B68002BFAD0B7
:107280009847F9E7154B994215D1134B1B68002B12
:107290000AD01B68002B07D09847002804D1104B58
:1072A0001C70104B1D70E7E729002000FFF7AAFFB4
:1072B0000028E1D1F3E7080001F0F0FF0028DAD060
:1072C00003780320A342D7D12900300004F074FFD3
:1072D000D2E7C046FEFF00006C65FF1FFFFF000005
:1072E0006965FF1F6865FF1FF7B50400808801F01E
:1072F000D5FF0025A84203D00578A08802F00AF83F
:107300001C4E3378002B1FD0AB421DD11A4B2800E6
:107310001978FFF777FF002818D000233370A3797E
:107320000820A778A688019305F08EF8011E0DD0DD
:10733000D0230370CA3B8370019B477086808371A2
:10734000280005F031F801E0002DE8D1A0880B4BB2
:107350008200D358002B01D0FFF762FF1721A088CD
:10736000FFF768FDA08801F02BFDA08801F002FE68
:10737000F7BDC0466965FF1F6865FF1F7065FF1F89
:10738000F0B587B01D000CAB1B88070001930DAB57
:107390001B88142002930EAB1B88160003930FABBF
:1073A0001B880091049310AB1B88059305F04CF8E3
:1073B000041E1AD0D0230370CB3B47708370C67075
:1073C000062229000430002D11D004F0C5FF019BD6
:1073D00021006381029B0098A381039BE381049BAE
:1073E0002382059BA37404F0DFFF07B0F0BD05F016
:1073F0006BF8ECE7F7B5009308AB1B8807000C208F
:107400000D001600019305F01FF8041E13D028008C
:1074100001F044FF00280FD00078D0232370C93B2F
:10742000A370009B21002381019B6770A580E680EB
:10743000638104F0B9FFF7BD014B1878EDE7C04652
:107440002C43FF1F13B5040064890389C288818817
:10745000C0780094FFF7CEFF13BD000010B5044CB8
:107460002068002803D004F0D7FE0023236010BD5D
:107470007465FF1FA122F0B5818892004A43384B02
:10748000384F1B6889B09B189D2292009B18827907
:1074900004001A603B68002B5FD01D78324B1B68DC
:1074A000002B04D05B68002B01D0002098472600F9
:1074B00008363100E079FFF7B7FD237DE071020067
:1074C000E0780493638A29000393238A0293E38973
:1074D0000193A38800933300FFF752FFE378002B5A
:1074E0000BD1E289A379A18802920196E279280062
:1074F0000092012201F0DCFEE0703B68002B20D0FE
:10750000FFF7ACFF194D287800281AD0184B1978CE
:10751000FFF778FE002814D02B780820A788E6789B
:10752000079304F091FF011E09D0D0230370CA3BDA
:107530004670837087808671079804F035FF0023BA
:107540002B701721A088FFF775FCA08801F038FC8C
:10755000A08801F00FFD09B0F0BD064B9DE7C046C5
:107560003409FF1F7465FF1F8865FF1F6965FF1FD2
:107570006865FF1F2C43FF1FF8B5070008000E00C9
:1075800001F08CFE041E18D02620FFF78DFC051E8E
:1075900000D12578062004F057FF041E0DD00021ED
:1075A000062204F091FFD0232370C23B21006770B4
:1075B000A370A680E8B204F0F7FEF8BDF0B585B080
:1075C00001930AAB1B78070002930BAB1B780800F2
:1075D0000D000092039301F061FE061E22D01020E0
:1075E00004F032FF041E1DD01022002104F06CFFB5
:1075F0002620FFF759FC002800D13078D0232370D3
:10760000C13BA370009B21002372019B67706372D2
:10761000029BA580A372039BC0B2E3720C9BE36044
:1076200004F0C2FE05B0F0BDF7B50D00019001F009
:1076300035FE071E1FD00E2004F006FF041E1AD0D0
:107640002620FFF731FC061E00D13E78D023238090
:10765000C53BA370F91D0622E01C04F07DFE019BD2
:107660002100638101232B40AD07ED0F2373657368
:10767000F0B204F099FEF7BDF0B585B002901000AD
:107680000D0017000A9E039301F008FE041E31D07E
:10769000029B002B2ED1039B02795B0724D512237A
:1076A00013430422002E08D10B99002905D10C990F
:1076B000002902D10D9900291AD01A430D9B22717D
:1076C000002B00D0C9E0002E00D1CFE0002D00D06B
:1076D000CCE0606A002801D004F09EFD1C2130003F
:1076E00004F0FAFF606205E002239A430E33D7E705
:1076F00093432371654BBA00D458002C00D1AAE003
:10770000002E10D0236A002B03D11C2004F05CFF54
:1077100020625E4BBA00D358186A002803D01C229E
:10772000310004F019FE0C9B002B12D0574CBB000B
:107730001D596B6A002B03D1162004F045FF6862C7
:10774000BB00E358586A002803D016220C9904F0B5
:1077500003FE0D9B002B11D04C4DBC006659B36A43
:10776000002B03D1142004F02FFFB0622B59986A2C
:10777000002803D014220D9904F0EEFD380001F02A
:107780008DFD051E67D0414BBA00D358002B62D047
:107790001A6A3420002A00D11C389A6A002A01D0C3
:1077A000143080B20B9A002A01D01C3080B25B6A80
:1077B000002B01D0163080B204F046FE041E4AD0E1
:1077C0001822002104F080FE2620FFF76DFB0190B7
:1077D000002801D12B780193D0232370029B200035
:1077E00063700A23294EA370039BBD00A371AB599C
:1077F000A780196A1830002905D01C22A06004F067
:10780000ABFD200034307359996A002907D003007A
:1078100014221433E060029304F09EFD02980B9B47
:10782000002B08D003001C221C330B99206102930B
:1078300004F092FD02987359596A002903D0162268
:10784000606104F089FD6B462100187904F0ACFDFD
:107850003800FFF7E5FC05B0F0BD10220D9B0D9937
:107860001B69A018236204F077FD2CE70B9B002B0B
:1078700000D13FE7012D00D03CE7606A002801D02D
:1078800004F0CAFC1C210B982AE7C0467065FF1F54
:1078900010B5044C2068002803D004F0BDFC002380
:1078A000236010BD6465FF1F0B4B07B51A68002AE3
:1078B00001D100200EBD6946531C0120127807310A
:1078C000FFF774FC0028F4D0027801231000184060
:1078D0001A42EED0EEE7C0468065FF1FF0B51F4F9D
:1078E00001203B6887B0002B25D09B78059300F0E2
:1078F000B3FB002821D00A20FFF7D6FA04000B20A2
:10790000FFF7D2FA164B05001E78731E9E413B68A6
:10791000F6B2191DD878FFF759FB3B682900DA7ACF
:10792000043303929A79019302920090330020006D
:10793000059A04F0A9FD07B0F0BDFFF7B5FF0028D8
:1079400005D00620FFF7B0FA04000720D8E708208A
:10795000FFF7AAFA04000920D2E7C0466465FF1FBA
:107960006065FF1F70B50A4E040033780D00FF2BD1
:107970000DD0042004F068FD011E08D0D023037050
:10798000CE3B45708370C470307804F00DFD70BD3F
:107990003C43FF1F70B5040006200D0004F054FDA9
:1079A000011E0AD0D0230370CD3B8370054B447079
:1079B0001B688580187804F0F7FC002C01D0FFF7D5
:1079C00067FF70BD6465FF1FF8B5264F06003B6872
:1079D0000D001124002B05D10522234B1B781342E7
:1079E00002D112242000F8BD204A10241268002A77
:1079F000F8D01278002AF5D0DB0719D52B789A1E1B
:107A0000012A1AD80C2004F0DFFD13243860002866
:107A1000E8D000230A22437029000670023004F0E7
:107A20009BFCFFF75BFF041E0AD0FFF731FFD9E78D
:107A300000F012FB0028E1D1E4E7002BE2D0D0E710
:107A40000B4B1B78032BCDD11D20FFF72DFA094BD3
:107A500018800028C6D0084B04211878074A04F083
:107A6000D3FCBFE76465FF1F6165FF1F8065FF1FD3
:107A70006065FF1F5E65FF1F8C65FF1F60EA0000E9
:107A8000F7B50193194B14001A78052306000F006F
:107A900012201A4221D0012920D1154B1D68002D3A
:107AA0001BD002201F2C18D8002C02D0019B002BC9
:107AB00013D0104B1F221E706E1C0021300004F0EA
:107AC00003FD01992200300004F046FC3100200043
:107AD0002C70002F06D004F077FCFEBD064B122060
:107AE0001D68DCE704F058FCF7E7C0466165FF1F3E
:107AF0008065FF1F3C43FF1F7C65FF1FF8B50F4EDD
:107B000012243368002B17D01B780F3C834213D10B
:107B100000250B4F0221387804F016FE094B042192
:107B200038781D8004F010FE074B28001D80336854
:107B30005C7004F0C1FD04002000F8BD6465FF1F07
:107B40008C65FF1F7865FF1F5E65FF1F70B50128FC
:107B500023D11B4C2388002B03D01A4A1578002D03
:107B600007D0194B1B68002B02D01878FFF7C6FF0F
:107B700070BD3B2B02D93C3B2380F9E7134E022119
:107B8000307804F0E1FDFA222388920002215A4362
:107B9000307804F0C9FC2580EAE70B4B1B68002B0A
:107BA000E6D00B4B1B785B07E2D5084B0221187817
:107BB00004F0CAFD0022024B1A80FFF769FED7E7E6
:107BC0007865FF1F5C65FF1F6465FF1F8C65FF1FE5
:107BD0006165FF1FF8B51E4D2868002803D004F02A
:107BE0001BFB00232B601B4E3068002803D004F0E1
:107BF00013FB00233360184F05243B781800204006
:107C0000234221D0154800F02BFA3B78234213D0B1
:107C1000202004F0D9FC2860002813D02022002165
:107C200004F052FC202004F0CFFC041E306005D08C
:107C30002022002104F048FC002004E0286804F021
:107C4000EBFA2C601320F8BD00F00AFAF4E7C04606
:107C50008065FF1F7C65FF1F6165FF1F3043FF1FAD
:107C600010B50A4C23681A1E0ED0002808D1013026
:107C7000587004F021FD002805D02368002B02D0A5
:107C80000021FFF787FE0122100010BD6465FF1F71
:107C9000F7B5274E050033680191181E21D05C7896
:107CA000244F012C30D1FFF7FFFD002825D0200004
:107CB000FFF7FAF80400412814D91F4B0221187865
:107CC0001E4A04F0A1FB1E4B3C3C1C800222336880
:107CD0005A703B78002B14D128000199FFF75AFE07
:107CE0000120FEBDFA2292004243002AEED0124B40
:107CF0000221187804F018FCE8E7FFF7D5F8020035
:107D0000F3E700233B70EBE73B78002BE8D103203F
:107D100004F09AFB011E08D0D0230370CC3B4570C1
:107D200083703368187804F03FFBFFF7B1FDD7E7A5
:107D30006465FF1F5C65FF1F8C65FF1F60EA000024
:107D40007865FF1F10B51749838802008B4220D049
:107D500011D815498B4217D0144900205B1899B2ED
:107D6000012907D8926811785A425341D8B2FFF7D7
:107D7000F9FD012010BD0E4A00209B1807229BB27E
:107D80009A424041C0B2F5E783681878FFF768FF70
:107D9000F0E7836899785A78090218781143FFF759
:107DA00077FFE7E70A20000006200000F8DFFFFF6A
:107DB000AFDFFFFF014B18707047C0463D43FF1F08
:107DC00010B5064C207001F045FA207804F08CFACA
:107DD0000521207800F068FD10BDC0468C65FF1FAE
:107DE0000BB273B50D00002B00DBC4E0884B187894
:107DF00004F0DAFC041E0ED00378912B0FD0A22BD6
:107E000000D1A1E0834B1878FF2852D0210004F064
:107E1000CBFA00284DD180200002684076BD43781F
:107E20000F2B76D013D8052B70D00E2BEAD180887B
:107E3000794B98422BD8794B98421BD8784B984273
:107E4000E0D1A3681878591CFFF776F838E03E2B8C
:107E5000D8D18378032B74D06CD8012B6ED0022B31
:107E6000D0D1704B1B68002B23D05B68002B20D037
:107E700098471EE06C4BC0180C28C3D804F024FAB5
:107E80001DC2C2150BC20B0B0B3223C23C00674B49
:107E9000C0180728B6D8664B1B68002B09D01B6892
:107EA000002B06D0200098470AE0A3681878FFF757
:107EB000C9F8200004F048FAADE7A068FFF764F8BD
:107EC00000289FD0F5E7A3681B78002BF1D0554B15
:107ED0001B68002BEDD01B68002BEAD02100554811
:107EE0009847EDE74F4B1B68002BE2D01B68002B37
:107EF000DFD021005048F3E7504B1B68002BD8D04F
:107F00005B68002BD5D021004348E9E7FFF7ECF987
:107F1000CFE780884A4B984203D04A4B984200D022
:107F200070E7464B1B68002BC3D05B68002BC0D0AA
:107F30002100D5E7153B012BBBD963E7FFF79AFA80
:107F4000B7E7FFF77FFAB4E73F4B1B78042B07D165
:107F500000236A4613800179408800F0CBFCA8E733
:107F6000364B1B68002BA4D05B68002BA1D001000E
:107F7000364898479DE7012421420AD0294B1B68C7
:107F8000002B04D05B68002B01D000209847012013
:107F900043E78B070AD5264B1B68002B04D05B6890
:107FA000002B01D020009847022036E7042128004A
:107FB00008400D4200D131E7254E3388002B21D0F7
:107FC000013B9BB23380002B1AD1FFF7DDF800286C
:107FD0000AD0204B1C70164B1B68002B04D05B682A
:107FE000002B01D020009847FFF7C8F8694601F040
:107FF0000CFD6846FFF700F81D20FEF755FF3080A6
:1080000004200AE7024B187804F09EFBF8E7C0460C
:108010008C65FF1F3D43FF1F0E2000000120000064
:10802000091000008465FF1FFEDFFFFFAFDFFFFFC9
:108030008865FF1F0C2000000B2000006C65FF1FEF
:108040000D200000132000006165FF1FFFFF0000EE
:108050005E65FF1F5C65FF1F10B501F09FF910BD45
:10806000014B18607047C0468865FF1F0B880020D1
:10807000162B01D817230420014A13807047C046ED
:108080003665FF1F00207047074A030011888142B0
:1080900007D091880020994202D101308000101849
:1080A00070470020FAE7C0469465FF1FF0B58F784F
:1080B00006000D00C5B01E2F15D1FFF7E5FF051E08
:1080C00003D10024200045B0F0BD00223B00310068
:1080D000C078009200F0B8FB0400A81C00F0D8FBA8
:1080E000FF23EB70EEE7264B062403931B78FF2B50
:1080F000E8D0182FE6D87B08224A013BDB00029229
:108100009A589446002ADDD0029AD3185B68002B57
:10811000D8D00878002802D14B78012B02D1062450
:10812000122FCFD107AFAB88697800976446AA6851
:10813000A047041EC6D1AB78029A5B08013BDB0066
:10814000D318390030005B689847041E0BD1AB7818
:10815000042BB6D0039A310010782200009700F06B
:1081600073FB0400AEE76A78002AABD1AA7805A9B0
:108170003B88087130000A704B80FEF74BFBA0E78C
:108180004043FF1FBCC900111D4B37B50500984285
:108190000BD000290AD1FFF777FF002805D1194835
:1081A000FFF772FF002800D0058037BD01291AD1E2
:1081B000FFF76AFF041EF8D001235B420380A37817
:1081C000FF2BF2D0FE2B07D00023E078142200937F
:1081D00029001E3300F038FBA01C00F059FB0123DE
:1081E0005B426380E1E70229DFD1013901F0C2F887
:1081F0000028DAD12800FFF747FF041EDFD1D4E7BB
:10820000FEFF0000FFFF0000022210B5074B5242A4
:108210001A80074801325A809A80DA8000F084FA86
:10822000044801F029F8002010BDC0469465FF1FE6
:10823000AD800011898100110388F7B50400002B7F
:1082400002D102252800FEBD42680221137825488C
:108250005268FEF7A7FD00282ED0234F01253A884B
:10826000002AEFD0802321885B0201259B1A9942C6
:10827000E8DC0C2004F0A8F9061E31D03B882288E7
:108280009C4600231800019561469DB2491989B2A8
:10829000AA421BD8002801D062443A800023300053
:1082A000082208C0210004F057F8104A1368002B78
:1082B00013D100251660C5E76268022113780C48C7
:1082C0005268FEF76FFD0028C7D1BAE760681D014C
:1082D0004019418101330198D6E71A001B68E6E78F
:1082E0001325AFE72ACA00113E43FF1F9065FF1F09
:1082F00028CA0011014B18707047C0464043FF1F49
:1083000014230A0010B51A40194204D0012210218A
:1083100001F04CF810BD4B06F9D4C84302234000CD
:108320001840F7E710B514008B0604D50122102180
:1083300001F03CF810BD08230A001A40194202D18E
:108340004BB2002B0FDA102101F030F8002808D0D2
:108350002300F2331B78002BECD0F1342378012B6F
:10836000E8D10020E6E703208907FAD4E2E700001D
:10837000F0B51F00184B85B01C6801900291039264
:10838000002C27D1200005B0F0BDA5683301ED1801
:108390006B89019A934211D3029A93420ED8002F0F
:1083A00004D10A9B002B10D12C00EBE73B0029786D
:1083B000039A6868FEF7F6FC0028F2D10136B6B2DF
:1083C000A388B342E1D82468DAE7A3680A9A5B89F4
:1083D0001380E9E70026F3E79065FF1F37B50C002F
:1083E0000A8849880123914217D3002A15D0651DB8
:1083F00023792A0002210A48FEF7D4FC1023002822
:108400000BD023796188208800242A000094FFF78C
:10841000AFFF0A23A04200D0230018003EBDC04693
:108420002ACA001113B50A00088849880123884226
:108430000BD8002809D00024137905320094FFF7E7
:1084400097FF0A23A04200D02300180016BD13B5E1
:108450000A0008884988012388420BD8002809D0DF
:108460000024137905320094FFF782FF0A23A0420B
:1084700000D02300180016BDF0B58BB003904A88D9
:1084800008880E000123824213D3002811D0002354
:10849000012704AC23700022718813000092FFF7BB
:1084A00067FF05002078002D06D122780A23002AD4
:1084B00041D118000BB0F0BD002835D12B78022B2C
:1084C00018D167706A8983000130E31880005A80F0
:1084D00069680222201803F03FFF23780133DBB2E2
:1084E0002370042B19D93B006889013080B2002B1E
:1084F000D1D0DAE702236370122358436A89231824
:1085000004305A8069681022201803F025FF237870
:108510000133DBB22370002BE5D10A4A6B899B182B
:108520005A425341DBB2DFE76378012BE4D12B7869
:10853000022BC7D0B9E721000398FEF795F9002375
:10854000B7E7C0460100FFFF0F4BF0B50400186805
:10855000002816D083685D89A54207D88288AE18A6
:10856000B44203DA12019A18934201D10068EFE78E
:108570001E005F891036A74204D1002900D00D806B
:108580001800F0BD3300EFE79065FF1F70B50500E0
:108590000C0008880021FFF7D7FF03000120002B03
:1085A00004D022002800197AFFF7BCFE70BDF7B591
:1085B0000C00002501902300EE331B78AB4201D85C
:1085C00000200AE06B00E65A00213000E718FFF7B0
:1085D000BBFF002802D126800130FEBD017A019840
:1085E000FFF78EFE002802D03B882380F5E7013597
:1085F000EDB2E0E710B5040008880021FFF7A4FF02
:1086000003000120002B03D02000197AFFF778FE29
:1086100010BD0000054B1B68002B01D1180004E0C1
:108620009A6852898242F6D1988870479065FF1FF8
:10863000F0B50E27002687B0039302ABFF183E80EB
:1086400005001F4B40891400984207D02B78013059
:1086500000976A6880B2FFF78BFE060002212B7834
:1086600018486A68FEF79EFB00280FD06C8920002E
:10867000FFF7D0FF002802D0013C0419A4B2039BED
:10868000002B00D01C80300007B0F0BD02212B78F9
:108690000D486A68FEF786FB0028E7D102212B7897
:1086A0000A486A68FEF77EFB002807D0002EDED05D
:1086B0003B88A342DBD17489013CDFE76C89DEE7AC
:1086C000FFFF00002ACA001128CA001126CA0011A3
:1086D00010B50C00FFF7D8FC03000220002B0AD0D5
:1086E000002C00D023609B781720FE2B03D001388C
:1086F000FF2B00D1002010BD73B50D0001A90400AF
:108700001600FFF7E5FF172805D0002E04D1290039
:108710002000FEF725F976BD01221021200000F08F
:1087200045FE0028F3D0F6E7014B18607047C046BD
:10873000A065FF1F37B56B469D1D01000400022296
:10874000280003F0D9FE2B88B02B0ED12379122BF1
:1087500009D12300FA331B78012B06D1012160884F
:1087600000F0E0F801E01B2BF8D037BD10B5054B49
:108770000421187000F098F8FFF746FDFEF76CFB37
:1087800010BDC046A465FF1F0020F0B50BB20F005E
:1087900087B0834234DA274B187804F005F8051EB9
:1087A0002BD00378A02B25D103AE3100FEF7E2F8E1
:1087B000041E0BD1B378DB0724D51F4B06341B688E
:1087C000002B03D03100688898470400A86800286F
:1087D00001D003F0D9FC002C08D1184A039B1340A8
:1087E000174A934206D0B3781B2B03D00121688827
:1087F00000F098F8280003F0A7FD802000027840E0
:1088000007B0F0BD0F4B1B68002B10D031006888FB
:108810009847041EDAD07378002BD7D1B27801A91B
:108820000A704B800C716888FDF7F4FFCEE70624D0
:10883000F1E7C046A465FF1F9C65FF1F00FFFF0016
:1088400000011200A065FF1FF7B50190FC200D008C
:1088500017001E0003F0F8FD04001320002C12D0B6
:10886000B02320002370089BF42267706580267176
:108870000830002B08D0190003F06EFD210001988C
:1088800003F092FD0020FEBD089903F01DFEF5E700
:1088900010B5041E06D00078FD2803D803F0E4FECE
:1088A000FF23237010BD00000A1F93B210B504000F
:1088B0000220032B05D882400020024BD1529B1886
:1088C0009C7010BDC465FF1F0B8870B5043B04008D
:1088D0000D000220032B0BD80121200000F04AFDDF
:1088E00003001420002B03D02900200000F0DEFB41
:1088F00070BD000007B51300034A00920A00012171
:1089000000F02CFC0EBDC046318B001107B5019262
:1089100003220092024B0A00122100F047FC0EBD18
:10892000AF8B001107B56B4601AA11800449D880AE
:1089300008780633012802D1190003F07DFC07BD39
:10894000A565FF1F0C4B10B518700023FF210B4AC3
:108950001380138193819380094A5380137051725D
:1089600093819372D174D3821375517703F034FCE1
:1089700000F0FCF910BDC046D465FF1FC465FF1FA1
:10898000A665FF1FF0B58DB06B46002003910C2249
:108990009B5E834200DBB1E05D4B187803F004FF7F
:1089A000051E00D1A5E00378902B00D09EE006AF15
:1089B00001004688380000F013FA796804000029A5
:1089C00000D19DE03B88052B6FD13B89032B1CD93F
:1089D00005AC200000F0A2F86288172A60D8398917
:1089E000131D994231D17968237804310291D90756
:1089F00038D5607800F08EF9071E06D00023037189
:108A00002378012B08D0132B23D0A868002800D18D
:108A100079E003F0B9FB76E06288029909A800F0DA
:108A2000A6F80290380000F08BF909AA2378387A6A
:108A30000192002231000092029A00F012F93800EF
:108A400000F064F9029B002BDFD0300000F080F9C9
:108A5000DBE70378032BD8D16288029909A800F0DC
:108A6000D6F8DEE709AF122B12D13800029900F0D8
:108A7000B4F8021EE9D127498B88002BC5D088792C
:108A80002378019761780091310000F0EAF8BCE7A3
:108A900000233A003B8061783000FFF72BFFB4E7FA
:108AA0001D4B09AA09936178F6E7042B02D09A1F9F
:108AB000012AAAD8174A043B9B00995A0029A4D03E
:108AC000D218907831003A0000F0ADF800289CD11F
:108AD0003B88042B03D001213000FFF723FF012C3A
:108AE00004D1A868002801D003F04EFB280003F051
:108AF0002BFC8020039B0002434018000DB0F0BD0A
:108B0000012800D181E701213000FFF70BFFEDE7DD
:108B1000D465FF1FC465FF1F010017000B780370A9
:108B20004B784370CB788A781B021343438070479D
:108B30000A88030002700A88120A42700A88012A11
:108B400006D14A8882704A88120AC270042070478F
:108B500002208242FBD14A8804309A704A88120A65
:108B6000DA708A881A718A88120A5A71EFE710B58A
:108B70000400012082420CD94B780A781B0213436F
:108B80002380834206D1CB788A781B02134363800B
:108B9000002010BD022BFBD1CB788A781B02134337
:108BA00063804B790A791B021343A380F0E70B889B
:108BB00003700B881B0A43704B8883704B881B0A19
:108BC000C3708B8803718B881B0A4371CB888371B8
:108BD000CB881B0AC3710820704703000120082AB4
:108BE00014D14A780878120202431A80CA78887829
:108BF000120202435A804A790879120202439A808B
:108C0000CA798879120202430020DA80704710B5D1
:108C100004000120022A05D100204B780A781B02AB
:108C20001343238010BDF8B5060010200F00150077
:108C300003F00AFC04000120002C0ED0A0230C221B
:108C4000290023806780201D002D07D003F084FBBE
:108C50002100300003F0A8FB0020F8BD03F034FC35
:108C6000F6E7F7B51E00009008AB142017001D783A
:108C7000019103F0E9FB041E12D0A2230370019BB3
:108C800047704380099B057146710C220830002B08
:108C900007D0190003F060FB2100009803F084FB6B
:108CA000F7BD099903F010FCF6E737B5041E0FD0A5
:108CB0004388002B0CD00025C1881323007A17228B
:108CC00001950095FFF7CDFFFF2365806372257046
:108CD00037BD000010B50C4904004A88002A09D0AD
:108CE0008B89002B05D00020CB8A0222834201D041
:108CF00010BD012213000A20434300204032C85413
:108D0000C81842800472F3E7A665FF1F0023438062
:108D100003707047094B00211A0010B55C88002CC5
:108D200006D01C79844203D10A234B43D01810BDCE
:108D300001310A330329F1D10020F8E7A665FF1FAE
:108D400010B50400407A03F08FFCFF23637210BD5E
:108D50007047043010B580B203F0AEFA002803D09B
:108D60000421494203F078FB10BD000070B50025D6
:108D7000104CA0682580A581A580A84202D003F0F0
:108D800003FAA56000250C4C0C4B606D1D80230080
:108D900058331D70A84202D003F0F6F9656500252E
:108DA0006068002801D003F0EFF9013508340A2D7E
:108DB000F6D170BD6C66FF1F1066FF1F6066FF1F57
:108DC00070B5041E09D1054D2880A881A880A86827
:108DD000002802D003F0D8F9AC6070BD6C66FF1FAC
:108DE000F0B54B8885B00193002343600A790500F4
:108DF0000F00022A00D07BE0CA88032A17D98B68AB
:108E00005E7819783602DC78D8790E4399781B7A27
:108E100024021B020C43034353495BBA0B80331DEE
:108E200093421ED1042C04D0631F022B0ED90120C3
:108E300015E0019A4D4B1201D35A002B06D0019830
:108E4000FFF7BEFF4A4A1369013313610421B86872
:108E50002E812C80494203F0FFFA6860002005B0A3
:108E6000F0BD434D042C06D0631F022B0FD9EB68D5
:108E70000133EB60DBE7019A3C4B1201D35A002B24
:108E800005D00198FFF79CFF2B6901332B61374B0D
:108E900030000293019B029A1B0101930023019968
:108EA0008C468B52130063449C8003939E81FFF792
:108EB00050FF039B041E986016D00421B8684942F5
:108EC00003F0CAFAFA880100043A200003F044FAD9
:108ED0000199029AFB888A5A043B9B18029A8B528A
:108EE0002B6801332B60A2E7AB690133AB619EE7CE
:108EF0001E4B0293019B1E01029BF35A002B2DD0A7
:108F000002998C19A068002828D0012A26D1FA8855
:108F10009B189BB27352A189994217D39B1AC01810
:108F2000B96803F019FA029BA289F35A934200D060
:108F30007DE700222B81A3882B80A3686B60029BB6
:108F4000F2520B4A53680133536070E7084A936842
:108F5000013393600198FFF733FF68E7044A5369D0
:108F600001335361F6E7C046D665FF1F6C66FF1FED
:108F7000DC65FF1F70B5051E15D10B4C0B4B18801F
:108F8000230058331870606D002802D003F0FCF8FD
:108F90006565250050356068002801D003F0F4F8BD
:108FA0000834AC42F7D170BD1066FF1F6066FF1F2A
:108FB000F0B51700A12285B0920001934243394BCE
:108FC00006001B680C009B18D933FF331D78FDF792
:108FD0003DFF0430854204DD3000FDF737FF0430EB
:108FE000C5B2BD4207D33A0000213000019B03F017
:108FF0006BFB05B0F0BD2900380003F08DF92300AC
:10900000C6B250331E700393019B2900636538007C
:1090100003F04AFBCBB20293002B02D0039B013634
:109020001E7000262300503303931B78B34204D8EC
:10903000606D002831D10020DBE7029A2800002A69
:1090400004D0013B1000B34200D02800F700E7191C
:10905000387003F0F9F8786000280ED03A7801995A
:1090600003F07AF9019A3B780136D3180E4A01933E
:10907000D369F6B20133D361D4E7039B18706065FE
:10908000A74205D1084A1320D36A0133D362B0E75F
:10909000606803F079F80834F2E703F075F800230C
:1090A0006365C8E73409FF1FDC65FF1FF7B50D00D6
:1090B00007000421686803F0CFF92B8904000370CE
:1090C0002B891B0A43702B8883702B881B0AC37063
:1090D0002E8902250436F6B2F42E15D81B4B9F427A
:1090E00014D10C2003F0B0F91135011E0CD09023DF
:1090F00003708E3B0371043B4380154B8460C68034
:10910000187803F051F900252800FEBD5C237B434D
:10911000104AD3180093583301931B78002B0FD1BA
:109120000300320038000099FFF742FF019B050061
:109130001B78002BE8D13800009903F015FBE3E71A
:10914000054A0725536A01335362DDE7FEFF00003D
:10915000D465FF1F1066FF1FDC65FF1FF0B587B0E9
:10916000009017200F0016000193FFF7F2FD132562
:10917000041E18D00C98031E02D00199201D984798
:10918000030AE370052303A9A07004300881277047
:10919000009866700B804C60FFF788FF051E02D0B8
:1091A000200002F0F1FF280007B0F0BDF0B587B055
:1091B0001F000CAB1B780391059301210DAB06003A
:1091C0001C78049200F0D6F81425002821D0200045
:1091D000FFF780FD0135041E1BD01149059B0A785D
:1091E00003700132D2B2131EC68001D101231A00CE
:1091F0000B7022713000049B03990097FFF7AEFFBC
:10920000051E09D1230021000648074A093303F04F
:10921000BBF8280007B0F0BD002363802370F8E797
:10922000D865FF1FAB8C001130750000F8B5050044
:109230000E00064C064F2368002B02D03100280098
:1092400098470434BC42F6D1F8BDC0467C66FF1F87
:109250009066FF1F0123064A5B425380002313716F
:109260005362044A136053609360D3601361704784
:109270009066FF1F7C66FF1F0200002310B50649A1
:109280009C000859002801D1625010BD0133052B04
:10929000F6D11320F9E7C0467C66FF1F034A5388C6
:1092A000181A434258414042104070479066FF1FD1
:1092B000F0B585B002930AAB1F780CAB1B88009009
:1092C00008000E0001920393FFF7E8FF050011204C
:1092D000002D1BD10E48FFF7E1FF04001520002CE4
:1092E00014D006220B99A771E01D03F035F8019BFD
:1092F00030002371029B29006371009B66802370FC
:10930000039B6562E381FFF791FF280005B0F0BD84
:10931000FFFF000010B5FFF7C1FF04000220002C82
:1093200012D060880121FFF781FF606A002801D018
:1093300002F072FF28220021200003F0C5F801236B
:1093400000205B426380207110BD000030B5074AE9
:10935000074C5588010013780020A54204D05B1A01
:1093600059424B415842104030BDC0469066FF1FE5
:10937000FFFF0000084A10B501230C00904208D0FE
:10938000FFF78CFF031E04D0037923405A1E93413C
:10939000DBB2180010BDC046FEFF0000024B18797A
:1093A000431E9841C0B270479066FF1F70B504001D
:1093B0000D001600FFF772FF002804D10F4B9C42EE
:1093C00000D0143070BD10230279416A1340002987
:1093D0000AD10520002BF5D0897E0C20A9428941B5
:1093E000494249420840EDE70F20002BEAD092079E
:1093F000F2D40A38002EEFD0E4E7C046FEFF0000AA
:10940000030010B5002800D110BD0348034A41886D
:109410009142F9D09847F7E79066FF1FFFFF0000E1
:10942000002330B5C45CCD5C6C40D4540133102BA8
:10943000F8D130BD0F23002210B5C45C6400224374
:10944000CA54C25CD209013BF7D210BD0200010030
:1094500010B52032103103F077F810BDF0B58DB0A3
:109460000590102007931700069103F0ADF80190C6
:10947000102003F0A9F8019B13240290002B05D0C3
:1094800000280CD11324019802F0C6FE029B002B89
:1094900002D0180002F0C0FE20000DB0F0BD102078
:1094A00003F092F80600102003F08EF81324050054
:1094B000002E00D1B3E0002819D01022002103F0C3
:1094C00003F832002900059803F03EF8041E0ED17F
:1094D00033787F2B56D830000199FFF7ABFF019B03
:1094E0001B787F2B58D802990198FFF7A3FF300013
:1094F00002F092FE002D02D0280002F08DFE002C1A
:10950000C1D1102003F060F80600102003F05CF8D1
:109510000390002E00D180E000287CD03A00012189
:109520000F3223001211049106D013B204930F23BB
:109530003B405A4253411BB2049A013A1201002B9C
:1095400034D0069BD2B298180199039AFFF768FFAE
:1095500010220021300002F0B7FF049D069F013D5C
:10956000ADB22D017D19AF4242D0002C33D0300076
:1095700002F052FE039B002B00D184E7180002F09A
:109580004BFE80E729003000FFF754FF28002649F2
:10959000019AFFF745FFA2E729000198FFF74AFF6C
:1095A00028002149029AFFF73BFFA0E70F25069903
:1095B0003D408A1808A8D9B28D4207D9D15C195408
:1095C0000133102BF7D1039A0299BFE7691A4F4272
:1095D0007941C901F3E73900300008AAFFF720FFFD
:1095E0003200059808A902F0AFFF10370400BAE76F
:1095F000002CBCD13000039908AAFFF711FF3200FC
:1096000008A9059802F0A0FF08220400310007987D
:1096100002F0A2FEABE71324A9E71324AAE700286F
:1096200000D069E72EE7C04630CA0011F0B58BB014
:109630000F0016000225009000283FD0002A3DD0E0
:109640000B1DDBB21800029302F0BEFF1135041EA1
:1096500034D0FDF73BFD05003A000099201D02F0D3
:10966000F3FFEBB20393E3702B0CDBB22F0A0093F2
:109670006370FFB22B0E2370A7700193FDF720FDDE
:109680001022010006A802F0DFFF2100029A04ABBD
:1096900006A8FFF7E3FE051E0DD1039B08223370D9
:1096A000009B04A9B370019B7770F370301D02F02A
:1096B000CBFFFDF711FD200002F0AEFD28000BB03E
:1096C000F0BDF0B58FB00D00149E03900492059389
:1096D000002A03D1022420000FB0F0BD002EF9D0E3
:1096E0000398FFF7DBFD1424071EF4D0727833785B
:1096F00012021A43B3781B041343F27812061A437A
:10970000036A0192934201D30133E3D1002D03D0C8
:109710003B7901249B07DED50822002106A802F030
:10972000D3FE059B13240433DBB21800029302F02E
:109730004BFF051ECFD0059A0499043002F084FF38
:1097400004223100280002F07FFF3900102210317E
:109750000AA802F079FF2900029A06AB0AA8FFF7CF
:109760007DFE041E0FD1082206A908A802F06CFF96
:109770000822311D08A802F0B7FF012807D101997E
:109780000398FDF7BDFC280002F046FDA3E7012485
:10979000F9E7000070B51C4C05002368181E10D0B6
:1097A000002D14D11A78002A0CD1981C083202F02E
:1097B000D3FD02F059FD0135002808D123681D7042
:1097C000012070BD0A331800082202F0C5FD23688D
:1097D000002BF5D0122002F037FE061E0DD0C1235B
:1097E00021680370457002311022023002F0B4FD8E
:1097F00023683100587802F0D7FD206802F00CFD94
:1098000000232360DCE7C046B866FF1FF8B50400FC
:109810002020FDF749FB0D4EA700BB590500002B8A
:109820000DD000280BD0D878FF2809D108492A008C
:109830000C55F35907480333611802F0A5FDF8BD34
:10984000290002F0F1FD0028F0D1F8E7D466FF1FEF
:10985000BC66FF1F5DAA001170B5064D84006359F8
:10986000002B05D0D87802F0FFFEFF226359DA7092
:1098700070BDC046D466FF1F70B506008CB00C00EA
:10988000150000213022684602F01EFE3100102231
:10989000684602F0D9FE1D2021000322684402F030
:1098A000D3FE6846FFF7D2FD2D21040003222800D5
:1098B000694402F0C9FE20000CB070BDF0B5040090
:1098C000170097B001931CAB1D7830221EAB00919E
:1098D0000AA800211E7802F0F7FD2100102202AC38
:1098E0000AA802F0B1FE10220021200002F0ECFDD7
:1098F00007223900200002F0A7FE07220199A018D4
:1099000002F0A2FE33005A1E9341A3732B005A1E8D
:1099100093410021102206A8E37302F0D5FD062230
:109920001D9907A802F090FE1A2006221F9900191F
:1099300002F08AFE102200990EA802F085FE102384
:109940000EAA11782078013B4140DBB2117001343E
:109950000132002BF5D10AA8FFF778FD102212A9D9
:1099600004000EA802F0F8FC102206AB0EA908783D
:109970001D78013A6840D2B2087001330131002AE3
:10998000F5D10AA8FFF762FD044310222098E4B243
:1099900012A902F059FE200017B0F0BD70B50E00FC
:1099A00014008CB00100102268461D0002F04CFE2D
:1099B0003100082204A802F047FE2100082206A870
:1099C00002F042FE6846FFF741FD04001022280025
:1099D00008A902F039FE20000CB070BDF8B50600F1
:1099E0000D0000243719AC4200D3F8BD02F09CFCF6
:1099F000030A3B70631CDBB201379D4203D902347A
:109A0000F054E4B2EEE71C00EDE7F7B507000C00F8
:109A10000225002818D0002916D001AE03213000FD
:109A2000FFF7DCFF3F23B27831001A4001331343C4
:109A300038002200B370FFF71FFF051E04D1032278
:109A40003100E01C02F088FC2800FEBD03785807B6
:109A5000DA08C00FD20080009B0710439B0F184309
:109A6000C0B2704707230B40C908C9000B430370FD
:109A70007047000070B50400FFF7EEFE134DA40020
:109A80006359002B21D0186A002801D002F0C4FBD2
:109A90002B59986E002801D002F0BEFB2B59D86ECE
:109AA000002801D002F0B8FB2B59186F002801D014
:109AB00002F0B2FB2B59586F002801D002F0ACFB2A
:109AC000285902F0A9FB00232B5170BDD466FF1F5B
:109AD0000E4B8000C35870B50C00002B0FD09D6852
:109AE000002D0CD02B78201D0B706B784B70A97C4F
:109AF000FFF7B8FF2B7E23726B69E36070BD102205
:109B00000021200002F0E0FCF8E7C046D466FF1F09
:109B1000014B18607047C046D066FF1F074A03001C
:109B20008000825810B5002A06D0D088984203D110
:109B3000012901D1FFF79EFF10BDC046D466FF1F6B
:109B4000F0B5254E95B087000B93BB5905000991E0
:109B500012200A92002B2FD0D888FFF79FFB040019
:109B60001420002C28D0280010A9FFF7B1FFBB5902
:109B70001E781F6A002E21D0FDF7E8FA079000201A
:109B8000FDF7EAFA0890A5793800E61D10AF0CA998
:109B900000F0E2FA0EA9380000F0D7FA0B9B0A9900
:109BA0000493089B09980193079B039600930295E1
:109BB0000EAB0CAAFFF782FE15B0F0BDFDF7C6FA9A
:109BC00005003000FDF7C8FAA37906000793E31DEE
:109BD000089310A8DBE7C046D466FF1F30B50D4CD4
:109BE00085002A59030085B00120002A0DD01800F5
:109BF0006946FFF76DFF2B59D8881B78002B06D0DC
:109C0000054B6A46072100F0DAFB05B030BD034B77
:109C1000F7E7C046D466FF1F4BA1001159A1001100
:109C200030B5094C8500295985B010226846253188
:109C300002F092FB2A591121044BD0886A4600F0A9
:109C4000BEFB05B030BDC046D466FF1FF5A10011B4
:109C500030B5094C8500295985B010226846353148
:109C600002F07AFB2A591121044BD0886A4600F091
:109C7000A6FB05B030BDC046D466FF1F33A200115D
:109C8000F8B54D4F86001020F4590D0002F09CFCF1
:109C9000F3592062186A132200286DD02900033A74
:109CA0009C6802F059FBF359197800295AD1227D9A
:109CB000186A94466646027B0F00724001263242C3
:109CC00001D167463740227DB2433A432275077B74
:109CD000D6B27A400027920701D4B607F70F0226C2
:109CE000227D7F00B2433A432275067BD7B2724091
:109CF0000026B446520702D47F07FA0F9446624604
:109D000004269700227DB2433A432275627D0027E4
:109D100094466646427B72400126324201D1674634
:109D200037400126627DB2433A436275477BD6B223
:109D30007A400027920701D4B607F70F0226627D0A
:109D40007F00B2433A436275407BD6B24240002066
:109D5000520701D47607F00F0426627D8000B243DB
:109D6000024362756A78002A08D06278002A05D01A
:109D700005220533DA7700221000F8BD0422287985
:109D8000104205D1A07C104202D10533033AF1E71D
:109D900020782C78002902D102002000140018221B
:109DA0000428E9D8042CE7D805216143034A053388
:109DB0005218125CDEE7C046D466FF1F40CA00118D
:109DC00010B50A001121024B00F0F9FA10BDC0468F
:109DD0008FA200110B0030B587B001AD2B806B4610
:109DE00004001100981D082202F0B6FA2A000B2187
:109DF0002000024B00F0E3FA07B030BDB7A200111B
:109E000010B50A001121024B00F0D9FA10BDC0466E
:109E10000BA3001137B56D460B0004001100681C40
:109E200006222B7002F098FA6A4608212000024BA5
:109E300000F0C5FA37BDC0462BA3001110B50A00CB
:109E40001121024B00F0BBFA10BDC0467BA30011EC
:109E50007FB505000B4BAA00D4580800002C0FD08A
:109E6000666F237FE28821780396266F0296E66E5E
:109E70000196A46E0094FDF7FFFB2800FFF7FAFDA2
:109E80007FBDC046D466FF1F10B51721FFF7E0FF66
:109E900010BD000070B50A000D00064B0221040041
:109EA00000F08DFA060029782000FFF7D1FF30007E
:109EB00070BDC0465BA20011F0B587B000236C46B0
:109EC0002370836805001E78701E0A2857D801A9E0
:109ED00002F04AF906063135393D4145494D5100F8
:109EE000180000F040F90623122849D000281AD1A2
:109EF0006888FFF7D3F90823002813D04279002A95
:109F000044D1254B1A78072312070BD5234B1A6827
:109F10000723002A06D01768002F03D0310001AABA
:109F2000B847030023702378002B2AD16888FFF7F5
:109F30006DFC07B0F0BD180000F06CF9D6E7180012
:109F400000F087F9D2E7180000F093F9CEE7180087
:109F500000F0ADF9CAE7180000F0C3F9C6E7180031
:109F600000F0F6F9C2E7180000F0F6F9BEE71800B5
:109F700000F013FABAE7180000F013FAB6E7072367
:109F8000237021006888FFF785FFD2E70523012AA7
:109F9000C8D1034BBBE7C0466165FF1FCC66FF1FFE
:109FA000D066FF1FF8B52C4F8600F35904000D0052
:109FB000002B40D0DA8882423DD15A78062A33D12C
:109FC0001A78002A2ED0012099681A6A097D014268
:109FD00006D0157B054203D007225A700120F8BD38
:109FE0000220014204D0157B054201D00922F4E78A
:109FF0000420014204D0127B024201D00B22ECE784
:10A00000164B1B68002BE9D05B68002BE6D02000C4
:10A010009847BB5900215B78122BDFD12000FFF756
:10A0200017FFDBE70E4BECE7112A04D1002900D023
:10A0300032252900F2E7002D08D12000FFF72EF984
:10A04000002803D010230279134303712100280054
:10A05000FDF792FAC2E7C046D466FF1FCC66FF1F29
:10A06000D066FF1F70B50E4E8500AB590400002B63
:10A0700013D01B78002B11D10A4B1B68002B04D086
:10A080005B68002B01D02000984773595B78122B36
:10A0900003D100212000FFF7DBFE70BD024BECE78F
:10A0A000D466FF1FD066FF1FCC66FF1F094B8000E0
:10A0B000C3581020002B0CD01A6A002A09D09B68C4
:10A0C000002B06D0127A1B7E101C9A4200D9181C55
:10A0D000C0B27047D466FF1F70B503000D001400B6
:10A0E0000220002A30D000292ED013700B78081DD2
:10A0F00053704B789370FFF7A9FCE07001200221A8
:10A100002B7A23716B7B034063716A7B0A40134394
:10A11000042263716E7B1640334363716E7BF608D5
:10A12000F600334363712B7B0340A371287B01400E
:10A1300000200B43A371297B0A401343A3712A7BA0
:10A14000D208D2001343A37170BD10B50A000100FC
:10A150000120FFF7C1FF10BD10B50A000100022069
:10A16000FFF7BAFF10BD70B506000C000220002EEC
:10A1700030D000292ED07378201D0B70B3784B702F
:10A18000F178FFF76FFC01223579257271794B1058
:10A190000800134093401040034388101040800093
:10A1A000C9080343C9000B436373B1794B1008001E
:10A1B0001340934010400343881002409200C908A6
:10A1C0001343C9000B4321202373FCF76DFE854226
:10A1D00001D2122070BD2220257AFCF765FE85424F
:10A1E000F7D823781820042BF4D86378012BF1D802
:10A1F0000020EFE7030010B50220002909D0002B52
:10A2000007D00322481C0A7019000D3202F0A4F88E
:10A21000002010BD03000222080010B5002B06D05C
:10A22000002904D00E32591C02F096F800221000CA
:10A2300010BD030010B50220002909D0002B07D063
:10A240000422481C0A7019000C3202F085F8002024
:10A2500010BD10B5FFF7DEFF10BD0300022000297E
:10A2600006D0002B04D0052200200A701B784B700A
:10A27000704703000220002B08D0002906D05B782D
:10A2800000200B70013B082B00D9183070470300E9
:10A2900010B50220002909D0002B07D00622481C47
:10A2A0000A7019000A3202F057F8002010BD10B5EC
:10A2B000FFF7B0FF10BD02000B00022010B500290F
:10A2C0000ED0002A0CD007211970118859701188FE
:10A2D000090A997011180822D81C02F03DF80020D4
:10A2E00010BD03000A00022010B5002B0CD000297D
:10A2F0000AD099785878090201431180901CD91C22
:10A30000082202F029F8002010BD030010B5022039
:10A31000002909D0002B07D00822481C0A70190018
:10A32000921802F019F8002010BD02000B00022064
:10A3300010B500290BD0002A09D009211970117815
:10A3400018185970511C062202F006F8002010BDA2
:10A3500010B5FFF75FFF10BD02000B00022010B523
:10A36000002A09D0002907D0517819701118062247
:10A37000581C01F0F1FF002010BD030010B50220B1
:10A38000002909D0002B07D00A22481C0A701900A6
:10A39000063201F0E1FF002010BD10B5FFF73AFFD3
:10A3A00010BD02000B00022010B5002A06D00029C3
:10A3B00004D018005178FFF755FB002010BDF0B510
:10A3C0001F00062387B003AD060008002981019213
:10A3D0002B80FEF7BEFC1324011E68600CD0019890
:10A3E000B847041E05D129003000FEF76DFA041E9F
:10A3F00002D0686801F0C8FE3000FFF707FA2000BD
:10A4000007B0F0BDF0B504008BB00191150000213C
:10A41000102202A802F058F8334EA700B8590028BD
:10A420003CD0C388A34239D10378002B36D142787F
:10A43000062A18D102000100553235310C3006AB26
:10A44000FFF7ACFA002829D12000FFF72FFE020009
:10A4500006A902A801F080FF200002A902F0B4F9C9
:10A4600001200BB0F0BD816E002917D00B8A112A94
:10A4700028D19D420ED101981231093A02F034F9E7
:10A48000012807D1BB5920009D6EFFF70FFE290060
:10A490000200DEE732212000FFF7DAFC2000FEF7A1
:10A4A000FDFE061E1BD0416A002918D00B8AAB4264
:10A4B00015D108220198123102F016F901280ED1A7
:10A4C000716A0AE09D42E9D108220198123102F036
:10A4D0000BF90128E2D1BB59996E8A7EB9E72000B9
:10A4E00001F062FEBCE7C046D466FF1FF0B56E4DBA
:10A4F00087007E5985B0337802900393002B00D0FB
:10A5000085E0B368346A01937078062817D1012278
:10A510001B7D134202D0217B114218D1022213422B
:10A5200002D0217B114251D10422134203D0237B5C
:10A53000134200D08EE0019B5A7DEB5982E0073830
:10A540000428F8D801F010FE032E42658600B36E91
:10A55000002B03D11C2002F037F8B066EB599C6E3B
:10A56000002C1CD010220021200001F0ADFF029829
:10A57000FFF79CFD01002000FFF730FA01F0D4FE48
:10A580002082200008211230FFF728FA0298FFF7F6
:10A590008DFDA076EB592100D888FFF711FC082229
:10A5A000EB591CE0B36E002B05D01A00198AF08815
:10A5B0001232FFF70FFC0222019B197DEB59114269
:10A5C00050D0207B10424DD0073208E0F488FCF7D1
:10A5D000D5FD01002000FFF713FC0A22EB595A7049
:10A5E0005A78073A042A12D8D888FEF757FE00286E
:10A5F00056D0C3895A08D2182C49029B0298CB54D2
:10A600009B00EB5841180433294801F0BDFE05B00A
:10A61000F0BDFCF79BFD03000120834201D1002027
:10A620000393EB59DE88FCF797FD03990200300095
:10A63000FFF7F0FB019AEB59117D0422114218D16A
:10A64000019A527D01210A4218D0607B084215D040
:10A650000C22C4E7F688FCF733FD01003000FFF759
:10A66000EDFB68E704221142EAD0217B1142E7D0DA
:10A67000AAE7217B1142E3D00B22B0E702210A4274
:10A6800004D0607B084201D00E22A8E704210A42D0
:10A6900004D0627B0A4201D01022A0E712229EE77A
:10A6A000FA225200A8E7C046D466FF1FD866FF1FF3
:10A6B00067AA001110B5064B1A7804231000184041
:10A6C0001A4200D00348FFF723FA002010BDC0460D
:10A6D0006165FF1F4443FF1F70B50400FFF7D0FA08
:10A6E000051E43D12000FFF779FA234EA400A0599C
:10A6F0008268937CDB0708D50321036A1B790B4032
:10A70000012B02D1017F0B430377431DD97F8B1EA1
:10A71000022B0DD8022900D00121C088FCF784FF4C
:10A72000042133591A7F59700A431A77280070BDE3
:10A7300001290CD102231022437000210C3001F0BA
:10A74000C3FE305910213530FFF748F9EEE70529EF
:10A75000ECD10223D118437010220C3001F0FCFD23
:10A7600004233259117F0B431377EAE70825182891
:10A77000DCD1053DDAE7C046D466FF1FF0B58BB0EB
:10A78000059143887C4F9E00F45915000493002CDA
:10A7900015D1012902D000200BB0F0BD101D577853
:10A7A0001678FFF753F9EB68320002932B7A04997D
:10A7B000019300903B002000FCF700FFEBE7E388EB
:10A7C000049A934201D00820E6E72378012B00D1B8
:10A7D000D0E0059B581E092800D9CBE001F0C4FC4D
:10A7E00005CA0A29C8506C859AB229000498FFF757
:10A7F00073FFD1E7200029001022453001F0ACFDA5
:10A80000B9594B78042B02D1013B4B70C3E70B00C5
:10A810000A00253335320C310498FFF791F904987A
:10A82000FFF7FEF90522431E9841BB59C0005A703C
:10A83000B2E7200029001022553001F08DFD049B65
:10A840004D4C9D00295904980A0006AB55320C3135
:10A85000FFF776F929591022453106A801F044FF87
:10A86000012808D10498FFF7F3F90590002804D1D6
:10A8700006222B595A7005988EE708230593FAE7AC
:10A8800063780C2B76D1E36E002B03D11C2001F0F2
:10A890009BFEE066BB59D86E00286BD010222900C1
:10A8A00001F05AFDBB590498DC6EFFF7FFFB0D2247
:10A8B000A076BB595A706EE7E06E00285AD06378D4
:10A8C0000D2B57D12B8808220382A91C123001F0CE
:10A8D00043FDBB599A68517D0222114226D0186A65
:10A8E000407B104222D00C32E4E763780E2B41D13A
:10A8F000236F002B03D1162001F066FE2067BB59A1
:10A90000186F002803D01022290001F025FD0F2226
:10A91000BB59CFE763780F2B2CD1206F0622691C1F
:10A92000103001F019FDBB599A68517D0422114283
:10A9300003D0196A497B1142D5D100210498FFF751
:10A9400087FA28E7606F002808D1143001F03CFE38
:10A95000BB596067586F002800D134E710222900E6
:10A9600001F0FAFC0122BB5952425B6F1A61E4E725
:10A970002978E3E707200FE7D466FF1F10B5064CE0
:10A98000207001F031FE06212078FDF78DFF03488D
:10A99000FEF772FC10BDC046E766FF1F1D9B00114D
:10A9A00000200BB270B50D00834216DA264B1878E2
:10A9B00001F0FAFE041E0DD00378922B0ED0A02BCE
:10A9C00037D0224B1878FF283AD0210001F0ECFC58
:10A9D000002835D180200002684070BD43780E2BDE
:10A9E0000BD03E2BEDD18378052B12D0082BE8D16C
:10A9F00081798088FFF7D6FA08E0154B82889A4261
:10AA0000DFD183681878591CFEF7C4FE0028D8D01F
:10AA100016E0104B1B785B0712D50F4B1B68002B01
:10AA20000ED09B68002B0BD0C289811D808898476F
:10AA3000ECE7FFF741FAA068002801D001F0A4FB81
:10AA4000200001F081FCC5E7E766FF1F3D43FF1FC3
:10AA5000182000006165FF1FD066FF1F10B5007849
:10AA6000FFF712FA10BD10B50078FFF7FBFA10BD22
:10AA70000C234343084A10B59B185A68002A03D098
:10AA8000012901D1904710BD9B68002BFBD0002904
:10AA9000F9D19847F7E7C0460467FF1F01238340B9
:10AAA000094A10B5946B1C439463506B98435063F0
:10AAB000D46B20009843012901D120001843D063B2
:10AAC000116B0B43136310BD00800040F0B50024F0
:10AAD0000127154B85B0DA6B144E03921A6C019264
:10AAE000DA64019BE3403B4217D0039DE5403D40C3
:10AAF0000295E5B202992800FFF7BAFF316A736A3E
:10AB0000002908D03900002B01D002997940280093
:10AB1000FFF7C4FF01E0002BF9D101340C36172CEC
:10AB2000DFD105B0F0BDC04600800040E866FF1FE1
:10AB3000064B01215A68C2400A4204D01B68C34038
:10AB40001800084070471B6DF9E7C04600800040C0
:10AB50000122064B8240002903D0D9680A43DA60FB
:10AB60007047D9689143D960FAE7C0460038004081
:10AB70000322424370B50F4DAB189C785E780123D9
:10AB8000361B0136B340013BA340A140DB430C0020
:10AB9000122808D8525D08499200521811681940CD
:10ABA0002143116070BD054A11680B4023431360B7
:10ABB000F8E7C04687CA001108F0004014F00040D2
:10ABC000C21F70B5D4B20623092C0BD80125084C3E
:10ABD0009540002908D00021FFF7CAFF23682B43C6
:10ABE00023600023180070BD2368AB43F8E7C0461C
:10ABF00000380040214BF0B51B185B78022B21D1A7
:10AC0000032444431E4A1F4EA35C12199478012268
:10AC100015008540B76B013CE4B23D43A240B563EB
:10AC2000194C122815D89B0000290CD117495B1824
:10AC300099680A439A600123205C154A8340116891
:10AC40000B431360F0BD11495B18996891439960FB
:10AC5000F1E70E4B00290DD159690A435A61225C74
:10AC60001328E8D00123203A93400A490868034397
:10AC70000B60E7E7596991435961F0E7E866FF1F08
:10AC800087CA001100800040CCCA001100F00040CB
:10AC9000A0F00040A4F00040F8B500241B4E1C4D6D
:10ACA0001C4B1B5D012B1FD1194A9269E2401A42CD
:10ACB0000BD00122B25693402200143AD2B2022A9B
:10ACC00009D815494A6913434B61013402360C35E2
:10ACD000172CE5D1F8BD0022B2560F499200521848
:10ACE00091680B439360F0E7022BEED1E7B2380096
:10ACF000FFF71EFF01235840C1B23800FFF77AFF6B
:10AD00003800FFF715FF6877DFE7C04659CA001122
:10AD1000E866FF1FE966FF1F00F0004001220238CD
:10AD20008240054B002903D059690A435A61704794
:10AD3000596991435961FAE700380040F8B50E00AF
:10AD400001210F008740114A0400D368FD43BB4333
:10AD5000D360831E8B4201D8FFF7E0FF0021200063
:10AD6000FFF72EFF0A4A0B4B5168012E05D13943DC
:10AD70001B1951605E700020F8BD2940516002220D
:10AD80001C1962709A6915409D61F4E70038004013
:10AD900000800040E866FF1F012210B58240074B8B
:10ADA000002906D019680A431A600121FFF7C6FF7F
:10ADB00010BD196891431960F7E7C0460080004054
:10ADC0000C2370B5002543430A4A29009B181D70C7
:10ADD000094B04001B185D70FFF7B0FF0123A3406F
:10ADE000064928000A681A430A6005490A689A4316
:10ADF0000A6070BD0467FF1FE866FF1F34800040D3
:10AE00003080004070B504000E00FF2813D00325E9
:10AE10000540FFF7D5FF084AA3089B009B183F2277
:10AE2000ED00AA40AE4019682000914331431960FB
:10AE30000121FFF78DFE70BD18380040F8B50C24D5
:10AE40004443134B0500E4186368002B03D1A36847
:10AE50001220002B1AD0022201270E4B00215B1971
:10AE60005A7028002770FFF769FF63681E1E08D01C
:10AE7000A3683E00002B04D02800FFF759FE46408F
:10AE8000F6B228003100FFF709FE0020F8BDC046E9
:10AE90000467FF1FE866FF1FF7B5C420FF222A4B97
:10AEA00080001958002591433F3A0A431A508022E6
:10AEB000264E5202264F1A60264B5C5D002C22D093
:10AEC000AB1E012B03D80121E8B2FFF727FF012CAD
:10AED00019D11E4B9B69EB40234214D0EBB21800F2
:10AEE0000193FFF725FE01000198FFF755FF0123AD
:10AEF000FB569C40EBB2143BE443022B1AD8164A93
:10AF0000536923405361337F002B0DD0ECB22000F6
:10AF1000FFF794FF2000FFF70BFE737F01008342D1
:10AF200002D02000FFF7A4FD01350C360237172DA3
:10AF3000C2D1F7BD0023FB56074A9B009B189A68B5
:10AF400014409C60DFE7C04600E100E0E866FF1FB8
:10AF500059CA0011E966FF1F00F0004070B50E00ED
:10AF600015000400FFF72CFF0C236343094A20005F
:10AF70009B189D605E60FFF761FFF021064B074A5A
:10AF80008900051E5A5002D02000FFF719FF280043
:10AF900070BDC0460467FF1F0000FF1FCDAA00114F
:10AFA00070B5134D07202C78002C1FD1982221005A
:10AFB0005200280001F070FB0123C420FF222B70F7
:10AFC0000C4B80001C635C630B4B1C605C600B4B88
:10AFD000195891433F3A0A431A50802252021A608C
:10AFE0000D20074A074901F027FA200070BDC0462E
:10AFF000E866FF1F00800040A0F0004000E100E094
:10B0000099AE001199AC0011F7B5050001282BD0BD
:10B010000B220827184C01239340184A184ED36777
:10B020006B010193F318187CFF2802D00021FFF771
:10B030008FFD6B01F6180021707CFFF789FD00265B
:10B04000802338002373267126702673267266606B
:10B0500001F092F8380001F0E7F80A4BB54207D149
:10B06000EB2292009D50F7BD11221927064CD2E722
:10B07000F12292009E50F6E70040004004E100E01B
:10B080009C68FF1F0000FF1F00900040F0B585B0D6
:10B09000060001F0C1FA03903000FFF7B5FF012E62
:10B0A00000D17AE0052308270293013B0193434C2A
:10B0B00007330093424D7301EB181A7CFF2A02D12B
:10B0C0005B7CFF2B67D0380001F086F9380001F077
:10B0D00053F87301EB18187CFF2802D00221FFF708
:10B0E00047FD7701ED190221687CFFF741FD287CBF
:10B0F0000199FFF787FE687C0299FFF783FE002322
:10B1000023736969039A4B081011C01801F004F900
:10B110000023236180332373030ADBB22371EB7EA8
:10B12000C0B22070002B41D01B232373244BDA19AB
:10B13000117E012200293BD00721217262606168E3
:10B140007F320A43DB199B7E6260002B03D002230F
:10B150006268134363601B4A002E2BD1EB211A4B0C
:10B1600089005350009B194A9B089B009B1803229F
:10B17000009CC0202240FF24D20094408000195837
:10B18000A1438024944022000A431A500123009ACC
:10B1900093400E4A136005B0F0BD09230293013BB2
:10B1A0000193093319270A4C009383E70323BCE773
:10B1B0002172C7E7F121074BD2E7C04600400040AB
:10B1C0009C68FF1F0000FF1F051BFF1F00E100E040
:10B1D00000900040451BFF1F10B50020FFF756FFF1
:10B1E00010BD10B50120FFF751FF10BDF0B587B0BD
:10B1F00005930CAB1D78174F6E01F35D029002AC06
:10B20000112003910492002B1ED1637A0C38019314
:10B21000002B19D119002022F01901F03DFA0E4B34
:10B22000F31807CC07C39C466246236828001360C6
:10B23000FFF72CFF0123F355002D07D1290008202B
:10B24000064A01F0F9F8002007B0F0BD1920044AC1
:10B250000199F6E79C68FF1FAC68FF1FD9B1001188
:10B26000E3B100117622014BDA6070470020004004
:10B27000030010B50620072B09D8054A137001F00A
:10B2800033F9D7210020034B034A89005A5010BDDF
:10B290006C43FF1F0000FF1F851BFF1F70B51D00C3
:10B2A00002240C2910D8094ACA40D2070CD5FBF752
:10B2B00007FE041E08D1059A04992800FBF71CFE1E
:10B2C000FCF788FCFFF7F6F9200070BD12100000B3
:10B2D00030B50D7802232C009C43184201D02B433B
:10B2E0001C0008252300AB43284201D02B00234338
:10B2F00020241D00A543204201D01C4325002A2301
:10B300000D70184204D011781E3B0B43137030BDF2
:10B310000028FCD10C2113788B43F7E7F8B51D000A
:10B3200006AB1B88140007AA0E000B201778002B11
:10B3300027D10A78022A49D14A6850781178000248
:10B34000244A08438018042840D800F00DFF031257
:10B350001D1B2300F06801F01FF9021CC0B2B842A7
:10B3600000D93A1CD2B22000F1682A8000F0F4FF24
:10B3700006E00222F3681B882A8023701B0A637090
:10B380000020F8BD0622EEE701232B80F3681B782E
:10B390002370F5E7F368002B16D008222A801A885C
:10B3A00022701A88120A62705A88A2705A88120A89
:10B3B000E2709A8822719A88120A6271DA88A27100
:10B3C000DB881B0AE371DBE72B80D9E701202B80A8
:10B3D000D7E7C04600D6FFFFF7B516000A781D0074
:10B3E00008AB1F880C000123022A18D14A68507844
:10B3F000117800022B4A0843801803280FD800F068
:10B40000B3FE02254439E06801F0C6F8C0B2072354
:10B41000B84204D37B190193152B02DD0D231800CC
:10B42000FEBDE0682A003100C01900F095FF6B46B0
:10B4300000209B88E268D0541B4B1B68834203D0DA
:10B440001B68834200D098470023E8E70B23002FB6
:10B45000E5D1022DE2D1737832781B021343E26802
:10B460001380114B1B68002BEED01B68002BEBD018
:10B470000120E8E70B23002FD1D1062DCED12A00E1
:10B480003100E06800F068FFDEE70B23002FC6D133
:10B49000012DC3D132787533012AC0D8E3681A7000
:10B4A000D2E7C04600D6FFFFF468FF1F70B50C005E
:10B4B0001500072837D800F057FE041436361B361F
:10B4C000242E182015290BD8184E162200213000E2
:10B4D00000F0FAFF22002900300000F03DFF0020BC
:10B4E00070BD18200229FBD11288114B1A80F6E793
:10B4F00018200829F4D10A000E48290000F0FCFFAA
:10B50000EDE718200129EBD10B4B10780B49DA69D4
:10B51000FFF7DEFEE3E718200129E1D1064B1078A2
:10B520000749DA6BF4E70220DAE7C046DC68FF1F60
:10B53000EA43FF1FE043FF1F7043FF1F9843FF1FB5
:10B54000B843FF1F030010B50020DB0704D5072117
:10B55000024A034800F08CF810BDC046E4CA00114E
:10B560007043FF1F054A03001068002803D082883B
:10B570009A4201D1806870470068F6E7EC6AFF1FC5
:10B580000A88030008009A4204D08A8804309A424C
:10B5900000D000207047000073B506006846150013
:10B5A00001960180FCF748FE041E11D1002D0FD03A
:10B5B0007689002E11D00C2001F006F800280ED05C
:10B5C000084A0460136886808560002B02D11060F1
:10B5D000200076BD1A001B68F7E70224F8E7132461
:10B5E000F6E7C046EC6AFF1FF8B5F22200230D4FC4
:10B5F0000D4E7968050042433370994200D07B605C
:10B600000A4C0021200000F05FFF00231A007C603C
:10B610009D4201D13570F8BD01332280DBB2F23496
:10B62000F6E7C046E46BFF1FE26BFF1FF06AFF1FE7
:10B63000012100220A4B10B549420A4C1980998019
:10B640009A719A70084B2070012019805A60FFF798
:10B65000CBFF2078FCF74EFE0448FDF70DFE10BD31
:10B66000FC68FF1FEC6BFF1FE46BFF1F1DB7001191
:10B67000022310B5002802D0FFF78EFF0300180048
:10B6800010BD0000030010B50020DB0704D5042125
:10B69000024A0348FFF780FF10BDC046F8CA0011F8
:10B6A000F043FF1FF0B50E2687B003930CAB1F8845
:10B6B00002ABF6180500080031000292FCF744FFC7
:10B6C00004000120002C0FD03088FFF74BFF03004F
:10B6D0000E20002B08D05E68002E05D02100280027
:10B6E000039B029A0097B04707B0F0BD0A4B10B514
:10B6F000984207D10122002352420A808B708A802F
:10B700008B7110BDFFF73CFF0028FAD001235B428C
:10B71000038000238370F4E7FFFF0000F8B5050005
:10B7200001290AD1134E00243388F227AB4219D0E5
:10B7300028001149FFF7DAFF06E0022904D1013998
:10B74000FDF718FE0028EDD0F8BD3B00634372689A
:10B75000D018D35A002B09D03A00002100F0B4FED3
:10B760000134E4B2054B1B78A342EED801235B42BF
:10B770003380DDE7E46BFF1FFC68FF1FE26BFF1FF8
:10B7800010B5FFF7FDFE03000020834200D098783B
:10B7900010BD0000F0B589B01C000EAB80CB03904B
:10B7A0001E8810AB1B78049202930B7A0D00DB0607
:10B7B00016D42B780593022B24D00498FFF7D2FEE1
:10B7C000002812D003689C46002B0ED0029B22005A
:10B7D000019329003B00644603980096A04705E0CA
:10B7E0000498FFF7BFFE002802D10E2009B0F0BD7B
:10B7F0008368002BF9D00A22290003989847002873
:10B80000D7D0F3E76B6858781A786A4B0002104378
:10B810009842D2D8043B984210D2674B984242D00B
:10B8200015D8664BC0180128C7D80B20002EDDD1D3
:10B83000EB681A7859683A80200028E0604BC018FD
:10B84000032800D978E000F08FFC836A779D5D4B78
:10B850009842B2D10B20002EC8D101233B80EB6867
:10B8600031001B7823706889013080B2FCF76CFED0
:10B870003A88031E0ED0017802328A183A80428933
:10B8800062704289120AA27059680278E01C00F0C6
:10B8900063FD06E004323A8031000422601C00F0AF
:10B8A00013FE0020A2E70B20002E9FD1EB6807A912
:10B8B0001E8804233B80330A300026706370FCF737
:10B8C00043FE051E28D004AB9A890E2304A95B18F9
:10B8D0003D49C668FCF7ACFE00280BD12B783B48ED
:10B8E0006A680599FBF75EFA002803D1012304AAD0
:10B8F0005B42D3813278022A06D17168201D00F0A4
:10B900002BFD3B8802333B800E2304AA9B181B8827
:10B91000A3701B0AE370C4E704ABDE81F4E70B20DD
:10B92000002E00D062E7E9680398FFF729FF0223A1
:10B930003B8020706670B4E70B20002E00D055E7E6
:10B940000222EB681B883A8023701B0A6370A8E709
:10B95000E86800F021FEC2B203000720B24200D224
:10B9600044E70DD00299DBB27118994202DB921BB9
:10B97000D3B20293029BE9681A003B8089195BE706
:10B980000023F6E70B20002E00D02FE70722EB68FC
:10B990003A801A7822705A7862705A88A2705A884F
:10B9A000120AE2701A792271DA886271DB881B0A46
:10B9B000A37176E7042900000228000000D8FFFFE9
:10B9C000FFD6FFFF03280000FFFF000028CA001178
:10B9D000F0B58DB06B460020089120229B5E83421B
:10B9E0003DDAA54B187800F0DFFE071E32D0037851
:10B9F000B02B2CD10079023816281FD800F0BCFDDE
:10BA000017001E001E001E0031001E0094001E00C4
:10BA10001B011E0050011E0071011E00CB011E0003
:10BA200050021E001E001E008E021E00B902934B23
:10BA300093491B8878880B80FAF7F6FE3800FCF7EC
:10BA400079FE904B1B68002B01D0380098473800D6
:10BA500000F07AFC8020089B0002434018000DB0E3
:10BA6000F0BDEE220021864800F02EFD0BAA3B7BA4
:10BA70007989388900923A000D32FCF779FC04008C
:10BA80007F4B1B78002C3DD144E07F4B7888059399
:10BA900006AB9A8A7D4B4100CB5A7D4E073BDBB209
:10BAA00002930023210001930096059BFFF772FE8D
:10BAB000734D00280FD133883A8A9A420BD138004F
:10BAC0000599123000F010FE002804D02B7862890E
:10BAD0009B00EB185A80162606ABF6189A8A2000AF
:10BAE00033007989FCF7A4FD2B7804009A00AA188A
:10BAF00051880029C4D00133DBB22B70002806D056
:10BB000031889180634A12889A42BED802E00121AE
:10BB100049429180002B04D059497888FAF7B8FE41
:10BB20008CE73E890A2479E000253E89574B06932D
:10BB30007B88069A5B009B5A033B9D4202DB002DEB
:10BB4000F0D05BE0162206A812183B7B79890092A0
:10BB50003A0030000D32FCF70BFC0590002858D05D
:10BB60004689017A7888FCF7CBFB041E44D1464B0A
:10BB700078880793069B4100C95A454B0439C9B2DE
:10BB800006AAD28A06930291019400930599079B15
:10BB9000FFF700FE041E2FD1069B39491A88931C1B
:10BBA000002D26D14B807988384B4900CB5A51194A
:10BBB000033B8B4220DD059B31485B8941190B71AA
:10BBC000A91C0135C9B2EDB2059145191B0A2B71AB
:10BBD000059B2D490433181800F0BEFB2C4B059A29
:10BBE0001B88D318DDB22C4B9E4205D00136B6B26D
:10BBF0009CE749889942D6D0002D0CD0204C2800D3
:10BC0000618800F0B9FD207021007888FAF750FEB5
:10BC100014E7059CF0E7002C00D183E77B78142B18
:10BC200000D10BE716493B794E800B700C71788878
:10BC3000FAF7F0FD02E7162406ABE4182100388974
:10BC4000FCF782FC011E00D18FE1788822880F4C1E
:10BC500045002C5B0A4D013CE4B2029400240F4BDA
:10BC600001940095FFF796FD041E00D016E129000F
:10BC70007888FAF72DFEE1E6EC6BFF1FDC42FF1F30
:10BC80000469FF1FF868FF1FF869FF1F3465FF1F75
:10BC9000E86AFF1FDA42FF1FFFFF00000669FF1F6F
:10BCA000162406ABE41821003889FCF74DFC011E70
:10BCB00000D15AE178882288B24C45002C5BB24D05
:10BCC000013CE4B202947C89B04B01940095FFF7EB
:10BCD00061FD041E00D0E1E029007888FAF702FE39
:10BCE000ACE60025A84B1D803B00F6331B78A64A26
:10BCF00078880792AB4208D9A24B1288069306991E
:10BD000043005B5A013B9A4203DB0799FAF7F4FDC3
:10BD100094E616246B00FB18059306ABE418059B0C
:10BD200021001889FCF710FC011E03D1059B01249A
:10BD30001E8973E77888964B2288069C09934300F6
:10BD40001B5B944E013BDBB20293002300960193F0
:10BD5000099BFFF71FFD041E02D0059B1E895DE7AE
:10BD60007B88069A5B009B5A079A10883288811854
:10BD70008B4203DC1B1A013B9AB23280824C0230A8
:10BD80000999001900F0E8FA2388328801359B18D8
:10BD90002380EDB2A8E70BAA3B7B79893889009212
:10BDA0003A000D32FCF7E4FA00250600002E04D11B
:10BDB0000A24002D00D171E063E0317A7888FCF725
:10BDC0009FFA0100041E67D16E4C714B7888059470
:10BDD0000793059B4400E45A6E4B063CE4B206AA66
:10BDE000928A06930294019100933100079BFFF71A
:10BDF000D1FC041E50D1069B634A1B88002D34D110
:10BE000004335380604C728963191A716B1C9BB2A6
:10BE1000E318120A1A7106AB9A8A162306A81B1891
:10BE200079893000FCF704FCFF212B1DAA1C9BB272
:10BE30000335059306000B0092B2ADB2002803D083
:10BE400006ABDB8AD9B21B0AA218651911712B71D6
:10BE5000059B504D181D2A884D49201800F07CFA8A
:10BE60002B88059AD3189DB2A0E751881A1D9142DC
:10BE700007D17A8805995200525AEB18053A9A422E
:10BE8000C0DC414C2800618800F046FA2070210097
:10BE90007888FAF73BFDD1E5002DF2D13E89BDE669
:10BEA000162606ABF61831003889FCF74DFB3D002D
:10BEB0000400FA3500282DD0037A9B060CD400220A
:10BEC0007B893989788800923A000C32FFF7EAFBC7
:10BED000041E10D03E8915E03088FFF743FB002890
:10BEE0001AD08368002B17D0210012227888984737
:10BEF000041EE4D0EEE72B78002B02D17888FAF705
:10BF000015FD00262B78002B00D097E5002C00D1E2
:10BF100094E583E60124DDE70E24DBE7162506AB76
:10BF2000ED1829003889FCF70FFB041E1DD0037A99
:10BF30009B0609D4184B7A8819888A4263D017481F
:10BF400081425FD00924A9E72888FFF70BFB00286E
:10BF50000DD08368002B0AD02100122278889847E0
:10BF6000041EE7D09AE7100053E0012496E70E2460
:10BF700094E7094B7A881B889A423FD07888FAF771
:10BF8000E7FC5BE53465FF1F0469FF1F0669FF1FBF
:10BF9000F869FF1FE86AFF1FE46BFF1FFFFF000047
:10BFA000F223059851684343CD18C95A00291FD080
:10BFB0003B7A012B0BD16C88AB887888AA1D009442
:10BFC000FFF770FB041E02D000233B722E88F22282
:10BFD0000021280000F078FA00232B80059B013314
:10BFE000DBB20593144B05991B78144A8B42D7D8C2
:10BFF00001235B421380002CC0D00FE600263400E2
:10C000000596EFE71A8058680B4B1A78F2235343D2
:10C010001B18984296D002000188F2320029A2D162
:10C020003C0008342100F22200F096F921007888C3
:10C03000FAF784FC02E5C046E26BFF1FE46BFF1FCA
:10C0400070B504000E001500FFF79AFA031E08D120
:10C0500031000548FFF794FA03001120002B02D0AD
:10C060001C8000209D7070BDFFFF0000F8B50B4FD5
:10C0700006003B780D001400FF2B0ED00A2000F0C4
:10C08000E3F9011E09D0B123038000234680037128
:10C09000C5800481387800F087F9F8BD3144FF1F6E
:10C0A000F8B50F0006A90600088807A90B2509881E
:10C0B00000281FD10235022B1CD15478137824029A
:10C0C0001C43230073358B4314D1FD6830002900D5
:10C0D000FFF756FB84420CD0290022003000FFF706
:10C0E000AFFF1125002805D1220030007989FFF724
:10C0F000BDFF00252800F8BDF0B50E7885B003908F
:10C100000AA805880120022E0DD14C682778647892
:10C1100024023C43054FBC4205D10398DBB2019693
:10C120000095FFF7BDFF05B0F0BDC0460229000035
:10C13000034B10B51B68002B00D09847FEE7C046A4
:10C14000F06BFF1F07B501A8FFF7F2FF044A05488F
:10C150000021121A00F0A0FAF7F79AFBFEE7C0469A
:10C16000F46BFF1F3444FF1F01B40248844601BC36
:10C17000604700BF4D3BFF1F01B40248844601BC2D
:10C18000604700BFE139FF1F01B40248844601BC8B
:10C19000604700BFD949010001B40248844601BC90
:10C1A000604700BF2939FF1F01B40248844601BC23
:10C1B000604700BF091B000001B40248844601BC6F
:10C1C000604700BF8D12000001B40248844601BCE4
:10C1D000604700BFC9A9000001B40248844601BC01
:10C1E000604700BF7918000001B40248844601BCD2
:10C1F000604700BF9DA9000001B40248844601BC0D
:10C20000604700BF5125000001B40248844601BCCC
:10C21000604700BF75A9000001B40248844601BC14
:10C22000604700BF014C010001B40248844601BCD4
:10C23000604700BFA139FF1F01B40248844601BC1A
:10C24000604700BFE117000001B40248844601BC0A
:10C25000604700BF017F000001B40248844601BC72
:10C26000604700BFDD32FF1F01B40248844601BCB5
:10C27000604700BFD91B000001B40248844601BCDE
:10C28000604700BFC521000001B40248844601BCDC
:10C29000604700BF4550000001B40248844601BC1D
:10C2A000604700BFB930FF1F01B40248844601BC9B
:10C2B000604700BF3555000001B40248844601BC08
:10C2C000604700BFE928000001B40248844601BC71
:10C2D000604700BF393BFF1F01B40248844601BCE0
:10C2E000604700BF6D36FF1F01B40248844601BCA1
:10C2F000604700BF5D17000001B40248844601BCDE
:10C30000604700BF1D4B010001B40248844601BCD8
:10C31000604700BF6571010001B40248844601BC5A
:10C32000604700BF090E000001B40248844601BC0A
:10C33000604700BF2951010001B40248844601BC96
:10C34000604700BFB14E000001B40248844601BC02
:10C35000604700BF434D010001B40248844601BC60
:10C36000604700BFE94C010001B40248844601BCAB
:10C37000604700BF0533FF1F01B40248844601BC7B
:10C38000604700BFEDA5000001B40248844601BC2F
:10C39000604700BFA946010001B40248844601BCC1
:10C3A000604700BF5522000001B40248844601BC2A
:10C3B000604700BF594F010001B40248844601BCE8
:10C3C000604700BFC51D000001B40248844601BC9F
:10C3D000604700BF4D1F000001B40248844601BC05
:10C3E000604700BF6139FF1F01B40248844601BCA9
:10C3F000604700BF156B010001B40248844601BCD0
:10C40000604700BF3D18000001B40248844601BCEB
:10C41000604700BF5952010001B40248844601BC84
:10C42000604700BFDD66010001B40248844601BCDC
:10C43000604700BF5147010001B40248844601BC77
:10C44000604700BF3D31FF1F01B40248844601BC74
:10C45000604700BF1D4D010001B40248844601BC85
:10C46000604700BF5549010001B40248844601BC41
:10C47000604700BF2124000001B40248844601BC8B
:10C48000604700BFC56D010001B40248844601BC8D
:10C49000604700BF851F000001B40248844601BC0C
:10C4A000604700BF2138FF1F01B40248844601BC29
:10C4B000604700BFF30E000001B40248844601BC8F
:10C4C000604700BF8552010001B40248844601BCA8
:10C4D000604700BF154D010001B40248844601BC0D
:10C4E000604700BFA54F010001B40248844601BC6B
:10C4F000604700BF851BFF1F01B40248844601BC92
:10C50000604700BF810E000001B40248844601BCB0
:10C51000604700BF2526000001B40248844601BCE4
:10C52000604700BFC94A010001B40248844601BC0B
:10C53000604700BF8B52010001B40248844601BC31
:10C54000604700BFB54C010001B40248844601BCFD
:10C55000604700BFE548000001B40248844601BCC2
:10C56000604700BFADAE000001B40248844601BC84
:10C57000604700BF9D36FF1F01B40248844601BCDE
:10C58000604700BF613BFF1F01B40248844601BC05
:10C59000604700BF8130FF1F01B40248844601BCE0
:10C5A000604700BFDD52010001B40248844601BC6F
:10C5B000604700BF0124000001B40248844601BC6A
:10C5C000604700BFC93AFF1F01B40248844601BC5E
:10C5D000604700BF3D4B010001B40248844601BCE6
:10C5E000604700BFF930FF1F01B40248844601BC18
:10C5F000604700BFC926000001B40248844601BC60
:10C60000604700BF0D52010001B40248844601BCDE
:10C61000604700BF6D37FF1F01B40248844601BC6C
:10C62000604700BFD1A5000001B40248844601BCA8
:10C63000604700BF2146010001B40248844601BCA6
:10C64000604700BF6930FF1F01B40248844601BC47
:10C65000604700BF4551010001B40248844601BC57
:10C66000604700BF6DBC000001B40248844601BCB5
:10C67000604700BF1147010001B40248844601BC75
:10C68000604700BF3534FF1F01B40248844601BC37
:10C69000604700BFED4A010001B40248844601BC76
:10C6A000604700BFB70E000001B40248844601BCD9
:10C6B000604700BF090E000001B40248844601BC77
:10C6C000604700BF691F000001B40248844601BCF6
:10C6D000604700BF0519FF1F01B40248844601BC32
:10C6E000604700BFF94C010001B40248844601BC18
:10C6F000604700BFCD4C010001B40248844601BC34
:10C70000604700BF4D3AFF1F01B40248844601BC98
:10C71000604700BF7936FF1F01B40248844601BC60
:10C72000604700BF1D3BFF1F01B40248844601BCA7
:10C73000604700BF456B010001B40248844601BC5C
:10C74000604700BF292EFF1F01B40248844601BC88
:10C75000604700BFB352010001B40248844601BCE7
:10C76000604700BF056A000001B40248844601BC6E
:10C77000604700BF3119FF1F01B40248844601BC65
:10C78000604700BF350E000001B40248844601BC7A
:10C79000604700BF1539FF1F01B40248844601BC41
:10C7A000604700BFF53AFF1F01B40248844601BC50
:10C7B000604700BFF54E010001B40248844601BC49
:10C7C000604700BF291C000001B40248844601BC38
:10C7D000604700BF311B000001B40248844601BC21
:08C7E000604700BF055E000088
:10C7E800000301030203030304030503060207020F
:10C7F800080309030A030B030C030D030E030F03BD
:10C80800100311031303140315031603ED3B001162
:10C81800213C001100000000020000002AC800119D
:10C82800192A0F180A000000F1590000FD24000021
:10C838004146010085890011A1A90011E17D00117F
:10C8480089870011315F0011D1B90011A55A001173
:10C858002D3E0011553F0011000000001616000083
:10C868000200000074C80011F4FFF3FFD2FC0000BE
:10C87800A14000110000000000000000496E6B623A
:10C88800697264004942532D5732370030303031D5
:10C89800006769746875622E636F6D2F6366626CDA
:10C8A8006165622F696E6B626972645F6962735F4A
:10C8B80074683270004942535448325000000000F6
:10C8C80002000000DCC80011292A282A272A262A63
:10C8D800252A242A0A1800007440000010270000A6
:10C8E80060F000000400000006640000204E000014
:10C8F80000000000060000005C4400001027000053
:10C908006CEE000007000000050000001F501D101D
:10C91800023CB4000A0014001E00320050007800E7
:10C92800C800000000012C00210000008100000068
:10C93800303132333435363738394142434445464D
:10C948000000000099630011ED6300110000000071
:10C958000200000064C900116F2A6E2A1A1800002C
:10C9680001A00000000000006410B71DC8206E3B45
:10C97800AC30D9269041DC76F4516B6B5861B24DDE
:10C988003C7105502083B8ED44930FF0E8A3D6D648
:10C998008CB361CBB0C2649BD4D2D38678E20AA0B0
:10C9A8001CF2BDBDFB349B5F8000008000100000BE
:10C9B80000000000EB6900116D8000110F6A001182
:10C9C80079840011936A00114F840011096B0011DA
:10C9D800258400115B6B0011F5850011C36B0011F4
:10C9E800F5850011F56B0011AF850011096B001179
:10C9F800DD830011816B00118D850011000000009E
:10CA080000000000676C00118D850011C96C0011D1
:10CA180085800011052A042A012A002A02290328F0
:10CA2800012800280118001800000000000000007C
:10CA3800000000000000008701010201020101025C
:10CA480001020303040103010101010103030201BF
:10CA580003000D000E00100011001300140107015F
:10CA680008010A010B011C011D020402050207024C
:10CA7800080219021A021C021D030103020317000F
:10CA88000201000504000807000B0A001716001D24
:10CA98001C010201010504010E0D011110011413FE
:10CAA800011716011A19020201020B0A020E0D02E1
:10CAB8001110021413021716030504030807030BC9
:10CAC8000A030E0D0001020307090A0B0E0F1011CD
:10CAD80012141718191A1B1F202122001DB3001148
:10CAE800D9B3001100000000020000002ECA001196
:10CAF80000000000F9C00011000000000200000062
:04CB08002CCA001122
:020000041FFFDC
:1000000000000000953D001130C800112CC80011FF
:100010004861FF1F00000000000000000000000019
:1000200000000000000000000000000000000000D0
:1000300000000000000000000000000000000000C0
:1000400000000000000000000000000000000000B0
:1000500000000000000000000000000000000000A0
:100060000000000000000000000000000000000090
:100070000000000000000000000000000000000080
:100080000000000000000000000000000000000070
:100090000000000000000000000000000000000060
:1000A0000000000000000000000000000000000050
:1000B0000000000000000000000000000000000040
:1000C0000000000000000000000000000000000030
:1000D0000000000000000000000000000000000020
:1000E0000000000000000000000000000000000010
:1000F0000000000000000000000000000000000000
:1001000000000000000000000000000000000000EF
:1001100000000000000000000000000000000000DF
:1001200000000000000000000000000000000000CF
:1001300000000000000000000000000000000000BF
:1001400000000000000000000000000000000000AF
:10015000000000000000000000000000000000009F
:10016000000000000000000000000000000000008F
:10017000000000000000000000000000000000007F
:10018000000000000000000000000000000000006F
:100190002933FF1F8931FF1FC166010000000000E5
:1001A000000000000000000000000000000000004F
:1001B000000000000000000000000000000000003F
:1001C000000000000000000000000000000000002F
:1001D000000000000000000000000000000000001F
:1001E000000000000000000000000000000000000F
:1001F00000000000000000000000000000000000FF
:1002000000000000000000000000000000000000EE
:1002100000000000000000000000000000000000DE
:1002200000000000000000000000000000000000CE
:1002300000000000000000000000000000000000BE
:1002400000000000000000000000000000000000AE
:10025000000000000000000000000000000000009E
:10026000000000000000000000000000000000008E
:10027000000000000000000000000000000000007E
:10028000000000000000000000000000000000006E
:10029000000000000000000000000000000000005E
:1002A000000000000000000000000000000000004E
:1002B000000000000000000000000000000000003E
:1002C000000000000000000000000000000000002E
:1002D000000000000000000000000000000000001E
:1002E000000000000000000000000000000000000E
:1002F00000000000000000000000000000000000FE
:1003000000000000000000000000000000000000ED
:1003100000000000000000000000000000000000DD
:1003200000000000000000000000000000000000CD
:1003300000000000000000000000000000000000BD
:1003400000000000000000000000000000000000AD
:10035000000000000000000000000000000000009D
:10036000000000000000000000000000000000008D
:1003700045C1001100000000000000000000000066
:10038000000000000000000000000000000000006D
:10039000000000000000000000000000000000005D
:1003A000000000000000000000000000051BFF1F0F
:1003B000000000000000000000000000000000003D
:1003C000000000000000000000000000000000002D
:1003D000000000000000000000000000000000001D
:1003E000000000000000000000000000000000000D
:1003F00000000000000000000000000000000000FD
:081838000070FF1F4118FF1FA3
:10184000024981F3088802F0BFF900000070FF1F11
:1018500070B500241E491F4A1F484C6308CA1B0567
:101860001B0DE4188242F9D11C4B80228B630021AE
:1018700009201B4B920519621A4B1B4DDA671B4B53
:10188000DA688243DA609A68194802409A60112047
:10189000296002F0A5F8112002F082F880226B6C1A
:1018A000112093436B64EE23DB006343114A1B0C4E
:1018B000D3800122104B9A7201F01EFC0F4B1B7853
:1018C000002B04D10E4B1021187802F075FA70BD70
:1018D000000005408805054000060540FF010000A6
:1018E00000F0004004E100E0003800403CF000401F
:1018F000FFDFFFFF3461FF1FCC61FF1FE764FF1FA5
:10190000E662FF1F10B502F0AFFB072804D01228D3
:1019100008D0022808D010BD044A0420136B0133FC
:101920001363F8E70220F6E71420F4E7DC65FF1FF5
:10193000F8B507000C0026002500503630785135E8
:10194000002804D10300287058342370F8BD29788A
:10195000CA00481E8141A3183800A25C5B68C9B266
:10196000FFF7D0FF00280DD12B78DA00A218013341
:1019700050602B703378044A013B3370136A013393
:101980001362D8E70123DFE7DC65FF1F5C234343D5
:10199000074910B5C9180B0058331B78012B05D126
:1019A000FFF7C6FF034A936A0133936210BDC04636
:1019B0001066FF1FDC65FF1F10B502F055FA064ADE
:1019C0000121130010CB4942D967044B136002F088
:1019D00093F9200010BDC04600E100E010001000A7
:1019E00010B5040002F040FA024B1C6002F084F9CA
:1019F00010BDC04600E100E0431E5A425341A02200
:101A0000F0B5D2015B421340144E154A40019B18B9
:101A10003218127E8BB00191002A19D01A000832B8
:101A2000D46F0022E5B206AFE4B294420CDC301869
:101A3000C369002B06D0019A03A8027006AA42606F
:101A4000057298470BB0F0BD1978B9540132ECE734
:101A50001A7D1A7806AB01251A70E8E79C68FF1F0B
:101A6000004000407FB5244B4101CA5C0400002ABD
:101A70002AD05A18107E002826D0907E002823D025
:101A80001079022820D11689D588701B80B2021CDB
:101A9000102800D9102292B2AE4216D15918012353
:101AA0000B710023CA69CB800B819A4206D068462D
:101AB000032103730171029301A890470820002CB1
:101AC00000D0192001F018FB7FBD013C6042444169
:101AD000A0206442C001044008485B18241808484C
:101AE000DD680633013A92B28242EDD019884E1C6D
:101AF0001E80695C2170F5E79C68FF1F0040004074
:101B0000FFFF00000F220E4B10B5986810400238FE
:101B10000A280BD802F01AF80D0A0B0A0A110A0A51
:101B20000A0A060002210020FFF766FF10BD01210E
:101B3000F9E70020FFF796FFF8E7DB6FF6E7C0460E
:101B4000004000400F220E4B10B59868104002383C
:101B50000A280BD801F0FAFF0E0A0B0A0A120A0A29
:101B60000A0A060002210120FFF746FF10BD0121ED
:101B70000800F9E70120FFF775FFF7E7DB6FF5E7EE
:101B80000090004013B5334C2378072B3DD8324BDF
:101B90001A78324B002A39D18022196852020A433E
:101BA0001A60252001F0DCFE20232D4A11680B432A
:101BB000802113606B460422C90508680733104270
:101BC00028D080210422C905C86810422ED0802167
:101BD0002020C905CA688243CA6014221A701A7884
:101BE000002A2FD18021C905C86820320243CA606B
:101BF00014221A701A78002A28D11A4B1A7D2278DA
:101C00005A601D221A705932DA6013BD1A681649DB
:101C10000A40C5E7086802430A6014221A701A785D
:101C2000002ACED01A78013AD2B2F7E7C868024348
:101C3000CA6014221A7019784A1ED2B21A7000298A
:101C4000F9D1C4E71A78013AD2B2C7E71A78013A53
:101C5000D2B2CEE76C43FF1F3444FF1F3CF000407C
:101C60006443FF1F00200040FFFFFEFF564B70B58E
:101C70001B68012B03D1554A936D0133936501F025
:101C8000FBFF534B534A1860534B544C1A600123CB
:101C9000534A1360534A13602378002B06D0062260
:101CA0005149524802F008F800232370504A514B22
:101CB00010681B78C1B2002B0ED14F4CC0B22378F4
:101CC0005BB2002B4FDB237824785BB264B21B0439
:101CD00024021B191B1813600B1C50294ED95023CA
:101CE000464A47491078DBB2FF2202284BD10868E8
:101CF000444C454D267890432A78964254D9227810
:101D000024782E785D10013DA31B6B435201D31A3A
:101D100010335B111843086002F066F9031F012BB2
:101D200045D83A4B1B78002B06D0394B1B78002B3B
:101D300002D0002002F0D0F8A122364B9200997810
:101D4000354B4A431B689B18832292009B181B78D3
:101D5000033B012B03D8AF20400002F005F901221C
:101D60002E4BDA8270BD237824785BB264B2FF33E5
:101D7000FF341B0424021B190138ABE7CAB2022A44
:101D8000AED20223ACE70868254C264D2678904356
:101D90002A78964208D9227824782D785B10013B66
:101DA000641B63435201B2E72378DBB2B2E7022837
:101DB000D5D11D4B1B78013B022B03D91B4B1B7844
:101DC000022BCCD16C20C8E79809FF1FFC0FFF1F26
:101DD0002865FF1FFF3F0000141003402C65FF1F04
:101DE0000C10034000100340D50BFF1F7211FF1FA2
:101DF000B40003408C09FF1F680AFF1F490AFF1F38
:101E000094000340460AFF1F470AFF1FF908FF1FFF
:101E10002209FF1F300DFF1F3409FF1FBC0BFF1FDE
:101E2000440AFF1F450AFF1F1C09FF1F2309FF1F4C
:101E300010B502F0C9F80022014B1A8010BDC0464F
:101E40002465FF1F10B501F0DFFEA121054A8900BE
:101E50009478054A61431268044B5218528C1A80D8
:101E600010BDC046300DFF1F3409FF1F2465FF1F42
:101E700010B50D4B0D4A9978A1239B004B43126876
:101E8000D218531DD97F0A4B1B88994209D2441C92
:101E900007D0C82805D0D2695B1A5A43054B534373
:101EA000C01801F069FF10BD300DFF1F3409FF1F7E
:101EB0002465FF1F7102000070B5244D2B68002BB4
:101EC00028D001F0D1FE2B68D8402B680400002BED
:101ED00027D002F069F82B68D8401D4B1D4A99782D
:101EE000A1239B004B431268D118D25C91239B0025
:101EF000002A20D0CA580132CA50174B17491B6814
:101F00000868834214D3D23B181A012A1AD0144B02
:101F1000186070BD01F0A8FE124B196801F0BCFFFB
:101F2000D3E702F041F80F4B196801F0B5FFD4E791
:101F30000D495B18E8E7CA500C4B1B68DB68E418D6
:101F4000201AE4E7F530FF30E1E7C0461C08FF1F28
:101F5000300DFF1F3409FF1F9C09FF1F2865FF1F5D
:101F6000A009FF1F1808FF1F2DFF3F003065FF1F4E
:101F700070B504000D00282916D10300A433C288CF
:101F80001B889B1A0B4A9BB293420DD906006A36F6
:101F900005223100653001F007FF002804D131002F
:101FA000200001F019FF70BD2900200001F0ECFFB6
:101FB000F9E7C046FE7F0000F8B50500012001F0FA
:101FC000BBFF134CA36AA26A9342FBD1114E33604C
:101FD00001F0B2FE104903000860104842689446C0
:101FE0000F4A17680022BC4501D24268BA1A0D4850
:101FF00002603268AD18A422E562606A52030243AF
:102000006262094A1278002A01D00F3B0B60F8BDCA
:1020100000F00040340AFF1FE408FF1F28100040B2
:10202000180AFF1F1C0AFF1F1C09FF1F70B5802420
:102030001025E405A3682B43A36001F06DFFA3689E
:10204000AB43A36070BD0000F7B5160080221C00F2
:102050001023D2050191916805000B439360002283
:102060005B4BD7301A6001F00FFE9D232F002A0032
:102070009B00EB58FC37CA32012138680092002BD4
:1020800001D00021009A01F0CFFE2900009BCB3146
:102090001A78504BD3351A604B780A781B021343D9
:1020A0008A7812041A43CB781B0613434A4A1BBA98
:1020B00013604B790A791B0213438A7912041A437D
:1020C000CB7931001B061343444A1BBA13606B786B
:1020D0002A781B021343AA7812041A43EB781B06D2
:1020E00013433F4A1BBA1360019A330213433D4A1C
:1020F00013603D4B22001B1B9C4603293FDC03233E
:1021000032009A43B3089B00F11A9BB2032946D1CF
:102110003549E018521881784078090400020143DB
:10212000E05C0433014311600022FF2B4ADDF02202
:102130002E4B12011A600F222D4B1A602D4A136884
:10214000002BFCD00023224A27491360091B321DB3
:102150000B191B68043A180A23706070180C1B0EC8
:10216000A070E3700434002AF2DC802210213B6866
:10217000D20501333B6093688B439360F7BD6346A0
:10218000D578981893782D061B042B4315780439BD
:102190002B43557804322D022B430360ADE702290F
:1021A0000AD11149E05C5218E1184978090201434B
:1021B000043311609BB2B7E70129B5D10A4952181F
:1021C000E15CF5E7084959180A600433ADE7C046F9
:1021D000000004403C000440380004403400044047
:1021E000300004400C00044000010440040004409E
:1021F0001000044014000440F0B5140080221D00BB
:10220000102385B0D2050191916806000B439360BD
:102210000023684AD730136001F036FD3300FC33E9
:1022200058689D2337009B00F158CA373A000029AF
:1022300000D083E001F0F8FD31003A785E4BCB31FD
:102240001A604B780A781B0213438A78A44612045A
:102250001A43CB781B061343584A1BBA13604B79B9
:102260000A791B0213438A7912041A43CB791B069D
:102270001343534A1BBA13604B7A0A7A1B02134367
:102280008A7A12041A43CB7A29001B0613434D4A5B
:102290001BBA1360019A230213434B4A13602A00AE
:1022A000231D18000393494B5B1B0193019BCF78BF
:1022B0005B1802938B783F061B043B430F7804386E
:1022C0003B434F7804313F023B43029F3B6003286E
:1022D000ECDCA3081C0003989900431A0134181F72
:1022E000A400072B2CD1394B2819E71883784078A4
:1022F0001B0400020343285D03433B6008310C00CC
:102300000023FF2C2EDD324B324919600F21324B56
:102310001960012327490B60304B19680029FCD054
:1023200006211B680B40042B21D080220020D205FF
:1023300093680A318B43936005B0F0BD012179E7C2
:10234000022808D1214BE0182B195B782C5D1B0269
:1023500023430360D2E70128D2D11C4B285DE31848
:102360001860CBE7194961180B600434C9E70023F2
:1023700010490B606346002B0CDC3300FC335A68B9
:10238000102101325A608022D205936801208B43CC
:102390009360D1E7019B9B181B68190A1370517059
:1023A000190C1B0ED37004235B4291709C440432C1
:1023B000E0E7C046000004403C0004403800044010
:1023C00034000440300004400C000440000104408C
:1023D00004000440080F00001000044014000440F2
:1023E00070B5061E19D002225A4B9B799343012BDC
:1023F00013D1594B1A78FF2A0FD15A78FF2A0CD1E2
:102400009A78FF2A09D1DA78FF2A06D11A79FF2AA9
:1024100003D15B79FF2B00D199E0504B0C201A7847
:10242000012A08D000224E4D1A7029780B00093B72
:10243000042B01D8212070BD4B1F012BFAD9454C2C
:10244000A37B042B00D982E0A279032A00D97EE085
:102450009A1ED2B2012A02D860881F2877D9002E8E
:1024600056D0012E73D1A0880128E3D0002907D1CE
:10247000581E032803D801F069FB121715122E709D
:102480002978481E032811D80025364B1D602823C3
:10249000237501F039FCA84227D0A580CAE70221A4
:1024A0002970EDE70421FBE70321F9E7073901294A
:1024B000C0D82D490968C96A8906BBD52B49087857
:1024C0000028B7D1012A01D9002BB3D102230B7008
:1024D0008021274D263389012878237501F04CFB94
:1024E00080212878890101F067FC0123A380214B1A
:1024F0001B78002B0AD0FA2280211F4B92001B88E8
:1025000009025A431A4B187801F02EFC002092E77A
:1025100001F0AAFC2B78A680073B012B03D91748B2
:102520002E7001F059FB114B114C1A78002A06D07D
:1025300080210022207889011A7001F01DFB01F032
:10254000DBFB80212078090201F016FBDEE7122078
:1025500071E7C046A60BFF1F6B09FF1F1A09FF1F7B
:102560001C09FF1F4809FF1F3065FF1F2309FF1FBC
:102570001B09FF1F2109FF1F2C09FF1F001000402E
:1025800010B5002901D001F0AFFC10BDF7B55E4BCE
:1025900001919978A1239B004B435C4A0600146883
:1025A0001022E418D6235B00E0583623FF33E35CA7
:1025B00000279343222B3ED1554B0F3A1A600760F8
:1025C000012501F0E9FA019B1880E8235B00E35C38
:1025D000002B01D0B34255DD00224E4FFA70AD32D0
:1025E000FF32A2581168002903D09288D243920783
:1025F0001AD03822FF32A25C002A15D09B2252004A
:10260000A25C002A10D1B3420EDAA4235B00E15A87
:10261000E018090A023101F03FFB23000122FE33DA
:10262000013E01351A87FA70E8235B00E35C002B5A
:102630002AD0A8B2FEBD03683D00002BC1D081881E
:102640000430090A023101F027FBD6235B00E3586E
:102650001F60B5E72300B133BA00FF339858013744
:1026600081880430090A023101F016FBE8235B007F
:10267000E35CBB42EEDCE822F61AED1800235200C0
:10268000A354A9E70027F1E7200001F0F5FB00289B
:102690001FD0002E1DDD7319882647190193B6003F
:1026A000200001F0D9FA5A30800020184068013526
:1026B00081880430090A023101F0EEFA200001F0AD
:1026C00093FBA3590133A351BD4202D0019B9D420C
:1026D000E6D1114BE35C002BABD095239B00E35C70
:1026E000002BA6D00D4BE15A0029A2D00C4AA35CC6
:1026F000994202D90133A3549BE700231A212000F9
:10270000A35401F041FA94E7300DFF1F3409FF1F75
:1027100000140340E010FF1F5A0200007202000084
:102720005E0200000D4970B54A6E0D4CD2038B69F4
:10273000D20BA24206D80B4D0224AA4204D901F0C2
:102740006BFA70BD02246442E21815007E24254015
:102750002242F4D0A3432B438B61F0E700F000400A
:102760000A200000FC1C0000F8B51D4B1D4F1A7814
:10277000002A10D1BA7B002A02D101321A7003E07C
:10278000032AFAD0022AF8D001F0BEFA0022012072
:10279000154B1A70F8BD154B154D1C68154B9E78DE
:1027A00001232B702878C0B200F09CFBBB7B002B70
:1027B0000BD101F001FAA1239B007343E41883239A
:1027C0009B00E41823782B70E4E7032B02D101F07F
:1027D00013FBF0E70020022BDCD101F0F5FAEAE769
:1027E0001C09FF1FA60BFF1F2309FF1F3409FF1F32
:1027F000490AFF1F300DFF1FF0B587B00EAD2F78CF
:102800000FAD2D780593AC46634614000E4D0CAA0F
:1028100012782E7803930D9B009201932200059B62
:10282000029701F091FA2E70012C01D0042C08D1EE
:10283000802206498B889343054A1278D2011343BC
:102840008B8007B0F0BDC0461C09FF1F6C11FF1F35
:102850007809FF1F0B001B3B70B504003020E02BF4
:102860000DD81300E025493BFF3B9BB2ED00AB4286
:1028700005D8034B200019825A8201F025FA70BD59
:102880008410FF1F10B501F0F7F9054B00205B68BD
:10289000052B04D9034A5268D20200D4980810BD0F
:1028A00000100040FCE100E070B501F0DDFA0D4BD6
:1028B0001B68FC33DC691D6AFFF7E4FF641984427E
:1028C00004D2094B01241B68002B07D004220024EA
:1028D000064B1A70064A93690133936101F00CFAB2
:1028E000200070BD3065FF1F9809FF1F2309FF1FDF
:1028F000FC0FFF1F70B50C4D2B68FC335C6A01F0B8
:10290000B3FAFFF7BFFF2B680025FC339B6AE3187F
:10291000834204D2054B1B68AB4200D1051B01F07A
:10292000EBF9280070BDC0463065FF1F9809FF1FF6
:10293000D722044B92009B5810B5002B00D098472B
:1029400010BDC0460000FF1F10B501F0E7F8FFF70B
:10295000EFFF2749274BCA6D1A4084235B001343BE
:10296000CB65254B1B68186A01F0E6FA234B244A15
:102970001A60244B244A1A60A022244B52001A6089
:10298000234B187801F0F8FA2249234801F044FB60
:102990000023214A2149936002339360204B214850
:1029A00013600323936001F037FB10221E4BFF20BE
:1029B0001A60802252031A60802292031A608022D9
:1029C00012041A6001F088FA012001F085F9FA205A
:1029D000400001F041FA582001F0C6FA134801F016
:1029E0000BFB012001F0B0FA072001F015FA10BD31
:1029F00000F0004000FEFEFF3065FF1F00000340B6
:102A00000180063DBC00034034080000A4000340E0
:102A10004A0AFF1F7102000014100040FFFF3F0030
:102A2000C30900002810004000E100E030750000FC
:102A3000664F3B6888331B6883F3088801F0FCF815
:102A4000634A6449136800200B401360624B634A79
:102A50001B68934200D1A4E001F066FA0221604AAB
:102A600013688B431360FFF76FFF5E4B00241878E9
:102A70005D4DC0B201F0C8FA0223AC60AB605B4BA5
:102A800001202B6001F058FA0323AB6001F034FA07
:102A9000050001F0F1F8060001F02EFA544B186021
:102AA00001F002FA534B1A68AA426441AB1A802221
:102AB0001B1BD203934201D39B029B0A3A68D16A43
:102AC000C90700D470E04C491C0C09689BB24C4308
:102AD00059432402090A64184849FC3293680A6879
:102AE00003219B1A464A474812689B18464A9D187C
:102AF000464A0B401768AD08DB1905601360042BCC
:102B000003D901350B40056013602D192800404999
:102B100001F0C2F93F4F3E493B68C3183B602800B3
:102B2000019301F089FA3C4D28680818384928605B
:102B3000884205D9019B01333B6001F07DFA296091
:102B400001F0A2F9354B1B78002B0DD001F094F861
:102B5000334BA21B196812188A4232D28919091BF9
:102B6000091A304801F058FA2F4D2B7A002B0ED05D
:102B700001F082F8A21BE9681218914224D9891940
:102B8000091B091A294801F047FA00232B72284B28
:102B900083F3088801F038F9002001F0C5F901F04D
:102BA000B3F901F0C1F95EE7DC0199000234641A5F
:102BB0005900641A09214B438033CB40A408E41820
:102BC0008AE7FA218900CCE71A49DBE73065FF1F65
:102BD0001CF00040FFFFC1FF0C0AFF1FB64121039C
:102BE00010000040490AFF1F14100040C3090000F4
:102BF000100AFF1F340AFF1F380AFF1F200AFF1F99
:102C00001C0AFF1F240AFF1FC4090000280AFF1F17
:102C1000710200006008FF1F2C0AFF1F1C09FF1F24
:102C2000E408FF1F00100040740BFF1F3C10004021
:102C300000000020DC050000A022054B92009B58FC
:102C400010B5002B01D0984710BD01F085F9FBE7C6
:102C50000000FF1FA122054B92009B5810B5002BCE
:102C600001D0984710BD01F077F9FBE70000FF1F86
:102C7000A222054B92009B5810B5002B01D098471B
:102C800010BD01F069F9FBE70000FF1FA322054B0F
:102C900092009B5810B5002B01D0984710BD01F051
:102CA0005BF9FBE70000FF1FA422054B92009B5835
:102CB00010B5002B01D0984710BD01F04DF9FBE78E
:102CC0000000FF1F70B500F0D7FF4F4B186001F0F8
:102CD000BBF90400C30702D401F0EEF870BD002276
:102CE0004A4B1A604A4B18780138042829D800F05A
:102CF0002DFF0320181C2400200001F04DF90128AD
:102D0000ECD0444C2378042B6ED101F045F8002818
:102D1000E4D001F0A1F9582001F026F90223237034
:102D2000DCE7200000F068FFE9E7200001F02CF864
:102D3000E5E7200001F0C8F8E1E7200000F054FFCB
:102D4000DDE701F051F90500012808D1324B1B786D
:102D5000053B012B03D82000FFF76EFFD1E72D4B79
:102D60001B78022B01D0052B20D1022D28D12B4B13
:102D70009B7BAB431CD12000FFF76CFF264B1878E0
:102D80000128BED16405BCD4244925224B7B0342D3
:102D900005D1233A13405A42534126331A000B7D82
:102DA0009342AED9322000F0B7FFAAE7022D07D137
:102DB000194B1B78052B11D12000FFF759FFDDE7D8
:102DC000012D0BD1012B03D12000FFF75FFF98E706
:102DD000062B03D12000FFF767FF92E7200001F0E8
:102DE000BBF8022D8DD1C9E7032B04D10C4B987C85
:102DF00000F05AFF72E7072B00D06FE7094B987B72
:102E000001F012F96AE7C0469C09FF1F9809FF1FED
:102E10009009FF1F2309FF1F1C09FF1FA60BFF1F9F
:102E2000BC0BFF1FD40BFF1FFA210A4B0A4A4900B3
:102E30001A640A4A5A500A4A04395A50094A08314F
:102E40009A64094A5A50094A5C315A50084ADA666B
:102E50007047C0460000FF1FF927FF1FF528FF1F1E
:102E6000A928FF1FE123FF1F6927FF1F711EFF1FF6
:102E7000451EFF1FF7B50B0CFF270122009300230F
:102E80003C001E001D009446019089B262469A40A3
:102E90001000084018413618B6B2FF2F02D1012E9B
:102EA00000D19FB2009802401A41AD18ADB2FF2C7C
:102EB00002D1012D00D19CB20133102BE6D10320A9
:102EC000012E07D1012D04D1019B2401E4191C70AE
:102ED0000138FEBD102EFCD10238102DF9D0023081
:102EE000F7E700008023F7B59C46264B264F019359
:102EF0002649274A274D284C284B02281AD16046DC
:102F000038600868264E304080263603304308601B
:102F100001990978002909D11660224A2A60224ABB
:102F20002260E02219689143A03A1BE08021C90287
:102F30001160F2E766463E600F68194E3E408027FA
:102F4000FF023E430E600199097800290DD11760F8
:102F500001280ED1154A2A60154A2260E02219681C
:102F60009143C03A0A431A60F7BD8021890211607B
:102F7000EEE7E0210F4A02432A600F4A22601A68F6
:102F80008A43F0E74B0AFF1FE0000340D8000340EC
:102F90009000034000000340500003404000034005
:102FA000FFFFE3FF0280063D804508220180063DC9
:102FB000806608220080069880550822F8B51E4BCE
:102FC00080261A68002014003440324232D11A6838
:102FD0001A4F32431A6001223B68063093433B602C
:102FE00000F0AAFF0122164D2B681E432E603B689D
:102FF0000A2613433B608027BF00124B1B683B42ED
:1030000011D1013EF6B2FF2E09D17E220E4B1C6873
:103010002B68E40B1440934323432B6005E0082006
:1030200000F08AFFE9E7002EEFD180222B686008CC
:1030300093432B60F8BDC046C4F000405CF00040F4
:1030400018F0004068F0004060F0004010B500F05B
:1030500083FE01215820034A00F0F6FDFFF7AEFF82
:1030600010BDC046600AFF1F10B57822002103483A
:1030700000F09AFD00F0E0FE002010BD2468FF1F64
:1030800070B5050000F0F0FE00230C20094A010095
:103090005943545C8E18002C02D0AC4205D1747890
:1030A00000F02AFE0120204070BD01330A2BEED132
:1030B0000024F5E72468FF1F70B5040000F0D4FE7B
:1030C00000230C200B4A010059438D18515C002944
:1030D0000DD0A14208D1012300246B7000F0B4FE92
:1030E00000F00AFE200070BD01330A2BEBD1122440
:1030F000F6E7C0462468FF1F70B5040000F0B4FE78
:10310000002319001D000C4A1078002808D0A042A6
:1031100000D15570507801311B180C320A29F3D1B7
:10312000002B05D100F088FE00F0E6FD002070BD08
:1031300000F08AFEF8E7C0462468FF1FF7B50400D8
:103140000C20002384460E4D019267465F43E85DE4
:103150007E19A04212D000280BD10A4B9C46624631
:103160001B7808331370019B70707C557160B360DD
:10317000FEBD01330A2BE8D10320F9E70720F7E76A
:103180002468FF1F2068FF1F8020F8B5484BC0054A
:103190001B68C1248360474BFF251A680123134332
:1031A0004361454BA4001A68444B40211A60444BCC
:1031B0001A68444B1A60444B1A59AA431A51C52243
:1031C00092009E58AE433143802699509F583F4904
:1031D000F6010F403E439E509E5880273602360A25
:1031E0003043985080201A5900020A4002431A5175
:1031F00004341A59364E3F04324080263A431A515D
:103200001A5936061202120A32431A5108341A5950
:1032100080260A4002431A51C32292009F58B446A6
:10322000AF4337439F509F58294E0F4007439F504D
:103230009F58374080263604374380269F509F583A
:1032400036063F023F0A37439F50C0221F59AF4303
:103250003A431A511A591202120A1643C6221E5133
:1032600092009C58AC4365462C439C509C580025CA
:103270000C4020439850C72080001A58154C11402C
:10328000C02212020A431A50134B1B78DB08AB42D0
:1032900001DC0020F8BD2378002B06D0A368002BAA
:1032A00000D0984701350C34EEE71220F2E7C04613
:1032B0006843FF1F6443FF1FB0F000401C68FF1FFE
:1032C000B4F000401868FF1F00E100E0FF00FFFFBE
:1032D000FFFF00FF2468FF1F2068FF1F030010B5D9
:1032E0001F2809D8072200201340072404490A7820
:1032F000A24313430B7010BD00230620F5E7C04620
:103300002068FF1F054B06491B780A6805485B07C4
:1033100002401B0B134300200B6070472068FF1F07
:103320001CF00040FFFFC1FF70B50C25FFF7EAFF5E
:103330000A4B1C780A4BE4086543ED18002C01D1B8
:10334000200070BD2B78002B06D06B68002B00D0BE
:103350009847013C0C3DF1E71220F2E72068FF1F7F
:103360001868FF1F1FB5002102220B000191009178
:10337000052000F0B9FC02230B490A681A42FCD16F
:1033800020230393039B5A1E0392002BFAD1074A72
:103390001368002BFCDA0B246C442000012100F0A0
:1033A000C3FC207804B010BD90C8004000C80040A5
:1033B00013B504000A4B0193019B002B01D111208E
:1033C00016BDFFF7CFFF23000340044205D00520C0
:1033D00000F0B2FD019B013BEDE71800F0E7C046AD
:1033E000FFFFFF0707B500F03FFD80220821D2054F
:1033F000936A0191002B01D10739916202210C4A95
:1034000011600199481E01900029FAD10331116021
:10341000053101910199481E01900029FAD11160EE
:10342000002B02D18022D205936200F065FC07BD1B
:1034300000C00040F0B52D4C89B02378002B4FD14F
:10344000FEF7BAFA02232A4F03903A681A42FCD1D7
:1034500020230693069B5A1E0692002BFAD1254E76
:103460003368002BFCDA0120FFF7A2FF011E02D017
:10347000112009B0F0BD030003220190009005ADBA
:103480009F2000F031FC0321280000F04DFC0223B6
:103490003A681A42FCD120230793079B5A1E0792D1
:1034A000002BFAD13368002BFCDA0120FFF780FFF4
:1034B0000028DDD10398FEF793FAAA786B781104FF
:1034C0001B020B4329780B4363601300113B0A492D
:1034D000052B07D801239340A3600B6001232370C1
:1034E0000020C6E780231B03F6E7C0465043FF1FBA
:1034F00090C8004000C800409808FF1F1E4B30B520
:103500005A6818781D4B85B0D31859424B41012198
:103510000093002300F060FD194B1A4A02259A63BC
:1035200000221A6510325A658022C4219D65164B0F
:103530001648D202DA6789004258154B80241A4097
:1035400080231B0413434350642341200393E40569
:1035500000F006FA402000F003FA6562039D6B1E3E
:103560000393002DFAD103236362FFF73BFFA562AB
:10357000FFF760FF05B030BD5C43FF1F95FFFEF70E
:1035800000C80040050001FF04E100E000E100E0A8
:10359000FFFF00FFF0B585B00700FEF70DFA02232C
:1035A00005002D4C22681A42FCD120230093009B79
:1035B0005A1E0092002BFAD1284E3368002BFCDAF9
:1035C0000120FFF7F5FE002803D01124200005B0EC
:1035D000F0BD234B2360022322681A42FCD1202332
:1035E0000193019B5A1E0192002BFAD13368002BE4
:1035F000FCDA0120FFF7DCFE0028E6D1194B1F6042
:10360000022322681A42FCD120230293029B5A1EF5
:103610000292002BFAD13368002BFCDA0120FFF76D
:10362000C7FE0028D1D1104B2360022322681A4222
:10363000FCD120230393039B5A1E0392002BFAD143
:103640003368002BFCDA0120FFF7B2FE041EBCD168
:103650002800FEF7C5F9B9E790C8004000C800404F
:1036600001000006A8C800400180000110B500203C
:10367000FFF790FF10BD000010B5064B18705960A1
:10368000FFF73CFF00211320034AFFF757FD0020FE
:1036900010BDC0465C43FF1FFD34FF1FF0B50400A2
:1036A00085B003920291FEF787F9882263035B0BD2
:1036B00052051A438023DB059D6A8023274F009221
:1036C000BA68002601901B039A420CD9F823260001
:1036D0001B041E401C4206D08022214B52025E6217
:1036E00019680A431A60002D0BD100F0BDFB0222BD
:1036F0001C4B1A608023DB055A62013A9A6200F083
:10370000FBFA0023039A934220D1002D0AD100F046
:10371000ABFB144B03221D608023DB055A629D62C4
:1037200000F0EAFA8023BA681B039A4208D9002EF7
:1037300006D000220A4B0C495A621A680A401A60E5
:103740000198FEF74DF9002005B0F0BD009A0299EE
:10375000D2181278CA540133D4E7C0465043FF1F31
:1037600000C8004000C00040FFFFFEFFF0B587B07A
:10377000029103920400FEF71FF9019000F074FB20
:10378000802302250122234EDB0535605D629A62AB
:1037900000F0B2FA204F3B682B42FCD12023049367
:1037A000049B5A1E0492002BFAD11C4D2B68002B4F
:1037B000FCDA0120FFF7FCFD002802D0112007B041
:1037C000F0BD2000039A029900F02EFA02230400B3
:1037D0003A681A42FCD120230593059B5A1E059294
:1037E000002BFAD12B68002BFCDA0120FFF7E0FD5B
:1037F000051EE3D100F038FB80230322DB05356092
:103800005A629D6200F078FA0198FEF7E9F8E0B29A
:10381000D5E7C04600C0004090C8004000C8004046
:10382000F0B5802489B00600FEF7C6F8E405A36A67
:1038300002250393029000F017FB0123304F3D60F7
:103840006562A36200F058FA2E4C23682B42FCD12B
:1038500020230593059B5A1E0592002BFAD12A4D71
:103860002B68002BFCDA0120FFF7A2FD002803D013
:103870001124200009B0F0BD244B236002232268EC
:103880001A42FCD120230693069B5A1E0692002B57
:10389000FAD12B68002BFCDA0120FFF789FD021E0C
:1038A000E6D11B4B03211E600300019000902020F5
:1038B00000F01AFA022322681A42FCD1202307934F
:1038C000079B5A1E0792002BFAD12B68002BFCDABB
:1038D0000320FFF76DFD041ECAD100F0C5FA802356
:1038E0000322DB053C605A629C6200F005FA039BF0
:1038F000002B01D1FFF776FD0298FEF771F8B8E7CB
:1039000000C0004090C8004000C800400100000610
:1039100094C8004007B5000201910422000A01A9E1
:10392000FFF724FF0EBD000073B5050005240B4A08
:10393000A3005B429B1819686B46DE1D3000FFF741
:1039400099FA022804D133782B55013CEFD276BD89
:10395000052CFCD00128FAD10230F8E71409001137
:103960001F2807D8012380228340D20591680B438A
:10397000936070473F2808D8012380222038834075
:10398000D20551690B435361F3E75F28F1D8012356
:10399000802240388340D205116A0B431362E8E766
:1039A0001F2807D8012280218240C9058B689343D4
:1039B0008B6070473F2808D8012280212038824040
:1039C000C9054B6993434B61F3E75F28F1D80122A6
:1039D000802140388240C9050B6A93430B62E8E7B7
:1039E0001F2810D880230200DB05153A1968012A28
:1039F00006D820229143196019680A431A6070475B
:103A000001228240F6E73F2811D880230200DB051F
:103A1000353AD968032A06D810229143D960D9686B
:103A20000A43DA60EBE7012220388240F5E75F289D
:103A3000E5D842238022181A413B8340D205516ABF
:103A400099435162516A0B435362D8E710B50400A1
:103A5000012813D1A022184992050B685B015B096C
:103A600013430B60154B164A19681140154A0A4357
:103A70001A60402219680A431A6010BD0028FCD160
:103A800001000A2000F098FA21000B2000F094FABF
:103A9000C0220A4B920019680A4340211A601A6832
:103AA0008A431A60B022044912060B685B015B0965
:103AB00013430B60E1E7C04614F000401CF00040E7
:103AC0007F00FEFF80FD010072B6074A13680133D4
:103AD00013600422054B1A600023054A13608022FC
:103AE000D2055360FEE7C0467808FF1FC0F00040D3
:103AF000C4F0004005490B68002B05D1044A0A6058
:103B000004490A60044A13607047C046140AFF1F44
:103B1000841E0000380AFF1FC4F000400023034A3F
:103B20001360034A1360034A1360704754F0004067
:103B300040F1004044F1004002B471464908490098
:103B4000095649008E4402BC7047C04602B4714613
:103B500049084900095C49008E4402BC7047C046D0
:103B600003B47146490840004900095A49008E448F
:103B700003BC70470000000001B40248844601BC49
:103B8000604700BFB352010001B40248844601BC43
:103B9000604700BF53B9000001B40248844601BC2D
:103BA000604700BFCD0C010001B40248844601BC4F
:103BB000604700BFB70E000001B40248844601BC54
:103BC000604700BFE9F6000001B40248844601BC2A
:103BD000604700BF4DC1001101B40248844601BCDA
:103BE000604700BFC1A5000001B40248844601BC83
:103BF000604700BFF935010001B40248844601BCAA
:103C0000604700BF0934010001B40248844601BC8A
:103C1000604700BFF9ED000001B40248844601BCD2
:103C2000604700BFD1AE000001B40248844601BC29
:103C3000604700BF9573010001B40248844601BC8F
:103C4000604700BFC9A9000001B40248844601BC16
:103C5000604700BF0167010001B40248844601BC0F
:103C6000604700BFD9B0000001B40248844601BCDF
:103C7000604700BFE90B010001B40248844601BC63
:103C8000604700BFC95C010001B40248844601BC22
:103C9000604700BF8944000001B40248844601BC6B
:103CA000604700BFC115010001B40248844601BC51
:103CB000604700BF4DF9000001B40248844601BCD2
:103CC000604700BFE94C010001B40248844601BCD2
:103CD000604700BF116E000001B40248844601BC79
:103CE000604700BF6911010001B40248844601BC6D
:103CF000604700BF496D010001B40248844601BC21
:103D0000604700BF9DA9000001B40248844601BC81
:103D1000604700BFA9D8000001B40248844601BC36
:103D2000604700BF6137010001B40248844601BC0E
:103D3000604700BF3D71010001B40248844601BCE8
:103D4000604700BFBD5C010001B40248844601BC6D
:103D5000604700BF9D6A000001B40248844601BC70
:103D6000604700BFED68010001B40248844601BC11
:103D7000604700BF8B52010001B40248844601BC79
:103D8000604700BF8937010001B40248844601BC86
:103D9000604700BF0534010001B40248844601BCFD
:103DA000604700BF01D7000001B40248844601BC4F
:103DB000604700BFCD4C010001B40248844601BCFD
:103DC000604700BF0D52010001B40248844601BCA7
:103DD000604700BF19FA000001B40248844601BCE4
:103DE000604700BF85C1000001B40248844601BCA1
:103DF000604700BF5976010001B40248844601BC07
:103E0000604700BF75F8000001B40248844601BC59
:103E1000604700BF7997000001B40248844601BCA6
:103E2000604700BFF90D010001B40248844601BC9F
:103E3000604700BF2144000001B40248844601BC31
:103E4000604700BFADAE000001B40248844601BC2B
:103E5000604700BF21A9000001B40248844601BCAC
:103E6000604700BF8512010001B40248844601BCCE
:103E7000604700BF75A9000001B40248844601BC38
:103E8000604700BF71B0000001B40248844601BC25
:103E9000604700BFD544010001B40248844601BC1C
:103EA000604700BF090E000001B40248844601BC0F
:103EB000604700BFC166010001B40248844601BCEE
:103EC000604700BFDD0A010001B40248844601BC1E
:103ED000604700BFF535010001B40248844601BCCB
:103EE000604700BFED6B010001B40248844601BC8D
:103EF000604700BFE9D4000001B40248844601BC19
:103F0000604700BF156B010001B40248844601BC44
:103F1000604700BF8552010001B40248844601BCDD
:103F2000604700BFDD3F000001B40248844601BC89
:103F3000604700BF016C010001B40248844601BC27
:103F4000604700BF0189000001B40248844601BCFB
:103F5000604700BFE512010001B40248844601BC7D
:103F6000604700BFE917010001B40248844601BC64
:103F7000604700BF7912010001B40248844601BCC9
:103F8000604700BFEDA5000001B40248844601BCB3
:103F9000604700BF51B8000001B40248844601BC2C
:103FA000604700BF0134010001B40248844601BCEF
:103FB000604700BF6D0B010001B40248844601BC9C
:103FC000604700BF71AB001101B40248844601BCD8
:103FD000604700BF8D82000001B40248844601BCE6
:103FE000604700BFC56D010001B40248844601BCB2
:103FF000604700BFDD0C010001B40248844601BCEB
:10400000604700BF8D11010001B40248844601BC25
:10401000604700BF8914010001B40248844601BC16
:10402000604700BF2D6C010001B40248844601BC0A
:10403000604700BFC1F7000001B40248844601BCDC
:10404000604700BF090E000001B40248844601BC6D
:10405000604700BFBD0B010001B40248844601BCAB
:10406000604700BF6DF6000001B40248844601BC01
:08407000604700BFE9270000D2
:10407800020000002ACA00110100000020C8001137
:104088000200000026CA001101000000B840FF1F0E
:104098000200000028C8001101000000C861FF1FCD
:1040A8000200000024CA0011030000003C61FF1F49
:1040B80012000000020000002ACA001101000000DE
:1040C80068C800110200000026CA001101000000A3
:1040D80065C800110200000072C80011030000004A
:1040E8007761FF1F0200000024CA001103000000CE
:1040F8008C61FF1F0200000026CA001101000000A9
:1041080064C800110200000070C80011030000001C
:104118004D61FF1F0200000024CA001103000000C7
:104128006E61FF1F020000002ACA00110100000092
:10413800C8C800110200000026CA001101000000D2
:104148000142FF1F02000000DAC800110100000050
:10415800BDC800110200000026CA001101000000BD
:104168000042FF1F02000000D8C800110100000033
:104178009461FF1F0200000026CA00110100000020
:10418800FF41FF1F02000000D6C800110100000017
:1041980099C800110200000026CA001101000000A1
:1041A800FE41FF1F02000000D4C8001101000000FA
:1041B80094C800110200000026CA00110100000086
:1041C800FD41FF1F02000000D2C8001101000000DD
:1041D8008CC800110200000026CA0011010000006E
:1041E800FC41FF1F02000000D0C8001101000000C0
:1041F80084C800110202020202020000000000004E
:104208001615000011570011D556001138C90011B4
:1042180090011D0018001800FFFF070102030405A4
:104228000602010600000000000000000000000077
:104238000000000000000000000000000000000076
:1042480003000000020000002ACA0011010000005B
:1042580058C900110200000026CA00110100000020
:10426800BC42FF1F0200000062C9001101000000EB
:10427800C261FF1F0200000024CA001103000000F1
:104288001865FF1F0200000026CA00110100000087
:10429800BC42FF1F0200000060C9001101000000BD
:1042A800C461FF1F0200000024CA001103000000BF
:1042B8001065FF1F1200000000010000000001113E
:1042C800FFFF0000504859360000000000000000C1
:1042D8000B000500F0000000B400002800280028AA
:1042E8003075A000A000A000A00000080008E001B0
:1042F800F000100010001000100010001000500016
:104308005000500010001000D0070000000000000E
:104318000F0001000500307507001000010081FF43
:1043280000000000FF000000457D00114D7B0011DA
:10433800DD780011FFFF0100FF0000007DA70011DC
:10434800EDA4001105A40011000000000000000009
:1043580000000800040000003B0001085902E001C9
:1043680088212800FF000000020000002ACA00116E
:1043780001000000F0CA00110200000026CA001166
:1043880001000000ED43FF1F0200000022CA0011D7
:1043980001000000DC68FF1F0200000026CA0011AF
:1043A80001000000EC43FF1F0200000020CA0011BA
:1043B80001000000EA43FF1F0200000026CA0011A6
:1043C80001000000E843FF1F020000001ECA0011A0
:1043D80001000000E043FF1F180018001D009001B5
:1043E8000200000302020000020000002ACA0011B5
:1043F8000100000004CB00110200000026CA0011D1
:10440800010000003044FF1F020000001CCA001118
:1044180000000000000000000200000024CA001193
:0A44280003000000FC68FF1F20FFE6
:040000051FFF184180
:00000001FF
