:020000041100E9
:103000007FB50023284C294D03932800217C284AB2
:1030100001F039FA002812D103232800217C03AAE9
:1030200001F0D8F900280AD1224B039A9A4206D11E
:10303000214B2248E360224B636104B070BD02263D
:10304000217CFE2228001F4B009601F095F90028F4
:1030500001D00020F1E71C4BA2899A42F9D1217CD2
:10306000FF222800194B009601F086F90028F0D1C4
:10307000E389174A934203D1164B17486361DCE793
:10308000164A9342E5D1164B164A1B68934206D95D
:10309000C02304222800217C9B0001F0D6F9124BAA
:1030A00012486361C9E7C0464461FF1FA441FF1F86
:1030B00081370000595953005959832000C200112B
:1030C000D94100115061FF1F595900005261FF1F83
:1030D0008305000091410011E0C10011821500003C
:1030E0006861FF1F871300002D420011F0C100111D
:1030F00070B5134D2B7C002B0DD0124C200001F02D
:10310000E9F8297C382907D1BA22200001F08CF98E
:10311000200001F01DF970BDEB890B4A934206D1E6
:103120009023022220001B0201F08FF9F0E7074AEA
:103130009342EDD12000064A01F0A5F9E8E7C04628
:103140004461FF1FA441FF1F83050000832000008E
:10315000A23000000022024B1A825A617047C0461A
:103160004461FF1FF7B5164B0192C318021D0020E2
:10317000009388235B05D3181B685C1C1AD09CB293
:10318000402C18D88D781E0CAC466746CD782D02A1
:103190003D43AE4206D1019800280ED110000C70BC
:1031A000240A4C7003249BB20733A343D218009B1C
:1031B0009A42DED3FEBD4432F9E71000FAE7C0467A
:1031C000FC0F0000802213B503000324019189B293
:1031D000520107319B18A14304305A1A88235B051A
:1031E000C3181B68591C03D190429241104016BD70
:1031F00099B2402907D80B000733A343C018904267
:10320000ECD30020F3E74430F9E7134B134A1B6873
:10321000126810B5FA24934201D81A00F824104B12
:10322000E4021B689A4210D813000E4A12689A42B0
:103230000ED3013307D1F823DB029C4203D10A49A4
:10324000054808F089FC200010BDFC24E402ECE7EE
:10325000FE24E402F7E7C04600C0071100D00711C2
:1032600000E0071100F00711FFFFFF7FF0B59BB0F2
:10327000150003900491402A5CD806AC618022803E
:10328000FFF7C3FF002221000600FFF76BFF0528B0
:103290000FD92388AB420CD1002D07D0504B2A0008
:1032A0000399C01808F010FF002802D101201BB0BC
:1032B000F0BD258030000699FFF784FF041E79D108
:1032C000069B0793FFF7A1FF80235B01C6188023AD
:1032D00007001B039E4201D1F826F60288235B05F6
:1032E000F31801931B68013302D0019808F094FC95
:1032F0003C49019808F030FC3B1D0293331D0593B7
:103300008822029B52059B181B6808935A1C13D1F4
:1033100088235B05FF1839680198013908F01CFC07
:10332000380008F079FC30000799FFF74BFF0400E4
:10333000002C41D10020BAE744219AB20091402AE2
:1033400004D80320D11D814389B2009104991B0C3C
:103350008B4224D0402A22D80122300008A9FFF74E
:1033600001FF021E1BD1380008A9FFF7FBFE040075
:103370000428DDD9009A059B9B1880225201B218BF
:1033800093422AD288235B05C118009A09A808F045
:10339000B3FD134B009A09A9F01808F085FB009AB9
:1033A000029B9446634402930F4B029AFB189A4285
:1033B000A6D3ADE70428BDD088235B05E0180699A5
:1033C00008F0CAFB0323EA1C9A4300D16EE7044BC2
:1033D0000399E01808F068FB68E70424ECE7C046AE
:1033E00004000011FFFFFF7FF80F000073B5040019
:1033F0001600402A1ED801AD6980FFF706FF0022A3
:1034000029002A80FFF7AEFE042810D92D88002E4F
:103410000BD0002C09D0321CAE4200D92A1C074B1D
:1034200092B2C118200008F067FD28B276BDC043F3
:1034300000B2FBE703204042F8E7C0460400001159
:1034400037B5042204000D0001A81649FFF7CEFF8E
:10345000020004280BD1019BA34208D3AB4204D045
:10346000104901A80195FFF701FF01203EBD0E4C58
:1034700023682000019308F0CFFB01992000013957
:10348000019108F069FB80235B01E418074B9C4223
:10349000EED10422034901A80195FFF7E7FE0020C1
:1034A000E4E7C0465555000000C0071100000811B0
:1034B000F0B589B010226946234808F07DFD234B02
:1034C000009A6C469A4211D1019B0F2B35D8069970
:1034D000029A8C4618001100002604AD013808D26B
:1034E000002E01D00A00A160013229D10023A3607F
:1034F00023E04F1CF2D161460126EFE7103610227F
:103500002900300008F058FDA368A868013300D1F5
:10351000A060882329685B05C9186B6829601A03B5
:10352000120B6A60814203D03B4201D108F0E4FCF7
:103530006368013B6360002BE0D1A06809B0F0BD77
:10354000E027014E3F03F6E70000011150485936CD
:1035500007B508F089FBFFF7ABFF002803D0019007
:1035600001984168084707BD10B508F07DFBFFF7DB
:103570009FFF040008F0E8FC200010BD13B5040014
:1035800008F072FB002C03D00194019841680847B1
:1035900013BDC0468022F8B5964C974BD20000214F
:1035A00020001C6008F050FD2300944A88331A6004
:1035B000934B1A786A23002A00D01133E3620A235E
:1035C0002365904B37221B780820A3638E4B21186C
:1035D000E361102323628D4B3B256361C823DB002D
:1035E000A36123008C331A602823013AE26320642C
:1035F0006364CA67043A211DCA672100BC310D60AB
:103600002100C03108602100C4310B602100063563
:10361000CC310D602100083DC8310D602100D03152
:103620000A602200D43210602200D83213602200D7
:103630000227E032210017604222DC310A602100BB
:103640001B3DE4310D602100E83108602100EC31C0
:103650000B6023000521F43319602300F0331A6056
:103660002300183290331A6023009433186023002B
:103670001E3A98331A60AF23DB002360644BFA26AE
:103680002363644B644DE360644BF031A364230017
:10369000FF31FC33B600A16021611E60A562732575
:1036A000E5656D3D6565A56596255D4AAD00E264FD
:1036B000666258606766A56600270925A767E56604
:1036C000584F594D606720002567E2673A6015271B
:1036D0009C30676007001A2038602000A030070087
:1036E000212038602000A83007004C4838602000B6
:1036F000F830066026006427A436376026005F3F56
:10370000AC3637602600033FB03637602600C63738
:10371000B436376026000027B836376038269E60FA
:10372000424E96205E64424E5A66DE61414E9A6475
:103730005E62F53EFF3E9E621E269A67354A800015
:10374000DE661F675F67DD651D661862DA67BE2388
:10375000394A5B00E250394BD838235004302250AC
:10376000C4225200A350C623E4205B00E15004337E
:10377000334AE1503349344BD16034498000195009
:103780003349E938FF381950324904301950324969
:103790003248D16132491163324951631900F43121
:1037A0000860CE203049400011603049195019009E
:1037B0002F48F83108602F49D16582212E4A8900AF
:1037C0005A501A002D490832D1671A002C49B432D8
:1037D000116088212B4A89005A501A002A498832E0
:1037E00011602A4ADA6408F057FA012008F004FA56
:1037F000F8BDC0460004FF1F7864FF1F406FFF1F25
:10380000D043FF1F4A0AFF1F3A07000080C3C901C7
:103810009A020000DC0500006A18000050C3000096
:1038200088130000F009FF1F204E00006509FF1FEC
:1038300068100000C409000040420F00102700007B
:10384000FC00FF1FC11BFF1F0000FF1F192CFF1FE3
:10385000A12FFF1F392EFF1F811FFF1F7926FF1F7A
:103860009D1FFF1F4D21FF1F0D1FFF1F9D28FF1FC5
:103870008529FF1F8D19FF1FA927FF1FD524FF1FB3
:10388000E124FF1F0D1EFF1FC51EFF1F851DFF1F0B
:103890000223F0B501250024594E91B03370594BE5
:1038A000594F1D703A680393584B29009A700420B1
:1038B000574A2300009408F0C7F98023DB059D6276
:1038C000FFF752FE534BC218C0239B029A4201D20B
:1038D000FFF754FE3C6008F05FFAFFF75BFE08F06C
:1038E0003BFA1F2201254C4B1A704C4B1D704C4B60
:1038F0001C704C4B05AC19689143163A0A431A6088
:10390000602219689143403A0A431A6008F0BCF9F2
:1039100008F092FB444B9847C120FF21434B8000A5
:103920001A588A431A50C522920098588843BF39C2
:103930000143995098583E4908408021C9010143EC
:10394000802099509958C0050902090A01439950ED
:1039500080213848490108F07FFB03232A003649BB
:1039600000933648019508F07FFB2C22344905A8C6
:1039700008F0C2FA6178207806F07EFD023410ABC0
:10398000A342F7D12F4C304B226803201A40A023CA
:10399000DB0213432360802322689B0413432360CC
:1039A00022682A4B1A4080239B0313432360284A32
:1039B000284B934200D8012008F02EFB08F0BCFAF7
:1039C00080232268DB0413432360307808F084F9F5
:1039D000039B1878C0B208F0EFF908F035FA0C49EB
:1039E000042008F011FB06F05FFF00F035F800F04E
:1039F00063FD00F0FFFD00F0FDF9002011B0F0BD07
:103A00004A0AFF1FD043FF1F34F000407461FF1FBC
:103A10003B000108000001E0480AFF1F490AFF1FA0
:103A2000680AFF1FBCF00040E1A2000000E100E0D6
:103A3000FF00FFFFD443FF1F5856FF1FD453FF1F43
:103A4000E8C0001114F00040FF7FF8FFFFFF9FFF68
:103A50000080FF1F406FFF1F002210B511001120D2
:103A600008F022F910BD0000F8B500230926374FF1
:103A7000374C3B62E3681120B343E36008F0C4F9BC
:103A8000112008F0F9FA112008F0E6F84023226826
:103A900080251343236080236268DB021343636045
:103AA000A3682C4A2B43A360A36802211340A360A0
:103AB0008023A2689B0113431022A360236C07207C
:103AC00093432364236C0F3A1343236480235B00E6
:103AD0003B62226B204B1A402263626B1A40626386
:103AE000A26B1A40A263E26B1340E363E3681B4AD4
:103AF0001340E36006F0C0FC0121072006F0D0FD72
:103B0000174B11205A6C15435D6408F075F9FD21BF
:103B1000144B154A89005A508023C720626B5B03FF
:103B200013436363E36880003343E3600F4B104A41
:103B300019581140802212020A431A50802292051D
:103B40001A6008220B4B5A63F8BDC04600F00040D3
:103B50003CF00040FFFFDFFFEFFFEFFFFFFF7FFFC5
:103B6000003800400000FF1F5118FF1F00E100E077
:103B7000FF00FFFF0000054010B5FFF7B9FAE12094
:103B8000C00408F009F810BD70B51A4CE388002B8A
:103B90002AD0FA22D200934201D2FFF7EDFF236828
:103BA000E088A688C0188023711C89B2124D20605D
:103BB000A1809B00994218D3420A93B2C21AEB80AB
:103BC0002260A6800D4A642093420AD8FA2200207F
:103BD000D200934205D90A21180008F0E5F9C83847
:103BE000C0B200232872E38070BD08F0C5F883B22C
:103BF000EB80E7E7D060FF1F5C61FF1FB70B0000A1
:103C000030B503A804880B20002C0ED14968074D5D
:103C100008784978090201430A20A94205D1012107
:103C200020001980024B1B7A137030BD192A000046
:103C30005C61FF1FF7B5150008AA16884A680F4F88
:103C400014785278120222430A24BA4214D1012273
:103C5000DBB2019200962A0007F0A0FE041E0BD1F1
:103C6000074B1B68002B07D068782A7800021043A6
:103C700042425041013098472000FEBD0229000019
:103C8000E060FF1F30B5012503790400BFB02B426F
:103C900011D00A49408807F0F1F928420BD0084BAF
:103CA00001A95B8D4D800B80064B00221B7A60883A
:103CB0000B7104F0A5F93FB030BDC046D860FF1FBE
:103CC0001840FF1F5C61FF1F10B50549054807F04C
:103CD0008BF90421044A054807F048F910BDC04695
:103CE000D860FF1FFFFF000014C100111840FF1F24
:103CF00010B5024805F008F810BDC046853C00111B
:103D00000122144B0270197A417002218170997856
:103D1000C170D97801710321417119798171597983
:103D2000C1710C21017299794172DB7983720A4B5E
:103D30001978CBB2002904D03A230273C3720D2044
:103D4000704703734373F2221623C27283730F20EA
:103D5000F6E7C0465C61FF1F2D62FF1F022310B50E
:103D60000370013B43700533837010330371443B90
:103D700043712A3383714433C37100230372064BAA
:103D800004001B8843720A30FFF7BAFF831D0A3014
:103D9000C0B2E37010BDC0465C61FF1F10B51420B7
:103DA00008F082F8124B14220021186008F04CF938
:103DB000002008F0B9F8012008F016F9022008F0F8
:103DC00063F8032004F042FA042006F05BFA0520B1
:103DD00003F07AFC062004F04DF9072001F0E2FC24
:103DE000082007F0A3F8092001F060FA10BDC046D2
:103DF000E460FF1F07F080FF012008F085F807F05E
:103E000073FE0000094B10B50400984205D001294B
:103E100004D12000064907F0E7F810BD0229FCD1C3
:103E2000013904F02BFF0028F3D0F6E7FEFF000075
:103E30000A61FF1F70B50D7A100004AA2C001688C5
:103E400010221440154220D1002E20D10A78022AD7
:103E500018D14A68517815780E4A090229439142CF
:103E600005D00D4A914209D01C800A2404E0142296
:103E70000A491A8008F040F8200070BD0C22084959
:103E80001A80F7E71C800124F6E70824F4E70B24E6
:103E9000F2E7C046F3FF0000F4FF00006042FF1F9E
:103EA0001CC2001110B504000749084807F09CF82F
:103EB000074804F065FE0020E40704D50721054A01
:103EC000054807F053F810BD0A61FF1FFFFF00000F
:103ED000053E001158C100115C40FF1F10B50B4B8F
:103EE000BEB01A780A4902A800F058FE01AC80B2B0
:103EF0006080002808D0074B00221B882100238007
:103F0000054B188804F07CF83EB010BDE860FF1F38
:103F1000E960FF1FB640FF1FC041FF1F10B50B4BEC
:103F2000BEB01A780A4902A801F0AEFF01AC80B217
:103F30006080002808D0074B00225B8D2100238081
:103F4000054B188804F05CF83EB010BD1261FF1FED
:103F50001361FF1F5C40FF1FC041FF1FF7B50E003C
:103F6000377A1C0008AB11003D001A8820231D4041
:103F70001F423CD13378022B3BD173681F785B78AA
:103F80001B023B431E4FBB4208D01E4FBB4214D006
:103F90001D4DAB4221D00A252800FEBD002A2AD1A2
:103FA000142C2AD82200F06807F0A6FF174B1C70CB
:103FB000012CF1D9FFF7B2FFEEE7002A1BD1202C2C
:103FC0001BD82200F06807F097FF114B04211C70EA
:103FD000104B187807F080FDDEE7E3B20124009271
:103FE00001940A00310007F0D9FC0500D4E7082548
:103FF000D2E70125D0E70B25CEE70D25CCE7C0465B
:10400000F3FF0000F4FF0000022900001261FF1F0F
:10401000E860FF1F2F62FF1F332310B504000370F9
:104020000A220749013007F067FF064B0F201B6883
:104030001A0AE37222731A0C1B0E6273A37310BD6B
:104040005C61FF1F8461FF1F30B501250379040007
:10405000BFB02B4213D00B49408807F00FF828421D
:104060000DD0094B01AD1B8802A82B80FFF7D4FFB0
:104070000F236B8000222900608803F0C1FF3FB04E
:1040800030BDC0460A61FF1FB640FF1F10B5024891
:1040900004F03AFE10BDC0464940001170B516004C
:1040A00004AA148805AA15784A6850781178000285
:1040B0002A4A0843801805284BD807F08DFD0313C2
:1040C0001E29343F07221000062C0AD8121BAA42D0
:1040D00000D92A0022491A803000091907F00CFF84
:1040E000002070BD0720112CFBD81222121BAA42FF
:1040F00000D92A001B491A80EEE70720222CF0D8AD
:104100002322121BAA4200D92A0017491A80E3E78A
:104110000720032CE5D80422121BAA4200D92A004A
:1041200012491A80D8E707221000062CD9D8121B92
:10413000AA4200D92A000E491A80CDE707221000B2
:10414000062CCED8121BAA4200D92A0009491A808F
:10415000C2E700220A201A80C3E7C046DCD5FFFF71
:10416000BDC100113061FF1F99C1001194C1001140
:104170008CC1001184C1001110B50D21024A034801
:1041800006F0F4FE10BDC04678C10011CC40FF1F00
:1041900037B50F4C01AD04232A00217C00F01AF939
:1041A000002813D12988236849BA89B24B43218951
:1041B0001B0C5B18074A6988538049BA636889B247
:1041C0004B4361891B0C5B1893803EBD0120FCE7CB
:1041D0004461FF1F5C61FF1F37B5124C06236A461E
:1041E000217C6D4600F0F6F8002818D12988236854
:1041F00049BA89B24B4321890B4A1B0C5B18538087
:104200006B4603335B78E9781B020B435BBA61684A
:104210009BB24B4361891B0C5B1893803EBD012010
:10422000FCE7C0464461FF1F5C61FF1FF0B5022739
:1042300085B0154C03AD217C2B00002200970600B1
:1042400000F09AF8002802D0012005B0F0BD0E233E
:10425000217C0122300000976B4400F08DF800288B
:10426000F2D129882368C9BA4B4321891B145B18F2
:10427000064A6988538049BA636889B24B436189A9
:104280001B0C5B189380E0E74461FF1F5C61FF1F1C
:1042900010B500F075FB034A00201388013313802A
:1042A00010BDC0465C61FF1F10B500F049FB10BD9A
:1042B00010B58024064AA4001168436B234205D13F
:1042C00013685B1A032BF8D9012010BD0020FCE70E
:1042D0006008FF1F70B5C17905000C00631E9C418A
:1042E0001A4BE402E41849000460C9B2007906F0F0
:1042F0000DFAE979687949000131C9B206F006FA88
:10430000E8790930C0B207F0A7FC0023E366613307
:104310002360AA795B3B002A0ED022689A43023BB5
:10432000134323600A23E3610733236200232363DB
:10433000A3630133E36370BD22689A4302231343EE
:104340002360462363610633A361EFE7005000401A
:1043500070B5002504000368DD66C0790930C0B27D
:1043600007F052FD2900207906F06CF929006079E8
:1043700006F068F970BD0000F8B51E0006AB1D78A8
:10438000002304681700E366616007F06DFC0123F9
:104390008022E3662B0027615200013B08D207F020
:1043A000D3FD08200A4A1168002D03D12800F8BD6A
:1043B0002261F2E7236F034203D02369013D33708A
:1043C000013613685B1A032BEED90125EEE7C046D0
:1043D0006008FF1F70B51C00002305681600EB661F
:1043E000696007F041FC01238022EB662300520044
:1043F000013B08D207F0A8FD08200A4A1168002CEA
:1044000003D1200070BD2A61F2E72B6F034203D075
:104410002B69013C3370013613685B1A032BEED90C
:104420000124EEE76008FF1F002370B50468150043
:10443000E366616007F018FC0123E366256107F07D
:1044400083FD2000FFF734FF70BD70B51D00002311
:1044500004681600E366616007F006FC0123E3666A
:1044600026610F33626B1A42FCD02B0A23611023A2
:10447000626B1A42FCD0EDB2256107F065FD2000A9
:10448000FFF716FF70BD002370B504681500E366E2
:10449000616007F0E9FB0123E3662B0A2361102327
:1044A000626B1A42FCD0EDB2256107F04DFD200091
:1044B000FFF7FEFE70BD000010B5084CE368002B4E
:1044C00008D18022064B52021B689B186360054B83
:1044D0001B68236007F078FDA06010BD8461FF1F9A
:1044E000C8F00040CCF00040F0B5184A936A916AD9
:1044F0009942FBD116498A689A421FD39A1A8B6057
:10450000144B4C68186893B2D2024343D20E424314
:104510001B0A08681B1912029B18002402000127BD
:104520000D4D4B60561CAB420BD8002C01D0100037
:104530000CC10A4A13600A4B1860F0BD581E821A5B
:10454000DDE7084A3C009B183200EBE700F0004032
:104550008461FF1F140AFF1F40420F00C8F0004093
:10456000CCF00040C0BDF0FF70B5194C23793F2B53
:1045700001D93F232371174A13701078C0B207F096
:104580007BFC1823144A15491380154A0B801380AD
:104590004B80A0790C3B421C534380221201934272
:1045A00013D81A00CB80A0230E4D888028800E4897
:1045B00063719F3B028023720C4A0D4B1A60E379B2
:1045C000052B01D81023E37170BD1300EAE7C04644
:1045D0007861FF1F480AFF1FBE41FF1F7C43FF1F7A
:1045E000BC41FF1FBA41FF1FB841FF1F1027000049
:1045F0006861FF1FF8B521210020FEF721FF114C53
:10460000011E114D09D10C22104BC1CBC1C4280091
:1046100007F01AFDFFF7A8FFF8BD0C2220000C4997
:10462000FEF7E4FE0C2802D0084B43CB43C40C2217
:1046300028000849FEF7DAFE0C28EBD00C220021F6
:10464000E5E7C0467861FF1F4461FF1F10C20011FB
:10465000FC0C0000F50C000010B50C2202480349C8
:10466000FEF704FE10BDC0467861FF1FFC0C000081
:10467000F0B51D4C8022A5440400882069465201F3
:10468000400507F039FA902212016A441300200015
:1046900032C832C316C816C38023144C144FA66800
:1046A0009B033343A3603B6007F09EFB8823A06815
:1046B0005B05C01807F0B0FA002588232900802286
:1046C000A0685B05C01840196944520007F0ECF976
:1046D00080230135FF355B019D42EED1A6603E602F
:1046E000044B9D44F0BDC046FCEFFFFFF042FF1FAE
:1046F0009808FF1F04100000F8B503780500013B7F
:104700000026012B02D82B7A9E4200DBF8BD6B6895
:10471000594C9A5DA3690133A361584B19783F291D
:1047200005D81878411CC9B21970554B1A54A37B8F
:10473000002B0BD1522A05D1013322706373A3736E
:104740000136E0E7636901336361F9E7617B4B1C84
:10475000DBB2637362540C2BF2D9237B452B3ED121
:104760000921484801F04AFB6289030060789A42B7
:1047700035D10023A3736373A38B012201339BB252
:10478000A38323000833DA772379E2781B021343EB
:104790001BB2E3836379E11C9C466746A379621DE3
:1047A0001B023B431BB22384C877A178231DD97712
:1047B000637A2100D377E279A31DDA77237AE21DA9
:1047C000D37722002A3108782B32002825D011789F
:1047D0008B4225D01370E36A0133E36220E0238A21
:1047E00001339BB223820123E25C522A0FD1453A66
:1047F000D01A21000022C0B2CF5C0132D2B20F70B9
:1048000001318242F8D10D22D31A637398E7013344
:104810000D2BE9D10023A373F7E701200870137073
:10482000194B154C1A78002A04D0002208201A705F
:1048300007F08AFA154A136811688B42FBD12200EF
:10484000383211781B021B0A00290FD07D21226B00
:104850009A1A1202120A4A43120B626380212363DE
:104860000B4B4901187807F037F969E701214942F4
:10487000616302311170F1E7A461FF1FE461FF1F62
:10488000E561FF1FA561FF1FCC61FF1F28F00040FD
:104890002F62FF1FF0B5204D89B040220021280073
:1048A00007F0D2FB402200211C4807F0CDFB00227C
:1048B0001B4B00211A701B4B0A326B87FA23AB8704
:1048C00002ABD01807F0C0FB174B04AC2380962333
:1048D0009B010593012321002372144B144A079373
:1048E000C1C9C1C213600022049800920599069ABA
:1048F00006F0FEF804002B006242624129331A7070
:10490000002805D1082007F077FA012328352B70FD
:10491000200009B0F0BDC046A461FF1FE561FF1F84
:10492000E461FF1F96280000FF060000F946001111
:104930009461FF1F014BD86A7047C046A461FF1FF6
:1049400037B50C4B0C4C1B78002B11D02834237836
:10495000DDB2002B0CD1280006F006F9074B0095BC
:104960000FCB06F0C5F8082007F046FA01232370A4
:1049700037BDC046CD61FF1FA461FF1F9461FF1FBB
:104980000E4A0F4BD27F0F49002A05D0DA8B4A809E
:104990001B8C1BB28B8070479A8B002A0AD09A8B93
:1049A000524292B24A801A8A002A05D01B8A5B4280
:1049B0009BB2EEE7044AF5E7034BEAE7AC61FF1F61
:1049C000A461FF1F5C61FF1FFFFF00008021F8B59D
:1049D0001D4CC901207807F017F91C4B20781A00EC
:1049E00000243F325E6B1470194AB118194A914283
:1049F00026D803275D8F998F761BF2173A409219BC
:104A00009210AD185D871D003E352A780132D2B272
:104A1000072A0CD82A70998F5B8F14310122994292
:104A200000D25A1A8021890107F0FEF9F8BD2C70D6
:104A3000772902D949089987EDE73C229A87EAE766
:104A40001A003E321470E6E72F62FF1FA461FF1FB9
:104A5000C0E0FFFF8813000010B5FFF771FF094A9F
:104A6000094B12781878094B012A07D95B8F9A08ED
:104A7000D2188021C90107F0D7F910BD9A8F0A32E8
:104A80005200F6E7E361FF1F2F62FF1FA461FF1FC3
:104A900070B51C4B1C4C1A78002A21D00025082028
:104AA0001D7007F051F9230038331D7023002100D9
:104AB0003E33A28F3F311D700B78FF2B04D00133A2
:104AC000DBB20B70052B07D9104A8021104B8901EE
:104AD000187807F0A9F903E0012B02D0FFF7BCFF1B
:104AE00070BDFA20400003005100814200D88BB213
:104AF0001432618FA387D31801228B42E5D2CA1AE0
:104B0000E3E7C046CC61FF1FA461FF1FE0930400F0
:104B10002F62FF1FF0B587B0051E6C4627D0684690
:104B200007F012F81B4D022806D10622694628001C
:104B300007F0CAFA002818D00F2221000023012014
:104B400094460600EA5C013317091037BE4037006F
:104B5000664632400600964032003A434A610439C4
:104B6000062BEED12000FFF783FD07B0F0BD182221
:104B70006946094806F0C0FFAB00E358013305D091
:104B80001822FF21200007F05FFAEBE70135062D20
:104B9000F2D1EAE76509FF1F00090011F0B5002610
:104BA00004000F00150085B0B24200D184E08A787D
:104BB0004B1C01934B7812021A43CB7808781B04E4
:104BC00013430A79207012061A430092039266700A
:104BD000252800D190E033D8112813D807F07CF9AC
:104BE00066001501150115011501A400B200AB0006
:104BF0001501150115011501150115011501150105
:104C0000EF000F01232800D1C7E0DB2800D0C7E167
:104C1000042D00D8ABE0052D00D194E16E1F3200C9
:104C20000098791D07F068F905223900200007F087
:104C300063F932000099601D07F05EF92E003BE039
:104C4000562853D00FD8332800D1A1E0552836D0AC
:104C50002628DAD1BD4D13223100280007F0F4F9DF
:104C6000FEF778FA57E0712800D172E0722800D17F
:104C700084E0DC28C9D1022D00D878E04B7863703D
:104C80008B78A3706B461E88032D05D0033DC81C8E
:104C9000AAB23100FEF7EAFA31001022E01CFEF75A
:104CA000A5FBC61C002807DA60706DE00C2220000E
:104CB000A74907F021F90C26300005B0F0BD6A1EA7
:104CC000A44D0C2A10D8002A07D02800019907F01B
:104CD00013F9FFF749FCFFF7BFFC0C222900601C09
:104CE00007F00AF90D26E7E70C22EEE7994D9A4BFB
:104CF0002A0043CB43C2ECE76A1E944D0C2A11D81C
:104D0000002A08D00199280007F0F6F80C222800A4
:104D10009249FEF7ABFA13222900601C07F0ECF869
:104D20001426C9E70C22EDE706228D49601C07F026
:104D3000E3F80626C0E712228A49601C07F0DCF877
:104D40001326B9E708228849601C07F0D5F8092620
:104D5000B2E7012D0ED04978F02908D8834D288874
:104D600001F0ECFC824B2A885200D35A00E0FF236A
:104D7000637009E07D4A7E4B1288F5E77D4B012D7B
:104D800004D04A785A706270022695E75B78EFE7A4
:104D90002000FFF741F906008EE7042D05D9764D76
:104DA000009B2B6007F010F9A860FFF79DFB042221
:104DB000039003A9601C07F09FF805267CE76F4E5F
:104DC000062D15D906223000019907F07DF900283B
:104DD0000ED006220199300007F08EF806226849AD
:104DE0003000FEF743FA0123624A51780B435370B7
:104DF00031000622601C07F07FF807265CE7012DD2
:104E0000B5D04878FFF786FEBEE701281FD15D4A7E
:104E1000AB1E0092132B06D84B78002B0BD100F061
:104E2000B3F900F0E9F9584B00991E78601C721E26
:104E300007F062F840E7013D2A000199009807F069
:104E40005BF852490098AAB2FEF710FAE9E7032886
:104E500000D0DAE6012D2DD120700C234C4A63706E
:104E600012784C4BA2701A000832D27F1026E270E2
:104E70009A6922719A69120A62719A69120CA27176
:104E80009A69120EE2719A8B22729A8B120A6272DE
:104E90001A8AA2721A8A120AE272DA8B2273DA8BE7
:104EA00012B2121262731A8CA2731B8C1BB21B12E9
:104EB000E37301E74B782070002BCED0012B1FD17C
:104EC0000B336370334B0B26DA8BA270DA8B12B282
:104ED0001212E2701A8C22711A8C12B212126271C2
:104EE000DA1CD27FA2711A1DD27FE2715A1DD27FC5
:104EF00022729A1DD27F07336272DB7FA372DBE6D8
:104F0000032B00D033E7022D00D130E70C22224BD7
:104F1000897818780426A07018786270E170884249
:104F200000D8C9E61B785B1A1E1CDBB2934200D97D
:104F3000161C1A4BF6B23200201DC918043606F0B2
:104F4000DBFFF6B2B8E6152510266DE64461FF1FBB
:104F50001CC200117861FF1F10C20011F50C000087
:104F60005061FF1F3061FF1FF442FF1FC041FF1F50
:104F70007C64FF1F7461FF1F8461FF1F6509FF1FB1
:104F8000ADAC00000D64FF1F0B64FF1FAEDE000020
:104F9000CD61FF1FA461FF1FE461FF1FE561FF1FDB
:104FA000DA2800D0E3E6042D00D8E0E6082D17D972
:104FB000BB797A791B021343FA7912041A433B7ABC
:104FC0001B061343009A1360009B05221B683900DF
:104FD0002000039306F090FF0422601D03A9B4E6AD
:104FE000FE236370F0E7C04670470000020010B572
:104FF0000B4B0A3292B2DA815A820A4A988118829D
:105000001378094C0133DBB22078137002F0FAF9FF
:105010000422064B012120781A7006F05DFD10BDB8
:105020007E42FF1F2E62FF1F5664FF1F5564FF1F45
:10503000013870B5042809D806F0CEFD0309372ED3
:1050400012002A4B0221187806F046FD70BD274B4E
:105050000821187806F0D8FD0022254B1A72F5E7D2
:1050600080220024224B52001A81DC72214B6020E6
:105070001C7006F0C1FE204B1C70204B1C70FFF70B
:105080005FFC1A4D082128781D4A06F0CDFE21004C
:10509000287806F0F1FDD9E7164A1378002B04D0E2
:1050A0001378013BDBB21370D0E7104B082118785E
:1050B00006F0AAFD602006F047FE1248FEF74EFEFD
:1050C000114B124A9B799380114A13800022084B9E
:1050D000DA720132FF321A810E4B5B78002BB5D0A9
:1050E0000D4A136006F0A0FDB0E7C0462F62FF1F17
:1050F0006861FF1F2E62FF1F2D62FF1F2C62FF1FC2
:1051000010270000C941FF1F7861FF1F7C43FF1F6C
:10511000BA41FF1F7461FF1F34F0004010B5012930
:1051200007D1042805D18021024B8900187806F0A8
:10513000D3FC10BD2F62FF1F10B5002907D1042832
:1051400005D18021024B8900187806F0C5FC10BDFE
:105150002F62FF1F0300F0B50A4D8E18B14202D135
:1051600052008018F0BD0C782F6824093C5D0F2791
:105170001C700C7801313C402F683C5D5C70023340
:10518000ECE7C046B441FF1F1022124B10B51A7055
:105190000F23114C11492370093A063B10486370E4
:1051A00006F0AAFE2D2301220E490F486372FFF775
:1051B000D1FF01220D49FFF7CDFF01220C49FFF776
:1051C000C9FF030000200B4902001870FEF74EF8DB
:1051D00010BDC0462A64FF1F0B64FF1FBDC1001134
:1051E0000D64FF1F6709FF1F1564FF1F6609FF1F7E
:1051F0006509FF1FAEDE000070B5134C14222000BD
:105200001249FEF7F3F8431E114D132B19D8AB7852
:10521000002B16D0431C2B7009236B700023001940
:10522000037028780B4B01302900C0B2187006F0CB
:10523000A3FC297822000139C9B2002005F0B4FD91
:1052400070BDFFF7A1FFECE70D64FF1FAEDE0000AD
:105250000B64FF1F2A64FF1F10B5114B1A781870DA
:10526000002A0ED000280BD10E4B1A78062A07D838
:105270005423D340DB0703D50B4B187802F0C2F858
:1052800010BD0028FCD0074B1B78012B02D0033B3C
:10529000022BF5D8044B0121187806F01DFCEFE72E
:1052A0002E64FF1F5564FF1F5664FF1F70B54D4DE0
:1052B0004D4A4E492870042005F0D4FAFDF74AFF04
:1052C000FFF7E8FA80214A4AC901287806F0ACFDC8
:1052D00006F0F2FD032247494748FFF73BFF2D2424
:1052E000030004221C7045490130FFF733FF3023CF
:1052F0000470434E434C437083702E3B06222000C3
:105300004149F387FEF772F8062813D0200006F013
:105310001BFC022809D00321200006F08DFC8D2300
:10532000E3706E3B23711933637106222000364906
:10533000FDF79CFF354B1B68FC335C64FFF75CFF9B
:105340000020FFF789FF324C324A0121324B12789C
:10535000207802F019F8314A314B12780021207878
:1053600002F012F801222F4B1A702F4B9A783C232F
:10537000552A00D0163B2D4A202153722C4B2D4A22
:10538000F381B28132827382287806F07DFB01209E
:10539000404205F055FD0120404205F0F1FDFEF7C9
:1053A000EBFEFEF791FC00F007FD01204042FEF706
:1053B00079FD012006F070FEF02001F0A3F9012133
:1053C000287806F089FB287802F078F91A4806F068
:1053D0007BFCFEF749FB00226020110006F064FC14
:1053E00070BDC0462F62FF1F395100111D510011C1
:1053F000983A0000F442FF1F3061FF1F5061FF1F09
:105400007E42FF1F6509FF1FADAC00007864FF1FDF
:105410005664FF1FE841FF1FC941FF1F2A64FF1F99
:105420000B64FF1FFC63FF1F7461FF1F6861FF1F98
:10543000CE090000C40900003062FF1FF8B50D005E
:105440008B0600D485E0864B1B78002B19D0FFF724
:105450004BF8FFF76FFA834B834A1968884213D0E1
:10546000824918600B8801330B800121804B197031
:10547000062313707F4C2000FEF770FC210006F01D
:1054800033FC20206840F8BD1378002B0BD0013B83
:10549000DBB21370002BF4D1754A1370734A138872
:1054A00001331380E6E7744B744C754E996862685B
:1054B000737A8A1ADB039A4202D36160FEF7D4FA48
:1054C000327A217A531EDBB299422ED1FEF7ECFEDE
:1054D000637A002B25D0013BDBB26372002B20D115
:1054E000684B9B78552B01D106F09EFBE37A002B8D
:1054F00012D00023A27AE3729A4202D0A372FEF77E
:1055000043FB5A4A5B4F1388380001331380FEF780
:1055100025FC390006F0E8FB642370795843FFF757
:1055200065FD237A01332372ABE79142D0D3002784
:105530002772FEF7ADFEA37ABB4202D0A772FEF738
:1055400023FB4C4F3800FEF709FC390006F0CCFB7A
:10555000BEE70BB2002B0ADA4B4B187806F0DCFBE7
:10556000002801D006F030FB802000028AE70224E8
:10557000214209D0424A414B127A0120023A1A7262
:10558000FFF76AFE20007DE780246401214202D0FB
:10559000FFF71CFAF6E78024A401214202D0FFF7AE
:1055A0005BFAEFE78024E401214202D0FFF770FAB2
:1055B000E8E70B0721D5FEF797FF2F4B2F49304C1B
:1055C00098684A68637A821ADB039A4202D3486079
:1055D000FEF74AFAFEF75CFEFEF766FE2A4B08214C
:1055E00018782A4A06F020FC00F000FC2368DB074C
:1055F00001D5FEF74BFD082044E7CB0609D5FEF7A1
:10560000C3FA174B1B78002B01D1FEF771FB10205A
:1056100038E70124214205D01D4800F087F806F044
:10562000E3FAAFE78024A40021420FD0042004F065
:1056300003FF0028A6D00A4B1B78002BA2D02622FD
:105640000E4B14485A72FFF7D1FC9BE70424080064
:105650002040214200D116E7FEF740FC92E7C04609
:105660002E64FF1F2862FF1F2C62FF1F5C61FF1F5B
:105670002D62FF1FC941FF1F8461FF1F6861FF1F6B
:105680007861FF1F7461FF1F2F62FF1F102700004A
:10569000AC41FF1FC4090000F0B51A4B1A4F1B881C
:1056A0003A880400194E1A4D85B09A420DD83288B6
:1056B0009A420AD3174B1A882B889A4205D1164A68
:1056C000164B12881B889A421AD0052001F070F8F8
:1056D0003B8802A90B80338801904B802B88104DAA
:1056E0008B800E4B2A781B88CB800E4B188802F0DB
:1056F00091FD0D4B08212878019A1C7006F094FB4F
:1057000005B0F0BDFA63FF1FBE41FF1FBC41FF1F84
:10571000BA41FF1FF863FF1FF663FF1FB841FF1F69
:105720005664FF1FC041FF1FF463FF1F13B50C4BEE
:105730001C78002C11D1002801D00A4B18600A4AAD
:105740000A4B11780A4A10780A4A01920A4A0092D2
:10575000002205F021FA200016BD1124FBE7C04607
:105760005564FF1FF063FF1F5464FF1F4464FF1F55
:105770005664FF1F3064FF1F3464FF1F10B5064BD3
:1057800012201B78052B06D1044B13221988044BD9
:10579000187801F0E9F910BD5564FF1FC041FF1FE3
:1057A0005664FF1F10B500240122114B524218709D
:1057B000104B1C70104B1A8001F080FF04220F4B1D
:1057C00021001A700E480C3206F076FC10222100DF
:1057D0000C4806F071FC07220B4B1C600B4B1C7035
:1057E0000B4B1C700B4B1A700B4B1C7010BDC04642
:1057F0005664FF1F5564FF1FC041FF1F5464FF1F05
:105800004464FF1F3464FF1F3064FF1F0A64FF1FDE
:105810000964FF1FC241FF1F0864FF1FF8B5174C42
:105820000600257806A814240078052D23D1B41F7E
:10583000134FA5B21824BD421DD88D1FADB2BD4275
:1058400019D8FA256D00AA4215D21D000D4F0A3D48
:10585000ADB2BD420FD80C4C26800C4C21800C49B7
:1058600000240A800B4A1380FFF716FF0A4B04211D
:10587000187806F0C9F92000F8BDC0465564FF1F2E
:10588000790C0000750C0000BE41FF1FBC41FF1FDA
:10589000BA41FF1FB841FF1F5664FF1FF0B50BB29E
:1058A0000D0089B0002B00DB70E1A44E307806F0CB
:1058B00033FA041E50D00378A22B00D122E1D02B62
:1058C0001AD0912B45D143780E2B42D19C4B828824
:1058D0009A423ED19B4B1B78052B3AD1836803201B
:1058E00018567F2835D0984B1B68002B31D05B6849
:1058F000002B2ED098472CE08078072829D806F076
:105900006BF90428183F3F74A8D86378002B0CD19A
:1059100001218C4B19708D4B1A78002A5BD08C4B6F
:10592000307801F031FD002855D00722854B1A70E0
:1059300051E061780029F8D1E378002B11D0854A35
:10594000854B1278307801F01FFD60706378002B72
:10595000EBD1200006F038F980200002684009B041
:10596000F0BD784B1B78022BF3D00121307806F084
:10597000CBF90028EAD10121307806F0ADF8E5E74F
:105980006378002BD1D16F4F032807D13B78052BCB
:1059900002D101333B701EE00223FBE76F4B1A88F4
:1059A0006F4B0293002A0BD01B78002B03D00121F0
:1059B000307806F039FA3B78062B04D1013BE9E751
:1059C000029B1A70F7E7042B41D10121029B30782A
:1059D000197006F081F85C4B1B68002BB9D01B686E
:1059E000002BB6D0574A107884E76378554F002BC8
:1059F00027D10622211D5B4806F07EFA62895A4BA8
:105A00005A491A80A2895A4B1A80E3890B800521D2
:105A1000397058490A80584A1380228A574B1A8095
:105A2000574B1B78012B09D11F2000F0C1FEFA2231
:105A3000920042430421307806F0F6F90022484BE8
:105A400075E7312B00D070E70022454B1A70032315
:105A5000A0E706220021434806F02EFB0023454A1A
:105A600004211380444A30781380444A138006F09E
:105A7000CBF80821307806F0C7F8A379083B5A42E2
:105A80005341304A03331370304B1B78002B06D040
:105A9000334B30781A78002A06D001F0B3FC01228B
:105AA000314B52421A8096E70121197006F014F822
:105AB000F5E70821307806F0A7F86378002B00D0CE
:105AC00047E72C4B2D4F0293E388029A0421138061
:105AD000294B307803932389039A138063893B8091
:105AE00006F012F9002800D033E7264B1B68002B84
:105AF00000D12EE7039902983A88098800881B682C
:105B0000984726E74379132B00D022E70389012B1E
:105B10000AD11D4B1B78022B06D10821307806F0E4
:105B200073F8FFF72BFE14E7052000F041FE082173
:105B30000200307806F078F90BE7C0465664FF1F84
:105B4000051400005564FF1FF063FF1FE841FF1FAD
:105B5000C941FF1F2A64FF1F0B64FF1F2C64FF1F36
:105B60002E64FF1FFD63FF1FC041FF1F0464FF1F62
:105B70000664FF1FFA63FF1FF863FF1FF663FF1F32
:105B8000FC63FF1FEC63FF1FF463FF1F8020C00155
:105B9000014200D0E2E6CB0731D5324B1B78002B17
:105BA0001DD0314E05AC3378052B1AD1023B237042
:105BB0002E4B21001B7823722D4B1B7863722D4BCB
:105BC000187801F085FB002809D007202A4B307097
:105BD0001B68002B03D01B68002B00D098470120C6
:105BE000BCE60E20254B06221B7825492370254B49
:105BF0001B78637002ABC01806F07EF9D8E7022369
:105C000008001840194209D0174B1B78052B03D107
:105C10001D4B188806F0B8F902209FE604242142A3
:105C200003D0FFF739FD200098E60823080018404C
:105C3000194200D193E6154B1C78012C03D0022C9D
:105C40000DD008208AE6124B124A134913481B88CC
:105C50001288098800880094FFF7E0FDF1E7FFF75C
:105C60008DFDEEE72E64FF1F5564FF1FC241FF1F2D
:105C70000864FF1F5664FF1FF063FF1F0A64FF1FC5
:105C8000C341FF1F0964FF1FC041FF1FF463FF1FD3
:105C9000B841FF1FBA41FF1FBC41FF1FBE41FF1F9C
:105CA00010B502A804880B20002C10D14968087890
:105CB0004978090201430C48814209D10221198027
:105CC0000A4B59881170DB7800205BB2537010BD0D
:105CD000074C0A20A142FAD102211980034B99886E
:105CE00011705B79F0E7C0466E2A00005C61FF1F0F
:105CF0006F2A0000F7B5150008AA16884A680F4FEA
:105D000014785278120222430A24BA4214D1012292
:105D1000DBB2019200962A0005F040FE041E0BD172
:105D2000074B1B68002B07D068782A7800021043C5
:105D300042425041013098472000FEBD0229000038
:105D40006864FF1F30B5012503790400BFB02B4202
:105D500025D01449408805F091F928420CD0124B07
:105D600001A95B8D60880B8002234B800F4B0022C2
:105D70005B888B8002F044F90D49608805F07EF95C
:105D8000C0070CD50B4B01A91B8800220B800223F6
:105D90004B80064B9B888B80608802F031F93FB0C6
:105DA00030BDC0466064FF1FEC41FF1F5C61FF1FF8
:105DB0005864FF1F4642FF1F10B50749074805F00A
:105DC00013F90749054805F00FF90721054A064868
:105DD00005F0CCF810BDC0466064FF1FFFFF000057
:105DE0005864FF1F3CC20011EC41FF1F10B5024870
:105DF00002F08AFF10BDC046455D00110200F0B5FB
:105E000001270A480A4E51188B1A002B00DCF0BDFE
:105E1000082415784308684038404000805B013C06
:105E200058406D08002CF5D10132EDE7FFFF00006E
:105E300056C20011F0B500250F269D4200DBF0BDD3
:105E40004C5D070944403440A400A0580135784017
:105E5000F3E7000070B50C0088B06B460F261034D5
:105E60000A7801311500120935401D705A7002334D
:105E7000A142F5D120236946024AFFF7DBFF08B0B3
:105E800070BDC0465CC20011F0B54E780B7889B089
:105E900036020C00170001901E43012A61D9954B70
:105EA0009E4200D877E001339E421CD1062A17D1CA
:105EB000CA788B7812021A430B791B0413434A7970
:105EC00012061A438C4B5A6100221A705A808B4A70
:105ED0005A608B4A9A608B4ADA60002009B0F0BDA4
:105EE00088225205EEE7884B9E423CD182498B784E
:105EF000002B00D0F6E00C2A31D10F22A378934377
:105F0000E2781202134322791204134362791206D3
:105F100013434B60E279A07912020243207A000415
:105F20001043627A12060243CA60E27AA07A120231
:105F3000024376484A81834208D804236E491422DA
:105F400001980B7005F0D8FF1420C7E71201D21892
:105F500089235B059A42F0D801238B70BDE7022AA2
:105F6000FAD00523EAE76A4A01239642E6D1FFF711
:105F700005FC052F0CD9E378A2781B021343227984
:105F800012041A4363791B061343624A0393136096
:105F900005F04AFEA1E7584D2B78002B9DD1AB7838
:105FA000002B00D1A0E02B8901339BB20093B342B8
:105FB00000D091E0132AD4D9CF7C8B7C3F021221F0
:105FC00020001F43FFF71AFF874200D08EE0002E0B
:105FD0003DD1E378A2781B0213432279E9681204C9
:105FE0001A4363791B06134303930A228B4212D18F
:105FF000FF23A370E370237163716B89002B09D1B8
:10600000E37B227C1B0212041343A27B13431B0974
:1060100001336B8100226B89002B8ED0002A67D15F
:10602000686837013818000B6B69000303909842C9
:1060300005D9686105F0F0FDEB780133EB70686815
:106040001022A11C381805F02FFD2E8145E76F891D
:10605000009A7B1E9BB293423AD1E278A378120257
:106060001A43237905A81B04134362796C6812064E
:106070001A43EB6800920392211D0C22049305F051
:106080003BFF0120260004A940421036FFF7E2FE44
:10609000013F012F17D1009A0B232861824200D0C3
:1060A0004CE704221C49200005F0FEFC042203A951
:1060B000686805F021FDE968039AFF23914200D149
:1060C0003CE7F73B3AE73100FFF7C4FE1036DFE765
:1060D0000923B742A4D831E7009BB34200D9FCE6BC
:1060E00007232BE7022329E7032327E7062325E7D6
:1060F0000A2323E7FFFE00006042FF1F000001119A
:10610000FFFF00005048593601FF0000FFFF00115B
:1061100002FF000034F000406C42FF1F10B5034C3A
:106120000B000122210000F06BFA10BDDD620011AE
:106130000B8870B506000D000224162B11D92B0018
:106140000322094900F05CFA041E0AD1074B2A8891
:106150001B88191C934200D9111C300089B200F031
:10616000EDFA200070BDC046096300117E64FF1F78
:1061700010B54A780400013A0B000220012A07D822
:106180000A78002A04D005222000024900F038FADB
:1061900010BDC046376300110A7810B50B0004002B
:1061A0000220002A04D007222000024900F028FA29
:1061B00010BDC046E36300110A7810B50B0004005F
:1061C0000220002A04D009222000024900F018FA17
:1061D00010BDC0464964001110B5034C0B000B22E2
:1061E000210000F00DFA10BD7964001110B5034CC8
:1061F0000B000D22210000F003FA10BDEB6400112A
:1062000010B5034C0B000F22210000F0F9F910BD6E
:10621000456500110A7810B50B0004000220002A21
:1062200004D011222000024900F0EAF910BDC04656
:1062300055650011002310B51322190000F0E0F994
:1062400010BD000010B5034C0B001722210000F018
:10625000D7F910BDA7650011002310B51922190048
:1062600000F0CEF910BD000010B5034C0B001B224E
:10627000210000F0C5F910BDE1650011F7B5848972
:106280000D0006000121002C22D000238268D35685
:106290001778002B1EDA0C2C1AD90C3CA4B2131957
:1062A00040880093230002F090FE431E9841013085
:1062B0007B06DB0F6B703F23013C1F40A4B22870AC
:1062C000AF70AC80002C07D0B3680133AB60002105
:1062D0000800FEBD0020EBE7AC60F8E70B78037028
:1062E0004B8843704B881B0A83700B79C370042062
:1062F00070470420022B06D10020537811781B022E
:10630000009A0B43138070470B8803700B881B0A9D
:106310004370022070470420009983420AD15378C9
:1063200010781B0203430B80D37890781B02034341
:1063300000204B807047F8B50D004B7801240021F8
:10634000461C03702B788B4201D82000F8BD6B7877
:10635000B01C4F1C012B10D1890069184B880222F8
:1063600033704B88B9001B0A7370691805F0B4FECE
:1063700004360434A4B2F9B2E4E7122359436B188B
:106380005A88043132705B8810221B0A73706918B6
:1063900005F0A2FE12361234ECE770B5049D14002D
:1063A0001E00052B01D8042070BD637812781B02F3
:1063B00013432B80E378A2781B02134302226B80E5
:1063C0002A71211D681D063E05F086FEB2B22A81A3
:1063D000E92AE8D82800A11D0A3005F07DFE00203A
:1063E000E2E7002310B50A789A4201D8900010BD68
:1063F0009A008A185488013304705488DBB2240A46
:106400004470948884709288120AC2700430EAE75B
:1064100010B51100029C062B04D004201022142B6E
:1064200001D010BD022222714B7808781B02034371
:106430002380CB7888781B02034363800431601D7E
:1064400005F04AFE0020ECE710B50C788B7804319B
:106450005C43E4B203702200013005F03DFE601C95
:1064600010BD0420022B06D10020537811781B02A6
:10647000009A0B431380704710B50C000A88023154
:1064800005F02AFE208810BD70B504000D000498A8
:106490001100012B01D8042070BD16785278120229
:1064A000324302800200F13255701470E125002C55
:1064B00000D10C35023B9AB24280AA42EBD802319D
:1064C000043005F009FE0020E6E70420009983422D
:1064D0000AD1537810781B0203430B80D37890784D
:1064E0001B02034300204B80704710B50C000A8844
:1064F000023105F0F1FD208810BD000070B50121CA
:106500001E000420049C0E400B4218D1CB40DDB28B
:106510008D4214D90A49DBB2098899420FD323006E
:10652000EE331D703300580011184978165C0902CB
:10653000314301332152D9B28D42F4D8002070BDCD
:106540007842FF1F10B50C000A88023105F0C4FD27
:10655000208810BD10B50C788B7804315C43E4B210
:1065600003702200013005F0B7FD601C10BD10B5AE
:1065700011000298032B01D8042010BD1478527822
:10658000043B120222430280CA788C781202224312
:1065900042809AB28280EB2AEED80431063005F0B0
:1065A0009BFD0020E9E710B50C000B8803700B88F9
:1065B0001B0A43704B8883704B881B0AC3708A8800
:1065C0000430063105F088FDA088043080B210BD8B
:1065D0000420012B03D100201378009A1370704718
:1065E00010B50C000B8803700B881B0A43704A8897
:1065F0000230043105F070FD6088023080B210BDB9
:10660000F0B589B003931D4B029242000700D05AA7
:10661000019102F022F81325061E2CD0029B0124C2
:106620000370019B002B04D00019039998470019AF
:1066300084B26B461B7A5BB2002B0FDA1021380054
:1066400002F01CFB1925002812D130003219E1B2EA
:1066500002F070FC051E0BD10C34A4B2042305A972
:1066600038000B800C814E6001F0B2FD051E02D097
:10667000300005F099FB280009B0F0BD7C64FF1FD5
:1066800070B505000C0000280CD00020814209D014
:1066900010222000044905F01FFD01202B782373F0
:1066A0006B78637370BDC0469CC20011F0B50600E4
:1066B0000D0017001C0085B002291BD000201029F6
:1066C00007D1022B07D0102B03D115E00020102C8E
:1066D00008D005B0F0BD69463800FFF7D1FF2A00A9
:1066E00069460BE069463000FFF7CAFF22006946A1
:1066F000380004E0022BE9D12A003900300005F00F
:106700001BFBE6E7031CF02800D9F023032008490F
:106710009AB2013A0B80D317034006499B189B108D
:106720000B80D30F04499B185B100B807047C04649
:106730007C42FF1F7A42FF1F7842FF1F034B1B88DA
:106740008B4202D3024B4000C15270477C42FF1F74
:106750007C64FF1F014B4000185A70477C64FF1F88
:106760001722014B1A8070477C64FF1F70B505002B
:106770000E2005F021FA041E13D0D023037000234D
:106780000622837007494570033005F0A5FC064BCF
:106790002100DA8A62811B7E2373044B187805F08E
:1067A000C3F970BD9864FF1F8864FF1FCC42FF1FB0
:1067B000262803D8024B4000C05A70470148FCE726
:1067C0007E42FF1FFFFF000070B506000C00094D60
:1067D0001C220021280005F06FFC074B1E70074BA0
:1067E0001C7005F0C1FB0123002801D000231220FA
:1067F0002B7070BD8864FF1FCC42FF1FA964FF1F70
:1068000070B505000D4C0800E260A1601022002167
:10681000656005F021FB012803D11021A06802F07A
:1068200061FD10220021280005F016FB012803D18C
:106830001021606802F056FD70BDC0468864FF1FDD
:1068400070B5041E05D1002903D006220D4805F0BD
:1068500043FC0D4B1D78012D11D1002C05D10222D6
:106860001A7005F089FB280070BD00221A70074BD2
:106870001B78FF2BF7D02000FFF778FFF3E7002508
:10688000F1E7C0469864FF1F8864FF1FCC42FF1FDA
:10689000030010B5002801D1002010BD00780B4A7C
:1068A000002803D15988D1821B7913761378022BE3
:1068B000F2D10023984200D103331370044B1B78AC
:1068C000FF2B01D0FFF752FF0120E6E78864FF1F8E
:1068D000CC42FF1F002911D000280CD04B79012891
:1068E00003D140225242134303E03F2213400328C6
:1068F00002D001204B7170474022F4E70800FAE70C
:1069000070B5094D0100287800280BD0074C0622ED
:10691000200005F0E1FB21002878FFF7DBFF2000D5
:1069200005F0A2FA70BDC046A864FF1F8264FF1F75
:1069300000290AD0012808D13F224B799343C02B6C
:1069400003D0403B5A425341981C704770B5174DD5
:1069500006002B78FF2B15D00A2005F02DF9041E18
:1069600010D0D0230370C83B8370114B11491B78A2
:106970004670C3700622043005F0AEFB2100287873
:1069800005F0D2F80C4B1B78012B0DD10B4B1B687B
:10699000002B03D09B68002B00D09847084B0421A4
:1069A0001878084A05F018FB70BDC046CC42FF1F9E
:1069B000A864FF1F8264FF1FA464FF1FD064FF1F31
:1069C000D464FF1F60EA0000014B98687047C0461E
:1069D0008864FF1F014BDB68186870478864FF1FDD
:1069E000074B10B5DA68136801331360054B18784C
:1069F000FF2803D08021C90105F06EF810BDC04604
:106A00008864FF1FCC42FF1FF7B50E0002F0CAF8E2
:106A1000051E1CD00E4B06621F78002F00D1077890
:106A2000AB791020019305F0C7F8041E0FD0D023D6
:106A30000380C73B8370019BE91DC37006220430AD
:106A400005F04AFB21003800E66005F06DF8F7BD5F
:106A5000CA42FF1F014B18787047C046A864FF1F49
:106A6000054B002805D1054B1A78054B002A00D1AB
:106A7000014B18007047C0469864FF1FA864FF1FB1
:106A80008264FF1F014B58687047C0468864FF1F2F
:106A9000024B1868431E9841C0B27047AC64FF1F98
:106AA000421E03000120152A03D9FF3B5A425341DD
:106AB000D8B27047F0B51C0000230E0085B00390DB
:106AC00002920B70029A934201D3002019E0E55C18
:106AD0005A1CD2B2002DF8D0029851198142F4DC30
:106AE0000233DFB2A35C18000193FFF7D9FF00283F
:106AF00007D0013D019A0399EBB233708A4202D16B
:106B0000E01905B0F0BDDB19DBB2DBE710B50C0016
:106B100002F0A0F803001220002B03D021005888B7
:106B200004F0D2FF10BD000070B50E4D8400635913
:106B3000002B15D0186A002801D005F06DF92B59EB
:106B4000586A002801D005F067F92B59986A002887
:106B500001D005F061F9285905F05EF900232B51A9
:106B600070BDC046B864FF1F1C4B70B504000E001A
:106B7000150099420AD11A4B1B68002B01D1122033
:106B800070BD1B68002BFAD09847F9E7154B994266
:106B900015D1134B1B68002B0AD01B68002B07D0A4
:106BA0009847002804D1104B1C70104B1D70E7E76C
:106BB00029002000FFF7AAFF0028E1D1F3E7080031
:106BC00001F0F0FF0028DAD003780320A342D7D1E8
:106BD0002900300004F078FFD2E7C046FEFF000035
:106BE000B464FF1FFFFF0000B164FF1FB064FF1F0C
:106BF000F7B50400808801F0D5FF0025A84203D036
:106C00000578A08802F00AF81C4E3378002B1FD0BC
:106C1000AB421DD11A4B28001978FFF777FF0028E7
:106C200018D000233370A3790820A778A688019391
:106C300004F0C2FF011E0DD0D0230370CA3B837045
:106C4000019B477086808371280004F06DFF01E08E
:106C5000002DE8D1A0880B4B8200D358002B01D027
:106C6000FFF762FF1721A088FFF768FDA08801F0F9
:106C70002BFDA08801F002FEF7BDC046B164FF1FE6
:106C8000B064FF1FB864FF1FF0B587B01D000CABE8
:106C90001B88070001930DAB1B88142002930EABD9
:106CA0001B88160003930FAB1B880091049310AB55
:106CB0001B88059304F080FF041E1AD0D0230370B4
:106CC000CB3B47708370C670062229000430002D2C
:106CD00011D005F001FA019B21006381029B00980D
:106CE000A381039BE381049B2382059BA37404F08F
:106CF0001BFF07B0F0BD05F0DFF9ECE7F7B5009337
:106D000008AB1B8807000C200D001600019304F04F
:106D100053FF041E13D0280001F044FF00280FD0B9
:106D20000078D0232370C93BA370009B21002381EE
:106D3000019B6770A580E680638104F0F5FEF7BDD6
:106D4000014B1878EDE7C046CC42FF1F13B5040095
:106D500064890389C2888188C0780094FFF7CEFFD8
:106D600013BD000010B5044C2068002803D005F0C6
:106D700053F80023236010BDBC64FF1FA122F0B5AF
:106D8000818892004A43384B384F1B6889B09B1862
:106D90009D2292009B18827904001A603B68002BA8
:106DA0005FD01D78324B1B68002B04D05B68002B32
:106DB00001D000209847260008363100E079FFF71F
:106DC000B7FD237DE0710200E0780493638A290017
:106DD0000393238A0293E3890193A38800933300EA
:106DE000FFF752FFE378002B0BD1E289A379A1884A
:106DF00002920196E27928000092012201F0DCFE65
:106E0000E0703B68002B20D0FFF7ACFF194D2878CD
:106E100000281AD0184B1978FFF778FE002814D0F4
:106E20002B780820A788E678079304F0C5FE011E9A
:106E300009D0D0230370CA3B467083708780867167
:106E4000079804F071FE00232B701721A088FFF72C
:106E500075FCA08801F038FCA08801F00FFD09B096
:106E6000F0BD064B9DE7C0463409FF1FBC64FF1F01
:106E7000D064FF1FB164FF1FB064FF1FCC42FF1F2F
:106E8000F8B5070008000E0001F08CFE041E18D0B3
:106E90002620FFF78DFC051E00D12578062004F082
:106EA0008BFE041E0DD00021062205F005F9D0232B
:106EB0002370C23B21006770A370A680E8B204F083
:106EC00033FEF8BDF0B585B001930AAB1B7807001F
:106ED00002930BAB1B7808000D000092039301F0A6
:106EE00061FE061E22D0102004F066FE041E1DD096
:106EF0001022002105F0E0F82620FFF759FC0028B9
:106F000000D13078D0232370C13BA370009B2100B7
:106F10002372019B67706372029BA580A372039B1F
:106F2000C0B2E3720C9BE36004F0FEFD05B0F0BD5F
:106F3000F7B50D00019001F035FE071E1FD00E20A1
:106F400004F03AFE041E1AD02620FFF731FC061E7C
:106F500000D13E78D0232380C53BA370F91D0622C3
:106F6000E01C05F0B9F8019B2100638101232B404F
:106F7000AD07ED0F23736573F0B204F0D5FDF7BDD7
:106F8000F0B585B0029010000D0017000A9E039323
:106F900001F008FE041E31D0029B002B2ED1039B72
:106FA00002795B0724D5122313430422002E08D153
:106FB0000B99002905D10C99002902D10D990029BE
:106FC0001AD01A430D9B2271002B00D0C9E0002E6D
:106FD00000D1CFE0002D00D0CCE0606A002801D0C5
:106FE00004F01AFF1C21300004F096FD606205E0F9
:106FF00002239A430E33D7E793432371654BBA00BC
:10700000D458002C00D1AAE0002E10D0236A002B07
:1070100003D11C2004F048FF20625E4BBA00D35815
:10702000186A002803D01C22310005F055F80C9B8B
:10703000002B12D0574CBB001D596B6A002B03D19B
:10704000162004F031FF6862BB00E358586A00283C
:1070500003D016220C9905F03FF80D9B002B11D0A0
:107060004C4DBC006659B36A002B03D1142004F0C8
:107070001BFFB0622B59986A002803D014220D9987
:1070800005F02AF8380001F08DFD051E67D0414B50
:10709000BA00D358002B62D01A6A3420002A00D1DB
:1070A0001C389A6A002A01D0143080B20B9A002A48
:1070B00001D01C3080B25B6A002B01D0163080B248
:1070C00004F07AFD041E4AD01822002104F0F4FFD7
:1070D0002620FFF76DFB0190002801D12B7801934A
:1070E000D0232370029B200063700A23294EA370D3
:1070F000039BBD00A371AB59A780196A1830002902
:1071000005D01C22A06004F0E7FF20003430735942
:10711000996A002907D0030014221433E060029317
:1071200004F0DAFF02980B9B002B08D003001C220E
:107130001C330B992061029304F0CEFF029873591F
:10714000596A002903D01622606104F0C5FF6B461E
:107150002100187904F0E8FC3800FFF7E5FC05B0E1
:10716000F0BD10220D9B0D991B69A018236204F03D
:10717000B3FF2CE70B9B002B00D13FE7012D00D084
:107180003CE7606A002801D004F046FE1C210B9801
:107190002AE7C046B864FF1F10B5044C20680028D9
:1071A00003D004F039FE0023236010BDAC64FF1F40
:1071B0000B4B07B51A68002A01D100200EBD6946A5
:1071C000531C012012780731FFF774FC0028F4D01B
:1071D00002780123100018401A42EED0EEE7C046B4
:1071E000C864FF1FF0B51F4F01203B6887B0002B1C
:1071F00025D09B78059300F0B3FB002821D00A200E
:10720000FFF7D6FA04000B20FFF7D2FA164B050061
:107210001E78731E9E413B68F6B2191DD878FFF7A1
:1072200059FB3B682900DA7A043303929A79019377
:107230000292009033002000059A04F08DFE07B002
:10724000F0BDFFF7B5FF002805D00620FFF7B0FA24
:1072500004000720D8E70820FFF7AAFA0400092055
:10726000D2E7C046AC64FF1FA864FF1F70B50A4E8A
:10727000040033780D00FF2B0DD0042004F09CFC9B
:10728000011E08D0D0230370CE3B45708370C470BC
:10729000307804F049FC70BDDC42FF1F70B504007B
:1072A00006200D0004F088FC011E0AD0D0230370D4
:1072B000CD3B8370054B44701B688580187804F0C3
:1072C00033FC002C01D0FFF767FF70BDAC64FF1FDB
:1072D000F8B5264F06003B680D001124002B05D1A0
:1072E0000522234B1B78134202D112242000F8BD43
:1072F000204A10241268002AF8D01278002AF5D00B
:10730000DB0719D52B789A1E012A1AD80C2004F015
:10731000CBFD132438600028E8D000230A224370F4
:1073200029000670023004F0D7FEFFF75BFF041E51
:107330000AD0FFF731FFD9E700F012FB0028E1D1B6
:10734000E4E7002BE2D0D0E70B4B1B78032BCDD129
:107350001D20FFF72DFA094B18800028C6D0084BD6
:1073600004211878074A04F037FEBFE7AC64FF1F1A
:10737000A964FF1FC864FF1FA864FF1FA664FF1F46
:10738000D464FF1F60EA0000F7B50193194B1400A5
:107390001A78052306000F0012201A4221D0012975
:1073A00020D1154B1D68002D1BD002201F2C18D892
:1073B000002C02D0019B002B13D0104B1F221E70FB
:1073C0006E1C0021300004F077FE0199220030008D
:1073D00004F082FE310020002C70002F06D004F053
:1073E000FBFCFEBD064B12201D68DCE704F0C4FB6D
:1073F000F7E7C046A964FF1FC864FF1FDC42FF1FF8
:10740000C464FF1FF8B50F4E12243368002B17D049
:107410001B780F3C834213D100250B4F0221387893
:1074200004F0F2FB094B042138781D8004F0ECFBDA
:10743000074B28001D8033685C7004F06DFD04006C
:107440002000F8BDAC64FF1FD464FF1FC064FF1FA1
:10745000A664FF1F70B5012823D11B4C2388002B85
:1074600003D01A4A1578002D07D0194B1B68002B42
:1074700002D01878FFF7C6FF70BD3B2B02D93C3B0A
:107480002380F9E7134E0221307804F0BDFBFA2285
:107490002388920002215A43307804F0C5FC2580ED
:1074A000EAE70B4B1B68002BE6D00B4B1B785B0706
:1074B000E2D5084B0221187804F0A6FB0022024B0B
:1074C0001A80FFF769FED7E7C064FF1FA464FF1F9F
:1074D000AC64FF1FD464FF1FA964FF1FF8B51E4DE5
:1074E0002868002803D004F097FC00232B601B4E73
:1074F0003068002803D004F08FFC00233360184F5D
:1075000005243B7818002040234221D0154800F084
:107510002BFA3B78234213D0202004F0C5FC2860CE
:10752000002813D02022002104F0C6FD202004F002
:10753000BBFC041E306005D02022002104F0BCFDFD
:10754000002004E0286804F067FC2C601320F8BDDC
:1075500000F00AFAF4E7C046C864FF1FC464FF1FC6
:10756000A964FF1FD042FF1F10B50A4C23681A1EE2
:107570000ED0002808D10130587004F0CDFC00284E
:1075800005D02368002B02D00021FFF787FE0122DF
:10759000100010BDAC64FF1FF7B5274E050033681F
:1075A0000191181E21D05C78244F012C30D1FFF7B7
:1075B000FFFD002825D02000FFF7FAF8040041283D
:1075C00014D91F4B022118781E4A04F005FD1E4BEA
:1075D0003C3C1C80022233685A703B78002B14D14B
:1075E00028000199FFF75AFE0120FEBDFA22920001
:1075F0004243002AEED0124B0221187804F014FC0A
:10760000E8E7FFF7D5F80200F3E700233B70EBE76C
:107610003B78002BE8D1032004F0CEFA011E08D0FD
:10762000D0230370CC3B457083703368187804F026
:107630007BFAFFF7B1FDD7E7AC64FF1FA464FF1F1F
:10764000D464FF1F60EA0000C064FF1F10B5174933
:10765000838802008B4220D011D815498B4217D065
:10766000144900205B1899B2012907D89268117853
:107670005A425341D8B2FFF7F9FD012010BD0E4A1E
:1076800000209B1807229BB29A424041C0B2F5E706
:1076900083681878FFF768FFF0E7836899785A786D
:1076A000090218781143FFF777FFE7E70A20000087
:1076B00006200000F8DFFFFFAFDFFFFF014B18706F
:1076C0007047C046DD42FF1F10B5064C207001F028
:1076D00045FA207804F0E0F90521207800F068FDF3
:1076E00010BDC046D464FF1F0BB273B50D00002B54
:1076F00000DBC4E0884B187804F00EFB041E0ED0AB
:107700000378912B0FD0A22B00D1A1E0834B1878E6
:10771000FF2852D0210004F007FA00284DD1802024
:107720000002684076BD43780F2B76D013D8052B26
:1077300070D00E2BEAD18088794B98422BD8794BA8
:1077400098421BD8784B9842E0D1A3681878591C0E
:10775000FFF776F838E03E2BD8D18378032B74D02E
:107760006CD8012B6ED0022BD0D1704B1B68002B34
:1077700023D05B68002B20D098471EE06C4BC018CC
:107780000C28C3D804F010FA1DC2C2150BC20B0B93
:107790000B3223C23C00674BC0180728B6D8664B93
:1077A0001B68002B09D01B68002B06D020009847CF
:1077B0000AE0A3681878FFF7C9F8200004F004FA7B
:1077C000ADE7A068FFF764F800289FD0F5E7A3684D
:1077D0001B78002BF1D0554B1B68002BEDD01B689C
:1077E000002BEAD0210055489847EDE74F4B1B6826
:1077F000002BE2D01B68002BDFD021005048F3E7BC
:10780000504B1B68002BD8D05B68002BD5D02100D3
:107810004348E9E7FFF7ECF9CFE780884A4B984205
:1078200003D04A4B984200D070E7464B1B68002BB0
:10783000C3D05B68002BC0D02100D5E7153B012BDE
:10784000BBD963E7FFF79AFAB7E7FFF77FFAB4E728
:107850003F4B1B78042B07D100236A461380017924
:10786000408800F0CBFCA8E7364B1B68002BA4D067
:107870005B68002BA1D00100364898479DE70124A2
:1078800021420AD0294B1B68002B04D05B68002BD7
:1078900001D000209847012043E78B070AD5264BEB
:1078A0001B68002B04D05B68002B01D02000984798
:1078B000022036E70421280008400D4200D131E7BC
:1078C000254E3388002B21D0013B9BB23380002B07
:1078D0001AD1FFF7DDF800280AD0204B1C70164B98
:1078E0001B68002B04D05B68002B01D02000984758
:1078F000FFF7C8F8694601F00CFD6846FFF700F88D
:107900001D20FEF755FF308004200AE7024B18784F
:1079100004F07AF9F8E7C046D464FF1FDD42FF1F88
:107920000E2000000120000009100000CC64FF1FA1
:10793000FEDFFFFFAFDFFFFFD064FF1F0C20000062
:107940000B200000B464FF1F0D2000001320000076
:10795000A964FF1FFFFF0000A664FF1FA464FF1FB0
:1079600010B501F09FF910BD014B18607047C0467B
:10797000D064FF1F0B880020162B01D8172304208A
:10798000014A13807047C0467E64FF1F0020704785
:10799000074A03001188814207D09188002099424C
:1079A00002D101308000101870470020FAE7C0466D
:1079B000DC64FF1FF0B58F7806000D00C5B01E2FE8
:1079C00015D1FFF7E5FF051E03D10024200045B0C7
:1079D000F0BD00223B003100C078009200F0B8FBFF
:1079E0000400A81C00F0D8FBFF23EB70EEE7264B49
:1079F000062403931B78FF2BE8D0182FE6D87B08CA
:107A0000224A013BDB0002929A589446002ADDD0BC
:107A1000029AD3185B68002BD8D00878002802D1CE
:107A20004B78012B02D10624122FCFD107AFAB88A0
:107A3000697800976446AA68A047041EC6D1AB784F
:107A4000029A5B08013BDB00D318390030005B6809
:107A50009847041E0BD1AB78042BB6D0039A3100A3
:107A600010782200009700F073FB0400AEE76A78FC
:107A7000002AABD1AA7805A93B88087130000A70AA
:107A80004B80FEF74BFBA0E7E042FF1FACC20011AA
:107A90001D4B37B5050098420BD000290AD1FFF7DE
:107AA00077FF002805D11948FFF772FF002800D0A2
:107AB000058037BD01291AD1FFF76AFF041EF8D0EF
:107AC00001235B420380A378FF2BF2D0FE2B07D06B
:107AD0000023E0781422009329001E3300F038FBC5
:107AE000A01C00F059FB01235B426380E1E70229FF
:107AF000DFD1013901F0C2F80028DAD12800FFF700
:107B000047FF041EDFD1D4E7FEFF0000FFFF0000A7
:107B1000022210B5074B52421A80074801325A80A0
:107B20009A80DA8000F084FA044801F029F80020F5
:107B300010BDC046DC64FF1FB5790011917A0011B9
:107B40000388F7B50400002B02D102252800FEBDF2
:107B500042680221137825485268FEF7A7FD0028E5
:107B60002ED0234F01253A88002AEFD08023218888
:107B70005B0201259B1A9942E8DC0C2004F094F981
:107B8000061E31D03B8822889C46002318000195B0
:107B900061469DB2491989B2AA421BD8002801D07A
:107BA00062443A8000233000082208C0210004F01B
:107BB00093FA104A1368002B13D100251660C5E70D
:107BC0006268022113780C485268FEF76FFD0028A6
:107BD000C7D1BAE760681D0140194181013301989E
:107BE000D6E71A001B68E6E71325AFE71AC30011B2
:107BF000DE42FF1FD864FF1F18C30011014B18702D
:107C00007047C046E042FF1F14230A0010B51A4017
:107C1000194204D00122102101F04CF810BD4B068E
:107C2000F9D4C843022340001840F7E710B5140008
:107C30008B0604D50122102101F03CF810BD082369
:107C40000A001A40194202D14BB2002B0FDA102160
:107C500001F030F8002808D02300F2331B78002B05
:107C6000ECD0F1342378012BE8D10020E6E70320A3
:107C70008907FAD4E2E70000F0B51F00184B85B081
:107C80001C68019002910392002C27D1200005B0BE
:107C9000F0BDA5683301ED186B89019A934211D3A9
:107CA000029A93420ED8002F04D10A9B002B10D1C8
:107CB0002C00EBE73B002978039A6868FEF7F6FC96
:107CC0000028F2D10136B6B2A388B342E1D82468C5
:107CD000DAE7A3680A9A5B891380E9E70026F3E7ED
:107CE000D864FF1F37B50C000A88498801239142E8
:107CF00017D3002A15D0651D23792A0002210A48CE
:107D0000FEF7D4FC102300280BD02379618820884B
:107D100000242A000094FFF7AFFF0A23A04200D0FE
:107D2000230018003EBDC0461AC3001113B50A0057
:107D300008884988012388420BD8002809D00024EC
:107D4000137905320094FFF797FF0A23A04200D071
:107D50002300180016BD13B50A00088849880123BE
:107D600088420BD8002809D00024137905320094EA
:107D7000FFF782FF0A23A04200D02300180016BD9F
:107D8000F0B58BB003904A8808880E000123824228
:107D900013D3002811D00023012704AC2370002244
:107DA000718813000092FFF767FF05002078002D0F
:107DB00006D122780A23002A41D118000BB0F0BD69
:107DC000002835D12B78022B18D167706A8983007F
:107DD0000130E31880005A8069680222201804F0FC
:107DE0007BF923780133DBB22370042B19D93B00D4
:107DF0006889013080B2002BD1D0DAE702236370AA
:107E0000122358436A89231804305A806968102263
:107E1000201804F061F923780133DBB22370002BC2
:107E2000E5D10A4A6B899B185A425341DBB2DFE71E
:107E30006378012BE4D12B78022BC7D0B9E721005E
:107E40000398FEF795F90023B7E7C0460100FFFF4E
:107E50000F4BF0B504001868002816D083685D89C0
:107E6000A54207D88288AE18B44203DA12019A18E4
:107E7000934201D10068EFE71E005F891036A742E8
:107E800004D1002900D00D801800F0BD3300EFE7C9
:107E9000D864FF1F70B505000C0008880021FFF7AB
:107EA000D7FF03000120002B04D022002800197AFC
:107EB000FFF7BCFE70BDF7B50C0000250190230054
:107EC000EE331B78AB4201D800200AE06B00E65A83
:107ED00000213000E718FFF7BBFF002802D1268001
:107EE0000130FEBD017A0198FFF78EFE002802D016
:107EF0003B882380F5E70135EDB2E0E710B50400DB
:107F000008880021FFF7A4FF03000120002B03D005
:107F10002000197AFFF778FE10BD0000054B1B68A2
:107F2000002B01D1180004E09A6852898242F6D1F0
:107F300098887047D864FF1FF0B50E27002687B0D9
:107F4000039302ABFF183E8005001F4B40891400CD
:107F5000984207D02B78013000976A6880B2FFF70B
:107F60008BFE060002212B7818486A68FEF79EFBFC
:107F700000280FD06C892000FFF7D0FF002802D026
:107F8000013C0419A4B2039B002B00D01C803000DC
:107F900007B0F0BD02212B780D486A68FEF786FB1A
:107FA0000028E7D102212B780A486A68FEF77EFB99
:107FB000002807D0002EDED03B88A342DBD1748995
:107FC000013CDFE76C89DEE7FFFF00001AC3001108
:107FD00018C3001116C3001110B50C00FFF7D8FC30
:107FE00003000220002B0AD0002C00D023609B78D5
:107FF0001720FE2B03D00138FF2B00D1002010BD2D
:1080000073B50D0001A904001600FFF7E5FF17285E
:1080100005D0002E04D129002000FEF725F976BDF9
:1080200001221021200000F045FE0028F3D0F6E7E1
:10803000014B18607047C046E864FF1F37B56B46B8
:108040009D1D010004000222280003F055FF2B882B
:10805000B02B0ED12379122B09D12300FA331B78D0
:10806000012B06D10121608800F0E0F801E01B2B14
:10807000F8D037BD10B5054B0421187000F098F802
:10808000FFF746FDFEF76CFB10BDC046EC64FF1F1A
:108090000020F0B50BB20F0087B0834234DA274BD3
:1080A000187803F039FE051E2BD00378A02B25D1BC
:1080B00003AE3100FEF7E2F8041E0BD1B378DB0704
:1080C00024D51F4B06341B68002B03D03100688871
:1080D00098470400A868002801D003F065FE002C32
:1080E00008D1184A039B1340174A934206D0B3782D
:1080F0001B2B03D00121688800F098F8280003F0BA
:1081000063FD80200002784007B0F0BD0F4B1B6874
:10811000002B10D0310068889847041EDAD073789D
:10812000002BD7D1B27801A90A704B800C716888F6
:10813000FDF7F4FFCEE70624F1E7C046EC64FF1F2D
:10814000E464FF1F00FFFF0000011200E864FF1F4E
:10815000F7B50190FC200D0017001E0003F02CFD68
:1081600004001320002C12D0B02320002370089BA1
:10817000F4226770658026710830002B08D0190042
:1081800003F0AAFF2100019803F0CEFC0020FEBD01
:10819000089903F091FFF5E710B5041E06D00078AA
:1081A000FD2803D803F078FEFF23237010BD0000E4
:1081B0000A1F93B210B504000220032B05D8824099
:1081C0000020024BD1529B189C7010BD0C65FF1F04
:1081D0000B8870B5043B04000D000220032B0BD864
:1081E0000121200000F04AFD03001420002B03D0E1
:1081F0002900200000F0DEFB70BD000007B5130071
:10820000034A00920A00012100F02CFC0EBDC0467A
:108210003984001107B5019203220092024B0A0033
:10822000122100F047FC0EBDB784001107B56B4664
:1082300001AA11800449D88008780633012802D1A8
:10824000190003F039FC07BDED64FF1F0C4B10B59E
:1082500018700023FF210B4A1380138193819380B0
:10826000094A53801370517293819372D174D382EF
:108270001375517703F028FE00F0FCF910BDC046DD
:108280001C65FF1F0C65FF1FEE64FF1FF0B58DB06E
:108290006B46002003910C229B5E834200DBB1E021
:1082A0005D4B187803F038FD051E00D1A5E003787A
:1082B000902B00D09EE006AF01004688380000F009
:1082C00013FA79680400002900D19DE03B88052B52
:1082D0006FD13B89032B1CD905AC200000F0A2F81C
:1082E0006288172A60D83989131D994231D179687B
:1082F000237804310291D90738D5607800F08EF9DF
:10830000071E06D0002303712378012B08D0132BFE
:1083100023D0A868002800D179E003F045FD76E07D
:108320006288029909A800F0A6F80290380000F0CF
:108330008BF909AA2378387A019200223100009241
:10834000029A00F012F9380000F064F9029B002B49
:10835000DFD0300000F080F9DBE70378032BD8D1C1
:108360006288029909A800F0D6F8DEE709AF122B5F
:1083700012D13800029900F0B4F8021EE9D1274961
:108380008B88002BC5D0887923780197617800917C
:10839000310000F0EAF8BCE700233A003B80617846
:1083A0003000FFF72BFFB4E71D4B09AA0993617852
:1083B000F6E7042B02D09A1F012AAAD8174A043BD9
:1083C0009B00995A0029A4D0D218907831003A0025
:1083D00000F0ADF800289CD13B88042B03D001218C
:1083E0003000FFF723FF012C04D1A868002801D03A
:1083F00003F0DAFC280003F0E7FB8020039B000277
:10840000434018000DB0F0BD012800D181E70121E3
:108410003000FFF70BFFEDE71C65FF1F0C65FF1F2A
:10842000010017000B7803704B784370CB788A7883
:108430001B021343438070470A88030002700A88B6
:10844000120A42700A88012A06D14A8882704A8834
:10845000120AC2700420704702208242FBD14A886F
:1084600004309A704A88120ADA708A881A718A88E7
:10847000120A5A71EFE710B50400012082420CD9AC
:108480004B780A781B0213432380834206D1CB78B2
:108490008A781B0213436380002010BD022BFBD19E
:1084A000CB788A781B02134363804B790A791B02CD
:1084B0001343A380F0E70B8803700B881B0A4370FB
:1084C0004B8883704B881B0AC3708B8803718B8821
:1084D0001B0A4371CB888371CB881B0AC3710820A8
:1084E000704703000120082A14D14A780878120244
:1084F00002431A80CA788878120202435A804A7965
:108500000879120202439A80CA79887912020243DA
:108510000020DA80704710B504000120022A05D13E
:1085200000204B780A781B021343238010BDF8B556
:10853000060010200F00150003F03EFB0400012090
:10854000002C0ED0A0230C22290023806780201D40
:10855000002D07D003F0C0FD2100300003F0E4FA45
:108560000020F8BD03F0A8FDF6E7F7B51E00009067
:1085700008AB142017001D78019103F01DFB041EA9
:1085800012D0A2230370019B47704380099B0571A1
:1085900046710C220830002B07D0190003F09CFD17
:1085A0002100009803F0C0FAF7BD099903F084FD9B
:1085B000F6E737B5041E0FD04388002B0CD00025FA
:1085C000C1881323007A172201950095FFF7CDFF8C
:1085D000FF2365806372257037BD000010B50C491C
:1085E00004004A88002A09D08B89002B05D000207E
:1085F000CB8A0222834201D010BD012213000A203F
:10860000434300204032C854C81842800472F3E744
:10861000EE64FF1F0023438003707047094B002165
:108620001A0010B55C88002C06D01C79844203D156
:108630000A234B43D01810BD01310A330329F1D16D
:108640000020F8E7EE64FF1F10B50400407A03F045
:1086500023FCFF23637210BD7047043010B580B255
:1086600003F082FA002803D00421494203F094FC6D
:1086700010BD000070B50025104CA0682580A581B4
:10868000A580A84202D003F08FFBA56000250C4C0A
:108690000C4B606D1D80230058331D70A84202D022
:1086A00003F082FB656500256068002801D003F0B7
:1086B0007BFB013508340A2DF6D170BDB465FF1F70
:1086C0005865FF1FA865FF1F70B5041E09D1054D31
:1086D0002880A881A880A868002802D003F064FB45
:1086E000AC6070BDB465FF1FF0B54B8885B00193D9
:1086F000002343600A7905000F00022A00D07BE0C6
:10870000CA88032A17D98B685E7819783602DC7814
:10871000D8790E4399781B7A24021B020C43034339
:1087200053495BBA0B80331D93421ED1042C04D0F5
:10873000631F022B0ED9012015E0019A4D4B120147
:10874000D35A002B06D00198FFF7BEFF4A4A13699F
:10875000013313610421B8682E812C80494203F053
:108760001BFC6860002005B0F0BD434D042C06D012
:10877000631F022B0FD9EB680133EB60DBE7019A33
:108780003C4B1201D35A002B05D00198FFF79CFFF8
:108790002B6901332B61374B30000293019B029A06
:1087A0001B010193002301998C468B5213006344F3
:1087B0009C8003939E81FFF750FF039B041E9860EB
:1087C00016D00421B868494203F0E6FBFA8801009C
:1087D000043A200003F080FC0199029AFB888A5A2F
:1087E000043B9B18029A8B522B6801332B60A2E743
:1087F000AB690133AB619EE71E4B0293019B1E01E7
:10880000029BF35A002B2DD002998C19A0680028E6
:1088100028D0012A26D1FA889B189BB27352A189CD
:10882000994217D39B1AC018B96803F055FC029BF4
:10883000A289F35A934200D07DE700222B81A388BE
:108840002B80A3686B60029BF2520B4A5368013382
:10885000536070E7084A9368013393600198FFF70B
:1088600033FF68E7044A536901335361F6E7C046B2
:108870001E65FF1FB465FF1F2465FF1F70B5051E31
:1088800015D10B4C0B4B1880230058331870606DBA
:10889000002802D003F088FA65652500503560682D
:1088A000002801D003F080FA0834AC42F7D170BD43
:1088B0005865FF1FA865FF1FF0B51700A12285B0FE
:1088C000920001934243394B06001B680C009B1831
:1088D000D933FF331D78FDF73DFF0430854204DDB9
:1088E0003000FDF737FF0430C5B2BD4207D33A0070
:1088F00000213000019B03F09FFA05B0F0BD290074
:10890000380003F039FA2300C6B250331E700393C7
:10891000019B29006365380003F0AEF8CBB20293E7
:10892000002B02D0039B01361E700026230050331B
:1089300003931B78B34204D8606D002831D1002026
:10894000DBE7029A2800002A04D0013B1000B34262
:1089500000D02800F700E719387003F0C5FA7860F6
:1089600000280ED03A78019903F0B6FB019A3B78C3
:108970000136D3180E4A0193D369F6B20133D3619D
:10898000D4E7039B18706065A74205D1084A1320FD
:10899000D36A0133D362B0E7606803F005FA0834A4
:1089A000F2E703F001FA00236365C8E73409FF1F0B
:1089B0002465FF1FF7B50D0007000421686803F068
:1089C000EBFA2B89040003702B891B0A43702B8858
:1089D00083702B881B0AC3702E8902250436F6B2D9
:1089E000F42E15D81B4B9F4214D10C2003F0E4F851
:1089F0001135011E0CD0902303708E3B0371043B94
:108A00004380154B8460C680187803F08DF80025EC
:108A10002800FEBD5C237B43104AD31800935833D3
:108A200001931B78002B0FD103003200380000990E
:108A3000FFF742FF019B05001B78002BE8D13800AF
:108A4000009903F031FBE3E7054A0725536A013338
:108A50005362DDE7FEFF00001C65FF1F5865FF1F26
:108A60002465FF1FF0B587B0009017200F00160097
:108A70000193FFF7F2FD1325041E18D00C98031E76
:108A800002D00199201D9847030AE370052303A92A
:108A9000A070043008812770009866700B804C60CD
:108AA000FFF788FF051E02D0200003F07DF92800A3
:108AB00007B0F0BDF0B587B01F000CAB1B78039179
:108AC000059301210DAB06001C78049200F0D6F846
:108AD0001425002821D02000FFF780FD0135041E59
:108AE0001BD01149059B0A7803700132D2B2131EC4
:108AF000C68001D101231A000B7022713000049B43
:108B000003990097FFF7AEFF051E09D1230021004E
:108B10000648074A093303F037F9280007B0F0BDCB
:108B2000002363802370F8E72065FF1FB3850011E1
:108B300030750000F8B505000E00064C064F23689E
:108B4000002B02D03100280098470434BC42F6D1F3
:108B5000F8BDC046C465FF1FD865FF1F0123064A44
:108B60005B425380002313715362044A13605360C5
:108B70009360D36013617047D865FF1FC465FF1F02
:108B80000200002310B506499C000859002801D1B5
:108B9000625010BD0133052BF6D11320F9E7C04612
:108BA000C465FF1F034A5388181A43425841404284
:108BB00010407047D865FF1FF0B585B002930AAB2F
:108BC0001F780CAB1B88009008000E0001920393E5
:108BD000FFF7E8FF05001120002D1BD10E48FFF71D
:108BE000E1FF04001520002C14D006220B99A77178
:108BF000E01D03F071FA019B30002371029B2900F4
:108C00006371009B66802370039B6562E381FFF7BD
:108C100091FF280005B0F0BDFFFF000010B5FFF781
:108C2000C1FF04000220002C12D060880121FFF750
:108C300081FF606A002801D003F0EEF828220021AD
:108C4000200003F039FA012300205B426380207189
:108C500010BD000030B5074A074C55880100137855
:108C60000020A54204D05B1A59424B4158421040A3
:108C700030BDC046D865FF1FFFFF0000084A10B591
:108C800001230C00904208D0FFF78CFF031E04D094
:108C9000037923405A1E9341DBB2180010BDC04631
:108CA000FEFF0000024B1879431E9841C0B2704786
:108CB000D865FF1F70B504000D001600FFF772FFA6
:108CC000002804D10F4B9C4200D0143070BD1023FB
:108CD0000279416A134000290AD10520002BF5D002
:108CE000897E0C20A9428941494249420840EDE76A
:108CF0000F20002BEAD09207F2D40A38002EEFD0D2
:108D0000E4E7C046FEFF0000030010B5002800D1D4
:108D100010BD0348034A41889142F9D09847F7E7CC
:108D2000D865FF1FFFFF0000002330B5C45CCD5C99
:108D30006C40D4540133102BF8D130BD0F230022E6
:108D400010B5C45C64002243CA54C25CD209013B22
:108D5000F7D210BD0200010010B52032103102F030
:108D6000D3FE10BDF0B58DB005901020079317000D
:108D7000069103F099F80190102003F095F8019BFB
:108D800013240290002B05D000280CD11324019845
:108D900003F042F8029B002B02D0180003F03CF8CD
:108DA00020000DB0F0BD102003F07EF8060010206A
:108DB00003F07AF813240500002E00D1B3E0002858
:108DC00019D01022002103F077F93200290005980C
:108DD00002F09AFE041E0ED133787F2B56D8300055
:108DE0000199FFF7ABFF019B1B787F2B58D80299A5
:108DF0000198FFF7A3FF300003F00EF8002D02D01A
:108E0000280003F009F8002CC1D1102003F04CF821
:108E10000600102003F048F80390002E00D180E0F7
:108E200000287CD03A0001210F3223001211049156
:108E300006D013B204930F233B405A4253411BB256
:108E4000049A013A1201002B34D0069BD2B2981832
:108E50000199039AFFF768FF10220021300003F008
:108E60002BF9049D069F013DADB22D017D19AF4246
:108E700042D0002C33D0300002F0CEFF039B002BF9
:108E800000D184E7180002F0C7FF80E72900300016
:108E9000FFF754FF28002649019AFFF745FFA2E794
:108EA00029000198FFF74AFF28002149029AFFF79D
:108EB0003BFFA0E70F2506993D408A1808A8D9B2C4
:108EC0008D4207D9D15C19540133102BF7D1039A85
:108ED0000299BFE7691A4F427941C901F3E73900A6
:108EE000300008AAFFF720FF3200059808A902F019
:108EF0000BFE10370400BAE7002CBCD130000399F8
:108F000008AAFFF711FF320008A9059802F0FCFD3E
:108F1000082204003100079803F0DEF8ABE71324C1
:108F2000A9E71324AAE7002800D069E72EE7C04686
:108F300020C30011F0B58BB00F0016000225009081
:108F400000283FD0002A3DD00B1DDBB21800029351
:108F500002F0AAFF1135041E34D0FDF73BFD0500D9
:108F60003A000099201D02F0DFFEEBB20393E3709C
:108F70002B0CDBB22F0A00936370FFB22B0E237011
:108F8000A7700193FDF720FD1022010006A802F052
:108F9000CBFE2100029A04AB06A8FFF7E3FE051EF4
:108FA0000DD1039B08223370009B04A9B370019B71
:108FB0007770F370301D02F0B7FEFDF711FD200051
:108FC00002F02AFF28000BB0F0BDF0B58FB00D0005
:108FD000149E039004920593002A03D102242000DA
:108FE0000FB0F0BD002EF9D00398FFF7DBFD14247D
:108FF000071EF4D07278337812021A43B3781B0438
:109000001343F27812061A43036A0192934201D382
:109010000133E3D1002D03D03B7901249B07DED53A
:109020000822002106A803F047F8059B1324043307
:10903000DBB21800029302F037FF051ECFD0059A6D
:109040000499043002F070FE04223100280002F07E
:109050006BFE3900102210310AA802F065FE2900CB
:10906000029A06AB0AA8FFF77DFE041E0FD1082264
:1090700006A908A802F058FE0822311D08A802F02F
:109080005BFE012807D101990398FDF7BDFC28007C
:1090900002F0C2FEA3E70124F9E7000070B51C4C02
:1090A00005002368181E10D0002D14D11A78002A4C
:1090B0000CD1981C083203F00FF802F085FE013540
:1090C000002808D123681D70012070BD0A331800E4
:1090D000082203F001F82368002BF5D0122002F0DB
:1090E0006BFD061E0DD0C12321680370457002314F
:1090F0001022023002F0F0FF23683100587802F0AD
:1091000013FD206802F088FE00232360DCE7C046E0
:109110000066FF1FF8B504002020FDF749FB0D4E47
:10912000A700BB590500002B0DD000280BD0D87824
:10913000FF2809D108492A000C55F3590748033381
:10914000611802F021FEF8BD290002F0B5FD0028EB
:10915000F0D1F8E71C66FF1F0466FF1F65A300112E
:1091600070B5064D84006359002B05D0D87802F005
:1091700093FEFF226359DA7070BDC0461C66FF1F64
:1091800070B506008CB00C00150000213022684636
:1091900002F092FF31001022684602F0C5FD1D204A
:1091A00021000322684402F0BFFD6846FFF7D2FDAC
:1091B0002D21040003222800694402F0B5FD20009F
:1091C0000CB070BDF0B50400170097B001931CAB54
:1091D0001D7830221EAB00910AA800211E7802F0F3
:1091E0006BFF2100102202AC0AA802F09DFD1022A4
:1091F0000021200002F060FF07223900200002F069
:1092000093FD07220199A01802F08EFD33005A1E2B
:109210009341A3732B005A1E93410021102206A8EC
:10922000E37302F049FF06221D9907A802F07CFDB6
:109230001A2006221F99001902F076FD10220099CB
:109240000EA802F071FD10230EAA11782078013BC0
:109250004140DBB2117001340132002BF5D10AA874
:10926000FFF778FD102212A904000EA802F034FFC7
:10927000102206AB0EA908781D78013A6840D2B2D8
:10928000087001330131002AF5D10AA8FFF762FD09
:10929000044310222098E4B212A902F045FD2000F8
:1092A00017B0F0BD70B50E0014008CB00100102294
:1092B00068461D0002F038FD3100082204A802F0C3
:1092C00033FD2100082206A802F02EFD6846FFF7B4
:1092D00041FD04001022280008A902F025FD20000D
:1092E0000CB070BDF8B506000D0000243719AC4273
:1092F00000D3F8BD02F0B8FB030A3B70631CDBB27D
:1093000001379D4203D90234F054E4B2EEE71C0069
:10931000EDE7F7B507000C000225002818D000295A
:1093200016D001AE03213000FFF7DCFF3F23B278F7
:1093300031001A400133134338002200B370FFF7A5
:109340001FFF051E04D103223100E01C02F0C4FE01
:109350002800FEBD03785807DA08C00FD20080004D
:109360009B0710439B0F1843C0B2704707230B4065
:10937000C908C9000B4303707047000070B50400B2
:10938000FFF7EEFE134DA4006359002B21D0186A9D
:10939000002801D002F040FD2B59986E002801D022
:1093A00002F03AFD2B59D86E002801D002F034FDAE
:1093B0002B59186F002801D002F02EFD2B59586F41
:1093C000002801D002F028FD285902F025FD0023D5
:1093D0002B5170BD1C66FF1F0E4B8000C35870B52B
:1093E0000C00002B0FD09D68002D0CD02B78201D79
:1093F0000B706B784B70A97CFFF7B8FF2B7E237244
:109400006B69E36070BD10220021200002F054FE61
:10941000F8E7C0461C66FF1F014B18607047C04646
:109420001866FF1F074A03008000825810B5002A03
:1094300006D0D088984203D1012901D1FFF79EFFC1
:1094400010BDC0461C66FF1FF0B5254E95B08700C5
:109450000B93BB590500099112200A92002B2FD0C3
:10946000D888FFF79FFB04001420002C28D0280088
:1094700010A9FFF7B1FFBB591E781F6A002E21D03B
:10948000FDF7E8FA07900020FDF7EAFA0890A579C1
:109490003800E61D10AF0CA900F0E2FA0EA9380062
:1094A00000F0D7FA0B9B0A990493089B0998019343
:1094B000079B0396009302950EAB0CAAFFF782FE62
:1094C00015B0F0BDFDF7C6FA05003000FDF7C8FA8B
:1094D000A37906000793E31D089310A8DBE7C046B5
:1094E0001C66FF1F30B50D4C85002A59030085B05E
:1094F0000120002A0DD018006946FFF76DFF2B5997
:10950000D8881B78002B06D0054B6A46072100F04F
:10951000DAFB05B030BD034BF7E7C0461C66FF1F02
:10952000539A0011619A001130B5094C85002959F0
:1095300085B010226846253102F0CEFD2A5911214E
:10954000044BD0886A4600F0BEFB05B030BDC04673
:109550001C66FF1FFD9A001130B5094C8500295982
:1095600085B010226846353102F0B6FD2A59112126
:10957000044BD0886A4600F0A6FB05B030BDC0465B
:109580001C66FF1F3B9B0011F8B54D4F8600102055
:10959000F4590D0002F088FCF3592062186A132276
:1095A00000286DD02900033A9C6802F095FDF3591C
:1095B000197800295AD1227D186A94466646027BA2
:1095C0000F0072400126324201D167463740227DAA
:1095D000B2433A432275077BD6B27A4000279207FE
:1095E00001D4B607F70F0226227D7F00B2433A432B
:1095F0002275067BD7B272400026B446520702D4C9
:109600007F07FA0F9446624604269700227DB243F4
:109610003A432275627D002794466646427B72403B
:109620000126324201D1674637400126627DB243AE
:109630003A436275477BD6B27A400027920701D43D
:10964000B607F70F0226627D7F00B2433A43627588
:10965000407BD6B242400020520701D47607F00F7B
:109660000426627D8000B243024362756A78002A54
:1096700008D06278002A05D005220533DA77002267
:109680001000F8BD04222879104205D1A07C1042B8
:1096900002D10533033AF1E720782C78002902D172
:1096A00002002000140018220428E9D8042CE7D86E
:1096B00005216143034A05335218125CDEE7C046B8
:1096C0001C66FF1F30C3001110B50A001121024BA8
:1096D00000F0F9FA10BDC046979B00110B0030B5A1
:1096E00087B001AD2B806B4604001100981D082245
:1096F00002F0F2FC2A000B212000024B00F0E3FAFA
:1097000007B030BDBF9B001110B50A001121024BFC
:1097100000F0D9FA10BDC046139C001137B56D4654
:109720000B0004001100681C06222B7002F0D4FC10
:109730006A4608212000024B00F0C5FA37BDC0463A
:10974000339C001110B50A001121024B00F0BBFA46
:1097500010BDC046839C00117FB505000B4BAA00CD
:10976000D4580800002C0FD0666F237FE288217840
:109770000396266F0296E66E0196A46E0094FDF79E
:10978000FFFB2800FFF7FAFD7FBDC0461C66FF1FE8
:1097900010B51721FFF7E0FF10BD000070B50A00FB
:1097A0000D00064B0221040000F08DFA0600297816
:1097B0002000FFF7D1FF300070BDC046639B001151
:1097C000F0B587B000236C462370836805001E78CF
:1097D000701E0A2857D801A902F0FEF90606313595
:1097E000393D4145494D5100180000F040F906232C
:1097F000122849D000281AD16888FFF7D3F9082326
:10980000002813D04279002A44D1254B1A78072327
:1098100012070BD5234B1A680723002A06D01768B6
:10982000002F03D0310001AAB8470300237023782A
:10983000002B2AD16888FFF76DFC07B0F0BD180037
:1098400000F06CF9D6E7180000F087F9D2E71800AD
:1098500000F093F9CEE7180000F0ADF9CAE7180060
:1098600000F0C3F9C6E7180000F0F6F9C2E71800E7
:1098700000F0F6F9BEE7180000F013FABAE7180096
:1098800000F013FAB6E70723237021006888FFF77A
:1098900085FFD2E70523012AC8D1034BBBE7C046A9
:1098A000A964FF1F1466FF1F1866FF1FF8B52C4F31
:1098B0008600F35904000D00002B40D0DA88824264
:1098C0003DD15A78062A33D11A78002A2ED00120A9
:1098D00099681A6A097D014206D0157B054203D0BA
:1098E00007225A700120F8BD0220014204D0157BE6
:1098F000054201D00922F4E70420014204D0127B82
:10990000024201D00B22ECE7164B1B68002BE9D07A
:109910005B68002BE6D020009847BB5900215B789C
:10992000122BDFD12000FFF717FFDBE70E4BECE730
:10993000112A04D1002900D032252900F2E7002D98
:1099400008D12000FFF72EF9002803D01023027958
:109950001343037121002800FDF792FAC2E7C046C5
:109960001C66FF1F1466FF1F1866FF1F70B50E4EA2
:109970008500AB590400002B13D01B78002B11D1AC
:109980000A4B1B68002B04D05B68002B01D0200021
:10999000984773595B78122B03D100212000FFF701
:1099A000DBFE70BD024BECE71C66FF1F1866FF1F55
:1099B0001466FF1F094B8000C3581020002B0CD0E9
:1099C0001A6A002A09D09B68002B06D0127A1B7EE7
:1099D000101C9A4200D9181CC0B270471C66FF1FA9
:1099E00070B503000D0014000220002A30D00029B9
:1099F0002ED013700B78081D53704B789370FFF7BF
:109A0000A9FCE070012002212B7A23716B7B0340BB
:109A100063716A7B0A401343042263716E7B1640B4
:109A2000334363716E7BF608F600334363712B7B1F
:109A30000340A371287B014000200B43A371297BC5
:109A40000A401343A3712A7BD208D2001343A371A7
:109A500070BD10B50A0001000120FFF7C1FF10BD65
:109A600010B50A0001000220FFF7BAFF10BD70B563
:109A700006000C000220002E30D000292ED0737872
:109A8000201D0B70B3784B70F178FFF76FFC01224B
:109A90003579257271794B100800134093401040BE
:109AA0000343881010408000C9080343C9000B43DA
:109AB0006373B1794B100800134093401040034387
:109AC000881002409200C9081343C9000B432120AB
:109AD0002373FCF76DFE854201D2122070BD222057
:109AE000257AFCF765FE8542F7D823781820042BE9
:109AF000F4D86378012BF1D80020EFE7030010B50C
:109B00000220002909D0002B07D00322481C0A702C
:109B100019000D3202F0E0FA002010BD030002220D
:109B2000080010B5002B06D0002904D00E32591CB5
:109B300002F0D2FA0022100010BD030010B502207E
:109B4000002909D0002B07D00422481C0A701900F4
:109B50000C3202F0C1FA002010BD10B5FFF7DEFF95
:109B600010BD03000220002906D0002B04D00522DE
:109B700000200A701B784B70704703000220002BF6
:109B800008D0002906D05B7800200B70013B082B21
:109B900000D918307047030010B50220002909D001
:109BA000002B07D00622481C0A7019000A3202F066
:109BB00093FA002010BD10B5FFF7B0FF10BD0200F2
:109BC0000B00022010B500290ED0002A0CD007216E
:109BD0001970118859701188090A99701118082292
:109BE000D81C02F079FA002010BD03000A00022000
:109BF00010B5002B0CD000290AD0997858780902AA
:109C000001431180901CD91C082202F065FA002043
:109C100010BD030010B50220002909D0002B07D089
:109C20000822481C0A701900921802F055FA002008
:109C300010BD02000B00022010B500290BD0002A35
:109C400009D009211970117818185970511C062271
:109C500002F042FA002010BD10B5FFF75FFF10BD03
:109C600002000B00022010B5002A09D0002907D0FD
:109C70005178197011180622581C02F02DFA002094
:109C800010BD030010B50220002909D0002B07D019
:109C90000A22481C0A701900063202F01DFA002040
:109CA00010BD10B5FFF73AFF10BD02000B000220F7
:109CB00010B5002A06D0002904D018005178FFF70B
:109CC00055FB002010BDF0B51F00062387B003AD83
:109CD00006000800298101922B80FEF7BEFC1324A8
:109CE000011E68600CD00198B847041E05D12900F8
:109CF0003000FEF76DFA041E02D0686802F054F8D6
:109D00003000FFF707FA200007B0F0BDF0B50400FF
:109D10008BB0019115000021102202A802F0CCF9AD
:109D2000334EA700B85900283CD0C388A34239D18C
:109D30000378002B36D14278062A18D102000100A0
:109D4000553235310C3006ABFFF7ACFA002829D17B
:109D50002000FFF72FFE020006A902A802F0BCF9BE
:109D6000200002A902F000F801200BB0F0BD816EC6
:109D7000002917D00B8A112A28D19D420ED10198B3
:109D80001231093A01F0D8FF012807D1BB59200050
:109D90009D6EFFF70FFE29000200DEE73221200052
:109DA000FFF7DAFC2000FEF7FDFE061E1BD0416A1D
:109DB000002918D00B8AAB4215D108220198123124
:109DC00001F0BAFF01280ED1716A0AE09D42E9D183
:109DD00008220198123101F0AFFF0128E2D1BB59EE
:109DE000996E8A7EB9E7200001F0A6FEBCE7C04666
:109DF0001C66FF1FF0B56E4D87007E5985B0337825
:109E000002900393002B00D085E0B368346A01937D
:109E10007078062817D101221B7D134202D0217BC6
:109E2000114218D10222134202D0217B114251D19A
:109E30000422134203D0237B134200D08EE0019B07
:109E40005A7DEB5982E007380428F8D801F0C4FEA7
:109E5000032E42658600B36E002B03D11C2002F056
:109E600023F8B066EB599C6E002C1CD01022002108
:109E7000200002F021F90298FFF79CFD010020006C
:109E8000FFF730FA01F0F0FD2082200008211230A7
:109E9000FFF728FA0298FFF78DFDA076EB59210015
:109EA000D888FFF711FC0822EB591CE0B36E002B99
:109EB00005D01A00198AF0881232FFF70FFC02222F
:109EC000019B197DEB59114250D0207B10424DD09F
:109ED000073208E0F488FCF7D5FD01002000FFF709
:109EE00013FC0A22EB595A705A78073A042A12D8FE
:109EF000D888FEF757FE002856D0C3895A08D218D2
:109F00002C49029B0298CB549B00EB584118043318
:109F1000294801F039FF05B0F0BDFCF79BFD0300B7
:109F20000120834201D100200393EB59DE88FCF726
:109F300097FD039902003000FFF7F0FB019AEB59FF
:109F4000117D0422114218D1019A527D01210A4249
:109F500018D0607B084215D00C22C4E7F688FCF7C5
:109F600033FD01003000FFF7EDFB68E704221142EA
:109F7000EAD0217B1142E7D0AAE7217B1142E3D04E
:109F80000B22B0E702210A4204D0607B084201D0D4
:109F90000E22A8E704210A4204D0627B0A4201D0C3
:109FA0001022A0E712229EE7FA225200A8E7C0463C
:109FB0001C66FF1F2066FF1F6FA3001110B5064B24
:109FC0001A780423100018401A4200D00348FFF703
:109FD00023FA002010BDC046A964FF1FE442FF1F02
:109FE00070B50400FFF7D0FA051E43D12000FFF73B
:109FF00079FA234EA400A0598268937CDB0708D528
:10A000000321036A1B790B40012B02D1017F0B4313
:10A010000377431DD97F8B1E022B0DD8022900D058
:10A020000121C088FCF784FF042133591A7F59703D
:10A030000A431A77280070BD01290CD1022310228F
:10A04000437000210C3002F037F8305910213530C0
:10A05000FFF748F9EEE70529ECD10223D118437048
:10A0600010220C3002F038F804233259117F0B43D0
:10A070001377EAE708251828DCD1053DDAE7C04662
:10A080001C66FF1FF0B58BB0059143887C4F9E0086
:10A09000F45915000493002C15D1012902D0002099
:10A0A0000BB0F0BD101D57781678FFF753F9EB6829
:10A0B000320002932B7A0499019300903B00200018
:10A0C000FCF700FFEBE7E388049A934201D00820F5
:10A0D000E6E72378012B00D1D0E0059B581E092824
:10A0E00000D9CBE001F078FD05CA0A29C8506C857B
:10A0F0009AB229000498FFF773FFD1E720002900E6
:10A100001022453001F0E8FFB9594B78042B02D1F9
:10A11000013B4B70C3E70B000A00253335320C318D
:10A120000498FFF791F90498FFF7FEF90522431E02
:10A130009841BB59C0005A70B2E720002900102294
:10A14000553001F0C9FF049B4D4C9D0029590498DE
:10A150000A0006AB55320C31FFF776F92959102267
:10A16000453106A801F0E8FD012808D10498FFF761
:10A17000F3F90590002804D106222B595A7005984E
:10A180008EE708230593FAE763780C2B76D1E36E0C
:10A19000002B03D11C2001F087FEE066BB59D86E6E
:10A1A00000286BD01022290001F096FFBB590498BB
:10A1B000DC6EFFF7FFFB0D22A076BB595A706EE7ED
:10A1C000E06E00285AD063780D2B57D12B880822D7
:10A1D0000382A91C123001F07FFFBB599A68517DA0
:10A1E0000222114226D0186A407B104222D00C3243
:10A1F000E4E763780E2B41D1236F002B03D11620A7
:10A2000001F052FE2067BB59186F002803D01022BE
:10A21000290001F061FF0F22BB59CFE763780F2BB4
:10A220002CD1206F0622691C103001F055FFBB595C
:10A230009A68517D0422114203D0196A497B114268
:10A24000D5D100210498FFF787FA28E7606F00282E
:10A2500008D1143001F028FEBB596067586F002800
:10A2600000D134E71022290001F036FF0122BB594A
:10A2700052425B6F1A61E4E72978E3E707200FE7B2
:10A280001C66FF1F10B5064C207001F0FDFE062174
:10A290002078FDF78DFF0348FEF772FC10BDC04625
:10A2A0002F66FF1F2594001100200BB270B50D0022
:10A2B000834216DA264B187801F02EFD041E0DD0CD
:10A2C0000378922B0ED0A02B37D0224B1878FF2882
:10A2D0003AD0210001F028FC002835D1802000026E
:10A2E000684070BD43780E2B0BD03E2BEDD18378A8
:10A2F000052B12D0082BE8D181798088FFF7D6FA98
:10A3000008E0154B82889A42DFD183681878591C7F
:10A31000FEF7C4FE0028D8D016E0104B1B785B0770
:10A3200012D50F4B1B68002B0ED09B68002B0BD057
:10A33000C289811D80889847ECE7FFF741FAA06841
:10A34000002801D001F030FD200001F03DFCC5E700
:10A350002F66FF1FDD42FF1F18200000A964FF1FAA
:10A360001866FF1F10B50078FFF712FA10BD10B580
:10A370000078FFF7FBFA10BD0C234343084A10B5E1
:10A380009B185A68002A03D0012901D1904710BDBB
:10A390009B68002BFBD00029F9D19847F7E7C0460E
:10A3A0004C66FF1F01238340094A10B5946B1C4380
:10A3B0009463506B98435063D46B200098430129F9
:10A3C00001D120001843D063116B0B43136310BD00
:10A3D00000800040F0B500240127154B85B0DA6BF2
:10A3E000144E03921A6C0192DA64019BE3403B42E3
:10A3F00017D0039DE5403D400295E5B20299280043
:10A40000FFF7BAFF316A736A002908D03900002BC0
:10A4100001D0029979402800FFF7C4FF01E0002B2A
:10A42000F9D101340C36172CDFD105B0F0BDC04690
:10A43000008000403066FF1F064B01215A68C24071
:10A440000A4204D01B68C3401800084070471B6DC7
:10A45000F9E7C046008000400122064B82400029F7
:10A4600003D0D9680A43DA607047D9689143D9604C
:10A47000FAE7C046003800400322424370B50F4D52
:10A48000AB189C785E780123361B0136B340013B44
:10A49000A340A140DB430C00122808D8525D0849B4
:10A4A00092005218116819402143116070BD054A8D
:10A4B00011680B4023431360F8E7C04677C30011CF
:10A4C00008F0004014F00040C21F70B5D4B206235B
:10A4D000092C0BD80125084C9540002908D00021F3
:10A4E000FFF7CAFF23682B4323600023180070BDC9
:10A4F0002368AB43F8E7C04600380040214BF0B575
:10A500001B185B78022B21D1032444431E4A1F4EA3
:10A51000A35C12199478012215008540B76B013CA9
:10A52000E4B23D43A240B563194C122815D89B00F4
:10A5300000290CD117495B1899680A439A600123D6
:10A54000205C154A834011680B431360F0BD11492C
:10A550005B18996891439960F1E70E4B00290DD182
:10A5600059690A435A61225C1328E8D00123203A32
:10A5700093400A49086803430B60E7E75969914330
:10A580005961F0E73066FF1F77C30011008000407B
:10A59000BCC3001100F00040A0F00040A4F0004057
:10A5A000F8B500241B4E1C4D1C4B1B5D012B1FD10D
:10A5B000194A9269E2401A420BD00122B2569340E6
:10A5C0002200143AD2B2022A09D815494A69134323
:10A5D0004B61013402360C35172CE5D1F8BD002251
:10A5E000B2560F499200521891680B439360F0E7FE
:10A5F000022BEED1E7B23800FFF71EFF01235840CF
:10A60000C1B23800FFF77AFF3800FFF715FF68770F
:10A61000DFE7C04649C300113066FF1F3166FF1FE8
:10A6200000F00040012202388240054B002903D08F
:10A6300059690A435A617047596991435961FAE768
:10A6400000380040F8B50E0001210F008740114A84
:10A650000400D368FD43BB43D360831E8B4201D803
:10A66000FFF7E0FF00212000FFF72EFF0A4A0B4B07
:10A670005168012E05D139431B1951605E700020CD
:10A68000F8BD2940516002221C1962709A69154078
:10A690009D61F4E700380040008000403066FF1FF5
:10A6A000012210B58240074B002906D019680A43E1
:10A6B0001A600121FFF7C6FF10BD196891431960A8
:10A6C000F7E7C046008000400C2370B500254343E7
:10A6D0000A4A29009B181D70094B04001B185D7065
:10A6E000FFF7B0FF0123A340064928000A681A4378
:10A6F0000A6005490A689A430A6070BD4C66FF1FEC
:10A700003066FF1F348000403080004070B5040088
:10A710000E00FF2813D003250540FFF7D5FF084A98
:10A72000A3089B009B183F22ED00AA40AE40196889
:10A7300020009143314319600121FFF78DFE70BD68
:10A7400018380040F8B50C244443134B0500E418B6
:10A750006368002B03D1A3681220002B1AD00222B9
:10A7600001270E4B00215B195A7028002770FFF754
:10A7700069FF63681E1E08D0A3683E00002B04D04A
:10A780002800FFF759FE4640F6B228003100FFF7D7
:10A7900009FE0020F8BDC0464C66FF1F3066FF1F53
:10A7A000F7B5C420FF222A4B800019580025914399
:10A7B0003F3A0A431A508022264E5202264F1A6010
:10A7C000264B5C5D002C22D0AB1E012B03D801214F
:10A7D000E8B2FFF727FF012C19D11E4B9B69EB4014
:10A7E000234214D0EBB218000193FFF725FE0100BD
:10A7F0000198FFF755FF0123FB569C40EBB2143B39
:10A80000E443022B1AD8164A536923405361337F1D
:10A81000002B0DD0ECB22000FFF794FF2000FFF7D3
:10A820000BFE737F0100834202D02000FFF7A4FDDE
:10A8300001350C360237172DC2D1F7BD0023FB5668
:10A84000074A9B009B189A6814409C60DFE7C0464B
:10A8500000E100E03066FF1F49C300113166FF1FB1
:10A8600000F0004070B50E0015000400FFF72CFF4B
:10A870000C236343094A20009B189D605E60FFF72C
:10A8800061FFF021064B074A8900051E5A5002D08D
:10A890002000FFF719FF280070BDC0464C66FF1F5F
:10A8A0000000FF1FD5A3001170B5134D07202C78B1
:10A8B000002C1FD1982221005200280001F0C4FB77
:10A8C0000123C420FF222B700C4B80001C635C63AF
:10A8D0000B4B1C605C600B4B195891433F3A0A4389
:10A8E0001A50802252021A600D20074A074901F0CF
:10A8F000DBF9200070BDC0463066FF1F00800040BD
:10A90000A0F0004000E100E0A1A70011A1A5001106
:10A91000F8B50600012826D00B220827164C012383
:10A920009340164A164DD3677301ED18287C002119
:10A93000FFF792FD0021687CFFF78EFD0025802344
:10A94000380023732571257025732572656001F029
:10A9500093FB380001F058FA0A4BAE4207D1EB22C4
:10A9600092009E50F8BD11221927074CD7E7F1221B
:10A9700092009D50F6E7C0460040004004E100E030
:10A98000E467FF1F0000FF1F00900040F0B587B094
:10A99000050001F0F9F804902800FFF7B9FF012D38
:10A9A00000D17DE00523042708260393444C063399
:10A9B0000193444B6A019B181A7CFF2A02D15B7CED
:10A9C000FF2B6BD0300001F047F9300001F054FB51
:10A9D0003C4B6A0102936B010593029B02219E1876
:10A9E000307CFFF749FD0221707CFFF745FD3900FF
:10A9F0000027307CFFF78AFE707C0399FFF786FE04
:10AA000027737169049B18114B08C01801F0B4F941
:10AA1000802327612373030ADBB22371F37EC0B264
:10AA20002070BB4244D01B232373029B6A019B18F6
:10AA30001A7E0123002A3DD0872222726360626859
:10AA40007F3313436A0194466360029B63449B7E99
:10AA5000002B03D002236268134363601A4A002D5F
:10AA60002AD1EB21194B89005350019B184A9B08AE
:10AA70009B009B180322019CC0202240FF24D2008F
:10AA8000944080001958A1438024944022000A4336
:10AA90001A500123019A93400D4A136007B0F0BD8C
:10AAA000092308270393DB1919260A4C019380E731
:10AAB0000323B9E72272C5E7F121074BD3E7C0466C
:10AAC00000400040E467FF1F0000FF1F411BFF1F05
:10AAD00000E100E000900040811BFF1F10B5002046
:10AAE000FFF754FF10BD10B50120FFF74FFF10BD59
:10AAF000F0B587B005930CAB1D78174F6E01F35D71
:10AB0000029002AC112003910492002B1ED1637AB3
:10AB10000C380193002B19D119002022F01901F0F3
:10AB200093FA0E4BF31807CC07C39C466246236882
:10AB300028001360FFF72AFF0123F355002D07D1EA
:10AB400029000820064A01F0AFF8002007B0F0BD48
:10AB50001920044A0199F6E7E467FF1FF467FF1F15
:10AB6000DDAA0011E7AA001170B50400FFF7D0FEBE
:10AB7000084D660120220021701901F065FA0023BA
:10AB8000082073559C4200D0192001F04DFA002096
:10AB900070BDC046E467FF1F70B51D0002240C297C
:10ABA00010D8094ACA40D2070CD5FBF70DFE041E87
:10ABB00008D1059A04992800FBF722FEFCF78EFCC9
:10ABC000FFF7FCF9200070BD1210000030B50D78C1
:10ABD00002232C009C43184201D02B431C00082563
:10ABE0002300AB43284201D02B00234320241D0027
:10ABF000A543204201D01C4325002A230D70184292
:10AC000004D011781E3B0B43137030BD0028FCD1DB
:10AC10000C2113788B43F7E7F8B51D0006AB1B88B2
:10AC2000140007AA0E000B201778002B27D10A78F2
:10AC3000022A49D14A68507811780002244A084310
:10AC40008018042840D800F0C7FF03121D1B230002
:10AC5000F06801F0D1F9021CC0B2B84200D93A1C28
:10AC6000D2B22000F1682A8001F036FA06E0022212
:10AC7000F3681B882A8023701B0A63700020F8BDCC
:10AC80000622EEE701232B80F3681B782370F5E79B
:10AC9000F368002B16D008222A801A8822701A889E
:10ACA000120A62705A88A2705A88120AE2709A8850
:10ACB00022719A88120A6271DA88A271DB881B0AF3
:10ACC000E371DBE72B80D9E701202B80D7E7C04673
:10ACD00000D6FFFFF7B516000A781D0008AB1F88E5
:10ACE0000C000123022A18D14A685078117800021A
:10ACF0002B4A0843801803280FD800F06DFF022567
:10AD00004439E06801F078F9C0B20723B84204D3AF
:10AD10007B190193152B02DD0D231800FEBDE068A1
:10AD20002A003100C01901F0D7F96B4600209B883A
:10AD3000E268D0541B4B1B68834203D01B688342DC
:10AD400000D098470023E8E70B23002FE5D1022D20
:10AD5000E2D1737832781B021343E2681380114BFF
:10AD60001B68002BEED01B68002BEBD00120E8E71E
:10AD70000B23002FD1D1062DCED12A003100E0685F
:10AD800001F0AAF9DEE70B23002FC6D1012DC3D1B4
:10AD900032787533012AC0D8E3681A70D2E7C0460A
:10ADA00000D6FFFF3C68FF1F70B50C001500072898
:10ADB00037D800F011FF041436361B36242E182025
:10ADC00015290BD8184E16220021300001F074F915
:10ADD00022002900300001F07FF9002070BD18200A
:10ADE0000229FBD11288114B1A80F6E71820082996
:10ADF000F4D10A000E48290001F07EF8EDE7182092
:10AE00000129EBD10B4B10780B49DA69FFF7DEFE15
:10AE1000E3E718200129E1D1064B10780749DA6BE6
:10AE2000F4E70220DAE7C0462468FF1F8643FF1FCD
:10AE30007C43FF1F0C43FF1F3443FF1F5443FF1F7E
:10AE4000030010B50020DB0704D50721024A0348A0
:10AE500000F08CF810BDC046D4C300110C43FF1F96
:10AE6000054A03001068002803D082889A4201D165
:10AE7000806870470068F6E7346AFF1F0A8803009D
:10AE800008009A4204D08A8804309A4200D00020F8
:10AE90007047000073B506006846150001960180F2
:10AEA000FCF74EFE041E11D1002D0FD07689002E26
:10AEB00011D00C2000F0F8FF00280ED0084A0460E2
:10AEC000136886808560002B02D11060200076BD5B
:10AED0001A001B68F7E70224F8E71324F6E7C046D8
:10AEE000346AFF1FF8B5F22200230D4F0D4E79682A
:10AEF000050042433370994200D07B600A4C002128
:10AF0000200001F0D9F800231A007C609D4201D195
:10AF10003570F8BD01332280DBB2F234F6E7C0466B
:10AF20002C6BFF1F2A6BFF1F386AFF1F01210022B5
:10AF30000A4B10B549420A4C198099809A719A704F
:10AF4000084B2070012019805A60FFF7CBFF207852
:10AF5000FCF754FE0448FDF713FE10BD4468FF1FC4
:10AF6000346BFF1F2C6BFF1F19B00011022310B5AB
:10AF7000002802D0FFF78EFF0300180010BD00006C
:10AF8000030010B50020DB0704D50421024A034862
:10AF9000FFF780FF10BDC046E8C300118C43FF1FC0
:10AFA000F0B50E2687B003930CAB1F8802ABF618E2
:10AFB0000500080031000292FCF74AFF040001205E
:10AFC000002C0FD03088FFF74BFF03000E20002B22
:10AFD00008D05E68002E05D021002800039B029A4D
:10AFE0000097B04707B0F0BD0A4B10B5984207D1A3
:10AFF0000122002352420A808B708A808B7110BD1F
:10B00000FFF73CFF0028FAD001235B4203800023B6
:10B010008370F4E7FFFF0000F8B5050001290AD1AD
:10B02000134E00243388F227AB4219D0280011496F
:10B03000FFF7DAFF06E0022904D10139FDF71EFE11
:10B040000028EDD0F8BD3B0063437268D018D35A96
:10B05000002B09D03A00002101F02EF80134E4B2AF
:10B06000054B1B78A342EED801235B423380DDE71A
:10B070002C6BFF1F4468FF1F2A6BFF1F10B5FFF7E3
:10B08000FDFE03000020834200D0987810BD000030
:10B09000F0B589B01C000EAB80CB03901E8810ABBE
:10B0A0001B78049202930B7A0D00DB0616D42B78E2
:10B0B0000593022B24D00498FFF7D2FE002812D06B
:10B0C00003689C46002B0ED0029B220001932900AE
:10B0D0003B00644603980096A04705E00498FFF7FC
:10B0E000BFFE002802D10E2009B0F0BD8368002BFE
:10B0F000F9D00A222900039898470028D7D0F3E70F
:10B100006B6858781A786A4B000210439842D2D87C
:10B11000043B984210D2674B984242D015D8664BF8
:10B12000C0180128C7D80B20002EDDD1EB681A7893
:10B1300059683A80200028E0604BC018032800D9E5
:10B1400078E000F049FD836A779D5D4B9842B2D16B
:10B150000B20002EC8D101233B80EB6831001B7807
:10B1600023706889013080B2FCF772FE3A88031EB2
:10B170000ED0017802328A183A8042896270428980
:10B18000120AA27059680278E01C00F0A5FF06E0E0
:10B1900004323A8031000422601C00F08DFF002050
:10B1A000A2E70B20002E9FD1EB6807A91E8804237D
:10B1B0003B80330A300026706370FCF749FE051EA1
:10B1C00028D004AB9A890E2304A95B183D49C668B0
:10B1D000FCF7B2FE00280BD12B783B486A68059932
:10B1E000FBF764FA002803D1012304AA5B42D38150
:10B1F0003278022A06D17168201D00F06DFF3B886D
:10B2000002333B800E2304AA9B181B88A3701B0AE1
:10B21000E370C4E704ABDE81F4E70B20002E00D01E
:10B2200062E7E9680398FFF729FF02233B8020705B
:10B230006670B4E70B20002E00D055E70222EB68C1
:10B240001B883A8023701B0A6370A8E7E86800F047
:10B25000D3FEC2B203000720B24200D244E70DD0B1
:10B260000299DBB27118994202DB921BD3B20293AE
:10B27000029BE9681A003B8089195BE70023F6E727
:10B280000B20002E00D02FE70722EB683A801A78B7
:10B2900022705A7862705A88A2705A88120AE27034
:10B2A0001A792271DA886271DB881B0AA37176E74A
:10B2B000042900000228000000D8FFFFFFD6FFFF8E
:10B2C00003280000FFFF000018C30011F0B58DB087
:10B2D0006B460020089120229B5E83423DDAA54BFD
:10B2E000187800F019FD071E32D00378B02B2CD14E
:10B2F0000079023816281FD800F0EEFD17001E0056
:10B300001E001E0031001E0094001E001B011E00C6
:10B3100050011E0071011E00CB011E0050021E00D4
:10B320001E001E008E021E00B902934B93491B881B
:10B3300078880B80FAF7FCFE3800FCF77FFE904B14
:10B340001B68002B01D038009847380000F03CFC07
:10B350008020089B0002434018000DB0F0BDEE2293
:10B360000021864800F0A8FE0BAA3B7B798938892A
:10B3700000923A000D32FCF77FFC04007F4B1B78F3
:10B38000002C3DD144E07F4B7888059306AB9A8A28
:10B390007D4B4100CB5A7D4E073BDBB2029300232D
:10B3A000210001930096059BFFF772FE734D002864
:10B3B0000FD133883A8A9A420BD13800059912305E
:10B3C00000F0BAFC002804D02B7862899B00EB18AF
:10B3D0005A80162606ABF6189A8A2000330079891F
:10B3E000FCF7AAFD2B7804009A00AA1851880029BE
:10B3F000C4D00133DBB22B70002806D03188918095
:10B40000634A12889A42BED802E0012149429180E3
:10B41000002B04D059497888FAF7BEFE8CE73E89A4
:10B420000A2479E000253E89574B06937B88069ACB
:10B430005B009B5A033B9D4202DB002DF0D05BE09A
:10B44000162206A812183B7B798900923A00300038
:10B450000D32FCF711FC0590002858D04689017A7E
:10B460007888FCF7D1FB041E44D1464B78880793BB
:10B47000069B4100C95A454B0439C9B206AAD28A73
:10B4800006930291019400930599079BFFF700FE34
:10B49000041E2FD1069B39491A88931C002D26D1F2
:10B4A0004B807988384B4900CB5A5119033B8B426A
:10B4B00020DD059B31485B8941190B71A91C0135C1
:10B4C000C9B2EDB2059145191B0A2B71059B2D4997
:10B4D0000433181800F000FE2C4B059A1B88D31873
:10B4E000DDB22C4B9E4205D00136B6B29CE74988AE
:10B4F0009942D6D0002D0CD0204C2800618800F055
:10B5000053FD207021007888FAF756FE14E7059C59
:10B51000F0E7002C00D183E77B78142B00D10BE7F8
:10B5200016493B794E800B700C717888FAF7F6FD5E
:10B5300002E7162406ABE41821003889FCF788FCE2
:10B54000011E00D18FE1788822880F4C45002C5BCA
:10B550000A4D013CE4B2029400240F4B0194009583
:10B56000FFF796FD041E00D016E129007888FAF74F
:10B5700033FEE1E6346BFF1F7C42FF1F4C68FF1F68
:10B580004068FF1F4069FF1F7C64FF1F306AFF1F78
:10B590007A42FF1FFFFF00004E68FF1F162406AB14
:10B5A000E41821003889FCF753FC011E00D15AE150
:10B5B00078882288B24C45002C5BB24D013CE4B245
:10B5C00002947C89B04B01940095FFF761FD041E45
:10B5D00000D0E1E029007888FAF708FEACE6002503
:10B5E000A84B1D803B00F6331B78A64A788807924B
:10B5F000AB4208D9A24B12880693069943005B5AC6
:10B60000013B9A4203DB0799FAF7FAFD94E6162408
:10B610006B00FB18059306ABE418059B2100188905
:10B62000FCF716FC011E03D1059B01241E8973E75C
:10B630007888964B2288069C099343001B5B944EA6
:10B64000013BDBB20293002300960193099BFFF7B5
:10B650001FFD041E02D0059B1E895DE77B88069AAC
:10B660005B009B5A079A1088328881188B4203DC52
:10B670001B1A013B9AB23280824C023009990019A0
:10B6800000F02AFD2388328801359B182380EDB213
:10B69000A8E70BAA3B7B7989388900923A000D32E2
:10B6A000FCF7EAFA00250600002E04D10A24002D3A
:10B6B00000D171E063E0317A7888FCF7A5FA0100E7
:10B6C000041E67D16E4C714B788805940793059BD7
:10B6D0004400E45A6E4B063CE4B206AA928A0693F2
:10B6E0000294019100933100079BFFF7D1FC041EE7
:10B6F00050D1069B634A1B88002D34D104335380FC
:10B70000604C728963191A716B1C9BB2E318120AA0
:10B710001A7106AB9A8A162306A81B18798930007D
:10B72000FCF70AFCFF212B1DAA1C9BB203350593D5
:10B7300006000B0092B2ADB2002803D006ABDB8A44
:10B74000D9B21B0AA218651911712B71059B504DB6
:10B75000181D2A884D49201800F0BEFC2B88059A38
:10B76000D3189DB2A0E751881A1D914207D17A885B
:10B7700005995200525AEB18053A9A42C0DC414CE6
:10B780002800618800F0F8FA207021007888FAF724
:10B7900041FDD1E5002DF2D13E89BDE6162606AB6E
:10B7A000F61831003889FCF753FB3D000400FA35E8
:10B7B00000282DD0037A9B060CD400227B8939897E
:10B7C000788800923A000C32FFF7EAFB041E10D092
:10B7D0003E8915E03088FFF743FB00281AD08368C4
:10B7E000002B17D02100122278889847041EE4D03D
:10B7F000EEE72B78002B02D17888FAF71BFD0026A4
:10B800002B78002B00D097E5002C00D194E583E63F
:10B810000124DDE70E24DBE7162506ABED18290031
:10B820003889FCF715FB041E1DD0037A9B0609D44A
:10B83000184B7A8819888A4263D0174881425FD0B2
:10B840000924A9E72888FFF70BFB00280DD083689F
:10B85000002B0AD02100122278889847041EE7D0D6
:10B860009AE7100053E0012496E70E2494E7094B71
:10B870007A881B889A423FD07888FAF7EDFC5BE51E
:10B880007C64FF1F4C68FF1F4E68FF1F4069FF1F4D
:10B89000306AFF1F2C6BFF1FFFFF0000F22305988B
:10B8A00051684343CD18C95A00291FD03B7A012B58
:10B8B0000BD16C88AB887888AA1D0094FFF770FBC9
:10B8C000041E02D000233B722E88F22200212800A1
:10B8D00000F0F2FB00232B80059B0133DBB20593C4
:10B8E000144B05991B78144A8B42D7D801235B422D
:10B8F0001380002CC0D00FE6002634000596EFE739
:10B900001A8058680B4B1A78F22353431B1898423D
:10B9100096D002000188F2320029A2D13C000834FE
:10B920002100F22200F0D8FB21007888FAF78AFC87
:10B9300002E5C0462A6BFF1F2C6BFF1F70B5040089
:10B940000E001500FFF79AFA031E08D131000548D2
:10B95000FFF794FA03001120002B02D01C80002076
:10B960009D7070BDFFFF0000F8B50B4F06003B78DF
:10B970000D001400FF2B0ED00A2000F01DF9011E4F
:10B9800009D0B1230380002346800371C580048160
:10B99000387800F0C9F8F8BDCD43FF1FF8B50F00A7
:10B9A00006A90600088807A90B25098800281FD1C9
:10B9B0000235022B1CD15478137824021C43230037
:10B9C00073358B4314D1FD6830002900FFF756FB17
:10B9D00084420CD0290022003000FFF7AFFF112570
:10B9E000002805D1220030007989FFF7BDFF00252E
:10B9F0002800F8BDF0B50E7885B003900AA8058838
:10BA00000120022E0DD14C682778647824023C4333
:10BA1000054FBC4205D10398DBB201960095FFF7B4
:10BA2000BDFF05B0F0BDC04602290000034B10B5B4
:10BA30001B68002B00D09847FEE7C046386BFF1FFD
:10BA400007B501A8FFF7F2FF044A05480021121AC2
:10BA500000F0FAFAF7F71CFFFEE7C0463C6BFF1F49
:10BA6000D043FF1F0000000001B40248844601BC1F
:10BA7000604700BF2951010001B40248844601BC5F
:10BA8000604700BF090E000001B40248844601BCB3
:10BA9000604700BF0124000001B40248844601BC95
:10BAA000604700BF5D17000001B40248844601BC36
:10BAB000604700BFF136FF1F01B40248844601BC55
:10BAC000604700BFE117000001B40248844601BC92
:10BAD000604700BF8D12000001B40248844601BCDB
:10BAE000604700BF0D52010001B40248844601BC0A
:10BAF000604700BF8552010001B40248844601BC82
:10BB0000604700BF2136FF1F01B40248844601BCD4
:10BB1000604700BFE548000001B40248844601BC0C
:10BB2000604700BFF94C010001B40248844601BCE3
:10BB3000604700BF594F010001B40248844601BC70
:10BB4000604700BF091B000001B40248844601BCE5
:10BB5000604700BFAD38FF1F01B40248844601BCF6
:10BB6000604700BF9938FF1F01B40248844601BCFA
:10BB7000604700BFE928000001B40248844601BCC8
:10BB8000604700BF5522000001B40248844601BC52
:10BB9000604700BFD1A5000001B40248844601BC43
:10BBA000604700BFF919FF1F01B40248844601BC79
:10BBB000604700BFBD3AFF1F01B40248844601BC84
:10BBC000604700BF1D4D010001B40248844601BC1E
:10BBD000604700BF434D010001B40248844601BCE8
:10BBE000604700BFD13AFF1F01B40248844601BC40
:10BBF000604700BFC51D000001B40248844601BC77
:10BC0000604700BF456B010001B40248844601BC97
:10BC1000604700BFB352010001B40248844601BC32
:10BC2000604700BFA537FF1F01B40248844601BC2E
:10BC3000604700BF4D3AFF1F01B40248844601BC73
:10BC4000604700BF055E000001B40248844601BCA5
:10BC5000604700BFC56D010001B40248844601BCC5
:10BC6000604700BFE538FF1F01B40248844601BCAD
:10BC7000604700BF75A9000001B40248844601BCBA
:10BC8000604700BF2124000001B40248844601BC83
:10BC9000604700BF793AFF1F01B40248844601BCE7
:10BCA000604700BFADAE000001B40248844601BC4D
:10BCB000604700BF5930FF1F01B40248844601BCF1
:10BCC000604700BF5147010001B40248844601BCEF
:10BCD000604700BF3555000001B40248844601BCEE
:10BCE000604700BFEDA5000001B40248844601BCD6
:10BCF000604700BF056A000001B40248844601BCE9
:10BD0000604700BFED4A010001B40248844601BC0F
:10BD1000604700BFC94A010001B40248844601BC23
:10BD2000604700BFF54E010001B40248844601BCE3
:10BD3000604700BF4551010001B40248844601BC80
:10BD4000604700BFCD4C010001B40248844601BCED
:10BD5000604700BF1530FF1F01B40248844601BC94
:10BD6000604700BF7D2DFF1F01B40248844601BC1F
:10BD7000604700BF311B000001B40248844601BC8B
:10BD8000604700BF090E000001B40248844601BCB0
:10BD9000604700BFA946010001B40248844601BCC7
:10BDA000604700BFC9A9000001B40248844601BC35
:10BDB000604700BFD949010001B40248844601BC74
:10BDC000604700BFD139FF1F01B40248844601BC5F
:10BDD000604700BFD91B000001B40248844601BC83
:10BDE000604700BF4D1F000001B40248844601BCFB
:10BDF000604700BFF135FF1F01B40248844601BC13
:10BE0000604700BFD52FFF1F01B40248844601BC24
:10BE1000604700BF2539FF1F01B40248844601BCBA
:10BE2000604700BF014C010001B40248844601BCD8
:10BE3000604700BF8B52010001B40248844601BC38
:10BE4000604700BF0519FF1F01B40248844601BCCA
:10BE5000604700BFBD2FFF1F01B40248844601BCEC
:10BE6000604700BF1D4B010001B40248844601BC7D
:10BE7000604700BFC521000001B40248844601BCF0
:10BE8000604700BFDD66010001B40248844601BC82
:10BE9000604700BF2146010001B40248844601BC4E
:10BEA000604700BF1147010001B40248844601BC4D
:10BEB000604700BF3D4B010001B40248844601BC0D
:10BEC000604700BFB933FF1F01B40248844601BC7C
:10BED000604700BF7918000001B40248844601BCE5
:10BEE000604700BFE53AFF1F01B40248844601BC29
:10BEF000604700BF017F000001B40248844601BCD6
:10BF0000604700BF810E000001B40248844601BCB6
:10BF1000604700BFA54F010001B40248844601BC40
:10BF2000604700BF691F000001B40248844601BC9D
:10BF3000604700BFB14E000001B40248844601BC16
:10BF4000604700BF8932FF1F01B40248844601BC2C
:10BF5000604700BF9DA9000001B40248844601BCAF
:10BF6000604700BF851F000001B40248844601BC41
:10BF7000604700BF5125000001B40248844601BC5F
:10BF8000604700BF291C000001B40248844601BC80
:10BF9000604700BF2526000001B40248844601BC6A
:10BFA000604700BF5549010001B40248844601BC06
:10BFB000604700BF350E000001B40248844601BC52
:10BFC000604700BF6571010001B40248844601BCAE
:10BFD000604700BF156B010001B40248844601BCF4
:10BFE000604700BF5952010001B40248844601BCB9
:10BFF000604700BF3D18000001B40248844601BC00
:10C00000604700BFDD52010001B40248844601BC14
:10C01000604700BFFD35FF1F01B40248844601BCE4
:10C02000604700BF4932FF1F01B40248844601BC8B
:10C03000604700BFA530FF1F01B40248844601BC21
:10C04000604700BFA13AFF1F01B40248844601BC0B
:10C05000604700BFB70E000001B40248844601BC2F
:10C06000604700BFB54C010001B40248844601BCE2
:10C07000604700BF4550000001B40248844601BC3F
:10C08000604700BF6539FF1F01B40248844601BC08
:10C09000604700BFC926000001B40248844601BCC5
:10C0A000604700BF6DBC000001B40248844601BC7B
:10C0B000604700BF3119FF1F01B40248844601BC2C
:10C0C000604700BF154D010001B40248844601BC21
:10C0D000604700BFF30E000001B40248844601BC73
:08C0E000604700BFE94C0100BC
:10C0E8000003010302030303040305030602070216
:10C0F800080309030A030B030C030D030E030F03C4
:10C10800100311031303140315031603013C001154
:10C11800353C001100000000020000002AC1001197
:10C12800192A0F180A000000F1590000FD24000028
:10C13800414601008D820011A9A20011E976001183
:10C14800918000119D580011CDB200113D5400118D
:10C15800353E00115D3F001100000000161600007A
:10C168000200000074C10011F4FFF3FFD2FC0000CC
:10C178009D4000110000000000000000496E6B6245
:10C18800697264004942532D5632320030303031E2
:10C19800006769746875622E636F6D2F6366626CE1
:10C1A8006165622F696E6B626972645F6962735F51
:10C1B80074683270004942535448325000000000FD
:10C1C80002000000DCC10011292A282A272A262A71
:10C1D800252A242A0A1800007440000010270000AD
:10C1E80060F000000400000006640000204E00001B
:10C1F80000000000060000005C440000102700005A
:10C208006CEE000007000000050000001F501D1024
:10C21800023CB40000012C00210000008102000053
:10C228003031323334353637383941424344454664
:10C2380000000000A15C0011F55C00110000000086
:10C248000200000054C200116F2A6E2A1A1800005A
:10C2580001A00000000000006410B71DC8206E3B5C
:10C26800AC30D9269041DC76F4516B6B5861B24DF5
:10C278003C7105502083B8ED44930FF0E8A3D6D65F
:10C288008CB361CBB0C2649BD4D2D38678E20AA0C7
:10C298001CF2BDBDFB349B5F8000008000100000D5
:10C2A80000000000F3620011757900111763001196
:10C2B800817D00119B630011577D001111640011ED
:10C2C8002D7D001163640011FD7E0011CB64001107
:10C2D800FD7E0011FD640011B77E0011116400118C
:10C2E800E57C001189640011957E001100000000B2
:10C2F800000000006F650011957E0011D1650011E6
:10C308008D790011052A042A012A002A0229032806
:10C318000128002801180018000000000000000093
:10C328000000000000000087010102010201010273
:10C3380001020303040103010101010103030201D6
:10C3480003000D000E001000110013001401070176
:10C3580008010A010B011C011D0204020502070263
:10C36800080219021A021C021D0301030203170026
:10C378000201000504000807000B0A001716001D3B
:10C388001C010201010504010E0D01111001141315
:10C39800011716011A19020201020B0A020E0D02F8
:10C3A8001110021413021716030504030807030BE0
:10C3B8000A030E0D0001020307090A0B0E0F1011E4
:10C3C80012141718191A1B1F2021220019AC00116A
:10C3D800D5AC001100000000020000001EC30011CF
:10C3E80000000000F5B90011000000000200000084
:04C3F8001CC3001151
:020000041FFFDC
:10000000000000009D3D001130C100112CC1001105
:10001000E460FF1F0000000000000000000000007E
:1000200000000000000000000000000000000000D0
:1000300000000000000000000000000000000000C0
:1000400000000000000000000000000000000000B0
:1000500000000000000000000000000000000000A0
:100060000000000000000000000000000000000090
:100070000000000000000000000000000000000080
:100080000000000000000000000000000000000070
:100090000000000000000000000000000000000060
:1000A0000000000000000000000000000000000050
:1000B0000000000000000000000000000000000040
:1000C0000000000000000000000000000000000030
:1000D0000000000000000000000000000000000020
:1000E0000000000000000000000000000000000010
:1000F0000000000000000000000000000000000000
:1001000000000000000000000000000000000000EF
:1001100000000000000000000000000000000000DF
:1001200000000000000000000000000000000000CF
:1001300000000000000000000000000000000000BF
:1001400000000000000000000000000000000000AF
:10015000000000000000000000000000000000009F
:10016000000000000000000000000000000000008F
:10017000000000000000000000000000000000007F
:10018000000000000000000000000000000000006F
:10019000AD32FF1FF530FF1FC166010000000000F7
:1001A000000000000000000000000000000000004F
:1001B000000000000000000000000000000000003F
:1001C000000000000000000000000000000000002F
:1001D000000000000000000000000000000000001F
:1001E000000000000000000000000000000000000F
:1001F00000000000000000000000000000000000FF
:1002000000000000000000000000000000000000EE
:1002100000000000000000000000000000000000DE
:1002200000000000000000000000000000000000CE
:1002300000000000000000000000000000000000BE
:1002400000000000000000000000000000000000AE
:10025000000000000000000000000000000000009E
:10026000000000000000000000000000000000008E
:10027000000000000000000000000000000000007E
:10028000000000000000000000000000000000006E
:10029000000000000000000000000000000000005E
:1002A000000000000000000000000000000000004E
:1002B000000000000000000000000000000000003E
:1002C000000000000000000000000000000000002E
:1002D000000000000000000000000000000000001E
:1002E000000000000000000000000000000000000E
:1002F00000000000000000000000000000000000FE
:1003000000000000000000000000000000000000ED
:1003100000000000000000000000000000000000DD
:1003200000000000000000000000000000000000CD
:1003300000000000000000000000000000000000BD
:1003400000000000000000000000000000000000AD
:10035000000000000000000000000000000000009D
:10036000000000000000000000000000000000008D
:1003700041BA001100000000000000000000000071
:10038000000000000000000000000000000000006D
:10039000000000000000000000000000000000005D
:1003A000000000000000000000000000411BFF1FD3
:1003B000000000000000000000000000000000003D
:1003C000000000000000000000000000000000002D
:1003D000000000000000000000000000000000001D
:1003E000000000000000000000000000000000000D
:1003F00000000000000000000000000000000000FD
:08183800406FFF1F4118FF1F64
:10184000024981F3088802F0D7F90000406FFF1FBA
:1018500070B500241E491F4A1F484C6308CA1B0567
:101860001B0DE4188242F9D11C4B80228B630021AE
:1018700009201B4B920519621A4B1B4DDA671B4B53
:10188000DA688243DA609A68194802409A60112047
:10189000296002F067F8112002F044F880226B6C96
:1018A000112093436B64EE23DB006343114A1B0C4E
:1018B000D3800122104B9A7201F0ACFB0F4B1B78C6
:1018C000002B04D10E4B1021187802F04DFA70BD98
:1018D000000005408805054000060540FF010000A6
:1018E00000F0004004E100E0003800403CF000401F
:1018F000FFDFFFFFD060FF1F6861FF1F2E64FF1F27
:101900002F62FF1F10B502F05FFB072804D01228DA
:1019100008D0022808D010BD044A0420136B0133FC
:101920001363F8E70220F6E71420F4E72465FF1FAD
:10193000F8B507000C0026002500503630785135E8
:10194000002804D10300287058342370F8BD29788A
:10195000CA00481E8141A3183800A25C5B68C9B266
:10196000FFF7D0FF00280DD12B78DA00A218013341
:1019700050602B703378044A013B3370136A013393
:101980001362D8E70123DFE72465FF1F5C2343438D
:10199000074910B5C9180B0058331B78012B05D126
:1019A000FFF7C6FF034A936A0133936210BDC04636
:1019B0005865FF1F2465FF1F10B502F0ADF9064AF8
:1019C0000121130010CB4942D967044B136002F088
:1019D000A3FA200010BDC04600E100E01000100096
:1019E00010B5040002F098F9024B1C6002F094FA62
:1019F00010BDC04600E100E010B5040002F08CF913
:101A00004021094A200013688B43136000F07EFADE
:101A100001F02EFC0022054B01201A60044B043219
:101A20001A6002F001FAFEE71CF00040C4F000402A
:101A3000C0F00040431E5A425341A022F0B5D201EB
:101A40005B421340144E154A40019B183218127E17
:101A50008BB00191002A19D01A000832D46F0022ED
:101A6000E5B206AFE4B294420CDC3018C369002B37
:101A700006D0019A03A8027006AA42600572984730
:101A80000BB0F0BD1978B9540132ECE71A7D1A7821
:101A900006AB01251A70E8E7E467FF1F004000402D
:101AA0007FB5244B4101CA5C0400002A2AD05A1891
:101AB000107E002826D0907E002823D0107902289E
:101AC00020D11689D588701B80B2021C102800D93D
:101AD000102292B2AE4216D1591801230B71002385
:101AE000CA69CB800B819A4206D0684603210373F2
:101AF0000171029301A890470820002C00D0192002
:101B000001F088FA7FBD013C60424441A02064425C
:101B1000C001044008485B1824180848DD680633F3
:101B2000013A92B28242EDD019884E1C1E80695C47
:101B30002170F5E7E467FF1F00400040FFFF000051
:101B40000F220E4B10B59868104002380A280BD8A7
:101B500001F0BEFF0D0A0B0A0A110A0A0A0A060062
:101B600002210020FFF766FF10BD0121F9E70020E8
:101B7000FFF796FFF8E7DB6FF6E7C046004000404E
:101B80000F220E4B10B59868104002380A280BD867
:101B900001F09EFF0E0A0B0A0A120A0A0A0A060040
:101BA00002210120FFF746FF10BD01210800F9E7DF
:101BB0000120FFF775FFF7E7DB6FF5E700900040C6
:101BC000564B70B51B68012B03D1554A936D0133F9
:101BD000936502F061F9534B534A1860534B544CD0
:101BE0001A600123534A1360534A13602378002B71
:101BF00006D006225149524802F0EEF90023237024
:101C0000504A514B10681B78C1B2002B0ED14F4C7B
:101C1000C0B223785BB2002B4FDB237824785BB211
:101C200064B21B0424021B191B1813600B1C5029DF
:101C30004ED95023464A47491078DBB2FF2202288A
:101C40004BD10868444C454D267890432A789642FB
:101C500054D9227824782E785D10013DA31B6B4364
:101C60005201D31A10335B111843086002F0F4F8E4
:101C7000031F012B45D83A4B1B78002B06D0394B5C
:101C80001B78002B02D0002001F0BEFFA122364BB2
:101C900092009978354B4A431B689B188322920027
:101CA0009B181B78033B012B03D8AF20400001F0A9
:101CB0009BFF01222E4BDA8270BD237824785BB221
:101CC00064B2FF33FF341B0424021B190138ABE755
:101CD000CAB2022AAED20223ACE70868254C264DD0
:101CE000267890432A78964208D9227824782D784D
:101CF0005B10013B641B63435201B2E72378DBB204
:101D0000B2E70228D5D11D4B1B78013B022B03D92A
:101D10001B4B1B78022BCCD16C20C8E79809FF1F06
:101D2000FC0FFF1F7064FF1FFF3F000014100340F3
:101D30007464FF1F0C10034000100340D50BFF1FFD
:101D40007211FF1FB40003408C09FF1F680AFF1FB8
:101D5000490AFF1F94000340460AFF1F470AFF1F5E
:101D6000F908FF1F2209FF1F300DFF1F3409FF1F55
:101D7000BC0BFF1F440AFF1F450AFF1F1C09FF1F62
:101D80002309FF1F10B501F0A7FF0022014B1A80A5
:101D900010BDC0466C64FF1F10B502F065F8A121AC
:101DA000054A89009478054A61431268044B521829
:101DB000528C1A8010BDC046300DFF1F3409FF1F22
:101DC0006C64FF1F10B50D4B0D4A9978A1239B0041
:101DD0004B431268D218531DD97F0A4B1B88994276
:101DE00009D2441C07D0C82805D0D2695B1A5A43CF
:101DF000054B5343C01802F007F910BD300DFF1F0B
:101E00003409FF1F6C64FF1F7102000070B5244D80
:101E10002B68002B28D001F04FFF2B68D8402B688F
:101E20000400002B27D002F08FF82B68D8401D4B00
:101E30001D4A9978A1239B004B431268D118D25CAC
:101E400091239B00002A20D0CA580132CA50174B58
:101E500017491B680868834214D3D23B181A012A19
:101E60001AD0144B186070BD01F026FF124B196890
:101E700001F04AFFD3E702F067F80F4B196801F051
:101E800043FFD4E70D495B18E8E7CA500C4B1B68C9
:101E9000DB68E418201AE4E7F530FF30E1E7C046DC
:101EA0001C08FF1F300DFF1F3409FF1F9C09FF1F77
:101EB0007064FF1FA009FF1F1808FF1F2DFF3F00C0
:101EC0007864FF1F70B504000D00282916D10300A7
:101ED000A433C2881B889B1A0B4A9BB293420DD92C
:101EE00006006A3605223100653001F0C5FF002882
:101EF00004D13100200001F0E7FF70BD290020006F
:101F000001F0FAFEF9E7C046FE7F0000F8B50500D3
:101F1000012001F0D9FE134CA36AA26A9342FBD1BF
:101F2000114E336001F0C0FF1049030008601048F3
:101F3000426894460F4A17680022BC4501D24268A5
:101F4000BA1A0D4802603268AD18A422E562606AD0
:101F5000520302436262094A1278002A01D00F3B01
:101F60000B60F8BD00F00040340AFF1FE408FF1FBB
:101F700028100040180AFF1F1C0AFF1F1C09FF1F22
:101F800070B580241025E405A3682B43A36001F0FD
:101F900003FFA368AB43A36070BD0000F7B5160054
:101FA00080221C001023D2050191916805000B438B
:101FB000936000225B4BD7301A6001F0B5FE9D2381
:101FC0002F002A009B00EB58FC37CA3201213868E9
:101FD0000092002B01D00021009A01F015FF29008A
:101FE000009BCB311A78504BD3351A604B780A7866
:101FF0001B0213438A7812041A43CB781B0613433F
:102000004A4A1BBA13604B790A791B0213438A7937
:1020100012041A43CB7931001B061343444A1BBAFE
:1020200013606B782A781B021343AA7812041A43B0
:10203000EB781B0613433F4A1BBA1360019A330225
:1020400013433D4A13603D4B22001B1B9C46032952
:102050003FDC032332009A43B3089B00F11A9BB282
:10206000032946D13549E01852188178407809048F
:1020700000020143E05C0433014311600022FF2BA6
:102080004ADDF0222E4B12011A600F222D4B1A60EE
:102090002D4A1368002BFCD00023224A27491360E5
:1020A000091B321D0B191B68043A180A2370607053
:1020B000180C1B0EA070E3700434002AF2DC80229E
:1020C00010213B68D20501333B6093688B439360DA
:1020D000F7BD6346D578981893782D061B042B43DB
:1020E000157804392B43557804322D022B430360B5
:1020F000ADE702290AD11149E05C5218E11849788C
:1021000009020143043311609BB2B7E70129B5D13D
:102110000A495218E15CF5E7084959180A60043386
:10212000ADE7C046000004403C00044038000440D5
:1021300034000440300004400C000440000104401E
:10214000040004401000044014000440F0B51400E2
:1021500080221D00102385B0D205019191680600F0
:102160000B4393600023684AD730136001F0DCFD15
:102170003300FC3358689D2337009B00F158CA3761
:102180003A00002900D083E001F03EFE31003A78A9
:102190005E4BCB311A604B780A781B0213438A7866
:1021A000A44612041A43CB781B061343584A1BBAA1
:1021B00013604B790A791B0213438A7912041A437C
:1021C000CB791B061343534A1BBA13604B7A0A7A26
:1021D0001B0213438A7A12041A43CB7A29001B0686
:1021E00013434D4A1BBA1360019A230213434B4A0F
:1021F00013602A00231D18000393494B5B1B0193B6
:10220000019BCF785B1802938B783F061B043B43FE
:102210000F7804383B434F7804313F023B43029F21
:102220003B600328ECDCA3081C0003989900431AC8
:102230000134181FA400072B2CD1394B2819E7189B
:10224000837840781B0400020343285D03433B600E
:1022500008310C000023FF2C2EDD324B324919606F
:102260000F21324B1960012327490B60304B19684D
:102270000029FCD006211B680B40042B21D08022B2
:102280000020D20593680A318B43936005B0F0BDFE
:10229000012179E7022808D1214BE0182B195B783E
:1022A0002C5D1B0223430360D2E70128D2D11C4BD3
:1022B000285DE3181860CBE7194961180B600434F6
:1022C000C9E7002310490B606346002B0CDC330088
:1022D000FC335A68102101325A608022D20593687B
:1022E00001208B439360D1E7019B9B181B68190A5F
:1022F00013705170190C1B0ED37004235B42917044
:102300009C440432E0E7C046000004403C00044026
:102310003800044034000440300004400C00044005
:102320000001044004000440080F000010000440B5
:102330001400044070B5061E19D002225A4B9B7936
:102340009343012B13D1594B1A78FF2A0FD15A7896
:10235000FF2A0CD19A78FF2A09D1DA78FF2A06D110
:102360001A79FF2A03D15B79FF2B00D199E0504BFA
:102370000C201A78012A08D000224E4D1A702978B4
:102380000B00093B042B01D8212070BD4B1F012BF2
:10239000FAD9454CA37B042B00D982E0A279032A09
:1023A00000D97EE09A1ED2B2012A02D860881F2886
:1023B00077D9002E56D0012E73D1A0880128E3D002
:1023C000002907D1581E032803D801F081FB1217FA
:1023D00015122E702978481E032811D80025364B77
:1023E0001D602823237501F0FFFCA84227D0A5809B
:1023F000CAE702212970EDE70421FBE70321F9E791
:1024000007390129C0D82D490968C96A8906BBD591
:102410002B4908780028B7D1012A01D9002BB3D164
:1024200002230B708021274D2633890128782375DC
:1024300001F092FB80212878890101F095FC0123AD
:10244000A380214B1B78002B0AD0FA2280211F4B3E
:1024500092001B8809025A431A4B187801F07CFD40
:10246000002092E701F058FC2B78A680073B012B57
:1024700003D917482E7001F097FC114B114C1A78B4
:10248000002A06D080210022207889011A7001F0EC
:1024900063FB01F041FD80212078090201F05CFB23
:1024A000DEE7122071E7C046A60BFF1F6B09FF1F76
:1024B0001A09FF1F1C09FF1F4809FF1F7864FF1F2F
:1024C0002309FF1F1B09FF1F2109FF1F2C09FF1FE5
:1024D0000010004010B5002901D001F04DFB10BDE7
:1024E000F7B55E4B01919978A1239B004B435C4A61
:1024F000060014681022E418D6235B00E058362347
:10250000FF33E35C00279343222B3ED1554B0F3A18
:102510001A600760012501F037FD019B1880E82350
:102520005B00E35C002B01D0B34255DD00224E4F2F
:10253000FA70AD32FF32A2581168002903D0928898
:10254000D24392071AD03822FF32A25C002A15D05B
:102550009B225200A25C002A10D1B3420EDAA423BF
:102560005B00E15AE018090A023101F035FB230053
:102570000122FE33013E01351A87FA70E8235B0021
:10258000E35C002B2AD0A8B2FEBD03683D00002BFF
:10259000C1D081880430090A023101F01DFBD62325
:1025A0005B00E3581F60B5E72300B133BA00FF3387
:1025B0009858013781880430090A023101F00CFB78
:1025C000E8235B00E35CBB42EEDCE822F61AED1880
:1025D00000235200A354A9E70027F1E7200001F0EF
:1025E00083FC00281FD0002E1DDD73198826471993
:1025F0000193B600200001F0AFFB5A308000201894
:102600004068013581880430090A023101F0E4FA9A
:10261000200001F071FCA3590133A351BD4202D047
:10262000019B9D42E6D1114BE35C002BABD095237F
:102630009B00E35C002BA6D00D4BE15A0029A2D0F1
:102640000C4AA35C994202D90133A3549BE70023AF
:102650001A212000A35401F047FB94E7300DFF1F1F
:102660003409FF1F00140340E010FF1F5A0200004E
:10267000720200005E0200000D4970B54A6E0D4CFA
:10268000D2038B69D20BA24206D80B4D0224AA4278
:1026900004D901F049FA70BD02246442E218150021
:1026A0007E2425402242F4D0A3432B438B61F0E7E4
:1026B00000F000400A200000FC1C0000F8B51D4B93
:1026C0001D4F1A78002A10D1BA7B002A02D101329C
:1026D0001A7003E0032AFAD0022AF8D001F084FB32
:1026E00000220120154B1A70F8BD154B154D1C68C2
:1026F000154B9E7801232B702878C0B200F09CFB0C
:10270000BB7B002B0BD101F0A7FAA1239B007343E5
:10271000E41883239B00E41823782B70E4E7032B51
:1027200002D101F029FCF0E70020022BDCD101F0FE
:10273000FBFBEAE71C09FF1FA60BFF1F2309FF1F76
:102740003409FF1F490AFF1F300DFF1FF0B587B086
:102750000EAD2F780FAD2D780593AC46634614006F
:102760000E4D0CAA12782E7803930D9B00920193C4
:102770002200059B029701F027FB2E70012C01D04F
:10278000042C08D1802206498B889343054A12788D
:10279000D20113438B8007B0F0BDC0461C09FF1F58
:1027A0006C11FF1F7809FF1F0B001B3B70B5040065
:1027B0003020E02B0DD81300E025493BFF3B9BB2B6
:1027C000ED00AB4205D8034B200019825A8201F07C
:1027D00033FA70BD8410FF1F10B501F05DFB054B8F
:1027E00000205B68052B04D9034A5268D20200D44A
:1027F000980810BD00100040FCE100E070B501F049
:102800008BFA0D4B1B68FC33DC691D6AFFF7E4FF94
:102810006419844204D2094B01241B68002B07D0A1
:1028200004220024064B1A70064A9369013393610F
:1028300001F072FB200070BD7864FF1F9809FF1F34
:102840002309FF1FFC0FFF1F70B50C4D2B68FC33D5
:102850005C6A01F061FAFFF7BFFF2B680025FC33CB
:102860009B6AE318834204D2054B1B68AB4200D13C
:10287000051B01F051FB280070BDC0467864FF1FA6
:102880009809FF1FD722044B92009B5810B5002BCC
:1028900000D0984710BDC0460000FF1F10B501F0E2
:1028A000FFF8FFF7EFFF2749274BCA6D1A40842333
:1028B0005B001343CB65254B1B68186A01F004FAD3
:1028C000234B244A1A60244B244A1A60A022244B2A
:1028D00052001A60234B187801F05EF92249234810
:1028E00001F072F90023214A214993600233936079
:1028F000204B214813600323936001F065F91022F7
:102900001E4BFF201A60802252031A60802292031D
:102910001A60802212041A6001F076F9012001F099
:102920002BFAFA20400001F0BFF9582001F05CF9C1
:10293000134801F0E1F8012001F03EF9072001F011
:10294000A3FA10BD00F0004000FEFEFF7864FF1FF8
:10295000000003400180063DBC0003403408000035
:10296000A40003404A0AFF1F710200001410004037
:10297000FFFF3F00C30900002810004000E100E015
:1029800030750000664F3B6888331B6883F3088806
:1029900001F052FA634A6449136800200B40136047
:1029A000624B634A1B68934200D1A4E001F0DCF85B
:1029B0000221604A13688B431360FFF76FFF5E4B81
:1029C000002418785D4DC0B201F076FA0223AC60A5
:1029D000AB605B4B01202B6001F076F90323AB6009
:1029E00001F0D2F9050001F057FA060001F0CCF928
:1029F000544B186001F028FA534B1A68AA426441FC
:102A0000AB1A80221B1BD203934201D39B029B0A69
:102A10003A68D16AC90700D470E04C491C0C0968B7
:102A20009BB24C4359432402090A64184849FC32BA
:102A300093680A6803219B1A464A474812689B1804
:102A4000464A9D18464A0B401768AD08DB190560D9
:102A50001360042B03D901350B40056013602D1959
:102A60002800404901F050F93F4F3E493B68C318E8
:102A70003B602800019301F077FA3C4D2868081864
:102A800038492860884205D9019B01333B6001F039
:102A90006BFA296001F0C0F9354B1B78002B0DD083
:102AA00001F0FAF9334BA21B196812188A4232D28C
:102AB0008919091B091A304801F086F82F4D2B7A25
:102AC000002B0ED001F0E8F9A21BE9681218914220
:102AD00024D98919091B091A294801F075F800231E
:102AE0002B72284B83F3088801F026F8002001F0B0
:102AF0003BF801F009FA01F037F85EE7DC019900D4
:102B00000234641A5900641A09214B438033CB40C4
:102B1000A408E4188AE7FA218900CCE71A49DBE720
:102B20007864FF1F1CF00040FFFFC1FF0C0AFF1F6D
:102B3000B641210310000040490AFF1F1410004055
:102B4000C3090000100AFF1F340AFF1F380AFF1FC5
:102B5000200AFF1F1C0AFF1F240AFF1FC4090000D0
:102B6000280AFF1F710200006008FF1F2C0AFF1FC8
:102B70001C09FF1FE408FF1F00100040740BFF1F1B
:102B80003C10004000000020DC050000A022054BA6
:102B900092009B5810B5002B01D0984710BD01F052
:102BA0000BF9FBE70000FF1FA122054B92009B5889
:102BB00010B5002B01D0984710BD01F0FDF8FBE7E0
:102BC0000000FF1FA222054B92009B5810B5002B5E
:102BD00001D0984710BD01F0EFF8FBE70000FF1FA0
:102BE000A322054B92009B5810B5002B01D09847AB
:102BF00010BD01F0E1F8FBE70000FF1FA422054B28
:102C000092009B5810B5002B01D0984710BD01F0E1
:102C1000D3F8FBE70000FF1F70B501F03DF94F4B03
:102C2000186001F021F80400C30702D401F0B4F9E0
:102C300070BD00224A4B1A604A4B187801380428AC
:102C400029D800F045FF0320181C2400200000F0C4
:102C5000FBFF0128ECD0444C2378042B6ED101F00B
:102C6000CBF80028E4D000F057FF582000F0BCFF5C
:102C700002232370DCE7200001F0B6F9E9E7200029
:102C800001F092F9E5E7200000F0CEFFE1E7200037
:102C900001F002F8DDE701F0DFF80500012808D1B6
:102CA000324B1B78053B012B03D82000FFF76EFF4A
:102CB000D1E72D4B1B78022B01D0052B20D1022D03
:102CC00028D12B4B9B7BAB431CD12000FFF76CFF23
:102CD000264B18780128BED16405BCD4244925228E
:102CE0004B7B034205D1233A13405A4253412633CA
:102CF0001A000B7D9342AED9322000F0C5FFAAE73F
:102D0000022D07D1194B1B78052B11D12000FFF79D
:102D100059FFDDE7012D0BD1012B03D12000FFF777
:102D20005FFF98E7062B03D12000FFF767FF92E7CC
:102D3000200001F041F8022D8DD1C9E7032B04D109
:102D40000C4B987C00F020FF72E7072B00D06FE758
:102D5000094B987B01F0F0F86AE7C0469C09FF1F19
:102D60009809FF1F9009FF1F2309FF1F1C09FF1F60
:102D7000A60BFF1FBC0BFF1FD40BFF1FFA210A4B32
:102D80000A4A49001A640A4A5A500A4A04395A50EF
:102D9000094A08319A64094A5A50094A5C315A5022
:102DA000084ADA667047C0460000FF1F4D27FF1F24
:102DB0004928FF1FFD27FF1F3523FF1FBD26FF1FCB
:102DC000C51DFF1F991DFF1FF7B50B0CFF27012223
:102DD000009300233C001E001D009446019089B220
:102DE00062469A401000084018413618B6B2FF2FCC
:102DF00002D1012E00D19FB2009802401A41AD18B5
:102E0000ADB2FF2C02D1012D00D19CB20133102BA9
:102E1000E6D10320012E07D1012D04D1019B24010D
:102E2000E4191C700138FEBD102EFCD10238102DA3
:102E3000F9D00230F7E700008023F7B59C46264B17
:102E4000264F01932649274A274D284C284B022814
:102E50001AD1604638600868264E30408026360316
:102E60003043086001990978002909D11660224A87
:102E70002A60224A2260E02219689143A03A1BE0AE
:102E80008021C9021160F2E766463E600F68194E64
:102E90003E408027FF023E430E60019909780029D9
:102EA0000DD1176001280ED1154A2A60154A2260FB
:102EB000E02219689143C03A0A431A60F7BD8021A5
:102EC00089021160EEE7E0210F4A02432A600F4AAF
:102ED00022601A688A43F0E74B0AFF1FE0000340B4
:102EE000D80003409000034000000340500003401E
:102EF00040000340FFFFE3FF0280063D80450822BB
:102F00000180063D806608220080069880550822D0
:102F1000F8B51E4B80261A68002014003440324257
:102F200032D11A681A4F32431A6001223B680630C8
:102F300093433B6000F0C8FE0122164D2B681E43F0
:102F40002E603B680A2613433B608027BF00124B6C
:102F50001B683B4211D1013EF6B2FF2E09D17E2201
:102F60000E4B1C682B68E40B1440934323432B60E7
:102F700005E0082000F0A8FEE9E7002EEFD180224E
:102F80002B68600893432B60F8BDC046C4F0004036
:102F90005CF0004018F0004068F0004060F0004035
:102FA00010B500F0B1FD01215820034A01F024F8CA
:102FB000FFF7AEFF10BDC046600AFF1F10B57822B4
:102FC0000021034800F0F0FD00F086FF002010BD56
:102FD0006C67FF1F70B5040000F09EFE00230C20FC
:102FE0000B4A010059438D18515C00290DD0A142B4
:102FF00008D1012300246B7000F0EEFE00F08CFF7E
:10300000200070BD01330A2BEBD11224F6E7C04635
:103010006C67FF1F70B5040000F07EFE00231900EE
:103020001D000C4A1078002808D0A04200D155702D
:10303000507801311B180C320A29F3D1002B05D12D
:1030400000F04AFF00F068FF002070BD00F0C4FEF1
:10305000F8E7C0466C67FF1FF7B504000C2000239B
:1030600084460E4D019267465F43E85D7E19A0429B
:1030700012D000280BD10A4B9C4662461B780833BD
:103080001370019B70707C557160B360FEBD01339D
:103090000A2BE8D10320F9E70720F7E76C67FF1F49
:1030A0006867FF1F70B500240C26104B3200624386
:1030B000D5189A5C824211D10D4A1378F8331370F7
:1030C00000F02AFE09222900121B72430C3128004D
:1030D00000F0D2FD00F020FF002070BD002A02D0D9
:1030E00001340A2CE2D11220F7E7C0466C67FF1FBB
:1030F0006867FF1F8020F8B5484BC0051B68C124D6
:103100008360474BFF251A68012313434361454BF6
:10311000A4001A68444B40211A60444B1A68444B7F
:103120001A60444B1A59AA431A51C52292009E585C
:10313000AE433143802699509F583F49F6010F40D6
:103140003E439E509E5880273602360A30439850A0
:1031500080201A5900020A4002431A5104341A59B5
:10316000364E3F04324080263A431A511A593606E9
:103170001202120A32431A5108341A5980260A40A0
:1031800002431A51C32292009F58B446AF433743BB
:103190009F509F58294E0F4007439F509F583740DC
:1031A00080263604374380269F509F5836063F02BC
:1031B0003F0A37439F50C0221F59AF433A431A5129
:1031C0001A591202120A1643C6221E5192009C5826
:1031D000AC4365462C439C509C5800250C40204332
:1031E0009850C72080001A58154C1140C022120276
:1031F0000A431A50134B1B78DB08AB4201DC00205A
:10320000F8BD2378002B06D0A368002B00D0984788
:1032100001350C34EEE71220F2E7C0460843FF1FE9
:103220000443FF1FB0F000406467FF1FB4F000408C
:103230006067FF1F00E100E0FF00FFFFFFFF00FFEE
:103240006C67FF1F6867FF1F030010B51F2809D8B0
:10325000072200201340072404490A78A24313439D
:103260000B7010BD00230620F5E7C0466867FF1FFE
:10327000034A0449136800200B4013607047C0469E
:103280001CF00040FFFFC1FF054B06491B780A6890
:1032900005485B0702401B0B134300200B6070477F
:1032A0006867FF1F1CF00040FFFFC1FF70B50C25D1
:1032B000FFF7EAFF0A4B1C780A4BE4086543ED1858
:1032C000002C01D1200070BD2B78002B06D06B683C
:1032D000002B00D09847013C0C3DF1E71220F2E7AB
:1032E0006867FF1F6067FF1F1FB5002102220B00E8
:1032F00001910091052000F01FFD02230B490A688F
:103300001A42FCD120230393039B5A1E0392002BE5
:10331000FAD1074A1368002BFCDA0B246C44200016
:10332000012100F011FC207804B010BD90C80040CD
:1033300000C8004013B504000A4B0193019B002B09
:1033400001D1112016BDFFF7CFFF23000340044237
:1033500005D0052000F0B8FC019B013BEDE718000B
:10336000F0E7C046FFFFFF0707B500F0D5FC80225D
:103370000821D205936A0191002B01D1073991628E
:1033800002210C4A11600199481E01900029FAD1CE
:1033900003311160053101910199481E0190002906
:1033A000FAD11160002B02D18022D205936200F085
:1033B000B3FD07BD00C00040F0B52D4C89B02378A7
:1033C000002B4FD1FEF7F8FA02232A4F03903A68F8
:1033D0001A42FCD120230693069B5A1E0692002B0C
:1033E000FAD1254E3368002BFCDA0120FFF7A2FF4B
:1033F000011E02D0112009B0F0BD0300032201908C
:10340000009005AD9F2000F097FC0321280000F0FC
:103410009BFB02233A681A42FCD120230793079BA7
:103420005A1E0792002BFAD13368002BFCDA0120D8
:10343000FFF780FF0028DDD10398FEF7D1FAAA78C4
:103440006B7811041B020B4329780B436360130054
:10345000113B0A49052B07D801239340A3600B6059
:10346000012323700020C6E780231B03F6E7C04634
:10347000F042FF1F90C8004000C800409808FF1F9E
:103480001E4B30B55A6818781D4B85B0D318594279
:103490004B4101210093002300F08EFD194B1A4A85
:1034A00002259A6300221A6510325A658022C421CF
:1034B0009D65164B1648D202DA6789004258154BB3
:1034C00080241A4080231B0413434350642341206B
:1034D0000393E40500F006FA402000F003FA656269
:1034E000039D6B1E0393002DFAD103236362FFF744
:1034F0003BFFA562FFF760FF05B030BDFC42FF1F38
:1035000095FFFEF700C80040050001FF04E100E060
:1035100000E100E0FFFF00FFF0B585B00700FEF717
:103520004BFA022305002D4C22681A42FCD12023BD
:103530000093009B5A1E0092002BFAD1284E33684C
:10354000002BFCDA0120FFF7F5FE002803D0112440
:10355000200005B0F0BD234B2360022322681A42ED
:10356000FCD120230193019B5A1E0192002BFAD11A
:103570003368002BFCDA0120FFF7DCFE0028E6D1DF
:10358000194B1F60022322681A42FCD120230293A8
:10359000029B5A1E0292002BFAD13368002BFCDAF0
:1035A0000120FFF7C7FE0028D1D1104B2360022372
:1035B00022681A42FCD120230393039B5A1E0392D4
:1035C000002BFAD13368002BFCDA0120FFF7B2FEA2
:1035D000041EBCD12800FEF703FAB9E790C80040EA
:1035E00000C8004001000006A8C80040018000019A
:1035F00010B50020FFF790FF10BD000010B5064B7E
:1036000018705960FFF73CFF00211320034AFFF7B1
:1036100023FD002010BDC046FC42FF1F8134FF1F68
:10362000F0B5040085B003920291FEF7C5F9882237
:1036300063035B0B52051A438023DB059D6A8023DD
:10364000274F0092BA68002601901B039A420CD9BA
:10365000F82326001B041E401C4206D08022214B6A
:1036600052025E6219680A431A60002D0BD100F005
:1036700053FB02221C4B1A608023DB055A62013A7D
:103680009A6200F049FC0023039A934220D1002D56
:103690000AD100F041FB144B03221D608023DB059F
:1036A0005A629D6200F038FC8023BA681B039A427C
:1036B00008D9002E06D000220A4B0C495A621A681B
:1036C0000A401A600198FEF78BF9002005B0F0BDA2
:1036D000009A0299D2181278CA540133D4E7C0462E
:1036E000F042FF1F00C8004000C00040FFFFFEFF87
:1036F000F0B587B0029103920400FEF75DF90190E6
:1037000000F00AFB802302250122234EDB053560F1
:103710005D629A6200F000FC204F3B682B42FCD1B6
:1037200020230493049B5A1E0492002BFAD11C4DB3
:103730002B68002BFCDA0120FFF7FCFD002802D0EB
:10374000112007B0F0BD2000039A029900F064FA3E
:10375000022304003A681A42FCD120230593059BFA
:103760005A1E0592002BFAD12B68002BFCDA01209F
:10377000FFF7E0FD051EE3D100F0CEFA802303221F
:10378000DB0535605A629D6200F0C6FB0198FEF7CA
:1037900027F9E0B2D5E7C04600C0004090C800401D
:1037A00000C80040F0B5802489B00600FEF704F997
:1037B000E405A36A02250393029000F0ADFA012309
:1037C000304F3D606562A36200F0A6FB2E4C23687B
:1037D0002B42FCD120230593059B5A1E0592002BFA
:1037E000FAD12A4D2B68002BFCDA0120FFF7A2FD4D
:1037F000002803D01124200009B0F0BD244B236021
:10380000022322681A42FCD120230693069B5A1EEB
:103810000692002BFAD12B68002BFCDA0120FFF76F
:1038200089FD021EE6D11B4B03211E60030001909F
:103830000090202000F080FA022322681A42FCD176
:1038400020230793079B5A1E0792002BFAD12B685F
:10385000002BFCDA0320FFF76DFD041ECAD100F037
:103860005BFA80230322DB053C605A629C6200F015
:1038700053FB039B002B01D1FFF776FD0298FEF767
:10388000AFF8B8E700C0004090C8004000C8004052
:103890000100000694C8004007B50002019104220F
:1038A000000A01A9FFF724FF0EBD000073B5050053
:1038B00005240B4AA3005B429B1819686B46DE1D6A
:1038C0003000FFF781FA022804D133782B55013CF0
:1038D000EFD276BD052CFCD00128FAD10230F8E7F2
:1038E000140900111F2807D8012380228340D20524
:1038F00091680B43936070473F2808D801238022CA
:1039000020388340D20551690B435361F3E75F28A8
:10391000F1D80123802240388340D205116A0B433D
:103920001362E8E71F2807D8012280218240C905D9
:103930008B6893438B6070473F2808D80122802111
:1039400020388240C9054B6993434B61F3E75F28F8
:10395000F1D80122802140388240C9050B6A934387
:103960000B62E8E71F2810D880230200DB05153A18
:103970001968012A06D820229143196019680A4360
:103980001A60704701228240F6E73F2811D8802351
:103990000200DB05353AD968032A06D81022914384
:1039A000D960D9680A43DA60EBE701222038824007
:1039B000F5E75F28E5D842238022181A413B83406F
:1039C000D205516A99435162516A0B435362D8E759
:1039D00010B50400012813D1A022184992050B68E4
:1039E0005B015B0913430B60154B164A19681140C4
:1039F000154A0A431A60402219680A431A6010BD2A
:103A00000028FCD101000A2000F09EF921000B20C3
:103A100000F09AF9C0220A4B920019680A4340212B
:103A20001A601A688A431A60B022044912060B68A9
:103A30005B015B0913430B60E1E7C04614F00040F3
:103A40001CF000407F00FEFF80FD010072B6074AB7
:103A50001368013313600422054B1A600023054AE2
:103A600013608022D2055360FEE7C0467808FF1F2E
:103A7000C0F00040C4F0004005490B68002B05D1A0
:103A8000044A0A6004490A60044A13607047C04649
:103A9000140AFF1F841E0000380AFF1FC4F00040F4
:103AA0000023034A1360034A1360034A13607047FC
:103AB00054F0004040F1004044F1004002B471462F
:103AC00049084900095649008E4402BC7047C04667
:103AD00002B4714649084900095C49008E4402BCA1
:103AE0007047C04603B47146490840004900095A6E
:103AF00049008E4403BC704701B40248844601BCAF
:103B0000604700BF8D11010001B40248844601BC2A
:103B1000604700BFED68010001B40248844601BC63
:103B2000604700BF6DF6000001B40248844601BC46
:103B3000604700BFD1AE000001B40248844601BC1A
:103B4000604700BF7997000001B40248844601BC79
:103B5000604700BF3D71010001B40248844601BCCA
:103B6000604700BFB352010001B40248844601BC63
:103B7000604700BF016C010001B40248844601BCEB
:103B8000604700BFE9D4000001B40248844601BC8C
:103B9000604700BF4DF9000001B40248844601BCF3
:103BA000604700BFEDA5000001B40248844601BC97
:103BB000604700BFB70E000001B40248844601BC54
:103BC000604700BFE512010001B40248844601BC11
:103BD000604700BF2D6C010001B40248844601BC5F
:103BE000604700BFC115010001B40248844601BC12
:103BF000604700BF7912010001B40248844601BC4D
:103C0000604700BF49BA001101B40248844601BCB4
:103C1000604700BFED6B010001B40248844601BC5F
:103C2000604700BF9573010001B40248844601BC9F
:103C3000604700BFF535010001B40248844601BC6D
:103C4000604700BF116E000001B40248844601BC09
:103C5000604700BF0134010001B40248844601BC42
:103C6000604700BFE9F6000001B40248844601BC89
:103C7000604700BFBD0B010001B40248844601BC8F
:103C8000604700BF810E000001B40248844601BCB9
:103C9000604700BF6137010001B40248844601BC9F
:103CA000604700BFF935010001B40248844601BCF9
:103CB000604700BF8512010001B40248844601BC80
:103CC000604700BFE90B010001B40248844601BC13
:103CD000604700BF0189000001B40248844601BC6E
:103CE000604700BF8D82000001B40248844601BCD9
:103CF000604700BF53B9000001B40248844601BCCC
:103D0000604700BF51B8000001B40248844601BCBE
:103D1000604700BF090E000001B40248844601BCA0
:103D2000604700BF75A9000001B40248844601BC89
:103D3000604700BF8944000001B40248844601BCCA
:103D4000604700BF496D010001B40248844601BCD0
:103D5000604700BF79A4001101B40248844601BC49
:103D6000604700BFD9B0000001B40248844601BCDE
:103D7000604700BF0D52010001B40248844601BCF7
:103D8000604700BF6911010001B40248844601BCCC
:103D9000604700BF156B010001B40248844601BCB6
:103DA000604700BFDD3F000001B40248844601BC0B
:103DB000604700BFC1A5000001B40248844601BCB1
:103DC000604700BFE917010001B40248844601BC06
:103DD000604700BF9D6A000001B40248844601BCF0
:103DE000604700BF21A9000001B40248844601BC1D
:103DF000604700BFA9D8000001B40248844601BC56
:103E0000604700BF01D7000001B40248844601BCEE
:103E1000604700BF2144000001B40248844601BC51
:103E2000604700BFD544010001B40248844601BC8C
:103E3000604700BFA1AF000001B40248844601BC46
:103E4000604700BFC9A9000001B40248844601BC14
:103E5000604700BFC166010001B40248844601BC4E
:103E6000604700BFDD0C010001B40248844601BC7C
:103E7000604700BFF9ED000001B40248844601BC70
:103E8000604700BFCD4C010001B40248844601BC2C
:103E9000604700BFF90D010001B40248844601BC2F
:103EA000604700BFC95C010001B40248844601BC00
:103EB000604700BFBD5C010001B40248844601BCFC
:103EC000604700BF8914010001B40248844601BC68
:103ED000604700BF85C1000001B40248844601BCB0
:103EE000604700BFADAE000001B40248844601BC8B
:103EF000604700BF71B0000001B40248844601BCB5
:103F0000604700BF5976010001B40248844601BCF5
:103F1000604700BF8552010001B40248844601BCDD
:103F2000604700BF9DA9000001B40248844601BC5F
:103F3000604700BF19FA000001B40248844601BC82
:103F4000604700BFC1F7000001B40248844601BCCD
:103F5000604700BF6D0B010001B40248844601BCFC
:103F6000604700BF8B52010001B40248844601BC87
:103F7000604700BF090E000001B40248844601BC3E
:103F8000604700BF75F8000001B40248844601BCD8
:103F9000604700BFCD0C010001B40248844601BC5B
:103FA000604700BFDD0A010001B40248844601BC3D
:103FB000604700BF0534010001B40248844601BCDB
:103FC000604700BFC56D010001B40248844601BCD2
:103FD000604700BFE927000001B40248844601BCE5
:103FE000604700BFE94C010001B40248844601BCAF
:103FF000604700BF0934010001B40248844601BC97
:10400000604700BF0167010001B40248844601BC5B
:08401000604700BF8937010081
:10401800020000001AC300110100000020C10011B5
:104028000200000016C30011010000005840FF1FE5
:104038000200000028C10011010000006461FF1F98
:104048000200000014C3001103000000D860FF1F25
:1040580012000000020000001AC300110100000055
:1040680068C100110200000016C300110100000021
:1040780065C100110200000072C1001103000000B8
:104088001361FF1F0200000014C3001103000000A9
:104098002861FF1F0200000016C300110100000084
:1040A80064C100110200000070C10011030000008B
:1040B800E960FF1F0200000014C3001103000000A4
:1040C8000A61FF1F020000001AC30011010000006E
:1040D800C8C100110200000016C300110100000051
:1040E800A141FF1F02000000DAC100110100000019
:1040F800BDC100110200000016C30011010000003C
:10410800A041FF1F02000000D8C1001101000000FB
:104118003061FF1F0200000016C3001101000000FB
:104128009F41FF1F02000000D6C1001101000000DE
:1041380099C100110200000016C30011010000001F
:104148009E41FF1F02000000D4C1001101000000C1
:1041580094C100110200000016C300110100000004
:104168009D41FF1F02000000D2C1001101000000A4
:104178008CC100110200000016C3001101000000EC
:104188009C41FF1F02000000D0C100110100000087
:1041980084C10011020202020202000000000000B5
:1041A8001615000031500011E94F001128C2001106
:1041B80090011D0018001800FFFF07010203040505
:1041C80006020106000000000000000000000000D8
:1041D80000000000000000000000000000000000D7
:1041E80003000000020000001AC3001101000000D3
:1041F80048C200110200000016C3001101000000AF
:104208005C42FF1F0200000052C2001101000000C2
:104218005E61FF1F0200000014C3001103000000CC
:104228006064FF1F0200000016C3001101000000B7
:104238005C42FF1F0200000050C200110100000094
:104248006061FF1F0200000014C30011030000009A
:104258005864FF1F12000000000100000000011157
:10426800FFFF000050485936000000000000000021
:104278000B000500F0000000B4000028002800280A
:104288003075A000A000A000A00000080008E00110
:10429800F000100010001000100010001000500076
:1042A8005000500010001000D0070000000000006F
:1042B8000F0001000500307507001000010081FFA4
:1042C80000000000FF0000004D7600115574001139
:1042D800E5710011FFFF0100FF00000085A000113B
:1042E800F59D00110D9D0011000000000000000068
:1042F80000000800040000003B0001085902E0012A
:1043080088212800020000001AC3001101000000E3
:10431800E0C300110200000016C3001101000000F4
:104328008943FF1F0200000012C3001101000000B2
:104338002468FF1F0200000016C3001101000000DE
:104348008843FF1F0200000010C300110100000095
:104358008643FF1F0200000016C300110100000081
:104368008443FF1F020000000EC30011010000007B
:104378007C43FF1F180018001D0090010200000375
:1043880002020000020000001AC300110100000030
:10439800F4C300110200000016C300110100000060
:1043A800CC43FF1F020000000CC3001100000000F6
:1043B800000000000200000014C300110300000008
:0643C8004468FF1F20FF06
:040000051FFF184180
:00000001FF
