:020000041100E9
:103000007FB50023284C294D03932800217C284AB2
:1030100001F02BFA002812D103232800217C03AAF7
:1030200001F0CAF900280AD1224B039A9A4206D12C
:10303000214B2248E360224B636104B070BD02263D
:10304000217CFE2228001F4B009601F087F9002802
:1030500001D00020F1E71C4BA2899A42F9D1217CD2
:10306000FF222800194B009601F078F90028F0D1D2
:10307000E389174A934203D1164B17486361DCE793
:10308000164A9342E5D1164B164A1B68934206D95D
:10309000C02304222800217C9B0001F0C8F9124BB8
:1030A00012486361C9E7C046E460FF1F4441FF1F47
:1030B000813700005959530059598320E0C000114D
:1030C000BD410011F060FF1F59590000F260FF1F61
:1030D0008305000075410011C0C000118215000079
:1030E0000861FF1F8713000011420011D0C00011BA
:1030F00070B5134D2B7C002B0DD0124C200001F02D
:10310000DBF8297C382907D1BA22200001F07EF9AA
:10311000200001F00FF970BDEB890B4A934206D1F4
:103120009023022220001B0201F081F9F0E7074AF8
:103130009342EDD12000064A01F097F9E8E7C04636
:10314000E460FF1F4441FF1F83050000832000004F
:10315000A23000000022024B1A825A617047C0461A
:10316000E460FF1FF7B5164B0192C318021D002043
:10317000009388235B05D3181B685C1C1AD09CB293
:10318000402C18D88D781E0CAC466746CD782D02A1
:103190003D43AE4206D1019800280ED110000C70BC
:1031A000240A4C7003249BB20733A343D218009B1C
:1031B0009A42DED3FEBD4432F9E71000FAE7C0467A
:1031C000FC0F0000802213B503000324019189B293
:1031D000520107319B18A14304305A1A88235B051A
:1031E000C3181B68591C03D190429241104016BD70
:1031F00099B2402907D80B000733A343C018904267
:10320000ECD30020F3E74430F9E7134B134A1B6873
:10321000126810B5FA24934201D81A00F824104B12
:10322000E4021B689A4210D813000E4A12689A42B0
:103230000ED3013307D1F823DB029C4203D10A49A4
:10324000054808F011FE200010BDFC24E402ECE764
:10325000FE24E402F7E7C04600C0071100D00711C2
:1032600000E0071100F00711FFFFFF7FF0B59BB0F2
:10327000150003900491402A5CD806AC618022803E
:10328000FFF7C3FF002221000600FFF76BFF0528B0
:103290000FD92388AB420CD1002D07D0504B2A0008
:1032A0000399C01808F0F0FB002802D101201BB0E0
:1032B000F0BD258030000699FFF784FF041E79D108
:1032C000069B0793FFF7A1FF80235B01C6188023AD
:1032D00007001B039E4201D1F826F60288235B05F6
:1032E000F31801931B68013302D0019808F0ACFB7E
:1032F0003C49019808F0B8FD3B1D0293331D05932E
:103300008822029B52059B181B6808935A1C13D1F4
:1033100088235B05FF1839680198013908F0A4FD7E
:10332000380008F091FB30000799FFF74BFF0400CD
:10333000002C41D10020BAE744219AB20091402AE2
:1033400004D80320D11D814389B2009104991B0C3C
:103350008B4224D0402A22D80122300008A9FFF74E
:1033600001FF021E1BD1380008A9FFF7FBFE040075
:103370000428DDD9009A059B9B1880225201B218BF
:1033800093422AD288235B05C118009A09A808F045
:1033900043FB134B009A09A9F01808F0FDFA009AB4
:1033A000029B9446634402930F4B029AFB189A4285
:1033B000A6D3ADE70428BDD088235B05E0180699A5
:1033C00008F052FD0323EA1C9A4300D16EE7044B38
:1033D0000399E01808F0E0FA68E70424ECE7C04637
:1033E00004000011FFFFFF7FF80F000073B5040019
:1033F0001600402A1ED801AD6980FFF706FF0022A3
:1034000029002A80FFF7AEFE042810D92D88002E4F
:103410000BD0002C09D0321CAE4200D92A1C074B1D
:1034200092B2C118200008F0F7FA28B276BDC04366
:1034300000B2FBE703204042F8E7C0460400001159
:1034400037B5042204000D0001A81649FFF7CEFF8E
:10345000020004280BD1019BA34208D3AB4204D045
:10346000104901A80195FFF701FF01203EBD0E4C58
:1034700023682000019308F0E7FA01992000013940
:10348000019108F0F1FC80235B01E418074B9C429A
:10349000EED10422034901A80195FFF7E7FE0020C1
:1034A000E4E7C0465555000000C0071100000811B0
:1034B000F0B589B010226946234808F025FB234B5C
:1034C000009A6C469A4211D1019B0F2B35D8069970
:1034D000029A8C4618001100002604AD013808D26B
:1034E000002E01D00A00A160013229D10023A3607F
:1034F00023E04F1CF2D161460126EFE7103610227F
:103500002900300008F000FBA368A868013300D14F
:10351000A060882329685B05C9186B6829601A03B5
:10352000120B6A60814203D03B4201D108F074FA69
:103530006368013B6360002BE0D1A06809B0F0BD77
:10354000E027014E3F03F6E70000011150485936CD
:1035500007B508F0A1FCFFF7ABFF002803D00190EE
:1035600001984168084707BD10B508F095FCFFF7C2
:103570009FFF040008F038FA200010BD13B50400C6
:1035800008F08AFC002C03D0019401984168084798
:1035900013BDC0468022F8B5964C974BD20000214F
:1035A00020001C6008F090FC2300944A88331A60C5
:1035B000934B1A786A23002A00D01133E3620A235E
:1035C0002365904B37221B780820A3638E4B21186C
:1035D000E361102323628D4B3B256361C823DB002D
:1035E000A36123008C331A602823013AE26320642C
:1035F0006364CA67043A211DCA672100BC310D60AB
:103600002100C03108602100C4310B602100063563
:10361000CC310D602100083DC8310D602100D03152
:103620000A602200D43210602200D83213602200D7
:103630000227E032210017604222DC310A602100BB
:103640001B3DE4310D602100E83108602100EC31C0
:103650000B6023000521F43319602300F0331A6056
:103660002300183290331A6023009433186023002B
:103670001E3A98331A60AF23DB002360644BFA26AE
:103680002363644B644DE360644BF031A364230017
:10369000FF31FC33B600A16021611E60A562732575
:1036A000E5656D3D6565A56596255D4AAD00E264FD
:1036B000666258606766A56600270925A767E56604
:1036C000584F594D606720002567E2673A6015271B
:1036D0009C30676007001A2038602000A030070087
:1036E000212038602000A83007004C4838602000B6
:1036F000F830066026006427A436376026005F3F56
:10370000AC3637602600033FB03637602600C63738
:10371000B436376026000027B836376038269E60FA
:10372000424E96205E64424E5A66DE61414E9A6475
:103730005E62F53EFF3E9E621E269A67354A800015
:10374000DE661F675F67DD651D661862DA67BE2388
:10375000394A5B00E250394BD838235004302250AC
:10376000C4225200A350C623E4205B00E15004337E
:10377000334AE1503349344BD16034498000195009
:103780003349E938FF381950324904301950324969
:103790003248D16132491163324951631900F43121
:1037A0000860CE203049400011603049195019009E
:1037B0002F48F83108602F49D16582212E4A8900AF
:1037C0005A501A002D490832D1671A002C49B432D8
:1037D000116088212B4A89005A501A002A498832E0
:1037E00011602A4ADA6408F0C7F9012008F034FAB7
:1037F000F8BDC0460004FF1F1864FF1FE06EFF1FE6
:103800007043FF1F4A0AFF1F3A07000080C3C90127
:103810009A020000DC0500006A18000050C3000096
:1038200088130000F009FF1F204E00006509FF1FEC
:1038300068100000C409000040420F00102700007B
:10384000FC00FF1F851BFF1F0000FF1FDD2BFF1F5C
:10385000652FFF1FFD2DFF1F451FFF1F3D26FF1F6B
:10386000611FFF1F1121FF1FD11EFF1F6128FF1FB6
:103870004929FF1F8D19FF1F6D27FF1F9924FF1F67
:10388000A524FF1FD11DFF1F891EFF1F491DFF1FFC
:103890000223F0B501250024594E91B03370594BE5
:1038A000594F1D703A680393584B29005A700420F1
:1038B000574A2300009408F00FF98023DB059D622E
:1038C000FFF752FE534BC218C0239B029A4201D20B
:1038D000FFF754FE3C6008F067FAFFF75BFE08F064
:1038E0005BFA1F2201254C4B1A704C4B1D704C4B40
:1038F0001C704C4B05AC19689143163A0A431A6088
:10390000602219689143403A0A431A6008F024F98A
:1039100008F07AFA444B9847C120FF21434B8000BE
:103920001A588A431A50C522920098588843BF39C2
:103930000143995098583E4908408021C9010143EC
:10394000802099509958C0050902090A01439950ED
:1039500080213848490108F097F903232A003649A5
:1039600000933648019508F0CFFA2C22344905A877
:1039700008F052F86178207806F018FD023410AB98
:10398000A342F7D12F4C304B226803201A40A023CA
:10399000DB0213432360802322689B0413432360CC
:1039A00022682A4B1A4080239B0313432360284A32
:1039B000284B934200D8012008F046F908F074F82B
:1039C00080232268DB0413432360307808F014F866
:1039D000039B1878C0B208F0D7F908F075F90C49C4
:1039E000042008F011F906F0D7FE00F035F800F0D9
:1039F00055FD00F0EDFD00F0EFF9002011B0F0BD35
:103A00004A0AFF1F7043FF1F34F000401461FF1F7C
:103A10003B000108000001E0480AFF1F490AFF1FA0
:103A2000680AFF1FBCF00040E1A2000000E100E0D6
:103A3000FF00FFFF7443FF1FF855FF1F7453FF1F64
:103A4000C8BF001114F00040FF7FF8FFFFFF9FFF89
:103A50000080FF1FE06EFF1F002210B51100112033
:103A600008F05AF810BD0000F8B500230926374FBA
:103A7000374C3B62E3681120B343E36008F0ACF9D4
:103A8000112008F061F8112008F016F9402322688F
:103A900080251343236080236268DB021343636045
:103AA000A3682C4A2B43A360A36802211340A360A0
:103AB0008023A2689B0113431022A360236C07207C
:103AC00093432364236C0F3A1343236480235B00E6
:103AD0003B62226B204B1A402263626B1A40626386
:103AE000A26B1A40A263E26B1340E363E3681B4AD4
:103AF0001340E36006F05AFC0121072006F06AFD3E
:103B0000174B11205A6C15435D6408F00DF9FD2127
:103B1000144B154A89005A508023C720626B5B03FF
:103B200013436363E36880003343E3600F4B104A41
:103B300019581140802212020A431A50802292051D
:103B40001A6008220B4B5A63F8BDC04600F00040D3
:103B50003CF00040FFFFDFFFEFFFEFFFFFFF7FFFC5
:103B6000003800400000FF1F5118FF1F00E100E077
:103B7000FF00FFFF0000054070B5174CE0880028EB
:103B800023D02368A688C0188023711C89B2134DE6
:103B90002060A1809B00994218D3420A93B2C21AB6
:103BA000EB802260A6800E4A642093420AD8FA2253
:103BB0000020D200934205D90A21180007F0F4FF33
:103BC000C838C0B200232872E38070BD08F084F8C2
:103BD00083B2EB80E7E7C0467060FF1FFC60FF1F09
:103BE000B70B000030B503A804880B20002C0ED1C1
:103BF0004968074D08784978090201430A20A9421B
:103C000005D1012120001980024B1B7A137030BDB1
:103C1000192A0000FC60FF1FF7B5150008AA1688D6
:103C20004A680F4F14785278120222430A24BA428B
:103C300014D10122DBB2019200962A0007F026FE81
:103C4000041E0BD1074B1B68002B07D068782A781D
:103C50000002104342425041013098472000FEBD0F
:103C6000022900008060FF1F30B5012503790400A0
:103C7000BFB02B4211D00A49408807F077F928429B
:103C80000BD0084B01A95B8D4D800B80064B0022A9
:103C90001B7A60880B7104F07FF93FB030BDC046DD
:103CA0007860FF1FB83FFF1FFC60FF1F10B505497C
:103CB000054807F011F90421044A054807F0CEF839
:103CC00010BDC0467860FF1FFFFF0000F4BF001169
:103CD000B83FFF1F10B5024804F0E2FF10BDC04618
:103CE000693C00110122144B0270197A41700221C3
:103CF00081709978C170D978017103214171197966
:103D000081715979C1710C21017299794172DB7904
:103D100083720A4B1978CBB2002904D03A2302737C
:103D2000C3720D20704703734373F2221723C272CC
:103D300083730F20F6E7C046FC60FF1FCD61FF1FB5
:103D4000022310B50370013B4370053383701033B9
:103D50000371443B43712A3383714433C37100239D
:103D60000372064B04001B8843720A30FFF7BAFF48
:103D7000831D0A30C0B2E37010BDC046FC60FF1F57
:103D800010B5142008F050F8124B142200211860CE
:103D900008F09AF8002008F0C7F8012008F06CF845
:103DA000022007F0C9FF032004F01CFA042006F0EB
:103DB00035FA052003F054FC062004F027F907200B
:103DC00001F08AFC082007F029F8092001F012FA16
:103DD00010BDC0468460FF1F07F026FF012008F0D9
:103DE0000BF807F081FE0000094B10B50400984263
:103DF00005D0012904D12000064907F06DF810BD57
:103E00000229FCD1013904F005FF0028F3D0F6E7C0
:103E1000FEFF0000AA60FF1F70B50D7A100004AA13
:103E20002C00168810221440154220D1002E20D1DB
:103E30000A78022A18D14A68517815780E4A090280
:103E40002943914205D00D4A914209D01C800A2491
:103E500004E014220A491A8007F0DEFD200070BD3C
:103E60000C2208491A80F7E71C800124F6E7082491
:103E7000F4E70B24F2E7C046F3FF0000F4FF000074
:103E80000042FF1FFCC0001110B50400074908489C
:103E900007F022F8074804F03FFE0020E40704D5AD
:103EA0000721054A054806F0D9FF10BDAA60FF1F8B
:103EB000FFFF0000E93D001138C00011FC3FFF1F6B
:103EC00010B50B4BBEB01A780A4902A800F054FE98
:103ED00001AC80B26080002808D0074B00221B880C
:103EE00021002380054B188804F056F83EB010BD21
:103EF0008860FF1F8960FF1F5640FF1F6041FF1F42
:103F000010B50B4BBEB01A780A4902A801F088FF21
:103F100001AC80B26080002808D0074B00225B8D86
:103F200021002380054B188804F036F83EB010BD00
:103F3000B260FF1FB360FF1FFC3FFF1F6041FF1F08
:103F4000F7B50E00377A1C0008AB11003D001A8847
:103F500020231D401F423CD13378022B3BD1736894
:103F60001F785B781B023B431E4FBB4208D01E4F9D
:103F7000BB4214D01D4DAB4221D00A252800FEBD06
:103F8000002A2AD1142C2AD82200F06807F044FD18
:103F9000174B1C70012CF1D9FFF7B2FFEEE7002A96
:103FA0001BD1202C1BD82200F06807F035FD114BE7
:103FB00004211C70104B187807F04EFFDEE7E3B2C7
:103FC0000124009201940A00310007F05FFC050013
:103FD000D4E70825D2E70125D0E70B25CEE70D254C
:103FE000CCE7C046F3FF0000F4FF00000229000008
:103FF000B260FF1F8860FF1FCE61FF1F332310B523
:10400000040003700A220749013007F005FD064B42
:104010000F201B681A0AE37222731A0C1B0E6273BC
:10402000A37310BDFC60FF1F2461FF1F30B5012585
:1040300003790400BFB02B4213D00B49408806F02F
:1040400095FF28420DD0094B01AD1B8802A82B809B
:10405000FFF7D4FF0F236B8000222900608803F054
:104060009BFF3FB030BDC046AA60FF1F5640FF1FF8
:1040700010B5024804F014FE10BDC0462D400011DA
:1040800070B5160004AA148805AA15784A685078F5
:10409000117800022A4A0843801805284BD807F0F7
:1040A00063FF03131E29343F07221000062C0AD891
:1040B000121BAA4200D92A0022491A80300009198D
:1040C00007F0AAFC002070BD0720112CFBD812229B
:1040D000121BAA4200D92A001B491A80EEE70720CA
:1040E000222CF0D82322121BAA4200D92A001749F9
:1040F0001A80E3E70720032CE5D80422121BAA420A
:1041000000D92A0012491A80D8E707221000062C8D
:10411000D9D8121BAA4200D92A000E491A80CDE72D
:1041200007221000062CCED8121BAA4200D92A0062
:1041300009491A80C2E700220A201A80C3E7C04654
:10414000DCD5FFFF9DC00011D060FF1F79C00011BA
:1041500074C000116CC0001164C0001110B50D21B5
:10416000024A034806F07AFE10BDC04658C000114E
:104170006C40FF1F37B50F4C01AD04232A00217C92
:1041800000F01AF9002813D12988236849BA89B2A6
:104190004B4321891B0C5B18074A6988538049BA35
:1041A000636889B24B4361891B0C5B1893803EBDE9
:1041B0000120FCE7E460FF1FFC60FF1F37B5124CD5
:1041C00006236A46217C6D4600F0F6F8002818D1D7
:1041D0002988236849BA89B24B4321890B4A1B0CB1
:1041E0005B1853806B4603335B78E9781B020B4303
:1041F0005BBA61689BB24B4361891B0C5B1893806F
:104200003EBD0120FCE7C046E460FF1FFC60FF1FCD
:10421000F0B5022785B0154C03AD217C2B000022A0
:104220000097060000F09AF8002802D0012005B09F
:10423000F0BD0E23217C0122300000976B4400F07A
:104240008DF80028F2D129882368C9BA4B43218907
:104250001B145B18064A6988538049BA636889B29F
:104260004B4361891B0C5B189380E0E7E460FF1F00
:10427000FC60FF1F10B500F071FB034A002013889B
:104280000133138010BDC046FC60FF1F10B500F065
:1042900045FB10BD10B58024064AA4001168436B8D
:1042A000234205D113685B1A032BF8D9012010BDF6
:1042B0000020FCE76008FF1F70B5C17905000C0005
:1042C000631E9C411A4BE402E41849000460C9B221
:1042D000007906F0B5F9E979687949000131C9B288
:1042E00006F0AEF9E8790930C0B207F0E5FC00232A
:1042F000E36661332360AA795B3B002A0ED0226813
:104300009A43023B134323600A23E361073323628A
:1043100000232363A3630133E36370BD22689A43E0
:10432000022313432360462363610633A361EFE74F
:104330000050004070B5002504000368DD66C079B8
:104340000930C0B207F048FD2900207906F014F9C1
:104350002900607906F010F970BD0000F8B51E0064
:1043600006AB1D78002304681700E366616007F060
:1043700093FD01238022E3662B0027615200013B5D
:1043800008D207F031FB08200A4A1168002D03D13A
:104390002800F8BD2261F2E7236F034203D02369AE
:1043A000013D3370013613685B1A032BEED90125EA
:1043B000EEE7C0466008FF1F70B51C0000230568CB
:1043C0001600EB66696007F067FD01238022EB664B
:1043D00023005200013B08D207F006FB08200A4ADE
:1043E0001168002C03D1200070BD2A61F2E72B6F09
:1043F000034203D02B69013C3370013613685B1A0A
:10440000032BEED90124EEE76008FF1F002370B5EF
:1044100004681500E366616007F03EFD0123E36672
:10442000256107F0E1FA2000FFF734FF70BD70B599
:104430001D00002304681600E366616007F02CFD90
:104440000123E36626610F33626B1A42FCD02B0A0C
:1044500023611023626B1A42FCD0EDB2256107F094
:10446000C3FA2000FFF716FF70BD002370B5046883
:104470001500E366616007F00FFD0123E3662B0A78
:1044800023611023626B1A42FCD0EDB2256107F064
:10449000ABFA2000FFF7FEFE70BD000010B5084C1F
:1044A000E368002B08D18022064B52021B689B1840
:1044B0006360054B1B68236007F07EFDA06010BDA4
:1044C0002461FF1FC8F00040CCF00040F0B5164A50
:1044D000916A936A8B42FBD1144901278A688B60E9
:1044E0009A1A134B48681C6893B263431B0A1B1843
:1044F000D002C00E6043020208689B18002402002C
:104500000C4D4B60561CAB4208D8002C01D010005B
:104510000CC1094A1360094B1860F0BD084A3C0001
:104520009B183200EEE7C04600F000402461FF1FF8
:10453000140AFF1F40420F00C8F00040CCF00040BA
:10454000C0BDF0FF70B5194C23793F2B01D93F2333
:104550002371174A13701078C0B207F015FB1823A7
:10456000144A15491380154A0B8013804B80A0799B
:104570000C3B421C534380221201934213D81A0071
:10458000CB80A0230E4D888028800E4863719F3B0E
:10459000028023720C4A0D4B1A60E379052B01D877
:1045A0001023E37170BD1300EAE7C0461861FF1FD6
:1045B000480AFF1F5E41FF1F1C43FF1F5C41FF1F96
:1045C0005A41FF1F5841FF1F102700000861FF1FBD
:1045D000F8B521210020FEF733FF114C011E114DCB
:1045E00009D10C22104BC1CBC1C4280007F06CFCD0
:1045F000FFF7A8FFF8BD0C2220000C49FEF7F6FEDD
:104600000C2802D0084B43CB43C40C222800084995
:10461000FEF7ECFE0C28EBD00C220021E5E7C046AB
:104620001861FF1FE460FF1FF0C00011FC0C0000C8
:10463000F50C000010B50C2202480349FEF716FEE7
:1046400010BDC0461861FF1FFC0C0000F0B51D4CEA
:104650008022A5440400882069465201400507F0E5
:104660008BFC902212016A441300200032C832C32E
:1046700016C816C38023144C144FA6689B033343FB
:10468000A3603B6007F048FC8823A0685B05C01866
:1046900007F0DAF90025882329008022A0685B054D
:1046A000C01840196944520007F076F9802301359B
:1046B000FF355B019D42EED1A6603E60044B9D44F8
:1046C000F0BDC046FCEFFFFF9042FF1F9808FF1FA0
:1046D00004100000F8B503780500013B0026012B0B
:1046E00002D82B7A9E4200DBF8BD6B68594C9A5D6C
:1046F000A3690133A361584B19783F2905D818786D
:10470000411CC9B21970554B1A54A37B002B0BD115
:10471000522A05D1013322706373A3730136E0E797
:10472000636901336361F9E7617B4B1CDBB263733F
:1047300062540C2BF2D9237B452B3ED109214848EA
:1047400001F028FB6289030060789A4235D100238A
:10475000A3736373A38B012201339BB2A383230052
:104760000833DA772379E2781B0213431BB2E38321
:104770006379E11C9C466746A379621D1B023B439B
:104780001BB22384C877A178231DD977637A2100CF
:10479000D377E279A31DDA77237AE21DD37722005B
:1047A0002A3108782B32002825D011788B4225D069
:1047B0001370E36A0133E36220E0238A01339BB282
:1047C00023820123E25C522A0FD1453AD01A2100FC
:1047D0000022C0B2CF5C0132D2B20F7001318242EE
:1047E000F8D10D22D31A637398E701330D2BE9D169
:1047F0000023A373F7E7012008701370194B154CC1
:104800001A78002A04D0002208201A7007F014FA3F
:10481000154A136811688B42FBD122003832117897
:104820001B021B0A00290FD07D21226B9A1A12024B
:10483000120A4A43120B6263802123630B4B490126
:10484000187807F009FB69E70121494261630231E9
:104850001170F1E74461FF1F8461FF1F8561FF1F35
:104860004561FF1F6C61FF1F28F00040CE61FF1FF4
:10487000F0B5204D89B040220021280007F024FB2C
:10488000402200211C4807F01FFB00221B4B002187
:104890001A701B4B0A326B87FA23AB8702ABD01816
:1048A00007F012FB174B04AC238096239B01059362
:1048B000012321002372144B144A0793C1C9C1C2BA
:1048C00013600022049800920599069A06F088F871
:1048D00004002B006242624129331A70002805D17E
:1048E000082007F021FA012328352B70200009B099
:1048F000F0BDC0464461FF1F8561FF1F8461FF1F3B
:1049000096280000FF060000D54600113461FF1F05
:10491000014BD86A7047C0464461FF1F37B50C4B46
:104920000C4C1B78002B11D028342378DDB2002BDF
:104930000CD1280006F090F8074B00950FCB06F03D
:104940004FF8082007F0F0F90123237037BDC04667
:104950006D61FF1F4461FF1F3461FF1F0E4A0F4B43
:10496000D27F0F49002A05D0DA8B4A801B8C1BB2FC
:104970008B8070479A8B002A0AD09A8B524292B24F
:104980004A801A8A002A05D01B8A5B429BB2EEE756
:10499000044AF5E7034BEAE74C61FF1F4461FF1F40
:1049A000FC60FF1FFFFF00008021F8B51D4CC9010E
:1049B000207807F061F91C4B20781A0000243F3260
:1049C0005E6B1470194AB118194A914226D8032710
:1049D0005D8F998F761BF2173A4092199210AD189D
:1049E0005D871D003E352A780132D2B2072A0CD8E5
:1049F0002A70998F5B8F14310122994200D25A1A82
:104A00008021890107F0E8F8F8BD2C70772902D9D8
:104A100049089987EDE73C229A87EAE71A003E3277
:104A20001470E6E7CE61FF1F4461FF1FC0E0FFFF87
:104A30008813000010B5FFF771FF094A094B12787F
:104A40001878094B012A07D95B8F9A08D218802160
:104A5000C90107F0C1F810BD9A8F0A325200F6E77B
:104A60008361FF1FCE61FF1F4461FF1F70B51C4BA8
:104A70001C4C1A78002A21D0002508201D7007F050
:104A8000DBF8230038331D70230021003E33A28F52
:104A90003F311D700B78FF2B04D00133DBB20B705C
:104AA000052B07D9104A8021104B8901187807F08F
:104AB00093F803E0012B02D0FFF7BCFF70BDFA2092
:104AC000400003005100814200D88BB21432618F44
:104AD000A387D31801228B42E5D2CA1AE3E7C04666
:104AE0006C61FF1F4461FF1FE0930400CE61FF1F54
:104AF000F0B587B0051E6C4627D0684606F06CFFFF
:104B00001B4D022806D106226946280006F0BCFF8C
:104B1000002818D00F22210000230120944606000F
:104B2000EA5C013317091037BE4037006646324051
:104B30000600964032003A434A610439062BEED112
:104B40002000FFF783FD07B0F0BD18226946094831
:104B500007F012FAAB00E358013305D01822FF2109
:104B6000200007F0B1F9EBE70135062DF2D1EAE7B5
:104B70006509FF1F00090011F0B5002604000F00B1
:104B8000150085B0B24200D187E08A784B1C0193B2
:104B90004B7812021A43CB7808781B0413430A7926
:104BA000207012061A43009203926670252800D1E5
:104BB00093E033D8112813D806F0EEFF66001801F1
:104BC000180118011801A700B500AE00180118015E
:104BD000180118011801180118011801F20012013A
:104BE000232800D1CAE0DB2800D0CBE1042D00D877
:104BF000AEE0052D00D197E16E1F32000098791DBF
:104C000006F00AFF05223900200006F005FF3200F9
:104C10000099601D06F000FF2E003EE0562856D099
:104C20000FD8332800D1A4E0552839D02628DAD16E
:104C3000BF4D13223100280007F046F9FEF78AFA2B
:104C40005AE0712800D175E0722800D187E0DC2895
:104C5000C9D1022D00D87BE04B7863708B78A370AC
:104C60006B461E88032D05D0033DC81CAAB2310037
:104C7000FEF7FCFA31001022E01CFEF7B7FBC61C61
:104C800000280ADA607070E00C260C222000A94986
:104C900006F0C2FEA64B5B7CE380300005B0F0BDA1
:104CA0006A1EA54D0C2A10D8002A07D028000199A9
:104CB00006F0B2FEFFF746FCFFF7BCFC0C22290011
:104CC000601C06F0A9FE0D26E7E70C22EEE79A4DE0
:104CD0009A4B2A0043CB43C2ECE76A1E944D0C2A40
:104CE00011D8002A08D00199280006F095FE0C2260
:104CF00028009349FEF7BAFA13222900601C06F037
:104D00008BFE1426C9E70C22EDE706228D49601CB4
:104D100006F082FE0626C0E712228B49601C06F0D0
:104D20007BFE1326B9E708228849601C06F074FE52
:104D30000926B2E7012D0ED04978F02908D8844D14
:104D4000288801F0C7FC834B2A885200D35A00E020
:104D5000FF23637009E07E4A7E4B1288F5E77E4BA5
:104D6000012D04D04A781A706270022695E71B78EC
:104D7000EFE72000FFF742F906008EE7042D05D982
:104D8000764D009B2B6007F017F9A860FFF79EFB9C
:104D90000422039003A9601C06F03EFE05267CE772
:104DA0006F4E062D15D906223000019906F06CFED3
:104DB00000280ED006220199300006F02DFE0622B2
:104DC00068493000FEF752FA0123634A11780B4319
:104DD000137031000622601C06F01EFE07265CE7F9
:104DE000012DB5D04878FFF783FEBEE701281FD11B
:104DF0005D4AAB1E0092132B06D84B78002B0BD1CB
:104E000000F066F900F09CF9584B00991E78601C80
:104E1000721E06F001FE40E7013D2A00019900984C
:104E200006F0FAFD52490098AAB2FEF71FFAE9E728
:104E3000032800D0D7E6012D2DD120700C234D4A38
:104E4000637012784C4BA2701A000832D27F102681
:104E5000E2709A6922719A69120A62719A69120C57
:104E6000A2719A69120EE2719A8B22729A8B120ABF
:104E700062721A8AA2721A8A120AE272DA8B227398
:104E8000DA8B12B2121262731A8CA2731B8C1BB2D1
:104E90001B12E37301E74B782070002BCED0012B5F
:104EA0001FD10B336370344B0B26DA8BA270DA8B75
:104EB00012B21212E2701A8C22711A8C12B21212F1
:104EC0006271DA1CD27FA2711A1DD27FE2715A1D63
:104ED000D27F22729A1DD27F07336272DB7FA37268
:104EE000DBE6032B00D033E7022D00D130E70C22A4
:104EF000224B897818780426A07018786270E170C7
:104F0000884200D8C9E61B785B1A1E1CDBB29342AC
:104F100000D9161C1A4BF6B23200201DC9180436EF
:104F200006F07AFDF6B2B8E6152510266AE6C04608
:104F3000E460FF1FFCC000111861FF1FF0C00011EA
:104F4000F50C0000F060FF1FD060FF1F9442FF1FB0
:104F50006041FF1F1C64FF1F1461FF1F2461FF1FBE
:104F60006509FF1FADAC0000AD63FF1FAB63FF1F02
:104F7000AEDE00006D61FF1F4461FF1F8461FF1FF3
:104F80008561FF1FDA2800D0E2E6042D00D8DFE6B5
:104F9000082D17D9BB797A791B021343FA791204C9
:104FA0001A433B7A1B061343009A1360009B0522A9
:104FB0001B6839002000039306F02EFD0422601DBB
:104FC00003A9B3E6FE236370F0E7C0467047000014
:104FD000013870B5042809D8254C06F0C5FF030830
:104FE000292910000221207806F036FF70BD082123
:104FF000207806F041FE00221E4B1A72F6E780224E
:1050000000251C4B520060201A81DD7206F08CFED8
:10501000194B1D70194B1D70FFF780FC082120787B
:10502000174A06F0D9FD2900207806F045FDDDE796
:105030000821207806F020FE602006F0FDFD1148D2
:10504000FEF77EFE104B114A9B799380104A138025
:105050000022084BDA720132FF321A810D4B1B78A5
:10506000002BC3D00C4A136006F0AEFCBEE7C0466E
:10507000CE61FF1F0861FF1FCD61FF1FCC61FF1FC5
:10508000102700006941FF1F1861FF1F1C43FF1F0D
:105090005A41FF1F1461FF1F34F000400300F0B5B8
:1050A0000A4D8E18B14202D152008018F0BD0C7822
:1050B0002F6824093C5D0F271C700C7801313C409F
:1050C0002F683C5D5C700233ECE7C0465441FF1F23
:1050D0001022124B10B51A700F23114C1149237076
:1050E000093A063B1048637006F096FC2D23012216
:1050F0000E490F486372FFF7D1FF01220D49FFF7F8
:10510000CDFF01220C49FFF7C9FF030000200B4926
:1051100002001870FEF7AAF810BDC046CA63FF1F50
:10512000AB63FF1F9DC00011AD63FF1F6709FF1F29
:10513000B563FF1F6609FF1F6509FF1FAEDE000094
:1051400070B5134C142220001249FEF74FF9431E8C
:10515000114D132B19D8AB78002B16D0431C2B7094
:1051600009236B7000230019037028780B4B013062
:105170002900C0B2187006F027FD297822000139F5
:10518000C9B2002005F088FD70BDFFF7A1FFECE774
:10519000AD63FF1FAEDE0000AB63FF1FCA63FF1FDE
:1051A00010B5114B1A781870002A0ED000280BD1B8
:1051B0000E4B1A78062A07D85423D340DB0703D5B1
:1051C0000B4B187802F0EAF810BD0028FCD0074B12
:1051D0001B78012B02D0033B022BF5D8044B012195
:1051E000187806F039FEEFE7CF63FF1FF563FF1F66
:1051F000F663FF1F70B54A4D2D242870FDF7AAFFF6
:10520000FFF736FB8021474AC901287806F0E4FC05
:1052100006F0F2FC032244494448FFF73FFF030035
:1052200004221C7042490130FFF738FF302304701C
:10523000404E414C437083702E3B062220003F4974
:10524000F387FEF7D3F8062813D0200006F0C4FB3E
:10525000022809D00321200006F026FE8D23E370EA
:105260006E3B237119336371062220003349FDF729
:10527000FDFF334B1B68FC335C64FFF761FF0020CC
:10528000FFF78EFF2F4C304A0121304B12782078E7
:1052900002F046F82E4A2F4B12780021207802F0B7
:1052A0003FF801222C4B1A702C4B5A783C23552A7C
:1052B00000D0163B2A4A202153722A4B2A4AF381F6
:1052C000B28132827382287806F05EFB0120404270
:1052D00005F02EFD0120404205F0CAFDFEF73EFF1D
:1052E000FEF7E4FC00F034FD01204042FEF7CCFD67
:1052F000012006F091FCF02001F0D0F9012128787E
:1053000006F0AAFD287802F0A5F9184806F00CFC72
:10531000FEF7AAFB00226020110006F0FDFB70BD25
:10532000CE61FF1F983A00009442FF1FD060FF1F1C
:10533000F060FF1F1E42FF1F6509FF1FADAC00009C
:105340001864FF1FF663FF1F8841FF1F6941FF1F9D
:10535000CA63FF1FAB63FF1F9C63FF1F1461FF1F26
:105360000861FF1FCE090000C4090000D061FF1FC3
:10537000F8B50D008B0600D495E0844B1B78002B0C
:1053800019D0FFF7A3F8FFF7C3FA814B814A1968D8
:10539000884213D0804918600B8801330B800121AB
:1053A0007E4B1970062313707D4C2000FEF7C8FC5D
:1053B000210006F019FD20206840F8BD1378002B6D
:1053C0000BD0013BDBB21370002BF4D1734A137086
:1053D000714A138801331380E6E7724B724C734EA7
:1053E00099686268737A8A1ADB039A4202D3616011
:1053F000FEF73AFB327A217A531EDBB299423ED154
:10540000FEF744FF637A002B35D0013BDBB26372B9
:10541000002B30D1664B5B78552B01D106F0D4FAC6
:10542000E37A002B12D00023A27AE3729A4202D0D0
:10543000A372FEF7A1FB584A594F13883800013375
:105440001380FEF77DFC390006F0CEFC64227379F0
:10545000584E5343584A19009381138201230A314D
:10546000D18151823370554B187801F097FF002895
:1054700001D000233370237A013323729BE79142DA
:10548000C0D300272772FEF7F5FEA37ABB4202D0F5
:10549000A772FEF771FB424F3800FEF751FC39004E
:1054A00006F0A2FCAEE70BB2002B0ADA444B1878E8
:1054B00006F032FC002801D006F0DEFA802000025F
:1054C0007AE70224214209D0384A374B127A012068
:1054D000023A1A72FFF764FE20006DE7802464012F
:1054E000214202D0FFF760FAF6E78024A4012142AE
:1054F00002D0FFF79FFAEFE78024E401214202D0B7
:10550000FFF7B4FAE8E70B0721D5FEF7DFFF254BDD
:105510002549264C98684A68637A821ADB039A42C6
:1055200002D34860FEF7A0FAFEF7A4FEFEF7AEFE37
:10553000234B08211878234A06F04EFB00F022FC8A
:105540002368DB0701D5FEF793FD082034E7CB067F
:1055500009D5FEF711FB0D4B1B78002B01D1FEF78F
:10556000B9FB102028E70124214205D0164800F09D
:1055700077F806F009FDAFE7042408002040214237
:1055800000D11AE7FEF79CFCA6E7C046CF63FF1FD9
:10559000C861FF1FCC61FF1FFC60FF1FCD61FF1FB3
:1055A0006941FF1F2461FF1F0861FF1F1861FF1F72
:1055B0001461FF1FCE63FF1F1E42FF1FF663FF1F14
:1055C000CE61FF1F102700004C41FF1FF0B51A4BA2
:1055D0001A4F1B883A880400194E1A4D85B09A421A
:1055E0000DD832889A420AD3174B1A882B889A42D0
:1055F00005D1164A164B12881B889A421AD00520EC
:1056000001F0A2F83B8802A90B80338801904B80FF
:105610002B88104D8B800E4B2A781B88CB800E4B2D
:10562000188802F0C3FD0D4B08212878019A1C70E0
:1056300006F0D2FA05B0F0BD9A63FF1F5E41FF1F6E
:105640005C41FF1F5A41FF1F9863FF1F9663FF1FB6
:105650005841FF1FF663FF1F6041FF1F9463FF1F48
:1056600013B50C4B1C78002C11D1002801D00A4B2B
:1056700018600A4A0A4B11780A4A10780A4A0192BD
:105680000A4A0092002205F0FFF9200016BD1124FD
:10569000FBE7C046F563FF1F9063FF1FF463FF1F26
:1056A000E463FF1FF663FF1FD063FF1FD463FF1F78
:1056B00010B5064B12201B78052B06D1044B132284
:1056C0001988044B187801F01BFA10BDF563FF1F11
:1056D0006041FF1FF663FF1F10B500240122114B2C
:1056E00052421870104B1C70104B1A8001F0B2FF20
:1056F00004220F4B21001A700E480C3206F0CCFA2F
:10570000102221000C4806F0C7FA07220B4B1C6040
:105710000B4B1C700B4B1C700B4B1A700B4B1C7003
:1057200010BDC046F663FF1FF563FF1F6041FF1FFA
:10573000F463FF1FE463FF1FD463FF1FD063FF1FE9
:10574000AA63FF1FA963FF1F6241FF1FA863FF1F1A
:10575000F8B5174C0600257806A814240078052D06
:1057600023D1B41F134FA5B21824BD421DD88D1FDD
:10577000ADB2BD4219D8FA256D00AA4215D21D005E
:105780000D4F0A3DADB2BD420FD80C4C26800C4CDB
:1057900021800C4900240A800B4A1380FFF716FF72
:1057A0000A4B0421187806F067FA2000F8BDC046BD
:1057B000F563FF1F790C0000750C00005E41FF1FB0
:1057C0005C41FF1F5A41FF1F5841FF1FF663FF1F37
:1057D000F0B50BB20E0089B0002B00DB9BE1B44D9D
:1057E000287806F099FA041E5ED00378A22B00D127
:1057F0004CE1D02B1AD0912B53D143780E2B50D1A2
:10580000AC4B82889A424CD1AB4B1B78052B48D1CC
:105810008368032018567F2843D0A84B1B68002BB1
:105820003FD05B68002B3CD098473AE0807807284F
:1058300037D806F0B1F90800360026004D004D00BB
:105840009000D20002016378002B0CD007229A4B03
:105850001A709A4B1B68002B23D01B68002B20D09A
:10586000954A1078E0E70121934B1970944B1A7810
:10587000002AEED0934B287801F052FD0028E5D1A4
:10588000E7E761780029E1D1E378002B11D08E4A57
:105890008E4B1278287801F043FD60706378002BFE
:1058A000D4D1200006F0E8F880200002704009B052
:1058B000F0BD814B1B78022BF3D00121287806F034
:1058C000CBF80028EAD10121287806F0C5FAE5E7EF
:1058D0006278794F002A39D1032807D13B78052B0C
:1058E00002D101333B70B4E70223FBE7784B197810
:1058F00000290BD01A703B78053B012BD1D901212F
:10590000744B2878197006F0A7FACAE7724B1A8808
:10591000704B0293002A0BD01B78002B03D001217F
:10592000287806F059F93B78062B04D1013BD9E7DA
:10593000029B1A70F7E7042B06D10121029B2878FD
:10594000197006F089FA84E70323CBE70022604B45
:105950001A700723C6E763785E4A574F0292002BFE
:1059600028D10622211D5D4806F056F862895C4B5D
:105970005C491A80A2895C4B1A80E3890B8005215F
:1059800039705A490A805A4A1380228A594B1A8020
:10599000594B1B78012B09D11F2000F0D5FEFA22AC
:1059A000920042430421287806F016F90023029A57
:1059B00013704EE72878312B05D10121029B197015
:1059C00003233B70BDE70723FA2201213B70029BB2
:1059D0009200197006F000F93BE7062200213F48CB
:1059E00006F05AF90023414A04211380404A2878DE
:1059F0001380404A138006F03FF90821287806F00A
:105A00003BF9A379083B5A4253412B4A03331370A5
:105A10002B4B1B78002B06D02E4B28781A78002AA7
:105A200006D001F0BBFC01222D4B52421A8010E738
:105A30000121197006F010FAF5E70821287806F020
:105A40001BF96378002B00D02BE7284B294F0293DA
:105A5000E388029A04211380254B28780393238935
:105A6000039A138063893B8005F0F6FF002800D07D
:105A700017E7224B1B68002B00D112E7039902980D
:105A80003A88098800881B6898470AE74379132BEE
:105A900000D006E70389012B34D1194B1B78022B68
:105AA00030D10821287806F0E7F8FFF701FEF8E684
:105AB000F663FF1F05140000F563FF1F9063FF1FCF
:105AC0008841FF1F6941FF1FCA63FF1FAB63FF1FB0
:105AD000CE63FF1FCF63FF1FCC63FF1F9D63FF1FBC
:105AE0006041FF1FA463FF1FA663FF1F9A63FF1F90
:105AF0009863FF1F9663FF1F9C63FF1F8C63FF1F4C
:105B00009463FF1F052000F01FFE08210200287883
:105B100006F062F8C5E68020C001014200D0C5E66B
:105B2000CB0738D5354B1B78002B24D0344D05AC32
:105B30002B78052B21D1023B2370324B324F1B783F
:105B400021002372314B38781B78637201F08CFB93
:105B5000002810D0FA2207230121387892002B70F8
:105B600006F03AF82A4B1B68002B04D01B68002B68
:105B700001D028789847012098E60E20254B062270
:105B80001B7825492370254B1B78637002ABC01826
:105B900005F042FFD1E7022308001840194209D05E
:105BA000174B1B78052B03D11D4B188805F08CFF74
:105BB00002207BE60424214203D0FFF707FD2000EA
:105BC00074E6082308001840194200D16FE6154B0F
:105BD0001C78012C03D0022C0DD0082066E6124B55
:105BE000124A134913481B881288098800880094B8
:105BF000FFF7AEFDF1E7FFF75BFDEEE7CF63FF1FB9
:105C0000F563FF1F6241FF1FF663FF1FA863FF1FBD
:105C10009063FF1FAA63FF1F6341FF1FA963FF1F5C
:105C20006041FF1F9463FF1F5841FF1F5A41FF1F30
:105C30005C41FF1F5E41FF1F10B502A804880B20C6
:105C4000002C10D1496808784978090201430C48B2
:105C5000814209D1022119800A4B59881170DB78E1
:105C600000205BB2537010BD074C0A20A142FAD14C
:105C700002211980034B998811705B79F0E7C046C7
:105C80006E2A0000FC60FF1F6F2A0000F7B51500A8
:105C900008AA16884A680F4F1478527812022243D5
:105CA0000A24BA4214D10122DBB2019200962A00E2
:105CB00005F0ECFD041E0BD1074B1B68002B07D031
:105CC00068782A78000210434242504101309847D8
:105CD0002000FEBD022900000864FF1F30B5012529
:105CE00003790400BFB02B4225D01449408805F049
:105CF0003DF928420CD0124B01A95B8D60880B80C6
:105D000002234B800F4B00225B888B8002F044F90A
:105D10000D49608805F02AF9C0070CD50B4B01A985
:105D20001B8800220B8002234B80064B9B888B80B4
:105D3000608802F031F93FB030BDC0460064FF1FFB
:105D40008C41FF1FFC60FF1FF863FF1FE641FF1F30
:105D500010B50749074805F0BFF80749054805F0A1
:105D6000BBF80721054A064805F078F810BDC04683
:105D70000064FF1FFFFF0000F863FF1F1CC100113C
:105D80008C41FF1F10B5024802F08AFF10BDC046CB
:105D9000DD5C00110200F0B501270A480A4E5118D7
:105DA0008B1A002B00DCF0BD0824157843086840EE
:105DB00038404000805B013C58406D08002CF5D114
:105DC0000132EDE7FFFF000036C10011F0B50025FC
:105DD0000F269D4200DBF0BD4C5D07094440344076
:105DE000A400A05801357840F3E7000070B50C001E
:105DF00088B06B460F2610340A780131150012095D
:105E000035401D705A700233A142F5D120236946F6
:105E1000024AFFF7DBFF08B070BDC0463CC100116D
:105E2000F0B54E780B7889B036020C00170001905F
:105E30001E43012A61D9954B9E4200D877E0013379
:105E40009E421CD1062A17D1CA788B7812021A43B7
:105E50000B791B0413434A7912061A438C4B5A617F
:105E600000221A705A808B4A5A608B4A9A608B4A79
:105E7000DA60002009B0F0BD88225205EEE7884BB9
:105E80009E423CD182498B78002B00D0F6E00C2A50
:105E900031D10F22A3789343E2781202134322797F
:105EA000120413436279120613434B60E279A0791E
:105EB00012020243207A00041043627A120602435F
:105EC000CA60E27AA07A1202024376484A8183428B
:105ED00008D804236E49142201980B7005F09CFD2C
:105EE0001420C7E71201D21889235B059A42F0D823
:105EF00001238B70BDE7022AFAD00523EAE76A4A3C
:105F000001239642E6D1FFF7D3FB052F0CD9E378A6
:105F1000A2781B021343227912041A4363791B06E9
:105F20001343624A0393136005F04EFDA1E7584DF9
:105F30002B78002B9DD1AB78002B00D1A0E02B89D2
:105F400001339BB20093B34200D091E0132AD4D91D
:105F5000CF7C8B7C3F02122120001F43FFF71AFFEA
:105F6000874200D08EE0002E3DD1E378A2781B025C
:105F700013432279E96812041A4363791B06134319
:105F800003930A228B4212D1FF23A370E370237183
:105F900063716B89002B09D1E37B227C1B02120405
:105FA0001343A27B13431B0901336B8100226B89CE
:105FB000002B8ED0002A67D1686837013818000B93
:105FC0006B6900030390984205D9686105F03CFDB8
:105FD000EB780133EB7068681022A11C381805F0CB
:105FE000DBFC2E8145E76F89009A7B1E9BB29342B2
:105FF0003AD1E278A37812021A43237905A81B0448
:10600000134362796C6812061A43EB68009203929C
:10601000211D0C22049305F0FFFC0120260004A999
:1060200040421036FFF7E2FE013F012F17D1009AE0
:106030000B232861824200D04CE704221C49200037
:1060400005F0AAFC042203A9686805F095FFE96839
:10605000039AFF23914200D13CE7F73B3AE7310036
:10606000FFF7C4FE1036DFE70923B742A4D831E7B3
:10607000009BB34200D9FCE607232BE7022329E764
:10608000032327E7062325E70A2323E7FFFE000073
:106090000042FF1F00000111FFFF00005048593669
:1060A00001FF0000FFFF001102FF000034F000407C
:1060B0000C42FF1F10B5034C0B000122210000F021
:1060C0006BFA10BD756200110B8870B506000D00EB
:1060D0000224162B11D92B000322094900F05CFA87
:1060E000041E0AD1074B2A881B88191C934200D929
:1060F000111C300089B200F0EDFA200070BDC046DE
:10610000A16200111E64FF1F10B54A780400013A15
:106110000B000220012A07D80A78002A04D00522A1
:106120002000024900F038FA10BDC046CF620011CD
:106130000A7810B50B0004000220002A04D00722C0
:106140002000024900F028FA10BDC0467B63001110
:106150000A7810B50B0004000220002A04D009229E
:106160002000024900F018FA10BDC046E16300119A
:1061700010B5034C0B000B22210000F00DFA10BDEE
:106180001164001110B5034C0B000D22210000F02A
:1061900003FA10BD8364001110B5034C0B000F22ED
:1061A000210000F0F9F910BDDD6400110A7810B586
:1061B0000B0004000220002A04D011222000024912
:1061C00000F0EAF910BDC046ED640011002310B5DF
:1061D0001322190000F0E0F910BD000010B5034CC7
:1061E0000B001722210000F0D7F910BD3F65001108
:1061F000002310B51922190000F0CEF910BD0000DF
:1062000010B5034C0B001B22210000F0C5F910BD96
:1062100079650011F7B584890D0006000121002C75
:1062200022D000238268D3561778002B1EDA0C2C5C
:106230001AD90C3CA4B2131940880093230002F031
:1062400090FE431E984101307B06DB0F6B703F23AD
:10625000013C1F40A4B22870AF70AC80002C07D066
:10626000B3680133AB6000210800FEBD0020EBE7FE
:10627000AC60F8E70B7803704B8843704B881B0ABF
:1062800083700B79C370042070470420022B06D161
:106290000020537811781B02009A0B43138070473B
:1062A0000B8803700B881B0A437002207047042080
:1062B000009983420AD1537810781B0203430B8064
:1062C000D37890781B02034300204B807047F8B5C9
:1062D0000D004B7801240021461C03702B788B4263
:1062E00001D82000F8BD6B78B01C4F1C012B10D1D9
:1062F000890069184B88022233704B88B9001B0A49
:106300007370691805F0F8FC04360434A4B2F9B2CD
:10631000E4E7122359436B185A88043132705B88C2
:1063200010221B0A7370691805F0E6FC123612344D
:10633000ECE770B5049D14001E00052B01D8042065
:1063400070BD637812781B0213432B80E378A27828
:106350001B02134302226B802A71211D681D063E19
:1063600005F0CAFCB2B22A81E92AE8D82800A11DAA
:106370000A3005F0C1FC0020E2E7002310B50A78DE
:106380009A4201D8900010BD9A008A1854880133AF
:1063900004705488DBB2240A447094888470928814
:1063A000120AC2700430EAE710B51100029C062BF5
:1063B00004D004201022142B01D010BD022222711F
:1063C0004B7808781B0203432380CB7888781B0224
:1063D000034363800431601D05F08EFC0020ECE770
:1063E00010B50C788B7804315C43E4B20370220062
:1063F000013005F081FC601C10BD0420022B06D189
:106400000020537811781B02009A0B4313807047C9
:1064100010B50C000A88023105F06EFC208810BD12
:1064200070B504000D0004981100012B01D8042060
:1064300070BD167852781202324302800200F132A7
:1064400055701470E125002C00D10C35023B9AB236
:106450004280AA42EBD80231043005F04DFC002006
:10646000E6E70420009983420AD1537810781B0292
:1064700003430B80D37890781B02034300204B80AA
:10648000704710B50C000A88023105F035FC2088F1
:1064900010BD000070B501211E000420049C0E40B8
:1064A0000B4218D1CB40DDB28D4214D90A49DBB280
:1064B000098899420FD32300EE331D703300580032
:1064C00011184978165C0902314301332152D9B2BF
:1064D0008D42F4D8002070BD1842FF1F10B50C008B
:1064E0000A88023105F008FC208810BD10B50C7830
:1064F0008B7804315C43E4B203702200013005F074
:10650000FBFB601C10BD10B511000298032B01D8D5
:10651000042010BD14785278043B120222430280FA
:10652000CA788C781202224342809AB28280EB2A87
:10653000EED80431063005F0DFFB0020E9E710B5A6
:106540000C000B8803700B881B0A43704B88837008
:106550004B881B0AC3708A880430063105F0CCFBD7
:10656000A088043080B210BD0420012B03D100208C
:106570001378009A1370704710B50C000B880370E5
:106580000B881B0A43704A880230043105F0B4FBC3
:106590006088023080B210BDF0B589B003931D4B06
:1065A000029242000700D05A019102F022F813250E
:1065B000061E2CD0029B01240370019B002B04D0EB
:1065C000001903999847001984B26B461B7A5BB295
:1065D000002B0FDA1021380002F01CFB19250028CF
:1065E00012D130003219E1B202F070FC051E0BD15D
:1065F0000C34A4B2042305A938000B800C814E6032
:1066000001F0B2FD051E02D0300005F015FC280097
:1066100009B0F0BD1C64FF1F70B505000C00002818
:106620000CD00020814209D010222000044905F03E
:1066300063FB01202B7823736B78637370BDC046B6
:106640007CC10011F0B506000D0017001C0085B0DC
:1066500002291BD00020102907D1022B07D0102BB4
:1066600003D115E00020102C08D005B0F0BD69461C
:106670003800FFF7D1FF2A0069460BE06946300079
:10668000FFF7CAFF22006946380004E0022BE9D177
:106690002A003900300005F057FBE6E7031CF0281C
:1066A00000D9F023032008499AB2013A0B80D3178E
:1066B000034006499B189B100B80D30F04499B187D
:1066C0005B100B807047C0461C42FF1F1A42FF1F21
:1066D0001842FF1F034B1B888B4202D3024B400022
:1066E000C15270471C42FF1F1C64FF1F014B40003A
:1066F000185A70471C64FF1F1722014B1A807047FD
:106700001C64FF1F70B505000E2005F09DFB041EE4
:1067100013D0D023037000230622837007494570ED
:10672000033005F0E9FA064B2100DA8A62811B7E0C
:106730002373044B187805F01FF970BD3864FF1FF0
:106740002864FF1F6C42FF1F262803D8024B40001D
:10675000C05A70470148FCE71E42FF1FFFFF0000C0
:1067600070B506000C00094D1C220021280005F020
:1067700093FA074B1E70074B1C7005F015F90123A7
:10678000002801D0002312202B7070BD2864FF1F49
:106790006C42FF1F4964FF1F70B505000D4C0800D7
:1067A000E260A16010220021656005F03DF901283A
:1067B00003D11021A06802F061FD10220021280001
:1067C00005F032F9012803D11021606802F056FD6E
:1067D00070BDC0462864FF1F70B5041E05D1002996
:1067E00003D006220D4805F087FA0D4B1D78012DC8
:1067F00011D1002C05D102221A7005F0ADFA280043
:1068000070BD00221A70074B1B78FF2BF7D02000B9
:10681000FFF778FFF3E70025F1E7C0463864FF1F74
:106820002864FF1F6C42FF1F030010B5002801D130
:10683000002010BD00780B4A002803D15988D1826E
:106840001B7913761378022BF2D10023984200D1E2
:1068500003331370044B1B78FF2B01D0FFF752FF5B
:106860000120E6E72864FF1F6C42FF1F002911D0BA
:1068700000280CD04B79012803D140225242134307
:1068800003E03F221340032802D001204B717047E0
:106890004022F4E70800FAE770B5094D01002878B6
:1068A00000280BD0074C0622200005F025FA210015
:1068B0002878FFF7DBFF200005F0AEFA70BDC04678
:1068C0004864FF1F2264FF1F00290AD0012808D155
:1068D0003F224B799343C02B03D0403B5A42534154
:1068E000981C704770B5174D06002B78FF2B15D0FC
:1068F0000A2005F0A9FA041E10D0D0230370C83B6B
:106900008370114B11491B784670C3700622043006
:1069100005F0F2F92100287805F02EF80C4B1B78D1
:10692000012B0DD10B4B1B68002B03D09B68002B58
:1069300000D09847084B04211878084A05F034FB2A
:1069400070BDC0466C42FF1F4864FF1F2264FF1FDA
:106950004464FF1F7064FF1F7464FF1F60EA00003F
:10696000014B98687047C0462864FF1F014BDB68E5
:10697000186870472864FF1F074B10B5DA68136862
:1069800001331360054B1878FF2803D08021C9011B
:1069900005F062FA10BDC0462864FF1F6C42FF1F5D
:1069A000F7B50E0002F0CAF8051E1CD00E4B0662A9
:1069B0001F78002F00D10778AB791020019305F0E4
:1069C00043FA041E0FD0D0230380C73B8370019B82
:1069D000E91DC3700622043005F08EF9210038004D
:1069E000E66004F0C9FFF7BD6A42FF1F014B18784B
:1069F0007047C0464864FF1F054B002805D1054B72
:106A00001A78054B002A00D1014B18007047C04688
:106A10003864FF1F4864FF1F2264FF1F014B586842
:106A20007047C0462864FF1F024B1868431E9841F8
:106A3000C0B270474C64FF1F421E03000120152A9C
:106A400003D9FF3B5A425341D8B27047F0B51C00FE
:106A500000230E0085B0039002920B70029A9342BD
:106A600001D3002019E0E55C5A1CD2B2002DF8D009
:106A7000029851198142F4DC0233DFB2A35C1800A2
:106A80000193FFF7D9FF002807D0013D019A039930
:106A9000EBB233708A4202D1E01905B0F0BDDB19C8
:106AA000DBB2DBE710B50C0002F0A0F80300122007
:106AB000002B03D02100588805F0E6F910BD000036
:106AC00070B50E4D84006359002B15D0186A00284C
:106AD00001D004F0B1FF2B59586A002801D004F00E
:106AE000ABFF2B59986A002801D004F0A5FF285964
:106AF00004F0A2FF00232B5170BDC0465864FF1F55
:106B00001C4B70B504000E00150099420AD11A4BB7
:106B10001B68002B01D1122070BD1B68002BFAD01E
:106B20009847F9E7154B994215D1134B1B68002B79
:106B30000AD01B68002B07D09847002804D1104BBF
:106B40001C70104B1D70E7E729002000FFF7AAFF1B
:106B50000028E1D1F3E7080001F0F0FF0028DAD0C7
:106B600003780320A342D7D12900300005F08CF927
:106B7000D2E7C046FEFF00005464FF1FFFFF000085
:106B80005164FF1F5064FF1FF7B50400808801F0B7
:106B9000D5FF0025A84203D00578A08802F00AF8A6
:106BA0001C4E3378002B1FD0AB421DD11A4B28004E
:106BB0001978FFF777FF002818D000233370A379E6
:106BC0000820A778A688019305F03EF9011E0DD094
:106BD000D0230370CA3B8370019B4770868083710A
:106BE000280004F0C9FE01E0002DE8D1A0880B4B7D
:106BF0008200D358002B01D0FFF762FF1721A08835
:106C0000FFF768FDA08801F02BFDA08801F002FECF
:106C1000F7BDC0465164FF1F5064FF1F5864FF1F3B
:106C2000F0B587B01D000CAB1B88070001930DABBE
:106C30001B88142002930EAB1B88160003930FAB26
:106C40001B880091049310AB1B88059305F0FCF89A
:106C5000041E1AD0D0230370CB3B47708370C670DC
:106C6000062229000430002D11D005F045F8019BC3
:106C700021006381029B0098A381039BE381049B15
:106C80002382059BA37404F077FE07B0F0BD05F0E6
:106C900003F8ECE7F7B5009308AB1B8807000C205E
:106CA0000D001600019305F0CFF8041E13D0280044
:106CB00001F044FF00280FD00078D0232370C93B97
:106CC000A370009B21002381019B6770A580E68053
:106CD000638104F051FEF7BD014B1878EDE7C04623
:106CE0006C42FF1F13B5040064890389C288818840
:106CF000C0780094FFF7CEFF13BD000010B5044C20
:106D00002068002803D004F097FE0023236010BD04
:106D10005C64FF1FA122F0B5818892004A43384B82
:106D2000384F1B6889B09B189D2292009B1882796E
:106D300004001A603B68002B5FD01D78324B1B6843
:106D4000002B04D05B68002B01D000209847260060
:106D500008363100E079FFF7B7FD237DE0710200CE
:106D6000E0780493638A29000393238A0293E389DA
:106D70000193A38800933300FFF752FFE378002BC1
:106D80000BD1E289A379A18802920196E2792800C9
:106D90000092012201F0DCFEE0703B68002B20D065
:106DA000FFF7ACFF194D287800281AD0184B197836
:106DB000FFF778FE002814D02B780820A788E67803
:106DC000079305F041F8011E09D0D0230370CA3B98
:106DD0004670837087808671079804F0CDFD00238C
:106DE0002B701721A088FFF775FCA08801F038FCF4
:106DF000A08801F00FFD09B0F0BD064B9DE7C0462D
:106E00003409FF1F5C64FF1F7064FF1F5164FF1F84
:106E10005064FF1F6C42FF1FF8B5070008000E000A
:106E200001F08CFE041E18D02620FFF78DFC051EF5
:106E300000D12578062005F007F8041E0DD00021AA
:106E4000062204F029FFD0232370C23B2100677083
:106E5000A370A680E8B204F08FFDF8BDF0B585B050
:106E600001930AAB1B78070002930BAB1B78080059
:106E70000D000092039301F061FE061E22D0102047
:106E800004F0E2FF041E1DD01022002104F004FFD4
:106E90002620FFF759FC002800D13078D02323703A
:106EA000C13BA370009B21002372019B677063723A
:106EB000029BA580A372039BC0B2E3720C9BE360AC
:106EC00004F05AFD05B0F0BDF7B50D00019001F0DA
:106ED00035FE071E1FD00E2004F0B6FF041E1AD088
:106EE0002620FFF731FC061E00D13E78D0232380F8
:106EF000C53BA370F91D0622E01C04F0FDFE019BBA
:106F00002100638101232B40AD07ED0F23736573CF
:106F1000F0B204F031FDF7BDF0B585B0029010007D
:106F20000D0017000A9E039301F008FE041E31D0E5
:106F3000029B002B2ED1039B02795B0724D51223E1
:106F400013430422002E08D10B99002905D10C9976
:106F5000002902D10D9900291AD01A430D9B2271E4
:106F6000002B00D0C9E0002E00D1CFE0002D00D0D2
:106F7000CCE0606A002801D004F05EFD1C213000E6
:106F800004F0F2FD606205E002239A430E33D7E776
:106F900093432371654BBA00D458002C00D1AAE06A
:106FA000002E10D0236A002B03D11C2004F03CFFDC
:106FB00020625E4BBA00D358186A002803D01C2206
:106FC000310004F099FE0C9B002B12D0574CBB00F3
:106FD0001D596B6A002B03D1162004F025FF68624F
:106FE000BB00E358586A002803D016220C9904F01D
:106FF00083FE0D9B002B11D04C4DBC006659B36A2B
:10700000002B03D1142004F00FFFB0622B59986AB3
:10701000002803D014220D9904F06EFE380001F010
:107020008DFD051E67D0414BBA00D358002B62D0AE
:107030001A6A3420002A00D11C389A6A002A01D02A
:10704000143080B20B9A002A01D01C3080B25B6AE7
:10705000002B01D0163080B204F0F6FE041E4AD098
:107060001822002104F018FE2620FFF76DFB019086
:10707000002801D12B780193D0232370029B20009C
:1070800063700A23294EA370039BBD00A371AB5903
:10709000A780196A1830002905D01C22A06004F0CE
:1070A0002BFE200034307359996A002907D0030061
:1070B00014221433E060029304F01EFE02980B9B2E
:1070C000002B08D003001C221C330B992061029373
:1070D00004F012FE02987359596A002903D016224F
:1070E000606104F009FE6B462100187904F044FC4D
:1070F0003800FFF7E5FC05B0F0BD10220D9B0D999F
:107100001B69A018236204F0F7FD2CE70B9B002BF2
:1071100000D13FE7012D00D03CE7606A002801D094
:1071200004F08AFC1C210B982AE7C0465864FF1F14
:1071300010B5044C2068002803D004F07DFC002327
:10714000236010BD4C64FF1F0B4B07B51A68002A63
:1071500001D100200EBD6946531C01201278073171
:10716000FFF774FC0028F4D00278012310001840C7
:107170001A42EED0EEE7C0466864FF1FF0B51F4F1D
:1071800001203B6887B0002B25D09B78059300F049
:10719000B3FB002821D00A20FFF7D6FA04000B2009
:1071A000FFF7D2FA164B05001E78731E9E413B680E
:1071B000F6B2191DD878FFF759FB3B682900DA7A37
:1071C000043303929A7901930292009033002000D5
:1071D000059A04F0F1FD07B0F0BDFFF7B5FF0028F8
:1071E00005D00620FFF7B0FA04000720D8E70820F2
:1071F000FFF7AAFA04000920D2E7C0464C64FF1F3B
:107200004864FF1F70B50A4E040033780D00FF2B51
:107210000DD0042004F018FE011E08D0D023037006
:10722000CE3B45708370C470307804F0A5FB70BD10
:107230007C42FF1F70B5040006200D0004F004FE20
:10724000011E0AD0D0230370CD3B8370054B4470E0
:107250001B688580187804F08FFB002C01D0FFF7A5
:1072600067FF70BD4C64FF1FF8B5264F06003B68F2
:107270000D001124002B05D10522234B1B7813424E
:1072800002D112242000F8BD204A10241268002ADE
:10729000F8D01278002AF5D0DB0719D52B789A1E82
:1072A000012A1AD80C2004F0BFFD132438600028EE
:1072B000E8D000230A22437029000670023004F04F
:1072C0001BFDFFF75BFF041E0AD0FFF731FFD9E774
:1072D00000F012FB0028E1D1E4E7002BE2D0D0E778
:1072E0000B4B1B78032BCDD11D20FFF72DFA094B3B
:1072F00018800028C6D0084B04211878074A04F0EB
:1073000053FEBFE74C64FF1F4964FF1F6864FF1F03
:107310004864FF1F4664FF1F7464FF1F60EA00009B
:10732000F7B50193194B14001A78052306000F00D6
:1073300012201A4221D0012920D1154B1D68002DA1
:107340001BD002201F2C18D8002C02D0019B002B30
:1073500013D0104B1F221E706E1C0021300004F051
:107360009BFC01992200300004F0C6FC3100200093
:107370002C70002F06D004F097FCFEBD064B1220A7
:107380001D68DCE704F020FCF7E7C0464964FF1FF6
:107390006864FF1F7C42FF1F6464FF1FF8B50F4E37
:1073A00012243368002B17D01B780F3C834213D173
:1073B00000250B4F0221387804F05EFC094B0421B4
:1073C00038781D8004F058FC074B28001D80336876
:1073D0005C7004F061FB04002000F8BD4C64FF1FEA
:1073E0007464FF1F6064FF1F4664FF1F70B50128AF
:1073F00023D11B4C2388002B03D01A4A1578002D6B
:1074000007D0194B1B68002B02D01878FFF7C6FF76
:1074100070BD3B2B02D93C3B2380F9E7134E022180
:10742000307804F029FCFA222388920002215A4382
:10743000307804F0D1FB2580EAE70B4B1B68002B6A
:10744000E6D00B4B1B785B07E2D5084B022118787E
:1074500004F012FC0022024B1A80FFF769FED7E706
:107460006064FF1F4464FF1F4C64FF1F7464FF1FB0
:107470004964FF1FF8B51E4D2868002803D004F0AA
:10748000DBFA00232B601B4E3068002803D004F089
:10749000D3FA00233360184F05243B7818002040AE
:1074A000234221D0154800F02BFA3B78234213D019
:1074B000202004F0B9FC2860002813D020220021ED
:1074C00004F0EAFB202004F0AFFC041E306005D07D
:1074D0002022002104F0E0FB002004E0286804F0F2
:1074E000ABFA2C601320F8BD00F00AFAF4E7C046AE
:1074F0006864FF1F6464FF1F4964FF1F7042FF1F21
:1075000010B50A4C23681A1E0ED0002808D101308D
:10751000587004F0C1FA002805D02368002B02D06F
:107520000021FFF787FE0122100010BD4C64FF1FF1
:10753000F7B5274E050033680191181E21D05C78FD
:10754000244F012C30D1FFF7FFFD002825D020006B
:10755000FFF7FAF80400412814D91F4B02211878CC
:107560001E4A04F021FD1E4B3C3C1C800222336865
:107570005A703B78002B14D128000199FFF75AFE6E
:107580000120FEBDFA2292004243002AEED0124BA7
:107590000221187804F020FBE8E7FFF7D5F8020095
:1075A000F3E700233B70EBE73B78002BE8D10320A7
:1075B00004F04AFC011E08D0D0230370CC3B457078
:1075C00083703368187804F0D7F9FFF7B1FDD7E777
:1075D0004C64FF1F4464FF1F7464FF1F60EA0000D7
:1075E0006064FF1F10B51749838802008B4220D0CA
:1075F00011D815498B4217D0144900205B1899B255
:10760000012907D8926811785A425341D8B2FFF73E
:10761000F9FD012010BD0E4A00209B1807229BB2E5
:107620009A424041C0B2F5E783681878FFF768FFD7
:10763000F0E7836899785A78090218781143FFF7C0
:1076400077FFE7E70A20000006200000F8DFFFFFD1
:10765000AFDFFFFF014B18707047C0467D42FF1F30
:1076600010B5064C207001F045FA207804F044FC77
:107670000521207800F068FD10BDC0467464FF1F2E
:107680000BB273B50D00002B00DBC4E0884B1878FB
:1076900004F042FB041E0ED00378912B0FD0A22BD6
:1076A00000D1A1E0834B1878FF2852D0210004F0CC
:1076B00063F900284DD180200002684076BD4378F0
:1076C0000F2B76D013D8052B70D00E2BEAD18088E3
:1076D000794B98422BD8794B98421BD8784B9842DB
:1076E000E0D1A3681878591CFFF776F838E03E2BF4
:1076F000D8D18378032B74D06CD8012B6ED0022B99
:10770000D0D1704B1B68002B23D05B68002B20D09E
:1077100098471EE06C4BC0180C28C3D804F00CFC32
:107720001DC2C2150BC20B0B0B3223C23C00674BB0
:10773000C0180728B6D8664B1B68002B09D01B68F9
:10774000002B06D0200098470AE0A3681878FFF7BE
:10775000C9F8200004F090F9ADE7A068FFF764F8DD
:1077600000289FD0F5E7A3681B78002BF1D0554B7C
:107770001B68002BEDD01B68002BEAD02100554878
:107780009847EDE74F4B1B68002BE2D01B68002B9E
:10779000DFD021005048F3E7504B1B68002BD8D0B6
:1077A0005B68002BD5D021004348E9E7FFF7ECF9EF
:1077B000CFE780884A4B984203D04A4B984200D08A
:1077C00070E7464B1B68002BC3D05B68002BC0D012
:1077D0002100D5E7153B012BBBD963E7FFF79AFAE8
:1077E000B7E7FFF77FFAB4E73F4B1B78042B07D1CD
:1077F00000236A4613800179408800F0CBFCA8E79B
:10780000364B1B68002BA4D05B68002BA1D0010075
:10781000364898479DE7012421420AD0294B1B682E
:10782000002B04D05B68002B01D00020984701207A
:1078300043E78B070AD5264B1B68002B04D05B68F7
:10784000002B01D020009847022036E704212800B1
:1078500008400D4200D131E7254E3388002B21D05E
:10786000013B9BB23380002B1AD1FFF7DDF80028D3
:107870000AD0204B1C70164B1B68002B04D05B6891
:10788000002B01D020009847FFF7C8F8694601F0A7
:107890000CFD6846FFF700F81D20FEF755FF30800D
:1078A00004200AE7024B187804F0E6F9F8E7C0462E
:1078B0007464FF1F7D42FF1F0E20000001200000A6
:1078C000091000006C64FF1FFEDFFFFFAFDFFFFF4A
:1078D0007064FF1F0C2000000B2000005464FF1F89
:1078E0000D200000132000004964FF1FFFFF00006F
:1078F0004664FF1F4464FF1F10B501F09FF910BDDF
:10790000014B18607047C0467064FF1F0B88002051
:10791000162B01D817230420014A13807047C04654
:107920001E64FF1F00207047074A03001188814230
:1079300007D091880020994202D1013080001018B0
:1079400070470020FAE7C0467C64FF1FF0B58F78CF
:1079500006000D00C5B01E2F15D1FFF7E5FF051E6F
:1079600003D10024200045B0F0BD00223B003100CF
:10797000C078009200F0B8FB0400A81C00F0D8FB0F
:10798000FF23EB70EEE7264B062403931B78FF2BB7
:10799000E8D0182FE6D87B08224A013BDB00029290
:1079A0009A589446002ADDD0029AD3185B68002BBF
:1079B000D8D00878002802D14B78012B02D10624B8
:1079C000122FCFD107AFAB88697800976446AA68B9
:1079D000A047041EC6D1AB78029A5B08013BDB00CE
:1079E000D318390030005B689847041E0BD1AB7880
:1079F000042BB6D0039A310010782200009700F0D3
:107A000073FB0400AEE76A78002AABD1AA7805A917
:107A10003B88087130000A704B80FEF74BFBA0E7F3
:107A20008042FF1F8CC100111D4B37B505009842E5
:107A30000BD000290AD1FFF777FF002805D119489C
:107A4000FFF772FF002800D0058037BD01291AD149
:107A5000FFF76AFF041EF8D001235B420380A3787E
:107A6000FF2BF2D0FE2B07D00023E07814220093E6
:107A700029001E3300F038FBA01C00F059FB012345
:107A80005B426380E1E70229DFD1013901F0C2F8EE
:107A90000028DAD12800FFF747FF041EDFD1D4E722
:107AA000FEFF0000FFFF0000022210B5074B52420C
:107AB0001A80074801325A809A80DA8000F084FAEE
:107AC000044801F029F8002010BDC0467C64FF1F67
:107AD0004D790011297A00110388F7B50400002BB5
:107AE00002D102252800FEBD4268022113782548F4
:107AF0005268FEF7A7FD00282ED0234F01253A88B3
:107B0000002AEFD0802321885B0201259B1A99422D
:107B1000E8DC0C2004F088F9061E31D03B8822886E
:107B20009C4600231800019561469DB2491989B20F
:107B3000AA421BD8002801D062443A8000233000BA
:107B4000082208C0210004F0D7F8104A1368002B5F
:107B500013D100251660C5E76268022113780C482E
:107B60005268FEF76FFD0028C7D1BAE760681D01B3
:107B70004019418101330198D6E71A001B68E6E7F6
:107B80001325AFE7FAC100117E42FF1F7864FF1F83
:107B9000F8C10011014B18707047C0468042FF1FAA
:107BA00014230A0010B51A40194204D001221021F2
:107BB00001F04CF810BD4B06F9D4C8430223400035
:107BC0001840F7E710B514008B0604D501221021E8
:107BD00001F03CF810BD08230A001A40194202D1F6
:107BE0004BB2002B0FDA102101F030F8002808D03A
:107BF0002300F2331B78002BECD0F1342378012BD7
:107C0000E8D10020E6E703208907FAD4E2E7000084
:107C1000F0B51F00184B85B01C68019002910392CB
:107C2000002C27D1200005B0F0BDA5683301ED1868
:107C30006B89019A934211D3029A93420ED8002F76
:107C400004D10A9B002B10D12C00EBE73B002978D4
:107C5000039A6868FEF7F6FC0028F2D10136B6B246
:107C6000A388B342E1D82468DAE7A3680A9A5B895B
:107C70001380E9E70026F3E77864FF1F37B50C00AF
:107C80000A8849880123914217D3002A15D0651D1F
:107C900023792A0002210A48FEF7D4FC1023002889
:107CA0000BD023796188208800242A000094FFF7F4
:107CB000AFFF0A23A04200D0230018003EBDC046FB
:107CC000FAC1001113B50A000888498801238842C7
:107CD0000BD8002809D00024137905320094FFF74F
:107CE00097FF0A23A04200D02300180016BD13B549
:107CF0000A0008884988012388420BD8002809D047
:107D00000024137905320094FFF782FF0A23A04272
:107D100000D02300180016BDF0B58BB003904A8840
:107D200008880E000123824213D3002811D00023BB
:107D3000012704AC23700022718813000092FFF722
:107D400067FF05002078002D06D122780A23002A3B
:107D500041D118000BB0F0BD002835D12B78022B93
:107D600018D167706A8983000130E31880005A8057
:107D700069680222201803F0BFFF23780133DBB2C9
:107D80002370042B19D93B006889013080B2002B85
:107D9000D1D0DAE702236370122358436A8923188B
:107DA00004305A8069681022201803F0A5FF237858
:107DB0000133DBB22370002BE5D10A4A6B899B1893
:107DC0005A425341DBB2DFE76378012BE4D12B78D1
:107DD000022BC7D0B9E721000398FEF795F90023DD
:107DE000B7E7C0460100FFFF0F4BF0B5040018686D
:107DF000002816D083685D89A54207D88288AE180E
:107E0000B44203DA12019A18934201D10068EFE7F5
:107E10001E005F891036A74204D1002900D00D80D2
:107E20001800F0BD3300EFE77864FF1F70B5050060
:107E30000C0008880021FFF7D7FF03000120002B6A
:107E400004D022002800197AFFF7BCFE70BDF7B5F8
:107E50000C00002501902300EE331B78AB4201D8C3
:107E600000200AE06B00E65A00213000E718FFF717
:107E7000BBFF002802D126800130FEBD017A0198A7
:107E8000FFF78EFE002802D03B882380F5E70135FE
:107E9000EDB2E0E710B5040008880021FFF7A4FF69
:107EA00003000120002B03D02000197AFFF778FE91
:107EB00010BD0000054B1B68002B01D1180004E029
:107EC0009A6852898242F6D1988870477864FF1F79
:107ED000F0B50E27002687B0039302ABFF183E8053
:107EE00005001F4B40891400984207D02B780130C1
:107EF00000976A6880B2FFF78BFE060002212B789C
:107F000018486A68FEF79EFB00280FD06C89200095
:107F1000FFF7D0FF002802D0013C0419A4B2039B54
:107F2000002B00D01C80300007B0F0BD02212B7860
:107F30000D486A68FEF786FB0028E7D102212B78FE
:107F40000A486A68FEF77EFB002807D0002EDED0C4
:107F50003B88A342DBD17489013CDFE76C89DEE713
:107F6000FFFF0000FAC10011F8C10011F6C10011B5
:107F700010B50C00FFF7D8FC03000220002B0AD03C
:107F8000002C00D023609B781720FE2B03D00138F3
:107F9000FF2B00D1002010BD73B50D0001A9040016
:107FA0001600FFF7E5FF172805D0002E04D12900A1
:107FB0002000FEF725F976BD01221021200000F0F7
:107FC00045FE0028F3D0F6E7014B18607047C04625
:107FD0008864FF1F37B56B469D1D01000400022217
:107FE000280003F019FD2B88B02B0ED12379122B1A
:107FF00009D12300FA331B78012B06D101216088B7
:1080000000F0E0F801E01B2BF8D037BD10B5054BB0
:108010000421187000F098F8FFF746FDFEF76CFB9E
:1080200010BDC0468C64FF1F0020F0B50BB20F00DE
:1080300087B0834234DA274B187803F06DFE051EB3
:108040002BD00378A02B25D103AE3100FEF7E2F848
:10805000041E0BD1B378DB0724D51F4B06341B68F5
:10806000002B03D03100688898470400A8680028D6
:1080700001D003F0E1FE002C08D1184A039B134005
:10808000174A934206D0B3781B2B03D0012168888E
:1080900000F098F8280003F0EFFC80200002784000
:1080A00007B0F0BD0F4B1B68002B10D03100688863
:1080B0009847041EDAD07378002BD7D1B27801A983
:1080C0000A704B800C716888FDF7F4FFCEE7062438
:1080D000F1E7C0468C64FF1F8464FF1F00FFFF00B0
:1080E000000112008864FF1FF7B50190FC200D000D
:1080F00017001E0003F0A8FE04001320002C12D06D
:10810000B02320002370089BF422677065802671DD
:108110000830002B08D0190003F0EEFD2100019873
:1081200003F02AFC0020FEBD089903F0B5FDF5E739
:1081300010B5041E06D00078FD2803D803F094FC87
:10814000FF23237010BD00000A1F93B210B5040076
:108150000220032B05D882400020024BD1529B18ED
:108160009C7010BDAC64FF1F0B8870B5043B04000D
:108170000D000220032B0BD80121200000F04AFD46
:1081800003001420002B03D02900200000F0DEFBA8
:1081900070BD000007B51300034A00920A000121D8
:1081A00000F02CFC0EBDC046D183001107B5019232
:1081B00003220092024B0A00122100F047FC0EBD80
:1081C0004F84001107B56B4601AA11800449D8807D
:1081D00008780633012802D1190003F0EDFB07BD32
:1081E0008D64FF1F0C4B10B518700023FF210B4A44
:1081F0001380138193819380094A538013705172C5
:1082000093819372D174D3821375517703F0FCFB81
:1082100000F0FCF910BDC046BC64FF1FAC64FF1F3A
:108220008E64FF1FF0B58DB06B46002003910C22C9
:108230009B5E834200DBB1E05D4B187803F06CFD80
:10824000051E00D1A5E00378902B00D09EE006AF7C
:1082500001004688380000F013FA7968040000290C
:1082600000D19DE03B88052B6FD13B89032B1CD9A6
:1082700005AC200000F0A2F86288172A60D839897E
:10828000131D994231D17968237804310291D907BD
:1082900038D5607800F08EF9071E06D000230371F0
:1082A0002378012B08D0132B23D0A868002800D1F5
:1082B00079E003F0C1FD76E06288029909A800F038
:1082C000A6F80290380000F08BF909AA2378387AD2
:1082D0000192002231000092029A00F012F9380057
:1082E00000F064F9029B002BDFD0300000F080F931
:1082F000DBE70378032BD8D16288029909A800F044
:10830000D6F8DEE709AF122B12D13800029900F03F
:10831000B4F8021EE9D127498B88002BC5D0887993
:108320002378019761780091310000F0EAF8BCE70A
:1083300000233A003B8061783000FFF72BFFB4E761
:108340001D4B09AA09936178F6E7042B02D09A1F06
:10835000012AAAD8174A043B9B00995A0029A4D0A5
:10836000D218907831003A0000F0ADF800289CD186
:108370003B88042B03D001213000FFF723FF012CA1
:1083800004D1A868002801D003F056FD280003F0AE
:1083900073FB8020039B0002434018000DB0F0BD2A
:1083A000012800D181E701213000FFF70BFFEDE745
:1083B000BC64FF1FAC64FF1F010017000B78037043
:1083C0004B784370CB788A781B0213434380704705
:1083D0000A88030002700A88120A42700A88012A79
:1083E00006D14A8882704A88120AC27004207047F7
:1083F00002208242FBD14A8804309A704A88120ACD
:10840000DA708A881A718A88120A5A71EFE710B5F1
:108410000400012082420CD94B780A781B021343D6
:108420002380834206D1CB788A781B021343638072
:10843000002010BD022BFBD1CB788A781B0213439E
:1084400063804B790A791B021343A380F0E70B8802
:1084500003700B881B0A43704B8883704B881B0A80
:10846000C3708B8803718B881B0A4371CB8883711F
:10847000CB881B0AC3710820704703000120082A1B
:1084800014D14A780878120202431A80CA78887890
:10849000120202435A804A790879120202439A80F2
:1084A000CA798879120202430020DA80704710B539
:1084B00004000120022A05D100204B780A781B0213
:1084C0001343238010BDF8B5060010200F001500DF
:1084D00003F0BAFC04000120002C0ED0A0230C22D3
:1084E000290023806780201D002D07D003F004FCA5
:1084F0002100300003F040FA0020F8BD03F0CCFB6F
:10850000F6E7F7B51E00009008AB142017001D78A1
:10851000019103F099FC041E12D0A2230370019B69
:1085200047704380099B057146710C220830002B6F
:1085300007D0190003F0E0FB2100009803F01CFABB
:10854000F7BD099903F0A8FBF6E737B5041E0FD075
:108550004388002B0CD00025C1881323007A1722F2
:1085600001950095FFF7CDFFFF23658063722570AD
:1085700037BD000010B50C4904004A88002A09D014
:108580008B89002B05D00020CB8A0222834201D0A8
:1085900010BD012213000A20434300204032C8547A
:1085A000C81842800472F3E78E64FF1F00234380E3
:1085B00003707047094B00211A0010B55C88002C2D
:1085C00006D01C79844203D10A234B43D01810BD36
:1085D00001310A330329F1D10020F8E78E64FF1F2F
:1085E00010B50400407A03F03FFAFF23637210BD18
:1085F0007047043010B580B203F0CEFC002803D0E1
:108600000421494203F068FC10BD000070B500254C
:10861000104CA0682580A581A580A84202D003F057
:108620000BFCA56000250C4C0C4B606D1D802300DD
:1086300058331D70A84202D003F0FEFB656500258B
:108640006068002801D003F0F7FB013508340A2DDB
:10865000F6D170BD5465FF1FF864FF1F4865FF1F0A
:1086600070B5041E09D1054D2880A881A880A8688E
:10867000002802D003F0E0FBAC6070BD5465FF1F22
:10868000F0B54B8885B00193002343600A7905005B
:108690000F00022A00D07BE0CA88032A17D98B6812
:1086A0005E7819783602DC78D8790E4399781B7A8F
:1086B00024021B020C43034353495BBA0B80331D56
:1086C00093421ED1042C04D0631F022B0ED901202B
:1086D00015E0019A4D4B1201D35A002B06D0019898
:1086E000FFF7BEFF4A4A1369013313610421B868DA
:1086F0002E812C80494203F0EFFB6860002005B01A
:10870000F0BD434D042C06D0631F022B0FD9EB683C
:108710000133EB60DBE7019A3C4B1201D35A002B8B
:1087200005D00198FFF79CFF2B6901332B61374B74
:1087300030000293019B029A1B01019300230199CF
:108740008C468B52130063449C8003939E81FFF7F9
:1087500050FF039B041E986016D00421B86849425C
:1087600003F0BAFBFA880100043A200003F0C4FACF
:108770000199029AFB888A5A043B9B18029A8B52F1
:108780002B6801332B60A2E7AB690133AB619EE735
:108790001E4B0293019B1E01029BF35A002B2DD00E
:1087A00002998C19A068002828D0012A26D1FA88BD
:1087B0009B189BB27352A189994217D39B1AC01878
:1087C000B96803F099FA029BA289F35A934200D048
:1087D0007DE700222B81A3882B80A3686B60029B1E
:1087E000F2520B4A53680133536070E7084A9368AA
:1087F000013393600198FFF733FF68E7044A536938
:1088000001335361F6E7C046BE64FF1F5465FF1F86
:10881000C464FF1F70B5051E15D10B4C0B4B18809F
:10882000230058331870606D002802D003F004FB59
:108830006565250050356068002801D003F0FCFA1A
:108840000834AC42F7D170BDF864FF1F4865FF1FC4
:10885000F0B51700A12285B0920001934243394B35
:1088600006001B680C009B18D933FF331D78FDF7F9
:108870003DFF0430854204DD3000FDF737FF043052
:10888000C5B2BD4207D33A0000213000019B03F07E
:108890005BFB05B0F0BD2900380003F01DFA230092
:1088A000C6B250331E700393019B290063653800E4
:1088B00003F02AFACBB20293002B02D0039B0136BD
:1088C0001E7000262300503303931B78B34204D854
:1088D000606D002831D10020DBE7029A2800002AD1
:1088E00004D0013B1000B34200D02800F700E71984
:1088F000387003F041FA786000280ED03A78019978
:1089000003F0FAF9019A3B780136D3180E4A019325
:10891000D369F6B20133D361D4E7039B1870606565
:10892000A74205D1084A1320D36A0133D362B0E7C6
:10893000606803F081FA0834F2E703F07DFA00235F
:108940006365C8E73409FF1FC464FF1FF7B50D0056
:1089500007000421686803F0BFFA2B890400037044
:108960002B891B0A43702B8883702B881B0AC370CA
:108970002E8902250436F6B2F42E15D81B4B9F42E1
:1089800014D10C2003F060FA1135011E0CD0902395
:1089900003708E3B0371043B4380154B8460C6809B
:1089A000187802F0E9FF00252800FEBD5C237B4318
:1089B000104AD3180093583301931B78002B0FD122
:1089C0000300320038000099FFF742FF019B0500C9
:1089D0001B78002BE8D13800009903F0C5F9E3E7D4
:1089E000054A0725536A01335362DDE7FEFF0000A5
:1089F000BC64FF1FF864FF1FC464FF1FF0B587B09D
:108A0000009017200F0016000193FFF7F2FD1325C9
:108A1000041E18D00C98031E02D00199201D9847FF
:108A2000030AE370052303A9A070043008812770AE
:108A3000009866700B804C60FFF788FF051E02D01F
:108A4000200003F0F9F9280007B0F0BDF0B587B0B9
:108A50001F000CAB1B780391059301210DAB0600A1
:108A60001C78049200F0D6F81425002821D02000AC
:108A7000FFF780FD0135041E1BD01149059B0A78C4
:108A800003700132D2B2131EC68001D101231A0035
:108A90000B7022713000049B03990097FFF7AEFF23
:108AA000051E09D1230021000648074A093303F0B7
:108AB0009BF8280007B0F0BD002363802370F8E71F
:108AC000C064FF1F4B85001130750000F8B505002C
:108AD0000E00064C064F2368002B02D03100280000
:108AE00098470434BC42F6D1F8BDC0466465FF1F08
:108AF0007865FF1F0123064A5B42538000231371F0
:108B00005362044A136053609360D36013617047EB
:108B10007865FF1F6465FF1F0200002310B506493A
:108B20009C000859002801D1625010BD0133052B6B
:108B3000F6D11320F9E7C0466465FF1F034A538846
:108B4000181A434258414042104070477865FF1F51
:108B5000F0B585B002930AAB1F780CAB1B88009070
:108B600008000E0001920393FFF7E8FF05001120B3
:108B7000002D1BD10E48FFF7E1FF04001520002C4B
:108B800014D006220B99A771E01D03F0B5F8019BE4
:108B900030002371029B29006371009B6680237063
:108BA000039B6562E381FFF791FF280005B0F0BDEC
:108BB000FFFF000010B5FFF7C1FF04000220002CEA
:108BC00012D060880121FFF781FF606A002801D080
:108BD00002F032FF28220021200003F05DF801237B
:108BE00000205B426380207110BD000030B5074A51
:108BF000074C5588010013780020A54204D05B1A69
:108C000059424B415842104030BDC0467865FF1F65
:108C1000FFFF0000084A10B501230C00904208D065
:108C2000FFF78CFF031E04D0037923405A1E9341A3
:108C3000DBB2180010BDC046FEFF0000024B1879E1
:108C4000431E9841C0B270477865FF1F70B504009D
:108C50000D001600FFF772FF002804D10F4B9C4255
:108C600000D0143070BD10230279416A13400029EE
:108C70000AD10520002BF5D0897E0C20A94289411C
:108C8000494249420840EDE70F20002BEAD0920705
:108C9000F2D40A38002EEFD0E4E7C046FEFF000011
:108CA000030010B5002800D110BD0348034A4188D5
:108CB0009142F9D09847F7E77865FF1FFFFF000062
:108CC000002330B5C45CCD5C6C40D4540133102B10
:108CD000F8D130BD0F23002210B5C45C64002243DC
:108CE000CA54C25CD209013BF7D210BD0200010098
:108CF00010B52032103102F037FE10BDF0B58DB046
:108D00000590102007931700069103F08DF801904D
:108D1000102003F089F8019B13240290002B05D04A
:108D200000280CD11324019802F086FE029B002B30
:108D300002D0180002F080FE20000DB0F0BD10201F
:108D400003F072F80600102003F06EF813240500FB
:108D5000002E00D1B3E0002819D01022002102F02B
:108D60009BFF32002900059802F0FEFD041E0ED183
:108D700033787F2B56D830000199FFF7ABFF019B6A
:108D80001B787F2B58D802990198FFF7A3FF30007A
:108D900002F052FE002D02D0280002F04DFE002C01
:108DA000C1D1102003F040F80600102003F03CF879
:108DB0000390002E00D180E000287CD03A000121F1
:108DC0000F3223001211049106D013B204930F2323
:108DD0003B405A4253411BB2049A013A1201002B04
:108DE00034D0069BD2B298180199039AFFF768FF16
:108DF00010220021300002F04FFF049D069F013D2C
:108E0000ADB22D017D19AF4242D0002C33D03000DD
:108E100002F012FE039B002B00D184E7180002F041
:108E20000BFE80E729003000FFF754FF2800264999
:108E3000019AFFF745FFA2E729000198FFF74AFFD3
:108E400028002149029AFFF73BFFA0E70F2506996A
:108E50003D408A1808A8D9B28D4207D9D15C19546F
:108E60000133102BF7D1039A0299BFE7691A4F42D9
:108E70007941C901F3E73900300008AAFFF720FF64
:108E80003200059808A902F06FFD10370400BAE718
:108E9000002CBCD13000039908AAFFF711FF320063
:108EA00008A9059802F060FD082204003100079827
:108EB00002F022FFABE71324A9E71324AAE7002856
:108EC00000D069E72EE7C04600C20011F0B58BB0B4
:108ED0000F0016000225009000283FD0002A3DD048
:108EE0000B1DDBB21800029302F09EFF1135041E29
:108EF00034D0FDF73BFD05003A000099201D02F03B
:108F0000FBFDEBB20393E3702B0CDBB22F0A009353
:108F10006370FFB22B0E2370A7700193FDF720FD45
:108F20001022010006A802F0E7FD2100029A04AB1E
:108F300006A8FFF7E3FE051E0DD1039B0822337040
:108F4000009B04A9B370019B7770F370301D02F091
:108F5000D3FDFDF711FD200002F06EFD28000BB0DF
:108F6000F0BDF0B58FB00D00149E039004920593F0
:108F7000002A03D1022420000FB0F0BD002EF9D04A
:108F80000398FFF7DBFD1424071EF4D072783378C2
:108F900012021A43B3781B041343F27812061A43E1
:108FA000036A0192934201D30133E3D1002D03D030
:108FB0003B7901249B07DED50822002106A802F098
:108FC0006BFE059B13240433DBB21800029302F0FE
:108FD0002BFF051ECFD0059A0499043002F08CFDBA
:108FE00004223100280002F087FD390010221031E0
:108FF0000AA802F081FD2900029A06AB0AA8FFF731
:109000007DFE041E0FD1082206A908A802F074FDF7
:109010000822311D08A802F097FE012807D1019906
:109020000398FDF7BDFC280002F006FDA3E701242C
:10903000F9E7000070B51C4C05002368181E10D01D
:10904000002D14D11A78002A0CD1981C083202F095
:1090500053FE02F0B9FE0135002808D123681D70C7
:10906000012070BD0A331800082202F045FE236873
:10907000002BF5D0122002F0E7FE061E0DD0C12312
:1090800021680370457002311022023002F034FE74
:1090900023683100587802F06FFC206802F0CCFCA5
:1090A00000232360DCE7C046A065FF1FF8B504007D
:1090B0002020FDF749FB0D4EA700BB590500002BF2
:1090C0000DD000280BD0D878FF2809D108492A00F4
:1090D0000C55F35907480333611802F085FDF8BDBC
:1090E000290002F0C1FD0028F0D1F8E7BC65FF1FA0
:1090F000A465FF1FFDA2001170B5064D84006359E1
:10910000002B05D0D87802F0AFFCFF226359DA704B
:1091100070BDC046BC65FF1F70B506008CB00C006A
:10912000150000213022684602F0B6FD3100102201
:10913000684602F0E1FC1D2021000322684402F091
:10914000DBFC6846FFF7D2FD2D2104000322280036
:10915000694402F0D1FC20000CB070BDF0B50400F1
:10916000170097B001931CAB1D7830221EAB009105
:109170000AA800211E7802F08FFD2100102202AC07
:109180000AA802F0B9FC10220021200002F084FDA0
:1091900007223900200002F0AFFC07220199A01835
:1091A00002F0AAFC33005A1E9341A3732B005A1EEF
:1091B00093410021102206A8E37302F06DFD062200
:1091C0001D9907A802F098FC1A2006221F99001981
:1091D00002F092FC102200990EA802F08DFC1023E0
:1091E0000EAA11782078013B4140DBB211700134A6
:1091F0000132002BF5D10AA8FFF778FD102212A941
:1092000004000EA802F078FD102206AB0EA9087823
:109210001D78013A6840D2B2087001330131002A4A
:10922000F5D10AA8FFF762FD044310222098E4B2AA
:1092300012A902F061FC200017B0F0BD70B50E005D
:1092400014008CB00100102268461D0002F054FC8E
:109250003100082204A802F04FFC2100082206A8D1
:1092600002F04AFC6846FFF741FD04001022280086
:1092700008A902F041FC20000CB070BDF8B5060052
:109280000D0000243719AC4200D3F8BD02F054FCA5
:10929000030A3B70631CDBB201379D4203D90234E1
:1092A000F054E4B2EEE71C00EDE7F7B507000C0060
:1092B0000225002818D0002916D001AE0321300065
:1092C000FFF7DCFF3F23B27831001A40013313432C
:1092D00038002200B370FFF71FFF051E04D10322E0
:1092E0003100E01C02F008FD2800FEBD037858079D
:1092F000DA08C00FD20080009B0710439B0F184371
:10930000C0B2704707230B40C908C9000B43037064
:109310007047000070B50400FFF7EEFE134DA40087
:109320006359002B21D0186A002801D002F084FB79
:109330002B59986E002801D002F07EFB2B59D86E75
:10934000002801D002F078FB2B59186F002801D0BB
:1093500002F072FB2B59586F002801D002F06CFB11
:10936000285902F069FB00232B5170BDBC65FF1F1B
:109370000E4B8000C35870B50C00002B0FD09D68B9
:10938000002D0CD02B78201D0B706B784B70A97CB6
:10939000FFF7B8FF2B7E23726B69E36070BD10226C
:1093A0000021200002F078FCF8E7C046BC65FF1FF2
:1093B000014B18607047C046B865FF1F074A03009D
:1093C0008000825810B5002A06D0D088984203D178
:1093D000012901D1FFF79EFF10BDC046BC65FF1FEC
:1093E000F0B5254E95B087000B93BB590500099148
:1093F00012200A92002B2FD0D888FFF79FFB040081
:109400001420002C28D0280010A9FFF7B1FFBB5969
:109410001E781F6A002E21D0FDF7E8FA0790002081
:10942000FDF7EAFA0890A5793800E61D10AF0CA9FF
:1094300000F0E2FA0EA9380000F0D7FA0B9B0A9967
:109440000493089B09980193079B03960093029548
:109450000EAB0CAAFFF782FE15B0F0BDFDF7C6FA01
:1094600005003000FDF7C8FAA37906000793E31D55
:10947000089310A8DBE7C046BC65FF1F30B50D4C54
:1094800085002A59030085B00120002A0DD018005C
:109490006946FFF76DFF2B59D8881B78002B06D043
:1094A000054B6A46072100F0DAFB05B030BD034BDF
:1094B000F7E7C046BC65FF1FEB990011F999001151
:1094C00030B5094C8500295985B0102268462531F0
:1094D00002F012FC2A591121044BD0886A4600F090
:1094E000BEFB05B030BDC046BC65FF1F959A00119C
:1094F00030B5094C8500295985B0102268463531B0
:1095000002F0FAFB2A591121044BD0886A4600F078
:10951000A6FB05B030BDC046BC65FF1FD39A001145
:10952000F8B54D4F86001020F4590D0002F07CFC78
:10953000F3592062186A132200286DD02900033ADB
:109540009C6802F0D9FBF359197800295AD1227D81
:10955000186A94466646027B0F007240012632422A
:1095600001D167463740227DB2433A432275077BDB
:10957000D6B27A400027920701D4B607F70F022629
:10958000227D7F00B2433A432275067BD7B27240F8
:109590000026B446520702D47F07FA0F944662466B
:1095A00004269700227DB2433A432275627D00274C
:1095B00094466646427B72400126324201D167469C
:1095C00037400126627DB2433A436275477BD6B28B
:1095D0007A400027920701D4B607F70F0226627D72
:1095E0007F00B2433A436275407BD6B242400020CE
:1095F000520701D47607F00F0426627D8000B24343
:10960000024362756A78002A08D06278002A05D081
:1096100005220533DA7700221000F8BD04222879EC
:10962000104205D1A07C104202D10533033AF1E784
:1096300020782C78002902D1020020001400182282
:109640000428E9D8042CE7D805216143034A0533EF
:109650005218125CDEE7C046BC65FF1F10C2001145
:1096600010B50A001121024B00F0F9FA10BDC046F6
:109670002F9B00110B0030B587B001AD2B806B46DE
:1096800004001100981D082202F036FB2A000B216D
:109690002000024B00F0E3FA07B030BD579B0011E9
:1096A00010B50A001121024B00F0D9FA10BDC046D6
:1096B000AB9B001137B56D460B0004001100681C10
:1096C00006222B7002F018FB6A4608212000024B8C
:1096D00000F0C5FA37BDC046CB9B001110B50A009B
:1096E0001121024B00F0BBFA10BDC0461B9C0011BB
:1096F0007FB505000B4BAA00D4580800002C0FD0F2
:10970000666F237FE28821780396266F0296E66EC5
:109710000196A46E0094FDF7FFFB2800FFF7FAFD09
:109720007FBDC046BC65FF1F10B51721FFF7E0FFE6
:1097300010BD000070B50A000D00064B02210400A8
:1097400000F08DFA060029782000FFF7D1FF3000E5
:1097500070BDC046FB9A0011F0B587B000236C467F
:109760002370836805001E78701E0A2857D801A947
:1097700002F0FAFB06063135393D4145494D5100AD
:10978000180000F040F90623122849D000281AD109
:109790006888FFF7D3F90823002813D04279002AFC
:1097A00044D1254B1A78072312070BD5234B1A688F
:1097B0000723002A06D01768002F03D0310001AA22
:1097C000B847030023702378002B2AD16888FFF75D
:1097D0006DFC07B0F0BD180000F06CF9D6E718007A
:1097E00000F087F9D2E7180000F093F9CEE71800EF
:1097F00000F0ADF9CAE7180000F0C3F9C6E7180099
:1098000000F0F6F9C2E7180000F0F6F9BEE718001C
:1098100000F013FABAE7180000F013FAB6E70723CE
:10982000237021006888FFF785FFD2E70523012A0E
:10983000C8D1034BBBE7C0464964FF1FB465FF1F97
:10984000B865FF1FF8B52C4F8600F35904000D00D2
:10985000002B40D0DA8882423DD15A78062A33D193
:109860001A78002A2ED0012099681A6A097D0142CF
:1098700006D0157B054203D007225A700120F8BD9F
:109880000220014204D0157B054201D00922F4E7F1
:109890000420014204D0127B024201D00B22ECE7EB
:1098A000164B1B68002BE9D05B68002BE6D020002C
:1098B0009847BB5900215B78122BDFD12000FFF7BE
:1098C00017FFDBE70E4BECE7112A04D1002900D08B
:1098D00032252900F2E7002D08D12000FFF72EF9EC
:1098E000002803D0102302791343037121002800BC
:1098F000FDF792FAC2E7C046BC65FF1FB465FF1FC3
:10990000B865FF1F70B50E4E8500AB590400002BE3
:1099100013D01B78002B11D10A4B1B68002B04D0ED
:109920005B68002B01D02000984773595B78122B9D
:1099300003D100212000FFF7DBFE70BD024BECE7F6
:10994000BC65FF1FB865FF1FB465FF1F094B800092
:10995000C3581020002B0CD01A6A002A09D09B682B
:10996000002B06D0127A1B7E101C9A4200D9181CBC
:10997000C0B27047BC65FF1F70B503000D00140036
:109980000220002A30D000292ED013700B78081D39
:1099900053704B789370FFF7A9FCE070012002210F
:1099A0002B7A23716B7B034063716A7B0A401343FC
:1099B000042263716E7B1640334363716E7BF6083D
:1099C000F600334363712B7B0340A371287B014076
:1099D00000200B43A371297B0A401343A3712A7B08
:1099E000D208D2001343A37170BD10B50A00010064
:1099F0000120FFF7C1FF10BD10B50A0001000220D1
:109A0000FFF7BAFF10BD70B506000C000220002E53
:109A100030D000292ED07378201D0B70B3784B7096
:109A2000F178FFF76FFC01223579257271794B10BF
:109A300008001340934010400343881010408000FA
:109A4000C9080343C9000B436373B1794B10080085
:109A50001340934010400343881002409200C9080D
:109A60001343C9000B4321202373FCF76DFE85428D
:109A700001D2122070BD2220257AFCF765FE8542B6
:109A8000F7D823781820042BF4D86378012BF1D869
:109A90000020EFE7030010B50220002909D0002BB9
:109AA00007D00322481C0A7019000D3202F024F975
:109AB000002010BD03000222080010B5002B06D0C4
:109AC000002904D00E32591C02F016F900221000B1
:109AD00010BD030010B50220002909D0002B07D0CB
:109AE0000422481C0A7019000C3202F005F900200B
:109AF00010BD10B5FFF7DEFF10BD030002200029E6
:109B000006D0002B04D0052200200A701B784B7071
:109B1000704703000220002B08D0002906D05B7894
:109B200000200B70013B082B00D918307047030050
:109B300010B50220002909D0002B07D00622481CAE
:109B40000A7019000A3202F0D7F8002010BD10B5D3
:109B5000FFF7B0FF10BD02000B00022010B5002976
:109B60000ED0002A0CD00721197011885970118865
:109B7000090A997011180822D81C02F0BDF80020BB
:109B800010BD03000A00022010B5002B0CD00029E4
:109B90000AD099785878090201431180901CD91C89
:109BA000082202F0A9F8002010BD030010B5022021
:109BB000002909D0002B07D00822481C0A70190080
:109BC000921802F099F8002010BD02000B0002204C
:109BD00010B500290BD0002A09D00921197011787D
:109BE00018185970511C062202F086F8002010BD8A
:109BF00010B5FFF75FFF10BD02000B00022010B58B
:109C0000002A09D0002907D05178197011180622AE
:109C1000581C02F071F8002010BD030010B502209E
:109C2000002909D0002B07D00A22481C0A7019000D
:109C3000063202F061F8002010BD10B5FFF73AFFC0
:109C400010BD02000B00022010B5002A06D000292A
:109C500004D018005178FFF755FB002010BDF0B577
:109C60001F00062387B003AD06000800298101927A
:109C70002B80FEF7BEFC1324011E68600CD00198F7
:109C8000B847041E05D129003000FEF76DFA041E06
:109C900002D0686802F0D0F83000FFF707FA200021
:109CA00007B0F0BDF0B504008BB0019115000021A4
:109CB000102202A801F0F0FF334EA700B859002887
:109CC0003CD0C388A34239D10378002B36D14278E7
:109CD000062A18D102000100553235310C3006AB8E
:109CE000FFF7ACFA002829D12000FFF72FFE020071
:109CF00006A902A802F000F8200002A902F0DCF890
:109D000001200BB0F0BD816E002917D00B8A112AFB
:109D100028D19D420ED101981231093A02F014F86F
:109D2000012807D1BB5920009D6EFFF70FFE2900C7
:109D30000200DEE732212000FFF7DAFC2000FEF708
:109D4000FDFE061E1BD0416A002918D00B8AAB42CB
:109D500015D108220198123101F0F6FF01280ED129
:109D6000716A0AE09D42E9D108220198123101F09E
:109D7000EBFF0128E2D1BB59996E8A7EB9E720003A
:109D800001F01AFFBCE7C046BC65FF1FF0B56E4D81
:109D900087007E5985B0337802900393002B00D062
:109DA00085E0B368346A01937078062817D10122E0
:109DB0001B7D134202D0217B114218D10222134293
:109DC00002D0217B114251D10422134203D0237BC4
:109DD000134200D08EE0019B5A7DEB5982E0073898
:109DE0000428F8D802F0C0F8032E42658600B36E4E
:109DF000002B03D11C2002F017F8B066EB599C6EC3
:109E0000002C1CD010220021200001F045FF0298F8
:109E1000FFF79CFD01002000FFF730FA01F08CFEF7
:109E20002082200008211230FFF728FA0298FFF75D
:109E30008DFDA076EB592100D888FFF711FC082290
:109E4000EB591CE0B36E002B05D01A00198AF0887C
:109E50001232FFF70FFC0222019B197DEB591142D0
:109E600050D0207B10424DD0073208E0F488FCF738
:109E7000D5FD01002000FFF713FC0A22EB595A70B0
:109E80005A78073A042A12D8D888FEF757FE0028D5
:109E900056D0C3895A08D2182C49029B0298CB5439
:109EA0009B00EB5841180433294801F09DFE05B092
:109EB000F0BDFCF79BFD03000120834201D100208F
:109EC0000393EB59DE88FCF797FD039902003000FD
:109ED000FFF7F0FB019AEB59117D0422114218D1D2
:109EE000019A527D01210A4218D0607B084215D0A8
:109EF0000C22C4E7F688FCF733FD01003000FFF7C1
:109F0000EDFB68E704221142EAD0217B1142E7D041
:109F1000AAE7217B1142E3D00B22B0E702210A42DB
:109F200004D0607B084201D00E22A8E704210A4237
:109F300004D0627B0A4201D01022A0E712229EE7E1
:109F4000FA225200A8E7C046BC65FF1FC065FF1F8C
:109F500007A3001110B5064B1A780423100018400F
:109F60001A4200D00348FFF723FA002010BDC04674
:109F70004964FF1F8442FF1F70B50400FFF7D0FA49
:109F8000051E43D12000FFF779FA234EA400A05903
:109F90008268937CDB0708D50321036A1B790B4099
:109FA000012B02D1017F0B430377431DD97F8B1E09
:109FB000022B0DD8022900D00121C088FCF784FFB4
:109FC000042133591A7F59700A431A77280070BD4B
:109FD00001290CD102231022437000210C3001F022
:109FE0005BFE305910213530FFF748F9EEE70529BF
:109FF000ECD10223D118437010220C3001F07CFE0A
:10A0000004233259117F0B431377EAE708251828F8
:10A01000DCD1053DDAE7C046BC65FF1FF0B58BB06B
:10A02000059143887C4F9E00F45915000493002C41
:10A0300015D1012902D000200BB0F0BD101D5778BA
:10A040001678FFF753F9EB68320002932B7A0499E4
:10A05000019300903B002000FCF700FFEBE7E38852
:10A06000049A934201D00820E6E72378012B00D11F
:10A07000D0E0059B581E092800D9CBE001F074FF01
:10A0800005CA0A29C8506C859AB229000498FFF7BE
:10A0900073FFD1E7200029001022453001F02CFE8B
:10A0A000B9594B78042B02D1013B4B70C3E70B002D
:10A0B0000A00253335320C310498FFF791F90498E2
:10A0C000FFF7FEF90522431E9841BB59C0005A70A4
:10A0D000B2E7200029001022553001F00DFE049B4C
:10A0E0004D4C9D00295904980A0006AB55320C319D
:10A0F000FFF776F929591022453106A801F024FE10
:10A10000012808D10498FFF7F3F90590002804D13D
:10A1100006222B595A7005988EE708230593FAE713
:10A1200063780C2B76D1E36E002B03D11C2001F059
:10A130007BFEE066BB59D86E00286BD01022290048
:10A1400001F0DAFDBB590498DC6EFFF7FFFB0D222E
:10A15000A076BB595A706EE7E06E00285AD063783B
:10A160000D2B57D12B8808220382A91C123001F035
:10A17000C3FDBB599A68517D0222114226D0186A4C
:10A18000407B104222D00C32E4E763780E2B41D1A1
:10A19000236F002B03D1162001F046FE2067BB5928
:10A1A000186F002803D01022290001F0A5FD0F220E
:10A1B000BB59CFE763780F2B2CD1206F0622691C87
:10A1C000103001F099FDBB599A68517D042211426B
:10A1D00003D0196A497B1142D5D100210498FFF7B9
:10A1E00087FA28E7606F002808D1143001F01CFEC0
:10A1F000BB596067586F002800D134E7102229004E
:10A2000001F07AFD0122BB5952425B6F1A61E4E70B
:10A210002978E3E707200FE7BC65FF1F10B5064C60
:10A22000207001F099FB06212078FDF78DFF03488F
:10A23000FEF772FC10BDC046CF65FF1FBD93001135
:10A2400000200BB270B50D00834216DA264B187849
:10A2500001F062FD041E0DD00378922B0ED0A02BCE
:10A2600037D0224B1878FF283AD0210001F084FB28
:10A27000002835D180200002684070BD43780E2B45
:10A280000BD03E2BEDD18378052B12D0082BE8D1D3
:10A2900081798088FFF7D6FA08E0154B82889A42C8
:10A2A000DFD183681878591CFEF7C4FE0028D8D087
:10A2B00016E0104B1B785B0712D50F4B1B68002B69
:10A2C0000ED09B68002B0BD0C289811D80889847D7
:10A2D000ECE7FFF741FAA068002801D001F0ACFDDF
:10A2E000200001F0C9FBC5E7CF65FF1F7D42FF1FBE
:10A2F000182000004964FF1FB865FF1F10B50078E3
:10A30000FFF712FA10BD10B50078FFF7FBFA10BD89
:10A310000C234343084A10B59B185A68002A03D0FF
:10A32000012901D1904710BD9B68002BFBD000296B
:10A33000F9D19847F7E7C046EC65FF1F012383403A
:10A34000094A10B5946B1C439463506B9843506357
:10A35000D46B20009843012901D120001843D06319
:10A36000116B0B43136310BD00800040064B0121AD
:10A370005A68C2400A4204D01B68C3401800084013
:10A3800070471B6DF9E7C046008000400122064B74
:10A390008240002903D0D9680A43DA607047D9683F
:10A3A0009143D960FAE7C046003800400322424397
:10A3B00070B50F4DAB189C785E780123361B0136C3
:10A3C000B340013BA340A140DB430C00122808D856
:10A3D000525D0849920052181168194021431160DA
:10A3E00070BD054A11680B4023431360F8E7C0466F
:10A3F00057C2001108F0004014F00040C21F70B5B1
:10A40000D4B20623092C0BD80125084C954000290D
:10A4100008D00021FFF7CAFF23682B4323600023E5
:10A42000180070BD2368AB43F8E7C0460038004011
:10A43000214BF0B51B185B78022B21D10324444338
:10A440001E4A1F4EA35C1219947801221500854004
:10A45000B76B013CE4B23D43A240B563194C1228EE
:10A4600015D89B0000290CD117495B1899680A433D
:10A470009A600123205C154A834011680B431360E6
:10A48000F0BD11495B18996891439960F1E70E4B53
:10A4900000290DD159690A435A61225C1328E8D07A
:10A4A0000123203A93400A49086803430B60E7E719
:10A4B000596991435961F0E7D065FF1F57C20011F8
:10A4C000008000409CC2001100F00040A0F000405D
:10A4D000A4F00040F8B500241B4E1C4D1C4B1B5D26
:10A4E000012B1FD1194A9269E2401A420BD0012276
:10A4F000B25693402200143AD2B2022A09D8154922
:10A500004A6913434B61013402360C35172CE5D1EF
:10A51000F8BD0022B2560F499200521891680B43C1
:10A520009360F0E7022BEED1E7B23800FFF71EFF91
:10A5300001235840C1B23800FFF77AFF3800FFF717
:10A5400015FF6877DFE7C04629C20011D065FF1FFD
:10A55000D165FF1F00F00040012202388240054B08
:10A56000002903D059690A435A61704759699143D8
:10A570005961FAE700380040F8B50E0001210F00DC
:10A580008740114A0400D368FD43BB43D360831E58
:10A590008B4201D8FFF7E0FF00212000FFF72EFFDC
:10A5A0000A4A0B4B5168012E05D139431B195160E2
:10A5B0005E700020F8BD2940516002221C196270B3
:10A5C0009A6915409D61F4E7003800400080004022
:10A5D000D065FF1F012210B58240074B002906D02D
:10A5E00019680A431A600121FFF7C6FF10BD1968F8
:10A5F00091431960F7E7C046008000400C2370B516
:10A60000002543430A4A29009B181D70094B04008A
:10A610001B185D70FFF7B0FF0123A3400649280017
:10A620000A681A430A6005490A689A430A6070BDBD
:10A63000EC65FF1FD065FF1F348000403080004074
:10A6400070B504000E00FF2813D003250540FFF766
:10A65000D5FF084AA3089B009B183F22ED00AA40A3
:10A66000AE40196820009143314319600121FFF782
:10A670008DFE70BD18380040F8B50C244443134BD0
:10A680000500E4186368002B03D1A3681220002B97
:10A690001AD0022201270E4B00215B195A702800A4
:10A6A0002770FFF769FF63681E1E08D0A3683E008D
:10A6B000002B04D02800FFF759FE4640F6B22800D0
:10A6C0003100FFF73BFE0020F8BDC046EC65FF1FE0
:10A6D000D065FF1FF7B5C420FF222A4B8000195810
:10A6E000002591433F3A0A431A508022264E5202D7
:10A6F000264F1A60264B5C5D002C22D0AB1E012B2E
:10A7000003D80121E8B2FFF727FF012C19D11E4B16
:10A710009B69EB40234214D0EBB218000193FFF782
:10A7200025FE01000198FFF755FF0123FB569C40D1
:10A73000EBB2143BE443022B1AD8164A5369234068
:10A740005361337F002B0DD0ECB22000FFF794FF54
:10A750002000FFF70BFE737F0100834202D0200030
:10A76000FFF7D6FD01350C360237172DC2D1F7BDE4
:10A770000023FB56074A9B009B189A6814409C6074
:10A78000DFE7C04600E100E0D065FF1F29C20011ED
:10A79000D165FF1F00F0004070B5134D07202C78E5
:10A7A000002C1FD1982221005200280001F08CFBC0
:10A7B0000123C420FF222B700C4B80001C635C63C0
:10A7C0000B4B1C605C600B4B195891433F3A0A439A
:10A7D0001A50802252021A600D20074A074901F0E0
:10A7E0009BF9200070BDC046D065FF1F008000406F
:10A7F000A0F0004000E100E0D5A60011D5A40011B2
:10A80000F8B50600012826D00B220827164C012394
:10A810009340164A164DD3677301ED18287C00212A
:10A82000FFF7B4FD0021687CFFF7B0FD0025802311
:10A83000380023732571257025732572656001F03A
:10A8400083F9380001F0C8FA0A4BAE4207D1EB2277
:10A8500092009E50F8BD11221927074CD7E7F1222C
:10A8600092009D50F6E7C0460040004004E100E041
:10A870008467FF1F0000FF1F00900040F0B587B005
:10A88000050001F069FB04902800FFF7B9FF012DD6
:10A8900000D17DE00523042708260393444C0633AA
:10A8A0000193444B6A019B181A7CFF2A02D15B7CFE
:10A8B000FF2B6BD0300001F0FFF9300001F044F9BC
:10A8C0003C4B6A0102936B010593029B02219E1887
:10A8D000307CFFF76BFD0221707CFFF767FD3900CC
:10A8E0000027307CFFF7ACFE707C0399FFF7A8FED1
:10A8F00027737169049B18114B08C01801F0ECF91B
:10A90000802327612373030ADBB22371F37EC0B275
:10A910002070BB4244D01B232373029B6A019B1807
:10A920001A7E0123002A3DD087222272636062686A
:10A930007F3313436A0194466360029B63449B7EAA
:10A94000002B03D002236268134363601A4A002D70
:10A950002AD1EB21194B89005350019B184A9B08BF
:10A960009B009B180322019CC0202240FF24D200A0
:10A97000944080001958A1438024944022000A4347
:10A980001A500123019A93400D4A136007B0F0BD9D
:10A99000092308270393DB1919260A4C019380E742
:10A9A0000323B9E72272C5E7F121074BD3E7C0467D
:10A9B000004000408467FF1F0000FF1F051BFF1FB2
:10A9C00000E100E000900040451BFF1F10B5002093
:10A9D000FFF754FF10BD10B50120FFF74FFF10BD6A
:10A9E000F0B587B005930CAB1D78174F6E01F35D82
:10A9F000029002AC112003910492002B1ED1637AC5
:10AA00000C380193002B19D119002022F01901F004
:10AA10005BFA0E4BF31807CC07C39C4662462368CB
:10AA200028001360FFF72AFF0123F355002D07D1FB
:10AA300029000820064A01F06FF8002007B0F0BD99
:10AA40001920044A0199F6E78467FF1F9467FF1FE6
:10AA5000CDA90011D7A9001170B50400FFF7D0FEF1
:10AA6000084D660120220021701901F02DFA002303
:10AA7000082073559C4200D0192001F035F90020C0
:10AA800070BDC0468467FF1F70B51D0002240C29ED
:10AA900010D8094ACA40D2070CD5FBF761FE041E44
:10AAA00008D1059A04992800FBF776FEFCF7E2FC32
:10AAB000FFF750FA200070BD1210000030B50D787D
:10AAC00002232C009C43184201D02B431C00082574
:10AAD0002300AB43284201D02B00234320241D0038
:10AAE000A543204201D01C4325002A230D701842A3
:10AAF00004D011781E3B0B43137030BD0028FCD1ED
:10AB00000C2113788B43F7E7F8B51D0006AB1B88C3
:10AB1000140007AA0E000B201778002B27D10A7803
:10AB2000022A49D14A68507811780002244A084321
:10AB30008018042840D801F017FA03121D1B2300C7
:10AB4000F06801F0D1F9021CC0B2B84200D93A1C39
:10AB5000D2B22000F1682A8001F0CEF806E002228D
:10AB6000F3681B882A8023701B0A63700020F8BDDD
:10AB70000622EEE701232B80F3681B782370F5E7AC
:10AB8000F368002B16D008222A801A8822701A88AF
:10AB9000120A62705A88A2705A88120AE2709A8861
:10ABA00022719A88120A6271DA88A271DB881B0A04
:10ABB000E371DBE72B80D9E701202B80D7E7C04684
:10ABC00000D6FFFFF7B516000A781D0008AB1F88F6
:10ABD0000C000123022A18D14A685078117800022B
:10ABE0002B4A0843801803280FD801F0BDF902252D
:10ABF0004439E06801F078F9C0B20723B84204D3C1
:10AC00007B190193152B02DD0D231800FEBDE068B2
:10AC10002A003100C01901F06FF86B4600209B88B4
:10AC2000E268D0541B4B1B68834203D01B688342ED
:10AC300000D098470023E8E70B23002FE5D1022D31
:10AC4000E2D1737832781B021343E2681380114B10
:10AC50001B68002BEED01B68002BEBD00120E8E72F
:10AC60000B23002FD1D1062DCED12A003100E06870
:10AC700001F042F8DEE70B23002FC6D1012DC3D12E
:10AC800032787533012AC0D8E3681A70D2E7C0461B
:10AC900000D6FFFFDC67FF1F70B50C00150007280A
:10ACA00037D801F061F9041436361B36242E1820EB
:10ACB00015290BD8184E16220021300000F0ECFFA9
:10ACC00022002900300001F017F8002070BD182084
:10ACD0000229FBD11288114B1A80F6E718200829A7
:10ACE000F4D10A000E48290000F096FEEDE7182086
:10ACF0000129EBD10B4B10780B49DA69FFF7DEFE27
:10AD0000E3E718200129E1D1064B10780749DA6BF7
:10AD1000F4E70220DAE7C046C467FF1F2643FF1F9F
:10AD20001C43FF1FAC42FF1FD442FF1FF442FF1F12
:10AD3000030010B50020DB0704D50721024A0348B1
:10AD400000F08CF810BDC046B4C20011AC42FF1F29
:10AD5000054A03001068002803D082889A4201D176
:10AD6000806870470068F6E7D469FF1F0A8803000F
:10AD700008009A4204D08A8804309A4200D0002009
:10AD80007047000073B50600684615000196018003
:10AD9000FCF7A2FE041E11D1002D0FD07689002EE3
:10ADA00011D00C2001F040F800280ED0084A0460B1
:10ADB000136886808560002B02D11060200076BD6C
:10ADC0001A001B68F7E70224F8E71324F6E7C046E9
:10ADD000D469FF1FF8B5F22200230D4F0D4E79689C
:10ADE000050042433370994200D07B600A4C002139
:10ADF000200000F051FF00231A007C609D4201D129
:10AE00003570F8BD01332280DBB2F234F6E7C0467C
:10AE1000CC6AFF1FCA6AFF1FD869FF1F01210022E9
:10AE20000A4B10B549420A4C198099809A719A7060
:10AE3000084B2070012019805A60FFF7CBFF207863
:10AE4000FCF7A8FE0448FDF767FE10BDE467FF1F8E
:10AE5000D46AFF1FCC6AFF1F09AF0011022310B58F
:10AE6000002802D0FFF78EFF0300180010BD00007D
:10AE7000030010B50020DB0704D50421024A034873
:10AE8000FFF780FF10BDC046C8C200112C43FF1F52
:10AE9000F0B50E2687B003930CAB1F8802ABF618F3
:10AEA0000500080031000292FCF79EFF040001201B
:10AEB000002C0FD03088FFF74BFF03000E20002B33
:10AEC00008D05E68002E05D021002800039B029A5E
:10AED0000097B04707B0F0BD0A4B10B5984207D1B4
:10AEE0000122002352420A808B708A808B7110BD30
:10AEF000FFF73CFF0028FAD001235B4203800023C8
:10AF00008370F4E7FFFF0000F8B5050001290AD1BE
:10AF1000134E00243388F227AB4219D02800114980
:10AF2000FFF7DAFF06E0022904D10139FDF772FECE
:10AF30000028EDD0F8BD3B0063437268D018D35AA7
:10AF4000002B09D03A00002100F0A6FE0134E4B243
:10AF5000054B1B78A342EED801235B423380DDE72B
:10AF6000CC6AFF1FE467FF1FCA6AFF1F10B5FFF717
:10AF7000FDFE03000020834200D0987810BD000041
:10AF8000F0B589B01C000EAB80CB03901E8810ABCF
:10AF90001B78049202930B7A0D00DB0616D42B78F3
:10AFA0000593022B24D00498FFF7D2FE002812D07C
:10AFB00003689C46002B0ED0029B220001932900BF
:10AFC0003B00644603980096A04705E00498FFF70D
:10AFD000BFFE002802D10E2009B0F0BD8368002B0F
:10AFE000F9D00A222900039898470028D7D0F3E720
:10AFF0006B6858781A786A4B000210439842D2D88E
:10B00000043B984210D2674B984242D015D8664B09
:10B01000C0180128C7D80B20002EDDD1EB681A78A4
:10B0200059683A80200028E0604BC018032800D9F6
:10B0300078E000F099FF836A779D5D4B9842B2D12A
:10B040000B20002EC8D101233B80EB6831001B7818
:10B0500023706889013080B2FCF7C6FE3A88031E6F
:10B060000ED0017802328A183A8042896270428991
:10B07000120AA27059680278E01C00F03DFE06E05A
:10B0800004323A8031000422601C00F005FE0020EA
:10B09000A2E70B20002E9FD1EB6807A91E8804238E
:10B0A0003B80330A300026706370FCF79DFE051E5E
:10B0B00028D004AB9A890E2304A95B183D49C668C1
:10B0C000FCF706FF00280BD12B783B486A680599EE
:10B0D000FBF7B8FA002803D1012304AA5B42D3810D
:10B0E0003278022A06D17168201D00F005FE3B88E7
:10B0F00002333B800E2304AA9B181B88A3701B0AF3
:10B10000E370C4E704ABDE81F4E70B20002E00D02F
:10B1100062E7E9680398FFF729FF02233B8020706C
:10B120006670B4E70B20002E00D055E70222EB68D2
:10B130001B883A8023701B0A6370A8E7E86800F058
:10B14000D3FEC2B203000720B24200D244E70DD0C2
:10B150000299DBB27118994202DB921BD3B20293BF
:10B16000029BE9681A003B8089195BE70023F6E738
:10B170000B20002E00D02FE70722EB683A801A78C8
:10B1800022705A7862705A88A2705A88120AE27045
:10B190001A792271DA886271DB881B0AA37176E75B
:10B1A000042900000228000000D8FFFFFFD6FFFF9F
:10B1B00003280000FFFF0000F8C10011F0B58DB0BA
:10B1C0006B460020089120229B5E83423DDAA54B0E
:10B1D000187800F0A1FD071E32D00378B02B2CD1D7
:10B1E0000079023816281FD800F0D6FC17001E0080
:10B1F0001E001E0031001E0094001E001B011E00D8
:10B2000050011E0071011E00CB011E0050021E00E5
:10B210001E001E008E021E00B902934B93491B882C
:10B2200078880B80FAF750FF3800FCF7D3FE904B7C
:10B230001B68002B01D038009847380000F01CFC38
:10B240008020089B0002434018000DB0F0BDEE22A4
:10B250000021864800F020FD0BAA3B7B79893889C4
:10B2600000923A000D32FCF7D3FC04007F4B1B78B0
:10B27000002C3DD144E07F4B7888059306AB9A8A39
:10B280007D4B4100CB5A7D4E073BDBB2029300233E
:10B29000210001930096059BFFF772FE734D002875
:10B2A0000FD133883A8A9A420BD13800059912306F
:10B2B00000F04AFD002804D02B7862899B00EB182F
:10B2C0005A80162606ABF6189A8A20003300798930
:10B2D000FCF7FEFD2B7804009A00AA18518800297B
:10B2E000C4D00133DBB22B70002806D031889180A6
:10B2F000634A12889A42BED802E0012149429180F5
:10B30000002B04D059497888FAF712FF8CE73E8960
:10B310000A2479E000253E89574B06937B88069ADC
:10B320005B009B5A033B9D4202DB002DF0D05BE0AB
:10B33000162206A812183B7B798900923A00300049
:10B340000D32FCF765FC0590002858D04689017A3B
:10B350007888FCF725FC041E44D1464B7888079377
:10B36000069B4100C95A454B0439C9B206AAD28A84
:10B3700006930291019400930599079BFFF700FE45
:10B38000041E2FD1069B39491A88931C002D26D103
:10B390004B807988384B4900CB5A5119033B8B427B
:10B3A00020DD059B31485B8941190B71A91C0135D2
:10B3B000C9B2EDB2059145191B0A2B71059B2D49A8
:10B3C0000433181800F098FC2C4B059A1B88D318EE
:10B3D000DDB22C4B9E4205D00136B6B29CE74988BF
:10B3E0009942D6D0002D0CD0204C2800618800F066
:10B3F000DBFB207021007888FAF7AAFE14E7059C91
:10B40000F0E7002C00D183E77B78142B00D10BE709
:10B4100016493B794E800B700C717888FAF74AFE1A
:10B4200002E7162406ABE41821003889FCF7DCFC9F
:10B43000011E00D18FE1788822880F4C45002C5BDB
:10B440000A4D013CE4B2029400240F4B0194009594
:10B45000FFF796FD041E00D016E129007888FAF760
:10B4600087FEE1E6D46AFF1F1C42FF1FEC67FF1F47
:10B47000E067FF1FE068FF1F1C64FF1FD069FF1F0C
:10B480001A42FF1FFFFF0000EE67FF1F162406ABE6
:10B49000E41821003889FCF7A7FC011E00D15AE10D
:10B4A00078882288B24C45002C5BB24D013CE4B256
:10B4B00002947C89B04B01940095FFF761FD041E56
:10B4C00000D0E1E029007888FAF75CFEACE60025C0
:10B4D000A84B1D803B00F6331B78A64A788807925C
:10B4E000AB4208D9A24B12880693069943005B5AD7
:10B4F000013B9A4203DB0799FAF74EFE94E61624C5
:10B500006B00FB18059306ABE418059B2100188916
:10B51000FCF76AFC011E03D1059B01241E8973E719
:10B520007888964B2288069C099343001B5B944EB7
:10B53000013BDBB20293002300960193099BFFF7C6
:10B540001FFD041E02D0059B1E895DE77B88069ABD
:10B550005B009B5A079A1088328881188B4203DC63
:10B560001B1A013B9AB23280824C023009990019B1
:10B5700000F0C2FB2388328801359B182380EDB28E
:10B58000A8E70BAA3B7B7989388900923A000D32F3
:10B59000FCF73EFB00250600002E04D10A24002DF6
:10B5A00000D171E063E0317A7888FCF7F9FA0100A4
:10B5B000041E67D16E4C714B788805940793059BE8
:10B5C0004400E45A6E4B063CE4B206AA928A069303
:10B5D0000294019100933100079BFFF7D1FC041EF8
:10B5E00050D1069B634A1B88002D34D1043353800D
:10B5F000604C728963191A716B1C9BB2E318120AB2
:10B600001A7106AB9A8A162306A81B18798930008E
:10B61000FCF75EFCFF212B1DAA1C9BB20335059392
:10B6200006000B0092B2ADB2002803D006ABDB8A55
:10B63000D9B21B0AA218651911712B71059B504DC7
:10B64000181D2A884D49201800F056FB2B88059AB2
:10B65000D3189DB2A0E751881A1D914207D17A886C
:10B6600005995200525AEB18053A9A42C0DC414CF7
:10B670002800618800F030FB207021007888FAF7FC
:10B6800095FDD1E5002DF2D13E89BDE6162606AB2B
:10B69000F61831003889FCF7A7FB3D000400FA35A5
:10B6A00000282DD0037A9B060CD400227B8939898F
:10B6B000788800923A000C32FFF7EAFB041E10D0A3
:10B6C0003E8915E03088FFF743FB00281AD08368D5
:10B6D000002B17D02100122278889847041EE4D04E
:10B6E000EEE72B78002B02D17888FAF76FFD002661
:10B6F0002B78002B00D097E5002C00D194E583E651
:10B700000124DDE70E24DBE7162506ABED18290042
:10B710003889FCF769FB041E1DD0037A9B0609D407
:10B72000184B7A8819888A4263D0174881425FD0C3
:10B730000924A9E72888FFF70BFB00280DD08368B0
:10B74000002B0AD02100122278889847041EE7D0E7
:10B750009AE7100053E0012496E70E2494E7094B82
:10B760007A881B889A423FD07888FAF741FD5BE5DA
:10B770001C64FF1FEC67FF1FEE67FF1FE068FF1FE1
:10B78000D069FF1FCC6AFF1FFFFF0000F22305985E
:10B7900051684343CD18C95A00291FD03B7A012B69
:10B7A0000BD16C88AB887888AA1D0094FFF770FBDA
:10B7B000041E02D000233B722E88F22200212800B2
:10B7C00000F06AFA00232B80059B0133DBB205935E
:10B7D000144B05991B78144A8B42D7D801235B423E
:10B7E0001380002CC0D00FE6002634000596EFE74A
:10B7F0001A8058680B4B1A78F22353431B1898424F
:10B8000096D002000188F2320029A2D13C0008340F
:10B810002100F22200F070FA21007888FAF7DEFCAD
:10B8200002E5C046CA6AFF1FCC6AFF1F70B504005C
:10B830000E001500FFF79AFA031E08D131000548E3
:10B84000FFF794FA03001120002B02D01C80002087
:10B850009D7070BDFFFF0000F8B50B4F06003B78F0
:10B860000D001400FF2B0ED00A2000F0EDFA011E8F
:10B8700009D0B1230380002346800371C580048171
:10B88000387800F079F8F8BD6D43FF1FF8B50F0068
:10B8900006A90600088807A90B25098800281FD1DA
:10B8A0000235022B1CD15478137824021C43230048
:10B8B00073358B4314D1FD6830002900FFF756FB28
:10B8C00084420CD0290022003000FFF7AFFF112581
:10B8D000002805D1220030007989FFF7BDFF00253F
:10B8E0002800F8BDF0B50E7885B003900AA8058849
:10B8F0000120022E0DD14C682778647824023C4345
:10B90000054FBC4205D10398DBB201960095FFF7C5
:10B91000BDFF05B0F0BDC04602290000034B10B5C5
:10B920001B68002B00D09847FEE7C046D86AFF1F6F
:10B9300007B501A8FFF7F2FF044A05480021121AD3
:10B9400000F0C2FAF7F7A4FFFEE7C046DC6AFF1F6B
:10B950007043FF1F0000000001B40248844601BC90
:10B96000604700BFC926000001B40248844601BCFC
:10B97000604700BFE548000001B40248844601BCAE
:10B98000604700BF594F010001B40248844601BC22
:10B99000604700BF0124000001B40248844601BC96
:10B9A000604700BF9D36FF1F01B40248844601BCBA
:10B9B000604700BF5125000001B40248844601BC25
:10B9C000604700BFE117000001B40248844601BC93
:10B9D000604700BFF939FF1F01B40248844601BC2B
:10B9E000604700BF5938FF1F01B40248844601BCBC
:10B9F000604700BF9DA9000001B40248844601BC15
:10BA0000604700BFEDA5000001B40248844601BCB8
:10BA1000604700BF7918000001B40248844601BCA9
:10BA2000604700BF810E000001B40248844601BC9B
:10BA3000604700BF1D4B010001B40248844601BCB1
:10BA4000604700BF014C010001B40248844601BCBC
:10BA5000604700BF5137FF1F01B40248844601BC54
:10BA6000604700BFC94A010001B40248844601BCD6
:10BA7000604700BF1147010001B40248844601BC81
:10BA8000604700BF434D010001B40248844601BC39
:10BA9000604700BFF30E000001B40248844601BCB9
:10BAA000604700BF691F000001B40248844601BC22
:10BAB000604700BF3532FF1F01B40248844601BC15
:10BAC000604700BF2124000001B40248844601BC45
:10BAD000604700BF2526000001B40248844601BC2F
:10BAE000604700BFC56D010001B40248844601BC37
:10BAF000604700BF8552010001B40248844601BC82
:10BB0000604700BF4551010001B40248844601BCB2
:10BB1000604700BF6571010001B40248844601BC62
:10BB2000604700BF1D30FF1F01B40248844601BCBE
:10BB3000604700BF3555000001B40248844601BC8F
:10BB4000604700BF2951010001B40248844601BC8E
:10BB5000604700BF1139FF1F01B40248844601BC91
:10BB6000604700BF253AFF1F01B40248844601BC6C
:10BB7000604700BFF94C010001B40248844601BC93
:10BB8000604700BFADAE000001B40248844601BC6E
:10BB9000604700BFDD66010001B40248844601BC75
:10BBA000604700BF913AFF1F01B40248844601BCC0
:10BBB000604700BF350E000001B40248844601BC56
:10BBC000604700BF091B000001B40248844601BC65
:10BBD000604700BF5522000001B40248844601BC02
:10BBE000604700BF8B52010001B40248844601BC8B
:10BBF000604700BFA946010001B40248844601BC69
:10BC0000604700BF6533FF1F01B40248844601BC92
:10BC1000604700BFA935FF1F01B40248844601BC3C
:10BC2000604700BF6DBC000001B40248844601BCFF
:10BC3000604700BFED4A010001B40248844601BCE0
:10BC4000604700BFD92FFF1F01B40248844601BCE2
:10BC5000604700BF0D32FF1F01B40248844601BC9B
:10BC6000604700BF456B010001B40248844601BC37
:10BC7000604700BF5147010001B40248844601BC3F
:10BC8000604700BFB352010001B40248844601BCC2
:10BC9000604700BFB54C010001B40248844601BCB6
:10BCA000604700BF154D010001B40248844601BC45
:10BCB000604700BF4D1F000001B40248844601BC2C
:10BCC000604700BF9138FF1F01B40248844601BCA1
:10BCD000604700BF812FFF1F01B40248844601BCAA
:10BCE000604700BF090E000001B40248844601BC51
:10BCF000604700BF6930FF1F01B40248844601BCA1
:10BD0000604700BFE94C010001B40248844601BC11
:10BD1000604700BF090E000001B40248844601BC20
:10BD2000604700BFF54E010001B40248844601BCE3
:10BD3000604700BF992FFF1F01B40248844601BC31
:10BD4000604700BF2146010001B40248844601BC9F
:10BD5000604700BFCD4C010001B40248844601BCDD
:10BD6000604700BF291C000001B40248844601BCA2
:10BD7000604700BF3119FF1F01B40248844601BC6F
:10BD8000604700BF017F000001B40248844601BC47
:10BD9000604700BF7D39FF1F01B40248844601BCE3
:10BDA000604700BF412DFF1F01B40248844601BC1B
:10BDB000604700BFC9A9000001B40248844601BC25
:10BDC000604700BF851F000001B40248844601BCE3
:10BDD000604700BFD91B000001B40248844601BC83
:10BDE000604700BFD138FF1F01B40248844601BC40
:10BDF000604700BF056A000001B40248844601BCE8
:10BE0000604700BFA54F010001B40248844601BC51
:10BE1000604700BF4D3AFF1F01B40248844601BC91
:10BE2000604700BFC521000001B40248844601BC40
:10BE3000604700BF3D4B010001B40248844601BC8D
:10BE4000604700BFD949010001B40248844601BCE3
:10BE5000604700BF1D4D010001B40248844601BC8B
:10BE6000604700BF0D52010001B40248844601BC86
:10BE7000604700BF4538FF1F01B40248844601BC3B
:10BE8000604700BF3D18000001B40248844601BC71
:10BE9000604700BF8D12000001B40248844601BC17
:10BEA000604700BF75A9000001B40248844601BC88
:10BEB000604700BF055E000001B40248844601BC33
:10BEC000604700BF311B000001B40248844601BC3A
:10BED000604700BFB70E000001B40248844601BCB1
:10BEE000604700BF5549010001B40248844601BCC7
:10BEF000604700BFDD52010001B40248844601BC26
:10BF0000604700BF5D17000001B40248844601BCD1
:10BF1000604700BF4550000001B40248844601BCA0
:10BF2000604700BF9D35FF1F01B40248844601BC35
:10BF3000604700BFB14E000001B40248844601BC16
:10BF4000604700BF693AFF1F01B40248844601BC44
:10BF5000604700BF0519FF1F01B40248844601BCB9
:10BF6000604700BFD1A5000001B40248844601BC6F
:10BF7000604700BF7D3AFF1F01B40248844601BC00
:10BF8000604700BFCD35FF1F01B40248844601BCA5
:10BF9000604700BFC51D000001B40248844601BCD3
:10BFA000604700BFE928000001B40248844601BC94
:10BFB000604700BF5952010001B40248844601BCE9
:08BFC000604700BF156B010092
:10BFC8000003010302030303040305030602070237
:10BFD800080309030A030B030C030D030E030F03E5
:10BFE800100311031303140315031603E53B001193
:10BFF800193C001100000000020000000AC00011F6
:10C00800192A0F180A000000F1590000FD24000049
:10C01800414601002582001141A2001181760011DC
:10C0280029800011D1570011BDB1001171530011C1
:10C03800193E0011413F00110000000016160000D3
:10C048000200000054C00011F4FFF3FFD2FC00000E
:10C05800814000110000000000000000496E6B6282
:10C06800697264004942532D563233003030303102
:10C07800006769746875622E636F6D2F6366626C02
:10C088006165622F696E6B626972645F6962735F72
:10C09800746832700049425354483250000000001E
:10C0A80002000000BCC00011292A282A272A262AB3
:10C0B800252A242A0A1800007440000010270000CE
:10C0C80060F000000400000006640000204E00003C
:10C0D80000000000060000005C440000102700007B
:10C0E8006CEE000007000000050000001F501D1046
:10C0F800023CB40000012C00210000008100000077
:10C108003031323334353637383941424344454685
:10C1180000000000395C00118D5C00110000000077
:10C128000200000034C100116F2A6E2A1A1800009C
:10C1380001A00000000000006410B71DC8206E3B7D
:10C14800AC30D9269041DC76F4516B6B5861B24D16
:10C158003C7105502083B8ED44930FF0E8A3D6D680
:10C168008CB361CBB0C2649BD4D2D38678E20AA0E8
:10C178001CF2BDBDFB349B5F8000008000100000F6
:10C18800000000008B6200110D790011AF620011F0
:10C19800197D001133630011EF7C0011A9630011B0
:10C1A800C57C0011FB630011957E001163640011CA
:10C1B800957E0011956400114F7E0011A96300114E
:10C1C8007D7C0011216400112D7E0011000000000B
:10C1D80000000000076500112D7E0011696500113F
:10C1E80025790011052A042A012A002A0229032890
:10C1F80001280028011800180000000000000000B5
:10C208000000000000000087010102010201010294
:10C2180001020303040103010101010103030201F7
:10C2280003000D000E001000110013001401070197
:10C2380008010A010B011C011D0204020502070284
:10C24800080219021A021C021D0301030203170047
:10C258000201000504000807000B0A001716001D5C
:10C268001C010201010504010E0D01111001141336
:10C27800011716011A19020201020B0A020E0D0219
:10C288001110021413021716030504030807030B01
:10C298000A030E0D0001020307090A0B0E0F101105
:10C2A80012141718191A1B1F2021220009AB00119C
:10C2B800C5AB00110000000002000000FEC1001123
:10C2C80000000000E5B800110000000002000000B6
:04C2D800FCC1001194
:020000041FFFDC
:1000000000000000813D001110C000110CC0001163
:100010008460FF1F000000000000000000000000DE
:1000200000000000000000000000000000000000D0
:1000300000000000000000000000000000000000C0
:1000400000000000000000000000000000000000B0
:1000500000000000000000000000000000000000A0
:100060000000000000000000000000000000000090
:100070000000000000000000000000000000000080
:100080000000000000000000000000000000000070
:100090000000000000000000000000000000000060
:1000A0000000000000000000000000000000000050
:1000B0000000000000000000000000000000000040
:1000C0000000000000000000000000000000000030
:1000D0000000000000000000000000000000000020
:1000E0000000000000000000000000000000000010
:1000F0000000000000000000000000000000000000
:1001000000000000000000000000000000000000EF
:1001100000000000000000000000000000000000DF
:1001200000000000000000000000000000000000CF
:1001300000000000000000000000000000000000BF
:1001400000000000000000000000000000000000AF
:10015000000000000000000000000000000000009F
:10016000000000000000000000000000000000008F
:10017000000000000000000000000000000000007F
:10018000000000000000000000000000000000006F
:100190005932FF1FB930FF1FC16601000000000087
:1001A000000000000000000000000000000000004F
:1001B000000000000000000000000000000000003F
:1001C000000000000000000000000000000000002F
:1001D000000000000000000000000000000000001F
:1001E000000000000000000000000000000000000F
:1001F00000000000000000000000000000000000FF
:1002000000000000000000000000000000000000EE
:1002100000000000000000000000000000000000DE
:1002200000000000000000000000000000000000CE
:1002300000000000000000000000000000000000BE
:1002400000000000000000000000000000000000AE
:10025000000000000000000000000000000000009E
:10026000000000000000000000000000000000008E
:10027000000000000000000000000000000000007E
:10028000000000000000000000000000000000006E
:10029000000000000000000000000000000000005E
:1002A000000000000000000000000000000000004E
:1002B000000000000000000000000000000000003E
:1002C000000000000000000000000000000000002E
:1002D000000000000000000000000000000000001E
:1002E000000000000000000000000000000000000E
:1002F00000000000000000000000000000000000FE
:1003000000000000000000000000000000000000ED
:1003100000000000000000000000000000000000DD
:1003200000000000000000000000000000000000CD
:1003300000000000000000000000000000000000BD
:1003400000000000000000000000000000000000AD
:10035000000000000000000000000000000000009D
:10036000000000000000000000000000000000008D
:1003700031B9001100000000000000000000000082
:10038000000000000000000000000000000000006D
:10039000000000000000000000000000000000005D
:1003A000000000000000000000000000051BFF1F0F
:1003B000000000000000000000000000000000003D
:1003C000000000000000000000000000000000002D
:1003D000000000000000000000000000000000001D
:1003E000000000000000000000000000000000000D
:1003F00000000000000000000000000000000000FD
:08183800E06EFF1F4118FF1FC5
:10184000024981F3088802F0DFFA0000E06EFF1F12
:1018500070B500241E491F4A1F484C6308CA1B0567
:101860001B0DE4188242F9D11C4B80228B630021AE
:1018700009201B4B920519621A4B1B4DDA671B4B53
:10188000DA688243DA609A68194802409A60112047
:10189000296002F03DF8112002F01AF880226B6CEA
:1018A000112093436B64EE23DB006343114A1B0C4E
:1018B000D3800122104B9A7201F08EFB0F4B1B78E4
:1018C000002B04D10E4B1021187802F0B5F970BD31
:1018D000000005408805054000060540FF010000A6
:1018E00000F0004004E100E0003800403CF000401F
:1018F000FFDFFFFF7060FF1F0861FF1FCF63FF1F47
:10190000CE61FF1F10B502F0BFFA072804D01228DD
:1019100008D0022808D010BD044A0420136B0133FC
:101920001363F8E70220F6E71420F4E7C464FF1F0E
:10193000F8B507000C0026002500503630785135E8
:10194000002804D10300287058342370F8BD29788A
:10195000CA00481E8141A3183800A25C5B68C9B266
:10196000FFF7D0FF00280DD12B78DA00A218013341
:1019700050602B703378044A013B3370136A013393
:101980001362D8E70123DFE7C464FF1F5C234343EE
:10199000074910B5C9180B0058331B78012B05D126
:1019A000FFF7C6FF034A936A0133936210BDC04636
:1019B000F864FF1FC464FF1F10B502F0C5FA064AA1
:1019C0000121130010CB4942D967044B136002F088
:1019D000A3F9200010BDC04600E100E01000100097
:1019E00010B5040002F0B0FA024B1C6002F094F94A
:1019F00010BDC04600E100E0431E5A425341A02200
:101A0000F0B5D2015B421340144E154A40019B18B9
:101A10003218127E8BB00191002A19D01A000832B8
:101A2000D46F0022E5B206AFE4B294420CDC301869
:101A3000C369002B06D0019A03A8027006AA42606F
:101A4000057298470BB0F0BD1978B9540132ECE734
:101A50001A7D1A7806AB01251A70E8E78467FF1F24
:101A6000004000407FB5244B4101CA5C0400002ABD
:101A70002AD05A18107E002826D0907E002823D025
:101A80001079022820D11689D588701B80B2021CDB
:101A9000102800D9102292B2AE4216D15918012353
:101AA0000B710023CA69CB800B819A4206D068462D
:101AB000032103730171029301A890470820002CB1
:101AC00000D0192001F088FA7FBD013C60424441FA
:101AD000A0206442C001044008485B18241808484C
:101AE000DD680633013A92B28242EDD019884E1C6D
:101AF0001E80695C2170F5E78467FF1F004000408D
:101B0000FFFF00000F220E4B10B5986810400238FE
:101B10000A280BD801F0B2FF0D0A0B0A0A110A0AB3
:101B20000A0A060002210020FFF766FF10BD01210E
:101B3000F9E70020FFF796FFF8E7DB6FF6E7C0460E
:101B4000004000400F220E4B10B59868104002383C
:101B50000A280BD801F092FF0E0A0B0A0A120A0A91
:101B60000A0A060002210120FFF746FF10BD0121ED
:101B70000800F9E70120FFF775FFF7E7DB6FF5E7EE
:101B800000900040564B70B51B68012B03D1554A9D
:101B9000936D0133936502F00FF9534B534A18606C
:101BA000534B544C1A600123534A1360534A136039
:101BB0002378002B06D006225149524802F0F4F84F
:101BC00000232370504A514B10681B78C1B2002B80
:101BD0000ED14F4CC0B223785BB2002B4FDB237881
:101BE00024785BB264B21B0424021B191B18136017
:101BF0000B1C50294ED95023464A47491078DBB276
:101C0000FF2202284BD10868444C454D267890436A
:101C10002A78964254D9227824782E785D10013D96
:101C2000A31B6B435201D31A10335B111843086096
:101C300002F042F9031F012B45D83A4B1B78002BC9
:101C400006D0394B1B78002B02D0002002F064F93B
:101C5000A122364B92009978354B4A431B689B185A
:101C6000832292009B181B78033B012B03D8AF20E3
:101C7000400002F0B1F801222E4BDA8270BD2378C9
:101C800024785BB264B2FF33FF341B0424021B19B7
:101C90000138ABE7CAB2022AAED20223ACE7086829
:101CA000254C264D267890432A78964208D92278EA
:101CB00024782D785B10013B641B63435201B2E72B
:101CC0002378DBB2B2E70228D5D11D4B1B78013B4C
:101CD000022B03D91B4B1B78022BCCD16C20C8E7FD
:101CE0009809FF1FFC0FFF1F1064FF1FFF3F00003C
:101CF000141003401464FF1F0C1003400010034035
:101D0000D50BFF1F7211FF1FB40003408C09FF1F8A
:101D1000680AFF1F490AFF1F94000340460AFF1F7D
:101D2000470AFF1FF908FF1F2209FF1F300DFF1F81
:101D30003409FF1FBC0BFF1F440AFF1F450AFF1F8A
:101D40001C09FF1F2309FF1F10B502F005F8002230
:101D5000014B1A8010BDC0460C64FF1F10B502F085
:101D6000D3F8A121054A89009478054A6143126895
:101D7000044B5218528C1A8010BDC046300DFF1F04
:101D80003409FF1F0C64FF1F10B50D4B0D4A9978E5
:101D9000A1239B004B431268D218531DD97F0A4BD5
:101DA0001B88994209D2441C07D0C82805D0D269A3
:101DB0005B1A5A43054B5343C01801F07DFE10BD1A
:101DC000300DFF1F3409FF1F0C64FF1F710200005C
:101DD00070B5244D2B68002B28D001F08DFF2B68A7
:101DE000D8402B680400002B27D001F085FE2B681B
:101DF000D8401D4B1D4A9978A1239B004B43126884
:101E0000D118D25C91239B00002A20D0CA580132FD
:101E1000CA50174B17491B680868834214D3D23B3A
:101E2000181A012A1AD0144B186070BD01F064FF13
:101E3000124B196802F010F8D3E701F05DFE0F4B6A
:101E4000196802F009F8D4E70D495B18E8E7CA50B1
:101E50000C4B1B68DB68E418201AE4E7F530FF3010
:101E6000E1E7C0461C08FF1F300DFF1F3409FF1FAC
:101E70009C09FF1F1064FF1FA009FF1F1808FF1F08
:101E80002DFF3F001864FF1F70B504000D002829C6
:101E900016D10300A433C2881B889B1A0B4A9BB23D
:101EA00093420DD906006A3605223100653001F0F3
:101EB0004BFF002804D13100200001F05DFF70BD10
:101EC0002900200001F090FEF9E7C046FE7F0000E7
:101ED000F8B50500012001F047FF134CA36AA26A80
:101EE0009342FBD1114E336001F0F6FE104903001E
:101EF00008601048426894460F4A17680022BC45A3
:101F000001D24268BA1A0D4802603268AD18A422A4
:101F1000E562606A520302436262094A1278002A4B
:101F200001D00F3B0B60F8BD00F00040340AFF1FEA
:101F3000E408FF1F28100040180AFF1F1C0AFF1F9B
:101F40001C09FF1F70B580241025E405A3682B43EE
:101F5000A36001F019FEA368AB43A36070BD00004D
:101F6000F7B5160080221C001023D205019191685C
:101F700005000B43936000225B4BD7301A6001F0E1
:101F8000C3FD9D232F002A009B00EB58FC37CA326B
:101F9000012138680092002B01D00021009A01F045
:101FA000EBFD2900009BCB311A78504BD3351A60DA
:101FB0004B780A781B0213438A7812041A43CB78B1
:101FC0001B0613434A4A1BBA13604B790A791B025A
:101FD00013438A7912041A43CB7931001B06134349
:101FE000444A1BBA13606B782A781B021343AA7801
:101FF00012041A43EB781B0613433F4A1BBA1360C3
:10200000019A330213433D4A13603D4B22001B1BD0
:102010009C4603293FDC032332009A43B3089B000C
:10202000F11A9BB2032946D13549E018521881783C
:102030004078090400020143E05C0433014311606D
:102040000022FF2B4ADDF0222E4B12011A600F22D4
:102050002D4B1A602D4A1368002BFCD00023224A16
:1020600027491360091B321D0B191B68043A180A13
:1020700023706070180C1B0EA070E3700434002AEB
:10208000F2DC802210213B68D20501333B6093686B
:102090008B439360F7BD6346D578981893782D06E7
:1020A0001B042B43157804392B43557804322D0239
:1020B0002B430360ADE702290AD11149E05C5218B5
:1020C000E118497809020143043311609BB2B7E774
:1020D0000129B5D10A495218E15CF5E708495918B8
:1020E0000A600433ADE7C046000004403C000440F1
:1020F0003800044034000440300004400C00044028
:102100000001044004000440100004401400044096
:10211000F0B5140080221D00102385B0D205019176
:10212000916806000B4393600023684AD730136020
:1021300001F0EAFC3300FC3358689D2337009B0014
:10214000F158CA373A00002900D083E001F014FDAD
:1021500031003A785E4BCB311A604B780A781B021B
:1021600013438A78A44612041A43CB781B06134300
:10217000584A1BBA13604B790A791B0213438A79B8
:1021800012041A43CB791B061343534A1BBA13603C
:102190004B7A0A7A1B0213438A7A12041A43CB7AC7
:1021A00029001B0613434D4A1BBA1360019A2302F0
:1021B00013434B4A13602A00231D18000393494B15
:1021C0005B1B0193019BCF785B1802938B783F06D2
:1021D0001B043B430F7804383B434F7804313F02E4
:1021E0003B43029F3B600328ECDCA3081C000398E0
:1021F0009900431A0134181FA400072B2CD1394B26
:102200002819E718837840781B0400020343285DEF
:1022100003433B6008310C000023FF2C2EDD324BC2
:10222000324919600F21324B1960012327490B6095
:10223000304B19680029FCD006211B680B40042B89
:1022400021D080220020D20593680A318B4393600D
:1022500005B0F0BD012179E7022808D1214BE01833
:102260002B195B782C5D1B0223430360D2E7012806
:10227000D2D11C4B285DE3181860CBE719496118CF
:102280000B600434C9E7002310490B606346002B40
:102290000CDC3300FC335A68102101325A60802272
:1022A000D205936801208B439360D1E7019B9B1873
:1022B0001B68190A13705170190C1B0ED37004237C
:1022C0005B4291709C440432E0E7C0460000044049
:1022D0003C00044038000440340004403000044016
:1022E0000C0004400001044004000440080F0000FA
:1022F000100004401400044070B5061E19D00222DC
:102300005A4B9B799343012B13D1594B1A78FF2ACF
:102310000FD15A78FF2A0CD19A78FF2A09D1DA789E
:10232000FF2A06D11A79FF2A03D15B79FF2B00D14E
:1023300099E0504B0C201A78012A08D000224E4D0B
:102340001A7029780B00093B042B01D8212070BD9D
:102350004B1F012BFAD9454CA37B042B00D982E0FB
:10236000A279032A00D97EE09A1ED2B2012A02D8AD
:1023700060881F2877D9002E56D0012E73D1A088EF
:102380000128E3D0002907D1581E032803D801F003
:1023900075FB121715122E702978481E032811D8C4
:1023A0000025364B1D602823237501F0DDFDA84272
:1023B00027D0A580CAE702212970EDE70421FBE7B9
:1023C0000321F9E707390129C0D82D490968C96AED
:1023D0008906BBD52B4908780028B7D1012A01D935
:1023E000002BB3D102230B708021274D26338901A6
:1023F0002878237501F010FC80212878890101F0EC
:102400001BFC0123A380214B1B78002B0AD0FA224E
:1024100080211F4B92001B8809025A431A4B1878DF
:1024200001F0F2FB002092E701F08EFD2B78A680F0
:10243000073B012B03D917482E7001F035FB114BD8
:10244000114C1A78002A06D08021002220788901B8
:102450001A7001F0E1FB01F05FFC80212078090295
:1024600001F0DAFBDEE7122071E7C046A60BFF1F82
:102470006B09FF1F1A09FF1F1C09FF1F4809FF1FD7
:102480001864FF1F2309FF1F1B09FF1F2109FF1FDE
:102490002C09FF1F0010004010B5002901D001F0E9
:1024A00023FB10BDF7B55E4B01919978A1239B00EA
:1024B0004B435C4A060014681022E418D6235B00E4
:1024C000E0583623FF33E35C00279343222B3ED1B1
:1024D000554B0F3A1A600760012501F0A5FC019BDE
:1024E0001880E8235B00E35C002B01D0B34255DD8C
:1024F00000224E4FFA70AD32FF32A2581168002907
:1025000003D09288D24392071AD03822FF32A25CBD
:10251000002A15D09B225200A25C002A10D1B3429F
:102520000EDAA4235B00E15AE018090A023101F037
:102530001BFB23000122FE33013E01351A87FA708E
:10254000E8235B00E35C002B2AD0A8B2FEBD036841
:102550003D00002BC1D081880430090A023101F00E
:1025600003FBD6235B00E3581F60B5E72300B133BC
:10257000BA00FF339858013781880430090A0231C4
:1025800001F0F2FAE8235B00E35CBB42EEDCE822F8
:10259000F61AED1800235200A354A9E70027F1E72B
:1025A000200001F049FC00281FD0002E1DDD73190A
:1025B000882647190193B600200001F0BDFB5A3070
:1025C000800020184068013581880430090A0231F2
:1025D00001F0CAFA200001F0AFFCA3590133A35166
:1025E000BD4202D0019B9D42E6D1114BE35C002B22
:1025F000ABD095239B00E35C002BA6D00D4BE15A9A
:102600000029A2D00C4AA35C994202D90133A354F9
:102610009BE700231A212000A35401F0ADFC94E7AE
:10262000300DFF1F3409FF1F00140340E010FF1F8F
:102630005A020000720200005E0200000D4970B5EF
:102640004A6E0D4CD2038B69D20BA24206D80B4DB9
:102650000224AA4204D901F067FA70BD0224644240
:10266000E21815007E2425402242F4D0A3432B43D8
:102670008B61F0E700F000400A200000FC1C000025
:10268000F8B51D4B1D4F1A78002A10D1BA7B002ACD
:1026900002D101321A7003E0032AFAD0022AF8D0DC
:1026A00001F062FC00220120154B1A70F8BD154B99
:1026B000154D1C68154B9E7801232B702878C0B2ED
:1026C00000F09CFBBB7B002B0BD101F0ADFAA123EA
:1026D0009B007343E41883239B00E41823782B703A
:1026E000E4E7032B02D101F087FAF0E70020022B88
:1026F000DCD101F019FBEAE71C09FF1FA60BFF1F45
:102700002309FF1F3409FF1F490AFF1F300DFF1F58
:10271000F0B587B00EAD2F780FAD2D780593AC4690
:10272000634614000E4D0CAA12782E7803930D9B6D
:10273000009201932200059B029701F025FC2E7068
:10274000012C01D0042C08D1802206498B889343A8
:10275000054A1278D20113438B8007B0F0BDC04602
:102760001C09FF1F6C11FF1F7809FF1F0B001B3B8B
:1027700070B504003020E02B0DD81300E025493B54
:10278000FF3B9BB2ED00AB4205D8034B2000198202
:102790005A8201F019FA70BD8410FF1F10B501F0C4
:1027A0000BFB054B00205B68052B04D9034A5268DC
:1027B000D20200D4980810BD00100040FCE100E0F7
:1027C00070B501F0C1FB0D4B1B68FC33DC691D6A61
:1027D000FFF7E4FF6419844204D2094B01241B680B
:1027E000002B07D004220024064B1A70064A936976
:1027F0000133936101F090FA200070BD1864FF1F4F
:102800009809FF1F2309FF1FFC0FFF1F70B50C4D18
:102810002B68FC335C6A01F097FBFFF7BFFF2B6866
:102820000025FC339B6AE318834204D2054B1B68E6
:10283000AB4200D1051B01F06FFA280070BDC04605
:102840001864FF1F9809FF1FD722044B92009B5862
:1028500010B5002B00D0984710BDC0460000FF1FE8
:1028600010B501F0F3F8FFF7EFFF2749274BCA6DCA
:102870001A4084235B001343CB65254B1B68186A01
:1028800001F072FA234B244A1A60244B244A1A603E
:10289000A022244B52001A60234B187801F0A4FAAE
:1028A0002249234801F0A8FA0023214A21499360D4
:1028B00002339360204B214813600323936001F09F
:1028C0009BFA10221E4BFF201A60802252031A60CE
:1028D000802292031A60802212041A6001F01CFB0D
:1028E000012001F0F9FAFA20400001F015F9582012
:1028F00001F072FA134801F0AFF9012001F08CFAEF
:10290000072001F0B9FA10BD00F0004000FEFEFF04
:102910001864FF1F000003400180063DBC00034017
:1029200034080000A40003404A0AFF1F710200009F
:1029300014100040FFFF3F00C309000028100040B2
:1029400000E100E030750000664F3B6888331B688B
:1029500083F3088801F0C8F9634A644913680020CA
:102960000B401360624B634A1B68934200D1A4E0A2
:1029700001F06AFA0221604A13688B431360FFF783
:102980006FFF5E4B002418785D4DC0B201F0E4FA91
:102990000223AC60AB605B4B01202B6001F0E4F9DB
:1029A0000323AB6001F098F8050001F005FA06007A
:1029B00001F092F8544B186001F0BEF8534B1A68BE
:1029C000AA426441AB1A80221B1BD203934201D35B
:1029D0009B029B0A3A68D16AC90700D470E04C494F
:1029E0001C0C09689BB24C4359432402090A641821
:1029F0004849FC3293680A6803219B1A464A4748B3
:102A000012689B18464A9D18464A0B401768AD0845
:102A1000DB1905601360042B03D901350B400560F9
:102A200013602D192800404901F016FA3F4F3E4926
:102A30003B68C3183B602800019301F08DF83C4DC2
:102A40002868081838492860884205D9019B013355
:102A50003B6001F081F8296001F04EFA354B1B789C
:102A6000002B0DD001F0A8F9334BA21B19681218E6
:102A70008A4232D28919091B091A304801F0BCF97F
:102A80002F4D2B7A002B0ED001F096F9A21BE9688E
:102A90001218914224D98919091B091A294801F0F1
:102AA000ABF900232B72284B83F3088801F00CF953
:102AB000002001F0C9F901F0E7F801F0C5F95EE77F
:102AC000DC0199000234641A5900641A09214B434D
:102AD0008033CB40A408E4188AE7FA218900CCE7C8
:102AE0001A49DBE71864FF1F1CF00040FFFFC1FF1D
:102AF0000C0AFF1FB641210310000040490AFF1FC6
:102B000014100040C3090000100AFF1F340AFF1F01
:102B1000380AFF1F200AFF1F1C0AFF1F240AFF1F7D
:102B2000C4090000280AFF1F710200006008FF1F8F
:102B30002C0AFF1F1C09FF1FE408FF1F00100040A4
:102B4000740BFF1F3C10004000000020DC0500005B
:102B5000A022054B92009B5810B5002B01D098473E
:102B600010BD00F0B1FFFBE70000FF1FA122054BE5
:102B700092009B5810B5002B01D0984710BD00F073
:102B8000A3FFFBE70000FF1FA222054B92009B580A
:102B900010B5002B01D0984710BD00F095FFFBE762
:102BA0000000FF1FA322054B92009B5810B5002B7D
:102BB00001D0984710BD00F087FFFBE70000FF1F22
:102BC000A422054B92009B5810B5002B01D09847CA
:102BD00010BD00F079FFFBE70000FF1F70B501F0AA
:102BE000EBF84F4B186001F057F80400C30702D40C
:102BF00001F0D2F870BD00224A4B1A604A4B187897
:102C00000138042829D800F039FF0320181C2400BB
:102C1000200001F0D9F80128ECD0444C2378042B93
:102C20006ED101F041F80028E4D001F00DF85820F1
:102C300001F0D2F802232370DCE7200001F074F9E0
:102C4000E9E7200001F018F8E5E7200001F0ACF911
:102C5000E1E7200000F0B0FFDDE701F02DF905000D
:102C6000012808D1324B1B78053B012B03D82000EB
:102C7000FFF76EFFD1E72D4B1B78022B01D0052B00
:102C800020D1022D28D12B4B9B7BAB431CD12000A4
:102C9000FFF76CFF264B18780128BED16405BCD421
:102CA000244925224B7B034205D1233A13405A4243
:102CB000534126331A000B7D9342AED9322000F0E7
:102CC000D3FFAAE7022D07D1194B1B78052B11D191
:102CD0002000FFF759FFDDE7012D0BD1012B03D1B8
:102CE0002000FFF75FFF98E7062B03D12000FFF7D6
:102CF00067FF92E7200000F0E7FE022D8DD1C9E7C3
:102D0000032B04D10C4B987C00F066FF72E7072B75
:102D100000D06FE7094B987B00F016FF6AE7C046CA
:102D20009C09FF1F9809FF1F9009FF1F2309FF1F20
:102D30001C09FF1FA60BFF1FBC0BFF1FD40BFF1F9F
:102D4000FA210A4B0A4A49001A640A4A5A500A4AA6
:102D500004395A50094A08319A64094A5A50094AB2
:102D60005C315A50084ADA667047C0460000FF1FBF
:102D70001127FF1F0D28FF1FC127FF1FF922FF1F6B
:102D80008126FF1F891DFF1F5D1DFF1FF7B50B0C5F
:102D9000FF270122009300233C001E001D009446E3
:102DA000019089B262469A401000084018413618D6
:102DB000B6B2FF2F02D1012E00D19FB2009802407F
:102DC0001A41AD18ADB2FF2C02D1012D00D19CB239
:102DD0000133102BE6D10320012E07D1012D04D1A0
:102DE000019B2401E4191C700138FEBD102EFCD19A
:102DF0000238102DF9D00230F7E700008023F7B534
:102E00009C46264B264F01932649274A274D284C9E
:102E1000284B02281AD1604638600868264E304098
:102E2000802636033043086001990978002909D1CA
:102E30001660224A2A60224A2260E02219689143E1
:102E4000A03A1BE08021C9021160F2E766463E60AD
:102E50000F68194E3E408027FF023E430E600199E5
:102E6000097800290DD1176001280ED1154A2A6072
:102E7000154A2260E02219689143C03A0A431A6059
:102E8000F7BD802189021160EEE7E0210F4A02437D
:102E90002A600F4A22601A688A43F0E74B0AFF1F34
:102EA000E0000340D80003409000034000000340CE
:102EB0005000034040000340FFFFE3FF0280063D57
:102EC000804508220180063D806608220080069821
:102ED00080550822F8B51E4B80261A680020140081
:102EE0003440324232D11A681A4F32431A600122FA
:102EF0003B68063093433B6000F036FF0122164DDD
:102F00002B681E432E603B680A2613433B608027D4
:102F1000BF00124B1B683B4211D1013EF6B2FF2E9F
:102F200009D17E220E4B1C682B68E40B144093439E
:102F300023432B6005E0082000F016FFE9E7002E90
:102F4000EFD180222B68600893432B60F8BDC04608
:102F5000C4F000405CF0004018F0004068F0004011
:102F600060F0004010B500F07FFF01215820034AB7
:102F700000F012FEFFF7AEFF10BDC046600AFF1F53
:102F800010B578220021034800F00EFE00F0BCFED0
:102F9000002010BD0C67FF1F70B5040000F0D4FFC7
:102FA00000230C200B4A010059438D18515C002965
:102FB0000DD0A14208D1012300246B7000F0E4FE83
:102FC00000F0AAFE200070BD01330A2BEBD11224C1
:102FD000F6E7C0460C67FF1F70B5040000F0B4FFB1
:102FE000002319001D000C4A1078002808D0A042C8
:102FF00000D15570507801311B180C320A29F3D1D9
:10300000002B05D100F080FE00F086FE002070BD90
:1030100000F0BAFEF8E7C0460C67FF1FF7B50400E2
:103020000C20002384460E4D019267465F43E85D05
:103030007E19A04212D000280BD10A4B9C46624652
:103040001B7808331370019B70707C557160B360FE
:10305000FEBD01330A2BE8D10320F9E70720F7E78B
:103060000C67FF1F0867FF1F70B500240C26104B6C
:1030700032006243D5189A5C824211D10D4A13780E
:10308000F833137000F060FF09222900121B72430D
:103090000C31280000F028FF00F03EFE002070BD3B
:1030A000002A02D001340A2CE2D11220F7E7C046F0
:1030B0000C67FF1F0867FF1F8020F8B5484BC0054D
:1030C0001B68C1248360474BFF251A680123134303
:1030D0004361454BA4001A68444B40211A60444B9D
:1030E0001A68444B1A60444B1A59AA431A51C52214
:1030F00092009E58AE433143802699509F583F49D5
:10310000F6010F403E439E509E5880273602360AF5
:103110003043985080201A5900020A4002431A5145
:1031200004341A59364E3F04324080263A431A512D
:103130001A5936061202120A32431A5108341A5921
:1031400080260A4002431A51C32292009F58B44677
:10315000AF4337439F509F58294E0F4007439F501E
:103160009F58374080263604374380269F509F580B
:1031700036063F023F0A37439F50C0221F59AF43D4
:103180003A431A511A591202120A1643C6221E5104
:1031900092009C58AC4365462C439C509C5800259B
:1031A0000C4020439850C72080001A58154C1140FD
:1031B000C02212020A431A50134B1B78DB08AB42A1
:1031C00001DC0020F8BD2378002B06D0A368002B7B
:1031D00000D0984701350C34EEE71220F2E7C046E4
:1031E000A842FF1FA442FF1FB0F000400467FF1F6A
:1031F000B4F000400067FF1F00E100E0FF00FFFFA8
:10320000FFFF00FF0C67FF1F0867FF1F030010B5DB
:103210001F2809D8072200201340072404490A78F0
:10322000A24313430B7010BD00230620F5E7C046F0
:103230000867FF1F054B06491B780A6805485B07AE
:1032400002401B0B134300200B6070470867FF1FF1
:103250001CF00040FFFFC1FF70B50C25FFF7EAFF2F
:103260000A4B1C780A4BE4086543ED18002C01D189
:10327000200070BD2B78002B06D06B68002B00D08F
:103280009847013C0C3DF1E71220F2E70867FF1F69
:103290000067FF1F1FB5002102220B000191009162
:1032A000052000F009FD02230B490A681A42FCD1EF
:1032B00020230393039B5A1E0392002BFAD1074A43
:1032C0001368002BFCDA0B246C442000012100F071
:1032D000FBFD207804B010BD90C8004000C800403D
:1032E00013B504000A4B0193019B002B01D111205F
:1032F00016BDFFF7CFFF23000340044205D0052091
:1033000000F032FD019B013BEDE71800F0E7C046FD
:10331000FFFFFF0707B500F017FE80220821D20546
:10332000936A0191002B01D10739916202210C4A65
:1033300011600199481E01900029FAD103311160F2
:10334000053101910199481E01900029FAD11160BF
:10335000002B02D18022D205936200F0DDFC07BD74
:1033600000C00040F0B52D4C89B02378002B4FD120
:10337000FEF722FB02232A4F03903A681A42FCD13F
:1033800020230693069B5A1E0692002BFAD1254E47
:103390003368002BFCDA0120FFF7A2FF011E02D0E8
:1033A000112009B0F0BD030003220190009005AD8B
:1033B0009F2000F081FC0321280000F085FD0223FE
:1033C0003A681A42FCD120230793079B5A1E0792A2
:1033D000002BFAD13368002BFCDA0120FFF780FFC5
:1033E0000028DDD10398FEF7FBFAAA786B78110468
:1033F0001B020B4329780B4363601300113B0A49FE
:10340000052B07D801239340A3600B600123237091
:103410000020C6E780231B03F6E7C0469042FF1F4B
:1034200090C8004000C800409808FF1F1E4B30B5F0
:103430005A6818781D4B85B0D31859424B41012169
:103440000093002300F028FD194B1A4A02259A63C5
:1034500000221A6510325A658022C4219D65164BE0
:103460001648D202DA6789004258154B80241A4068
:1034700080231B0413434350642341200393E4053A
:1034800000F006FA402000F003FA6562039D6B1E0F
:103490000393002DFAD103236362FFF73BFFA5627C
:1034A000FFF760FF05B030BD9C42FF1F95FFFEF7A0
:1034B00000C80040050001FF04E100E000E100E079
:1034C000FFFF00FFF0B585B00700FEF775FA022395
:1034D00005002D4C22681A42FCD120230093009B4A
:1034E0005A1E0092002BFAD1284E3368002BFCDACA
:1034F0000120FFF7F5FE002803D01124200005B0BD
:10350000F0BD234B2360022322681A42FCD1202302
:103510000193019B5A1E0192002BFAD13368002BB4
:10352000FCDA0120FFF7DCFE0028E6D1194B1F6012
:10353000022322681A42FCD120230293029B5A1EC6
:103540000292002BFAD13368002BFCDA0120FFF73E
:10355000C7FE0028D1D1104B2360022322681A42F3
:10356000FCD120230393039B5A1E0392002BFAD114
:103570003368002BFCDA0120FFF7B2FE041EBCD139
:103580002800FEF72DFAB9E790C8004000C80040B7
:1035900001000006A8C800400180000110B500200D
:1035A000FFF790FF10BD000010B5064B1870596072
:1035B000FFF73CFF00211320034AFFF72FFD0020F7
:1035C00010BDC0469C42FF1F2D34FF1FF0B5040004
:1035D00085B003920291FEF7EFF9882263035B0B3B
:1035E00052051A438023DB059D6A8023274F0092F2
:1035F000BA68002601901B039A420CD9F8232600D2
:103600001B041E401C4206D08022214B52025E62E7
:1036100019680A431A60002D0BD100F095FC0222B4
:103620001C4B1A608023DB055A62013A9A6200F053
:1036300073FB0023039A934220D1002D0AD100F09E
:1036400083FC144B03221D608023DB055A629D62BC
:1036500000F062FB8023BA681B039A4208D9002E4F
:1036600006D000220A4B0C495A621A680A401A60B6
:103670000198FEF7B5F9002005B0F0BD009A029957
:10368000D2181278CA540133D4E7C0469042FF1FC3
:1036900000C8004000C00040FFFFFEFFF0B587B04B
:1036A000029103920400FEF787F9019000F04CFCB0
:1036B000802302250122234EDB0535605D629A627C
:1036C00000F02AFB204F3B682B42FCD120230493BF
:1036D000049B5A1E0492002BFAD11C4D2B68002B20
:1036E000FCDA0120FFF7FCFD002802D0112007B012
:1036F000F0BD2000039A029900F04EFC0223040062
:103700003A681A42FCD120230593059B5A1E059264
:10371000002BFAD12B68002BFCDA0120FFF7E0FD2B
:10372000051EE3D100F010FC80230322DB05356089
:103730005A629D6200F0F0FA0198FEF751F9E0B28A
:10374000D5E7C04600C0004090C8004000C8004017
:10375000F0B5802489B00600FEF72EF9E405A36ACF
:1037600002250393029000F0EFFB0123304F3D60F0
:103770006562A36200F0D0FA2E4C23682B42FCD184
:1037800020230593059B5A1E0592002BFAD12A4D42
:103790002B68002BFCDA0120FFF7A2FD002803D0E4
:1037A0001124200009B0F0BD244B236002232268BD
:1037B0001A42FCD120230693069B5A1E0692002B28
:1037C000FAD12B68002BFCDA0120FFF789FD021EDD
:1037D000E6D11B4B03211E600300019000902020C6
:1037E00000F06AFA022322681A42FCD120230793D0
:1037F000079B5A1E0792002BFAD12B68002BFCDA8C
:103800000320FFF76DFD041ECAD100F09DFB80234D
:103810000322DB053C605A629C6200F07DFA039B48
:10382000002B01D1FFF776FD0298FEF7D9F8B8E733
:1038300000C0004090C8004000C8004001000006E1
:1038400094C8004007B5000201910422000A01A9B2
:10385000FFF724FF0EBD000073B5050005240B4AD9
:10386000A3005B429B1819686B46DE1D3000FFF712
:103870008DFA022804D133782B55013CEFD276BD66
:10388000052CFCD00128FAD10230F8E71409001108
:103890001F2807D8012380228340D20591680B435B
:1038A000936070473F2808D8012380222038834046
:1038B000D20551690B435361F3E75F28F1D8012327
:1038C000802240388340D205116A0B431362E8E737
:1038D0001F2807D8012280218240C9058B689343A5
:1038E0008B6070473F2808D8012280212038824011
:1038F000C9054B6993434B61F3E75F28F1D8012277
:10390000802140388240C9050B6A93430B62E8E787
:103910001F2810D880230200DB05153A1968012AF8
:1039200006D820229143196019680A431A6070472B
:1039300001228240F6E73F2811D880230200DB05F0
:10394000353AD968032A06D810229143D960D9683C
:103950000A43DA60EBE7012220388240F5E75F286E
:10396000E5D842238022181A413B8340D205516A90
:1039700099435162516A0B435362D8E710B5040072
:10398000012813D1A022184992050B685B015B093D
:1039900013430B60154B164A19681140154A0A4328
:1039A0001A60402219680A431A6010BD0028FCD131
:1039B00001000A2000F078FA21000B2000F074FAD0
:1039C000C0220A4B920019680A4340211A601A6803
:1039D0008A431A60B022044912060B685B015B0936
:1039E00013430B60E1E7C04614F000401CF00040B8
:1039F0007F00FEFF80FD010072B6074A13680133A5
:103A000013600422054B1A600023054A13608022CC
:103A1000D2055360FEE7C0467808FF1FC0F00040A3
:103A2000C4F0004005490B68002B05D1044A0A6028
:103A300004490A60044A13607047C046140AFF1F15
:103A4000841E0000380AFF1FC4F000400023034A10
:103A50001360034A1360034A1360704754F0004038
:103A600040F1004044F1004002B471464908490069
:103A7000095649008E4402BC7047C04602B47146E4
:103A800049084900095C49008E4402BC7047C046A1
:103A900003B47146490840004900095A49008E4460
:103AA00003BC70470000000001B40248844601BC1A
:103AB000604700BFC1A5000001B40248844601BCB4
:103AC000604700BF8937010001B40248844601BC49
:103AD000604700BFE917010001B40248844601BCF9
:103AE000604700BF156B010001B40248844601BC69
:103AF000604700BFE9D4000001B40248844601BC1D
:103B0000604700BF6D0B010001B40248844601BC50
:103B1000604700BF8944000001B40248844601BCEC
:103B2000604700BF8512010001B40248844601BC11
:103B3000604700BFD1AE000001B40248844601BC1A
:103B4000604700BFC166010001B40248844601BC61
:103B5000604700BFC1F7000001B40248844601BCC1
:103B6000604700BF090E000001B40248844601BC52
:103B7000604700BFC115010001B40248844601BC82
:103B8000604700BF2144000001B40248844601BCE4
:103B9000604700BFDD3F000001B40248844601BC1D
:103BA000604700BF0167010001B40248844601BCC0
:103BB000604700BFB70E000001B40248844601BC54
:103BC000604700BFF935010001B40248844601BCDA
:103BD000604700BF116E000001B40248844601BC7A
:103BE000604700BF4DF9000001B40248844601BCA3
:103BF000604700BF51B8000001B40248844601BCD0
:103C0000604700BF75F8000001B40248844601BC5B
:103C1000604700BF8B52010001B40248844601BCDA
:103C2000604700BFB352010001B40248844601BCA2
:103C3000604700BFE9F6000001B40248844601BCB9
:103C4000604700BF0D52010001B40248844601BC28
:103C5000604700BF6DF6000001B40248844601BC15
:103C6000604700BF8D11010001B40248844601BCC9
:103C7000604700BF6137010001B40248844601BCBF
:103C8000604700BF0534010001B40248844601BC0E
:103C9000604700BF8552010001B40248844601BC60
:103CA000604700BFBD0B010001B40248844601BC5F
:103CB000604700BF01D7000001B40248844601BC40
:103CC000604700BF496D010001B40248844601BC51
:103CD000604700BF7997000001B40248844601BCE8
:103CE000604700BFBD5C010001B40248844601BCCE
:103CF000604700BFC9A9000001B40248844601BC66
:103D0000604700BFE90B010001B40248844601BCD2
:103D1000604700BFADAE000001B40248844601BC5C
:103D2000604700BF9DA9000001B40248844601BC61
:103D3000604700BF19FA000001B40248844601BC84
:103D4000604700BFD9B0000001B40248844601BCFE
:103D5000604700BFCD4C010001B40248844601BC5D
:103D6000604700BF8D82000001B40248844601BC58
:103D7000604700BF0189000001B40248844601BCCD
:103D8000604700BF85C1000001B40248844601BC01
:103D9000604700BF21A9000001B40248844601BC6D
:103DA000604700BFDD0A010001B40248844601BC3F
:103DB000604700BFE94C010001B40248844601BCE1
:103DC000604700BFC95C010001B40248844601BCE1
:103DD000604700BF0134010001B40248844601BCC1
:103DE000604700BF7912010001B40248844601BC5B
:103DF000604700BFEDA5000001B40248844601BC45
:103E0000604700BF2D6C010001B40248844601BC2C
:103E1000604700BF39B9001101B40248844601BCB3
:103E2000604700BFE512010001B40248844601BCAE
:103E3000604700BFCD0C010001B40248844601BCBC
:103E4000604700BF71B0000001B40248844601BC65
:103E5000604700BF016C010001B40248844601BC08
:103E6000604700BF090E000001B40248844601BC4F
:103E7000604700BFED68010001B40248844601BC00
:103E8000604700BFF90D010001B40248844601BC3F
:103E9000604700BFE927000001B40248844601BC26
:103EA000604700BFC56D010001B40248844601BCF3
:103EB000604700BFADA3001101B40248844601BCB5
:103EC000604700BFDD0C010001B40248844601BC1C
:103ED000604700BF3D71010001B40248844601BC47
:103EE000604700BF6911010001B40248844601BC6B
:103EF000604700BF810E000001B40248844601BC47
:103F0000604700BFD544010001B40248844601BCAB
:103F1000604700BFF9ED000001B40248844601BCCF
:103F2000604700BFED6B010001B40248844601BC4C
:103F3000604700BF0934010001B40248844601BC57
:103F4000604700BF5976010001B40248844601BCB5
:103F5000604700BF75A9000001B40248844601BC57
:103F6000604700BF8914010001B40248844601BCC7
:103F7000604700BFA9D8000001B40248844601BCD4
:103F8000604700BF53B9000001B40248844601BC39
:103F9000604700BF9D6A000001B40248844601BC2E
:103FA000604700BF9573010001B40248844601BC1C
:083FB000604700BFF535010078
:103FB80002000000FAC100110100000000C0001159
:103FC80002000000F6C1001101000000F83FFF1FC9
:103FD8000200000008C00011010000000461FF1F7A
:103FE80002000000F4C10011030000007860FF1F08
:103FF8001200000002000000FAC1001101000000D8
:1040080048C0001102000000F6C1001101000000C4
:1040180045C000110200000052C00011030000005A
:10402800B360FF1F02000000F4C10011030000008C
:10403800C860FF1F02000000F6C100110100000067
:1040480044C000110200000050C00011030000002D
:104058008960FF1F02000000F4C100110300000086
:10406800AA60FF1F02000000FAC100110100000051
:10407800A8C0001102000000F6C1001101000000F4
:104088004141FF1F02000000BAC0001101000000FA
:104098009DC0001102000000F6C1001101000000DF
:1040A8004041FF1F02000000B8C0001101000000DD
:1040B800D060FF1F02000000F6C1001101000000DF
:1040C8003F41FF1F02000000B6C0001101000000C0
:1040D80079C0001102000000F6C1001101000000C3
:1040E8003E41FF1F02000000B4C0001101000000A3
:1040F80074C0001102000000F6C1001101000000A8
:104108003D41FF1F02000000B2C000110100000085
:104118006CC0001102000000F6C10011010000008F
:104128003C41FF1F02000000B0C000110100000068
:1041380064C0001102020202020200000000000036
:1041480016150000D14F0011CD4F001108C1001104
:1041580090011D0018001800FFFF07010203040565
:104168000602010600000000000000000000000038
:104178000000000000000000000000000000000037
:104188000300000002000000FAC100110100000055
:1041980028C1001102000000F6C100110100000052
:1041A800FC41FF1F0200000032C1001101000000A5
:1041B800FE60FF1F02000000F4C1001103000000B0
:1041C8000064FF1F02000000F6C10011010000009A
:1041D800FC41FF1F0200000030C100110100000077
:1041E8000061FF1F02000000F4C10011030000007D
:1041F800F863FF1F12000000000100000000011119
:10420800FFFF000050485936000000000000000081
:104218000B000500F0000000B4000028002800286A
:104228003075A000A000A000A00000080008E00170
:10423800F0001000100010001000100010005000D6
:104248005000500010001000D007000000000000CF
:104258000F0001000500307507001000010081FF04
:1042680000000000FF000000E5750011ED7300116B
:104278007D710011FFFF0100FF0000001DA000116B
:104288008D9D0011A59C0011000000000000000099
:1042980000000800040000003B0001085902E0018A
:1042A8008821280002000000FAC100110100000066
:1042B800C0C2001102000000F6C100110100000098
:1042C8002943FF1F02000000F2C100110100000095
:1042D800C467FF1F02000000F6C1001101000000C2
:1042E8002843FF1F02000000F0C100110100000078
:1042F8002643FF1F02000000F6C100110100000064
:104308002443FF1F02000000EEC10011010000005D
:104318001C43FF1F180018001D0090010200000335
:104328000202000002000000FAC1001101000000B2
:10433800D4C2001102000000F6C100110100000003
:104348006C43FF1F02000000ECC1001100000000D8
:104358000000000002000000F4C10011030000008A
:06436800E467FF1F20FFC7
:040000051FFF184180
:00000001FF
