:020000041100E9
:103000007FB50023284C294D03932800217C284AB2
:1030100001F031FA002812D103232800217C03AAF1
:1030200001F0D0F900280AD1224B039A9A4206D126
:10303000214B2248E360224B636104B070BD02263D
:10304000217CFE2228001F4B009601F08DF90028FC
:1030500001D00020F1E71C4BA2899A42F9D1217CD2
:10306000FF222800194B009601F07EF90028F0D1CC
:10307000E389174A934203D1164B17486361DCE793
:10308000164A9342E5D1164B164A1B68934206D95D
:10309000C02304222800217C9B0001F0CEF9124BB2
:1030A00012486361C9E7C0464461FF1FA441FF1F86
:1030B00081370000595953005959832084BF0011AA
:1030C000C94100115061FF1F595900005261FF1F93
:1030D000830500008141001164BF001182150000CA
:1030E0006861FF1F871300001D42001174BF0011AB
:1030F00070B5134D2B7C002B0DD0124C200001F02D
:10310000E1F8297C382907D1BA22200001F084F99E
:10311000200001F015F970BDEB890B4A934206D1EE
:103120009023022220001B0201F087F9F0E7074AF2
:103130009342EDD12000064A01F09DF9E8E7C04630
:103140004461FF1FA441FF1F83050000832000008E
:10315000A23000000022024B1A825A617047C0461A
:103160004461FF1FF7B5164B0192C318021D0020E2
:10317000009388235B05D3181B685C1C1AD09CB293
:10318000402C18D88D781E0CAC466746CD782D02A1
:103190003D43AE4206D1019800280ED110000C70BC
:1031A000240A4C7003249BB20733A343D218009B1C
:1031B0009A42DED3FEBD4432F9E71000FAE7C0467A
:1031C000FC0F0000802213B503000324019189B293
:1031D000520107319B18A14304305A1A88235B051A
:1031E000C3181B68591C03D190429241104016BD70
:1031F00099B2402907D80B000733A343C018904267
:10320000ECD30020F3E74430F9E7134B134A1B6873
:10321000126810B5FA24934201D81A00F824104B12
:10322000E4021B689A4210D813000E4A12689A42B0
:103230000ED3013307D1F823DB029C4203D10A49A4
:10324000054808F0CDFC200010BDFC24E402ECE7AA
:10325000FE24E402F7E7C04600C0071100D00711C2
:1032600000E0071100F00711FFFFFF7FF0B59BB0F2
:10327000150003900491402A5CD806AC618022803E
:10328000FFF7C3FF002221000600FFF76BFF0528B0
:103290000FD92388AB420CD1002D07D0504B2A0008
:1032A0000399C01808F06CFC002802D101201BB063
:1032B000F0BD258030000699FFF784FF041E79D108
:1032C000069B0793FFF7A1FF80235B01C6188023AD
:1032D00007001B039E4201D1F826F60288235B05F6
:1032E000F31801931B68013302D0019808F0F0FB3A
:1032F0003C49019808F074FC3B1D0293331D059373
:103300008822029B52059B181B6808935A1C13D1F4
:1033100088235B05FF1839680198013908F060FCC3
:10332000380008F0D5FB30000799FFF74BFF040089
:10333000002C41D10020BAE744219AB20091402AE2
:1033400004D80320D11D814389B2009104991B0C3C
:103350008B4224D0402A22D80122300008A9FFF74E
:1033600001FF021E1BD1380008A9FFF7FBFE040075
:103370000428DDD9009A059B9B1880225201B218BF
:1033800093422AD288235B05C118009A09A808F045
:10339000D7FC134B009A09A9F01808F0B1FC009A69
:1033A000029B9446634402930F4B029AFB189A4285
:1033B000A6D3ADE70428BDD088235B05E0180699A5
:1033C00008F00EFC0323EA1C9A4300D16EE7044B7D
:1033D0000399E01808F094FC68E70424ECE7C04681
:1033E00004000011FFFFFF7FF80F000073B5040019
:1033F0001600402A1ED801AD6980FFF706FF0022A3
:1034000029002A80FFF7AEFE042810D92D88002E4F
:103410000BD0002C09D0321CAE4200D92A1C074B1D
:1034200092B2C118200008F08BFC28B276BDC043D0
:1034300000B2FBE703204042F8E7C0460400001159
:1034400037B5042204000D0001A81649FFF7CEFF8E
:10345000020004280BD1019BA34208D3AB4204D045
:10346000104901A80195FFF701FF01203EBD0E4C58
:1034700023682000019308F02BFB019920000139FB
:10348000019108F0ADFB80235B01E418074B9C42DF
:10349000EED10422034901A80195FFF7E7FE0020C1
:1034A000E4E7C0465555000000C0071100000811B0
:1034B000F0B589B010226946234808F079FB234B08
:1034C000009A6C469A4211D1019B0F2B35D8069970
:1034D000029A8C4618001100002604AD013808D26B
:1034E000002E01D00A00A160013229D10023A3607F
:1034F00023E04F1CF2D161460126EFE7103610227F
:103500002900300008F054FBA368A868013300D1FB
:10351000A060882329685B05C9186B6829601A03B5
:10352000120B6A60814203D03B4201D108F008FCD3
:103530006368013B6360002BE0D1A06809B0F0BD77
:10354000E027014E3F03F6E70000011150485936CD
:1035500007B508F0EDFBFFF7ABFF002803D00190A3
:1035600001984168084707BD10B508F0E1FBFFF777
:103570009FFF040008F0B4FB200010BD13B5040049
:1035800008F0D6FB002C03D001940198416808474D
:1035900013BDC0468022F8B5964C974BD20000214F
:1035A00020001C6008F02CFB2300944A88331A602A
:1035B000934B1A786A23002A00D01133E3620A235E
:1035C0002365904B37221B780820A3638E4B21186C
:1035D000E361102323628D4B3B256361C823DB002D
:1035E000A36123008C331A602823013AE26320642C
:1035F0006364CA67043A211DCA672100BC310D60AB
:103600002100C03108602100C4310B602100063563
:10361000CC310D602100083DC8310D602100D03152
:103620000A602200D43210602200D83213602200D7
:103630000227E032210017604222DC310A602100BB
:103640001B3DE4310D602100E83108602100EC31C0
:103650000B6023000521F43319602300F0331A6056
:103660002300183290331A6023009433186023002B
:103670001E3A98331A60AF23DB002360644BFA26AE
:103680002363644B644DE360644BF031A364230017
:10369000FF31FC33B600A16021611E60A562732575
:1036A000E5656D3D6565A56596255D4AAD00E264FD
:1036B000666258606766A56600270925A767E56604
:1036C000584F594D606720002567E2673A6015271B
:1036D0009C30676007001A2038602000A030070087
:1036E000212038602000A83007004C4838602000B6
:1036F000F830066026006427A436376026005F3F56
:10370000AC3637602600033FB03637602600C63738
:10371000B436376026000027B836376038269E60FA
:10372000424E96205E64424E5A66DE61414E9A6475
:103730005E62F53EFF3E9E621E269A67354A800015
:10374000DE661F675F67DD651D661862DA67BE2388
:10375000394A5B00E250394BD838235004302250AC
:10376000C4225200A350C623E4205B00E15004337E
:10377000334AE1503349344BD16034498000195009
:103780003349E938FF381950324904301950324969
:103790003248D16132491163324951631900F43121
:1037A0000860CE203049400011603049195019009E
:1037B0002F48F83108602F49D16582212E4A8900AF
:1037C0005A501A002D490832D1671A002C49B432D8
:1037D000116088212B4A89005A501A002A498832E0
:1037E00011602A4ADA6408F09BF8012008F078F9A1
:1037F000F8BDC0460004FF1F6464FF1F306FFF1F49
:10380000D043FF1F4A0AFF1F3A07000080C3C901C7
:103810009A020000DC0500006A18000050C3000096
:1038200088130000F009FF1F204E00006509FF1FEC
:1038300068100000C409000040420F00102700007B
:10384000FC00FF1FC11BFF1F0000FF1F192CFF1FE3
:10385000A12FFF1F392EFF1F811FFF1F7926FF1F7A
:103860009D1FFF1F4D21FF1F0D1FFF1F9D28FF1FC5
:103870008529FF1F8D19FF1FA927FF1FD524FF1FB3
:10388000E124FF1F0D1EFF1FC51EFF1F851DFF1F0B
:103890000223F0B501250024594E91B03370594BE5
:1038A000594F1D703A680393584B29009A700420B1
:1038B000574A2300009408F0B3FA8023DB059D6289
:1038C000FFF752FE534BC218C0239B029A4201D20B
:1038D000FFF754FE3C6008F07BF8FFF75BFE08F052
:1038E0005FF91F2201254C4B1A704C4B1D704C4B3D
:1038F0001C704C4B05AC19689143163A0A431A6088
:10390000602219689143403A0A431A6008F008FAA5
:1039100008F09EF8444B9847C120FF21434B80009C
:103920001A588A431A50C522920098588843BF39C2
:103930000143995098583E4908408021C9010143EC
:10394000802099509958C0050902090A01439950ED
:1039500080213848490108F083F903232A003649B9
:1039600000933648019508F033FA2C22344905A813
:1039700008F0E6F96178207806F04AFC023410ABD2
:10398000A342F7D12F4C304B226803201A40A023CA
:10399000DB0213432360802322689B0413432360CC
:1039A00022682A4B1A4080239B0313432360284A32
:1039B000284B934200D8012008F03AFA08F0B0F8FA
:1039C00080232268DB0413432360307808F020FA58
:1039D000039B1878C0B208F043F807F031FF0C4998
:1039E000042008F055F906F02BFE00F035F800F041
:1039F0005BFD00F0F7FD00F0F5F9002011B0F0BD1F
:103A00004A0AFF1FD043FF1F34F000407461FF1FBC
:103A10003B000108000001E0480AFF1F490AFF1FA0
:103A2000680AFF1FBCF00040E1A2000000E100E0D6
:103A3000FF00FFFFD443FF1F5856FF1FD453FF1F43
:103A400080BE001114F00040FF7FF8FFFFFF9FFFD2
:103A50000080FF1F306FFF1F002210B511001120E2
:103A600007F0E6FF10BD0000F8B500230926374F28
:103A7000374C3B62E3681120B343E36008F0C8F8B9
:103A8000112008F035F8112008F042F9402322688F
:103A900080251343236080236268DB021343636045
:103AA000A3682C4A2B43A360A36802211340A360A0
:103AB0008023A2689B0113431022A360236C07207C
:103AC00093432364236C0F3A1343236480235B00E6
:103AD0003B62226B204B1A402263626B1A40626386
:103AE000A26B1A40A263E26B1340E363E3681B4AD4
:103AF0001340E36006F08CFB0121072006F09CFCDC
:103B0000174B11205A6C15435D6408F051F9FD21E3
:103B1000144B154A89005A508023C720626B5B03FF
:103B200013436363E36880003343E3600F4B104A41
:103B300019581140802212020A431A50802292051D
:103B40001A6008220B4B5A63F8BDC04600F00040D3
:103B50003CF00040FFFFDFFFEFFFEFFFFFFF7FFFC5
:103B6000003800400000FF1F5118FF1F00E100E077
:103B7000FF00FFFF0000054010B5FFF7B9FAE12094
:103B8000C00407F04DFE10BD70B51A4CE388002B41
:103B90002AD0FA22D200934201D2FFF7EDFF236828
:103BA000E088A688C0188023711C89B2124D20605D
:103BB000A1809B00994218D3420A93B2C21AEB80AB
:103BC0002260A6800D4A642093420AD8FA2200207F
:103BD000D200934205D90A21180008F0F1F8C8383C
:103BE000C0B200232872E38070BD07F011FF83B2DA
:103BF000EB80E7E7D060FF1F5C61FF1FB70B0000A1
:103C000030B503A804880B20002C0ED14968074D5D
:103C100008784978090201430A20A94205D1012107
:103C200020001980024B1B7A137030BD192A000046
:103C30005C61FF1FF7B5150008AA16884A680F4F88
:103C400014785278120222430A24BA4214D1012273
:103C5000DBB2019200962A0007F06CFD041E0BD126
:103C6000074B1B68002B07D068782A7800021043A6
:103C700042425041013098472000FEBD0229000019
:103C8000E060FF1F30B5012503790400BFB02B426F
:103C900011D00A49408807F0BDF828420BD0084BE4
:103CA00001A95B8D4D800B80064B00221B7A60883A
:103CB0000B7104F071F83FB030BDC046D860FF1FF3
:103CC0001840FF1F5C61FF1F10B50549054807F04C
:103CD00057F80421044A054807F014F810BDC046FF
:103CE000D860FF1FFFFF0000ACBE00111840FF1F8F
:103CF00010B5024804F0D4FE10BDC046853C00114A
:103D0000012103000F4A0170107A58700220987048
:103D10009078D870D0781871032058711079987104
:103D20005079D8710C20187290795872D2790B2082
:103D30009A72054A1278002A03D03A221973DA726D
:103D4000023070475C61FF1F1962FF1F022310B52C
:103D50000370013B43700533837010330371443BA0
:103D600043712A3383714433C37100230372064BBA
:103D700004001B8843720A30FFF7C2FF831D0A301C
:103D8000C0B2E37010BDC0465C61FF1F10B51420C7
:103D900007F0F6FF124B14220021186007F030FFE5
:103DA000002007F06DFD012007F07AFE022007F0E9
:103DB0007FFD032004F016F9042006F02FF90520FA
:103DC00003F04EFB062004F021F8072001F0B6FBBB
:103DD000082006F077FF092001F052F910BDC04617
:103DE000E460FF1F07F024FD012007F0E9FE07F063
:103DF0008FFD0000094B10B50400984205D0012941
:103E000004D12000064906F0BBFF10BD0229FCD1F9
:103E1000013904F0FFFD0028F3D0F6E7FEFF0000B3
:103E20000A61FF1F70B50D7A100004AA2C001688D5
:103E300010221440154220D1002E20D10A78022AE7
:103E400018D14A68517815780E4A090229439142DF
:103E500005D00D4A914209D01C800A2404E01422A6
:103E60000A491A8007F06CFF200070BD0C22084937
:103E70001A80F7E71C800124F6E70824F4E70B24F6
:103E8000F2E7C046F3FF0000F4FF00006042FF1FAE
:103E9000A0BF001110B504000749084806F070FFE4
:103EA000074804F039FD0020E40704D50721054A3E
:103EB000054806F027FF10BD0A61FF1FFFFF000045
:103EC000F53D0011F0BE00115C40FF1F10B50B4B1B
:103ED000BEB01A780A4902A800F062FD01AC80B2B7
:103EE0006080002808D0074B00221B882100238017
:103EF000054B188803F050FF3EB010BDE860FF1F6F
:103F0000E960FF1FB640FF1FC041FF1F10B50B4BFC
:103F1000BEB01A780A4902A801F082FE01AC80B254
:103F20006080002808D0074B00225B8D2100238091
:103F3000054B188803F030FF3EB010BD1261FF1F23
:103F40001361FF1F5C40FF1FC041FF1FF7B50E004C
:103F5000377A1C0008AB11003D001A8820231D4051
:103F60001F423CD13378022B3BD173681F785B78BA
:103F70001B023B431E4FBB4208D01E4FBB4214D016
:103F80001D4DAB4221D00A252800FEBD002A2AD1B2
:103F9000142C2AD82200F06807F0D2FE174B1C70B0
:103FA000012CF1D9FFF7B2FFEEE7002A1BD1202C3C
:103FB0001BD82200F06807F0C3FE114B04211C70CF
:103FC000104B187807F0CCFDDEE7E3B20124009235
:103FD00001940A00310007F0ADFB0500D4E7082585
:103FE000D2E70125D0E70B25CEE70D25CCE7C0466B
:103FF000F3FF0000F4FF0000022900001261FF1F20
:10400000E860FF1F1A62FF1F332310B5040003701E
:104010000A220749013007F093FE064B0F201B6868
:104020001A0AE37222731A0C1B0E6273A37310BD7B
:104030005C61FF1F8461FF1F30B501250379040017
:10404000BFB02B4213D00B49408806F0E3FE284254
:104050000DD0094B01AD1B8802A82B80FFF7D4FFC0
:104060000F236B8000222900608803F095FE3FB08B
:1040700030BDC0460A61FF1FB640FF1F10B50248A1
:1040800004F00EFD10BDC0463940001170B5160099
:1040900004AA148805AA15784A6850781178000295
:1040A0002A4A0843801805284BD807F051FC03130F
:1040B0001E29343F07221000062C0AD8121BAA42E0
:1040C00000D92A0022491A803000091907F038FE69
:1040D000002070BD0720112CFBD81222121BAA420F
:1040E00000D92A001B491A80EEE707200E2CF0D8D1
:1040F0000F22121BAA4200D92A0017491A80E3E7AF
:104100000720032CE5D80422121BAA4200D92A005A
:1041100012491A80D8E707221000062CD9D8121BA2
:10412000AA4200D92A000E491A80CDE707221000C2
:10413000062CCED8121BAA4200D92A0009491A809F
:10414000C2E700220A201A80C3E7C046DCD5FFFF81
:1041500041BF00113061FF1F31BF00112CBF0011A2
:1041600024BF00111CBF001110B50D21024A0348E5
:1041700006F0C8FD10BDC04610BF0011CC40FF1FA7
:1041800037B50F4C01AD04232A00217C00F01AF949
:10419000002813D12988236849BA89B24B43218961
:1041A0001B0C5B18074A6988538049BA636889B257
:1041B0004B4361891B0C5B1893803EBD0120FCE7DB
:1041C0004461FF1F5C61FF1F37B5124C06236A462E
:1041D000217C6D4600F0F6F8002818D12988236864
:1041E00049BA89B24B4321890B4A1B0C5B18538097
:1041F0006B4603335B78E9781B020B435BBA61685B
:104200009BB24B4361891B0C5B1893803EBD012020
:10421000FCE7C0464461FF1F5C61FF1FF0B5022749
:1042200085B0154C03AD217C2B00002200970600C1
:1042300000F09AF8002802D0012005B0F0BD0E234E
:10424000217C0122300000976B4400F08DF800289B
:10425000F2D129882368C9BA4B4321891B145B1802
:10426000064A6988538049BA636889B24B436189B9
:104270001B0C5B189380E0E74461FF1F5C61FF1F2C
:1042800010B500F017FB034A002013880133138098
:1042900010BDC0465C61FF1F10B500F0EFFA10BD05
:1042A00010B58024064AA4001168436B234205D14F
:1042B00013685B1A032BF8D9012010BD0020FCE71E
:1042C0006008FF1F70B5C17905000C00631E9C419A
:1042D0001A4BE402E41849000460C9B2007906F000
:1042E000E1F8E979687949000131C9B206F0DAF8F4
:1042F000E8790930C0B207F00BFD0023E3666133B3
:104300002360AA795B3B002A0ED022689A43023BC5
:10431000134323600A23E3610733236200232363EB
:10432000A3630133E36370BD22689A4302231343FE
:104330002360462363610633A361EFE7005000402A
:1043400070B5002504000368DD66C0790930C0B28D
:1043500007F05EFC2900207906F040F8290060791A
:1043600006F03CF870BD0000F8B51E0006AB1D78E5
:10437000002304681700E366616007F0D9FC01239D
:104380008022E3662B0027615200013B08D207F030
:10439000A7FC08200A4A1168002D03D12800F8BDA7
:1043A0002261F2E7236F034203D02369013D33709A
:1043B000013613685B1A032BEED90125EEE7C046E0
:1043C0006008FF1F70B51C00002305681600EB662F
:1043D000696007F0ADFC01238022EB6623005200E8
:1043E000013B08D207F07CFC08200A4A1168002C27
:1043F00003D1200070BD2A61F2E72B6F034203D086
:104400002B69013C3370013613685B1A032BEED91C
:104410000124EEE76008FF1F002370B50468150053
:10442000E366616007F084FC0123E366256107F021
:1044300057FC2000FFF734FF70BD70B51D0000234E
:1044400004681600E366616007F072FC0123E3660E
:1044500026610F33626B1A42FCD02B0A23611023B2
:10446000626B1A42FCD0EDB2256107F039FC2000E6
:10447000FFF716FF70BD002370B504681500E366F2
:10448000616007F055FC0123E3662B0A23611023CA
:10449000626B1A42FCD0EDB2256107F021FC2000CE
:1044A000FFF7FEFE70BD000010B5084CE368002B5E
:1044B00008D18022064B52021B689B186360054B93
:1044C0001B68236007F0A4F9A06010BD8461FF1F82
:1044D000C8F00040CCF00040F0B5184A936A916AE9
:1044E0009942FBD116498A689A421FD39A1A8B6067
:1044F000144B4C68186893B2D2024343D20E424325
:104500001B0A08681B1912029B18002402000127CD
:104510000D4D4B60561CAB420BD8002C01D0100047
:104520000CC10A4A13600A4B1860F0BD581E821A6B
:10453000DDE7084A3C009B183200EBE700F0004042
:104540008461FF1F140AFF1F40420F00C8F00040A3
:10455000CCF00040C0BDF0FF70B5194C23793F2B63
:1045600001D93F232371174A13701078C0B207F0A6
:104570008FF91823144A15491380154A0B801380AC
:104580004B80A0790C3B421C534380221201934282
:1045900013D81A00CB80A0230E4D888028800E48A7
:1045A0006371823B028023720C4A0D4B1A60E379DF
:1045B000052B01D81023E37170BD1300EAE7C04654
:1045C0007861FF1F480AFF1FBE41FF1F7C43FF1F8A
:1045D000BC41FF1FBA41FF1FB841FF1FE093040019
:1045E0006861FF1FF8B521210020FEF729FF114C5B
:1045F000011E114D09D10C22104BC1CBC1C42800A2
:1046000007F0FEFAFFF7A8FFF8BD0C2220000C49C6
:10461000FEF7ECFE0C2802D0084B43CB43C40C221F
:1046200028000849FEF7E2FE0C28EBD00C220021FE
:10463000E5E7C0467861FF1F4461FF1F94BF00118A
:10464000FC0C0000F50C000010B50C2202480349D8
:10465000FEF70CFE10BDC0467861FF1FFC0C000089
:10466000F0B51D4C8022A544040088206946520103
:10467000400507F00DFA902212016A441300200051
:1046800032C832C316C816C38023144C144FA66810
:104690009B033343A3603B6007F0D2FB8823A068F1
:1046A0005B05C01807F014FA002588232900802232
:1046B000A0685B05C01840196944520007F020FB50
:1046C00080230135FF355B019D42EED1A6603E603F
:1046D000044B9D44F0BDC046FCEFFFFFF042FF1FBE
:1046E0009808FF1F04100000F8B5012703780500A3
:1046F000013B0026BB4216D9F8BD6B68354C9A5D6C
:10470000236901332361344B19783F2905D8187880
:10471000411CC9B21970314B1A54522A07D1227068
:104720006773A77301362B7A9E42E6DBE4E7A37B2F
:10473000002B4AD0617B4B1CDBB2637362540C2BA1
:10474000F0D9237B452B06D0E38A01339BB2E38269
:104750000023A373E6E70121A38AE27801339BB229
:10476000A382A31CD977237960791B0213431BB260
:104770002383A379621D1B0203431BB26383637807
:1047800060182377A3786377637AA377E379E37775
:10479000237AC377D07F84466146A01D00290CD1BF
:1047A0000131D177C377E31CDA7F002AD0D0002211
:1047B0000820DA7707F0F4F8CAE7C27F9342F2D014
:1047C000C377A36A0133A362EDE7E38A01339BB2A7
:1047D000E382A7E7A461FF1FD061FF1FD161FF1F24
:1047E000F0B51D4F89B02C220021380007F008FADF
:1047F00040220021194807F003FA0022184B00213B
:104800001A700A3202ABD01807F0FAF9154B04AC53
:10481000238096239B010593012321002372124BD1
:10482000124A079361C961C2136000220498009282
:104830000599069A06F028F80400624262413B1D81
:10484000DA77002805D1082007F0B2FA0122FB1C14
:10485000DA77200009B0F0BDA461FF1FD161FF1F0E
:10486000D061FF1FFF060000E94600119461FF1FA1
:10487000014B986A7047C046A461FF1F13B50A4BED
:104880000A4CDB7F002B0ED0002006F039F8002206
:10489000074B00920FCB05F0F7FF082007F088FACE
:1048A00001230334E37713BDA861FF1FA461FF1F39
:1048B0009461FF1F10B5144B144ADB7F1449002B81
:1048C0000FD0138B4B80538B1BB28B80131DDB7F60
:1048D000002B05D0002303320820D37707F060F8BF
:1048E00010BD938A002B0AD0938A5B429BB24B8007
:1048F000D38A002B05D0D38A5B429BB2E4E7054BF9
:10490000F5E7044BE0E7C046A661FF1FA461FF1F67
:104910005C61FF1FFFFF0000F0B587B0051E6C460D
:1049200027D0684607F02CF81B4D022806D1062236
:104930006946280007F024F9002818D00F2221002A
:104940000023012094460600EA5C01331709103762
:10495000BE403700664632400600964032003A4379
:104960004A610439062BEED12000FFF779FE07B02B
:10497000F0BD18226946094807F08AF8AB00E358F1
:10498000013305D01822FF21200007F039F9EBE7A9
:104990000135062DF2D1EAE76509FF1F0009001174
:1049A000F0B5002604000F00150085B0B24200D11A
:1049B00084E08A784B1C01934B7812021A43CB781F
:1049C00008781B0413430A79207012061A430092D8
:1049D00003926670252800D190E033D8112813D8AF
:1049E00007F046F966001501150115011501A4002F
:1049F000B200AB00150115011501150115011501D6
:104A000015011501EF000F01232800D1C7E0DB28B5
:104A100000D0C3E1042D00D8ABE0052D00D18FE11B
:104A20006E1F32000098791D07F08AF905223900BF
:104A3000200007F085F932000099601D07F080F929
:104A40002E003BE0562853D00FD8332800D1A1E0E8
:104A5000552836D02628DAD1BB4D13223100280044
:104A600007F0CEF8FEF776FB57E0712800D172E030
:104A7000722800D184E0DC28C9D1022D00D878E06A
:104A80004B7863708B78A3706B461E88032D05D01E
:104A9000033DC81CAAB23100FEF7E8FB310010222A
:104AA000E01CFEF7A3FCC61C002807DA60706DE06E
:104AB0000C222000A54907F043F90C26300005B070
:104AC000F0BD6A1EA24D0C2A10D8002A07D028007B
:104AD000019907F035F9FFF73FFDFFF7B5FD0C220F
:104AE0002900601C07F02CF90D26E7E70C22EEE701
:104AF000974D984B2A0043CB43C2ECE76A1E924D78
:104B00000C2A11D8002A08D00199280007F018F9BA
:104B10000C2228009049FEF7A9FB13222900601CF3
:104B200007F00EF91426C9E70C22EDE706228B499F
:104B3000601C07F005F90626C0E712228849601CB0
:104B400007F0FEF81326B9E708228649601C07F033
:104B5000F7F80926B2E7012D0ED04978F02908D8D8
:104B6000814D288801F0B6FC804B2A885200D35A28
:104B700000E0FF23637009E07B4A7C4B1288F5E775
:104B80007B4B012D04D04A785A706270022695E75B
:104B90005B78EFE72000FFF737FA06008EE7042D79
:104BA00005D9744D009B2B6006F032FEA860FFF71C
:104BB00093FC0422039003A9601C07F0C1F80526AA
:104BC0007CE76D4E062D15D906223000019906F0BE
:104BD000D7FF00280ED006220199300007F0B0F868
:104BE000062266493000FEF741FB0123604A5178F6
:104BF0000B43537031000622601C07F0A1F8072612
:104C00005CE7012DB5D04878FFF786FEBEE70128A6
:104C10001FD15B4AAB1E0092132B06D84B78002B9A
:104C20000BD100F09BF900F0D1F9564B00991E789A
:104C3000601C721E07F084F840E7013D2A000199CC
:104C4000009807F07DF850490098AAB2FEF70EFBD5
:104C5000E9E7032800D0DAE6012D2CD120700C23DF
:104C60004A4A6370D27F4A4BA2709A1CD27F1026A8
:104C7000E2701A6922711A69120A62711A69120CB9
:104C8000A2711A69120EE2719A8A22729A8A120A23
:104C90006272DA8AA272DA8A120AE2721A8B2273BA
:104CA0001A8B12B2121262735A8BA2735B8B1BB2F5
:104CB0001B12E37302E74B782070002BCFD0012B3F
:104CC0001BD10B336370324B0B261A8BA2701A8BDD
:104CD00012B21212E2705A8B22715A8B013312B245
:104CE00012126271DA7EA2711A7FE2715A7F227209
:104CF0009A7F6272DB7FA372E0E6032B00D038E775
:104D0000022D00D135E70C22224B89781878042631
:104D1000A07018786270E170884200D8CEE61B78E7
:104D20005B1A1E1CDBB2934200D9161C1A4BF6B25A
:104D30003200201DC918043607F002F8F6B2BDE6AD
:104D40001525102672E6C0464461FF1FA0BF001162
:104D50007861FF1F94BF0011F50C00005061FF1F28
:104D60003061FF1FF442FF1FC041FF1F6864FF1F37
:104D70007461FF1F8461FF1F6509FF1FADAC000058
:104D8000F963FF1FF763FF1FAEDE0000A861FF1F7E
:104D9000A461FF1FD061FF1FD161FF1FDA2800D07F
:104DA000E7E6042D00D8E4E6082D17D9BB797A7917
:104DB0001B021343FA7912041A433B7A1B0613436E
:104DC000009A1360009B05221B68390020000393A2
:104DD00006F0B6FF0422601D03A9B8E6FE23637047
:104DE000F0E7C04670470000020010B5094B0A32D8
:104DF000094C92B2DA815A8298811882207802F0A6
:104E0000CDF90422054B012120781A7006F0A8FE86
:104E100010BDC0467E42FF1F4264FF1F4164FF1F5A
:104E2000013870B5042809D806F092FD03092C0852
:104E30001200244B0221187806F092FE70BD214B1F
:104E40000821187807F00CF800221F4B1A72F5E7BA
:104E5000802200241C4B520060201A81DC7206F074
:104E6000A7FF1A4B1C701A4B1C70FFF707FD154D5E
:104E700008212878174A06F0C3FC2100287806F09C
:104E80009FFDDBE70F4B0821187806F0E9FF602053
:104E900006F086FD1048FEF759FF104B104A9B792B
:104EA0009380104A13800022074BDA720132FF32DE
:104EB0001A810D4B5B78002BC0D00C4A136006F0B2
:104EC000D7FDBBE71A62FF1F6861FF1F1962FF1F52
:104ED0001862FF1F10270000C941FF1F7861FF1FE4
:104EE0007C43FF1FBA41FF1F7461FF1F34F0004075
:104EF00010B5012907D1042805D18021024B890072
:104F0000187806F02DFE10BD1A62FF1F10B500299B
:104F100007D1042805D18021024B8900187806F0BA
:104F20001FFE10BD1A62FF1F0300F0B50A4D8E1858
:104F3000B14202D152008018F0BD0C782F682409CC
:104F40003C5D0F271C700C7801313C402F683C5DA4
:104F50005C700233ECE7C046B441FF1F1022124BD5
:104F600010B51A700F23114C11492370093A063BF2
:104F70001048637006F0E4FE2D2301220E490F480D
:104F80006372FFF7D1FF01220D49FFF7CDFF012228
:104F90000C49FFF7C9FF030000200B4902001870FD
:104FA000FEF764F910BDC0461664FF1FF763FF1FCC
:104FB00041BF0011F963FF1F6709FF1F0164FF1F55
:104FC0006609FF1F6509FF1FAEDE000070B5134CB8
:104FD000142220001249FEF709FA431E114D132B2B
:104FE00019D8AB78002B16D0431C2B7009236B709B
:104FF00000230019037028780B4B01302900C0B240
:10500000187006F075FE297822000139C9B2002017
:1050100005F096FD70BDFFF7A1FFECE7F963FF1FF8
:10502000AEDE0000F763FF1F1664FF1F10B5114BC3
:105030001A781870002A0ED000280BD10E4B1A785F
:10504000062A07D85423D340DB0703D50B4B187827
:1050500002F0A4F810BD0028FCD0074B1B78012BF0
:1050600002D0033B022BF5D8044B0121187806F03F
:1050700077FDEFE71A64FF1F4164FF1F4264FF1FC3
:1050800070B54A4E4A4A4B493070042005F0B6FAD2
:10509000FEF760F8FFF7A4FB06F01AFC032246496E
:1050A0004648FFF741FF2D24030004221C704449A9
:1050B0000130FFF739FF30230470424D424C4370FA
:1050C00083702E3B062220004049EB87FEF78EF9C5
:1050D000062813D0200006F053FC022809D0032133
:1050E000200006F085FE8D23E3706E3B237119339B
:1050F0006371062220003549FEF7B8F8344B1B686F
:10510000FC335C64FFF762FF0020FFF78FFF314C38
:10511000314A0121314B1278207802F001F8304AEF
:10512000304B12780021207801F0FAFF01222E4B3B
:105130001A702E4B9A783C23552A00D0163B2C4AE5
:10514000202153722B4B2C4AEB81AA812A826B823D
:10515000307806F0D5FB0120404205F03DFD0120EE
:10516000404205F0D9FDFEF7FFFFFEF7ADFD00F070
:10517000EFFC01204042FEF78DFE012006F0F0FB1F
:10518000F02001F08BF90121307806F0E9FC30784D
:1051900002F060F9194806F00BFCFEF765FC0022EE
:1051A0006020110006F044FC70BDC0461A62FF1F6B
:1051B0000D4F0011F14E0011F442FF1F3061FF1F2F
:1051C0005061FF1F7E42FF1F6509FF1FADAC00004D
:1051D0006464FF1F4264FF1FE841FF1FC941FF1FB6
:1051E0001664FF1FF763FF1FE863FF1F7461FF1F53
:1051F0006861FF1FCE090000C40900001C62FF1F88
:10520000F8B50D008B0600D485E07B4B1B78002B96
:1052100019D0FFF761F9FFF72BFB784B784A196833
:10522000884213D0774918600B8801330B80012125
:10523000754B197006231370744C2000FEF786FD21
:10524000210006F02DFD20206840F8BD1378002BCA
:105250000BD0013BDBB21370002BF4D16A4A137000
:10526000684A138801331380E6E7694B694C6A4E3C
:1052700099686268737A8A1ADB039A4202D3616082
:10528000FEF7F2FB327A217A531EDBB299422ED11D
:10529000FFF702F8637A002B25D0013BDBB2637283
:1052A000002B20D15D4B9B78552B01D106F0E0FB04
:1052B000E37A002B12D00023A27AE3729A4202D042
:1052C000A372FEF761FC4F4A504F13883800013338
:1052D0001380FEF73BFD390006F0E2FC6423707991
:1052E0005843FFF781FD237A01332372ABE79142E4
:1052F000D0D300272772FEF7C3FFA37ABB4202D0A8
:10530000A772FEF741FC414F3800FEF71FFD390040
:1053100006F0C6FCBEE70BB2002B0ADA404B187849
:1053200006F0CEFC002801D006F0C2FB802000026F
:105330008AE70224214209D0374A364B127A0120EB
:10534000023A1A72FFF772FE20007DE70B0721D5A3
:10535000FFF7C2F82E4B2F492F4C98684A68637AA2
:10536000821ADB039A4202D34860FEF77DFBFEF708
:1053700087FFFEF791FF2A4B08211878294A06F08B
:105380003FFA00F0FFFB2368DB0701D5FEF776FE4E
:10539000082059E7CB0609D5FEF7F6FB164B1B781C
:1053A000002B01D1FEF7A4FC10204DE7012421427F
:1053B00005D01D4800F086F806F01AFBC4E78024EB
:1053C000A40021420FD0042004F002FF0028BBD02B
:1053D000094B1B78002BB7D026220E4B13485A726C
:1053E000FFF702FDB0E7042408002040214200D16D
:1053F0002BE7FEF76BFDA7E71A64FF1F1462FF1F80
:105400001862FF1F5C61FF1F1962FF1FC941FF1F68
:105410008461FF1F6861FF1F7861FF1F7461FF1FB8
:105420001A62FF1F10270000AC41FF1FC4090000D3
:10543000F0B51A4B1A4F1B883A880400194E1A4DC2
:1054400085B09A420DD832889A420AD3174B1A88EF
:105450002B889A4205D1164A164B12881B889A420D
:105460001AD0052001F070F83B8802A90B80338820
:1054700001904B802B88104D8B800E4B2A781B8817
:10548000CB800E4B188802F091FD0D4B0821287837
:10549000019A1C7006F0B4F905B0F0BDE663FF1F79
:1054A000BE41FF1FBC41FF1FBA41FF1FE463FF1F46
:1054B000E263FF1FB841FF1F4264FF1FC041FF1F8F
:1054C000E063FF1F13B50C4B1C78002C11D1002892
:1054D00001D00A4B18600A4A0A4B11780A4A107820
:1054E0000A4A01920A4A0092002205F021FA20009D
:1054F00016BD1124FBE7C0464164FF1FDC63FF1F9C
:105500004064FF1F3064FF1F4264FF1F1C64FF1FC5
:105510002064FF1F10B5064B12201B78052B06D107
:10552000044B13221988044B187801F0E9F910BDD7
:105530004164FF1FC041FF1F4264FF1F10B50024DC
:105540000122114B52421870104B1C70104B1A80E4
:1055500001F080FF04220F4B21001A700E480C321C
:1055600006F0AEFA102221000C4806F0A9FA072234
:105570000B4B1C600B4B1C700B4B1C700B4B1A70B5
:105580000B4B1C7010BDC0464264FF1F4164FF1FDF
:10559000C041FF1F4064FF1F3064FF1F2064FF1FD6
:1055A0001C64FF1FF663FF1FF563FF1FC241FF1F4F
:1055B000F463FF1FF8B5174C0600257806A81424DD
:1055C0000078052D23D1B41F134FA5B21824BD4276
:1055D0001DD88D1FADB2BD4219D8FA256D00AA4263
:1055E00015D21D000D4F0A3DADB2BD420FD80C4C77
:1055F00026800C4C21800C4900240A800B4A138021
:10560000FFF716FF0A4B0421187806F029FC20004A
:10561000F8BDC0464164FF1F790C0000750C000006
:10562000BE41FF1FBC41FF1FBA41FF1FB841FF1F12
:105630004264FF1FF0B50BB20D0089B0002B00DBF8
:1056400070E1A44E307806F03BFB041E50D0037886
:10565000A22B00D122E1D02B1AD0912B45D1437837
:105660000E2B42D19C4B82889A423ED19B4B1B7899
:10567000052B3AD18368032018567F2835D0984BE4
:105680001B68002B31D05B68002B2ED098472CE094
:105690008078072829D806F05BF90428183F3F7462
:1056A000A8D86378002B0CD101218C4B19708D4B3D
:1056B0001A78002A5BD08C4B307801F031FD00283D
:1056C00055D00722854B1A7051E061780029F8D136
:1056D000E378002B11D0854A854B1278307801F0A1
:1056E0001FFD60706378002BEBD1200006F0E0F91D
:1056F00080200002684009B0F0BD784B1B78022B77
:10570000F3D00121307806F08BFA0028EAD101218C
:10571000307806F025FAE5E76378002BD1D16F4F9A
:10572000032807D13B78052B02D101333B701EE0E3
:105730000223FBE76F4B1A886F4B0293002A0BD0B2
:105740001B78002B03D00121307806F059F83B7804
:10575000062B04D1013BE9E7029B1A70F7E7042B03
:1057600041D10121029B3078197006F0F9F95C4BA8
:105770001B68002BB9D01B68002BB6D0574A107895
:1057800084E76378554F002B27D10622211D5B4803
:1057900006F0D6FA62895A4B5A491A80A2895A4BA6
:1057A0001A80E3890B800521397058490A80584ACC
:1057B0001380228A574B1A80574B1B78012B09D133
:1057C0001F2000F0C1FEFA229200424304213078EB
:1057D00006F016F80022484B75E7312B00D070E731
:1057E0000022454B1A700323A0E7062200214348FC
:1057F00006F066F90023454A04211380444A3078B4
:105800001380444A138006F02BFB0821307806F001
:1058100027FBA379083B5A425341304A03331370A4
:10582000304B1B78002B06D0334B30781A78002A87
:1058300006D001F0B3FC0122314B52421A8096E7A8
:105840000121197006F08CF9F5E70821307806F08F
:1058500007FB6378002B00D047E72C4B2D4F0293BA
:10586000E388029A04211380294B3078039323891B
:10587000039A138063893B8006F0D2F9002800D098
:1058800033E7264B1B68002B00D12EE703990298C3
:105890003A88098800881B68984726E74379132BC4
:1058A00000D022E70389012B0AD11D4B1B78022B64
:1058B00006D10821307806F0D3FAFFF72BFE14E763
:1058C000052000F041FE08210200307805F098FF25
:1058D0000BE7C0464264FF1F051400004164FF1F30
:1058E000DC63FF1FE841FF1FC941FF1F1664FF1F54
:1058F000F763FF1F1864FF1F1A64FF1FE963FF1F90
:10590000C041FF1FF063FF1FF263FF1FE663FF1F2D
:10591000E463FF1FE263FF1FE863FF1FD863FF1FFD
:10592000E063FF1F8020C001014200D0E2E6CB0708
:1059300031D5324B1B78002B1DD0314E05AC33785E
:10594000052B1AD1023B23702E4B21001B782372AA
:105950002D4B1B7863722D4B187801F085FB0028C6
:1059600009D007202A4B30701B68002B03D01B681E
:10597000002B00D098470120BCE60E20254B0622C4
:105980001B7825492370254B1B78637002ABC01828
:1059900006F0D6F9D8E7022308001840194209D0CA
:1059A000174B1B78052B03D11D4B188806F0D0F937
:1059B00002209FE60424214203D0FFF739FD200096
:1059C00098E6082308001840194200D193E6154BC9
:1059D0001C78012C03D0022C0DD008208AE6124B33
:1059E000124A134913481B881288098800880094BA
:1059F000FFF7E0FDF1E7FFF78DFDEEE71A64FF1F0B
:105A00004164FF1FC241FF1FF463FF1F4264FF1F79
:105A1000DC63FF1FF663FF1FC341FF1FF563FF1F1A
:105A2000C041FF1FE063FF1FB841FF1FBA41FF1FC6
:105A3000BC41FF1FBE41FF1F10B502A804880B2008
:105A4000002C10D1496808784978090201430C48B4
:105A5000814209D1022119800A4B59881170DB78E3
:105A600000205BB2537010BD074C0A20A142FAD14E
:105A700002211980034B998811705B79F0E7C046C9
:105A80006E2A00005C61FF1F6F2A0000F7B5150049
:105A900008AA16884A680F4F1478527812022243D7
:105AA0000A24BA4214D10122DBB2019200962A00E4
:105AB00005F040FE041E0BD1074B1B68002B07D0DE
:105AC00068782A78000210434242504101309847DA
:105AD0002000FEBD022900005464FF1F30B50125DF
:105AE00003790400BFB02B4225D01449408805F04B
:105AF00091F928420CD0124B01A95B8D60880B8074
:105B000002234B800F4B00225B888B8002F044F90C
:105B10000D49608805F07EF9C0070CD50B4B01A933
:105B20001B8800220B8002234B80064B9B888B80B6
:105B3000608802F031F93FB030BDC0464C64FF1FB1
:105B4000EC41FF1F5C61FF1F4464FF1F4642FF1FC3
:105B500010B50749074805F013F90749054805F04E
:105B60000FF90721054A064805F0CCF810BDC046DC
:105B70004C64FF1FFFFF00004464FF1FC0BF001103
:105B8000EC41FF1F10B5024802F08AFF10BDC0466D
:105B9000DD5A00110200F0B501270A480A4E5118DB
:105BA0008B1A002B00DCF0BD0824157843086840F0
:105BB00038404000805B013C58406D08002CF5D116
:105BC0000132EDE7FFFF0000DABF0011F0B500255C
:105BD0000F269D4200DBF0BD4C5D07094440344078
:105BE000A400A05801357840F3E7000070B50C0020
:105BF00088B06B460F2610340A780131150012095F
:105C000035401D705A700233A142F5D120236946F8
:105C1000024AFFF7DBFF08B070BDC046E0BF0011CD
:105C2000F0B54E780B7889B036020C001700019061
:105C30001E43012A61D9954B9E4200D877E001337B
:105C40009E421CD1062A17D1CA788B7812021A43B9
:105C50000B791B0413434A7912061A438C4B5A6181
:105C600000221A705A808B4A5A608B4A9A608B4A7B
:105C7000DA60002009B0F0BD88225205EEE7884BBB
:105C80009E423CD182498B78002B00D0F6E00C2A52
:105C900031D10F22A3789343E27812021343227981
:105CA000120413436279120613434B60E279A07920
:105CB00012020243207A00041043627A1206024361
:105CC000CA60E27AA07A1202024376484A8183428D
:105CD00008D804236E49142201980B7006F030F89E
:105CE0001420C7E71201D21889235B059A42F0D825
:105CF00001238B70BDE7022AFAD00523EAE76A4A3E
:105D000001239642E6D1FFF705FC052F0CD9E37875
:105D1000A2781B021343227912041A4363791B06EB
:105D20001343624A0393136005F0A2FEA1E7584DA6
:105D30002B78002B9DD1AB78002B00D1A0E02B89D4
:105D400001339BB20093B34200D091E0132AD4D91F
:105D5000CF7C8B7C3F02122120001F43FFF71AFFEC
:105D6000874200D08EE0002E3DD1E378A2781B025E
:105D700013432279E96812041A4363791B0613431B
:105D800003930A228B4212D1FF23A370E370237185
:105D900063716B89002B09D1E37B227C1B02120407
:105DA0001343A27B13431B0901336B8100226B89D0
:105DB000002B8ED0002A67D1686837013818000B95
:105DC0006B6900030390984205D9686105F080FE75
:105DD000EB780133EB7068681022A11C381805F0CD
:105DE0008FFF2E8145E76F89009A7B1E9BB29342FD
:105DF0003AD1E278A37812021A43237905A81B044A
:105E0000134362796C6812061A43EB68009203929E
:105E1000211D0C22049305F093FF0120260004A904
:105E200040421036FFF7E2FE013F012F17D1009AE2
:105E30000B232861824200D04CE704221C49200039
:105E400005F05EFF042203A9686805F021FEE968F9
:105E5000039AFF23914200D13CE7F73B3AE7310038
:105E6000FFF7C4FE1036DFE70923B742A4D831E7B5
:105E7000009BB34200D9FCE607232BE7022329E766
:105E8000032327E7062325E70A2323E7FFFE000075
:105E90006042FF1F00000111FFFF0000504859360B
:105EA00001FF0000FFFF001102FF000034F000407E
:105EB0006C42FF1F10B5034C0B000122210000F0C3
:105EC0006BFA10BD756000110B8870B506000D00EF
:105ED0000224162B11D92B000322094900F05CFA89
:105EE000041E0AD1074B2A881B88191C934200D92B
:105EF000111C300089B200F0EDFA200070BDC046E0
:105F0000A16000116A64FF1F10B54A780400013ACD
:105F10000B000220012A07D80A78002A04D00522A3
:105F20002000024900F038FA10BDC046CF600011D1
:105F30000A7810B50B0004000220002A04D00722C2
:105F40002000024900F028FA10BDC0467B61001114
:105F50000A7810B50B0004000220002A04D00922A0
:105F60002000024900F018FA10BDC046E16100119E
:105F700010B5034C0B000B22210000F00DFA10BDF0
:105F80001162001110B5034C0B000D22210000F02E
:105F900003FA10BD8362001110B5034C0B000F22F1
:105FA000210000F0F9F910BDDD6200110A7810B58A
:105FB0000B0004000220002A04D011222000024914
:105FC00000F0EAF910BDC046ED620011002310B5E3
:105FD0001322190000F0E0F910BD000010B5034CC9
:105FE0000B001722210000F0D7F910BD3F6300110C
:105FF000002310B51922190000F0CEF910BD0000E1
:1060000010B5034C0B001B22210000F0C5F910BD98
:1060100079630011F7B584890D0006000121002C79
:1060200022D000238268D3561778002B1EDA0C2C5E
:106030001AD90C3CA4B2131940880093230002F033
:1060400090FE431E984101307B06DB0F6B703F23AF
:10605000013C1F40A4B22870AF70AC80002C07D068
:10606000B3680133AB6000210800FEBD0020EBE700
:10607000AC60F8E70B7803704B8843704B881B0AC1
:1060800083700B79C370042070470420022B06D163
:106090000020537811781B02009A0B43138070473D
:1060A0000B8803700B881B0A437002207047042082
:1060B000009983420AD1537810781B0203430B8066
:1060C000D37890781B02034300204B807047F8B5CB
:1060D0000D004B7801240021461C03702B788B4265
:1060E00001D82000F8BD6B78B01C4F1C012B10D1DB
:1060F000890069184B88022233704B88B9001B0A4B
:106100007370691805F04CFE04360434A4B2F9B279
:10611000E4E7122359436B185A88043132705B88C4
:1061200010221B0A7370691805F03AFE12361234F9
:10613000ECE770B5049D14001E00052B01D8042067
:1061400070BD637812781B0213432B80E378A2782A
:106150001B02134302226B802A71211D681D063E1B
:1061600005F01EFEB2B22A81E92AE8D82800A11D56
:106170000A3005F015FE0020E2E7002310B50A788A
:106180009A4201D8900010BD9A008A1854880133B1
:1061900004705488DBB2240A447094888470928816
:1061A000120AC2700430EAE710B51100029C062BF7
:1061B00004D004201022142B01D010BD0222227121
:1061C0004B7808781B0203432380CB7888781B0226
:1061D000034363800431601D05F0E2FD0020ECE71D
:1061E00010B50C788B7804315C43E4B20370220064
:1061F000013005F0D5FD601C10BD0420022B06D136
:106200000020537811781B02009A0B4313807047CB
:1062100010B50C000A88023105F0C2FD208810BDBF
:1062200070B504000D0004981100012B01D8042062
:1062300070BD167852781202324302800200F132A9
:1062400055701470E125002C00D10C35023B9AB238
:106250004280AA42EBD80231043005F0A1FD0020B3
:10626000E6E70420009983420AD1537810781B0294
:1062700003430B80D37890781B02034300204B80AC
:10628000704710B50C000A88023105F089FD20889E
:1062900010BD000070B501211E000420049C0E40BA
:1062A0000B4218D1CB40DDB28D4214D90A49DBB282
:1062B000098899420FD32300EE331D703300580034
:1062C00011184978165C0902314301332152D9B2C1
:1062D0008D42F4D8002070BD7842FF1F10B50C002D
:1062E0000A88023105F05CFD208810BD10B50C78DD
:1062F0008B7804315C43E4B203702200013005F076
:106300004FFD601C10BD10B511000298032B01D881
:10631000042010BD14785278043B120222430280FC
:10632000CA788C781202224342809AB28280EB2A89
:10633000EED80431063005F033FD0020E9E710B552
:106340000C000B8803700B881B0A43704B8883700A
:106350004B881B0AC3708A880430063105F020FD83
:10636000A088043080B210BD0420012B03D100208E
:106370001378009A1370704710B50C000B880370E7
:106380000B881B0A43704A880230043105F008FD6F
:106390006088023080B210BDF0B589B003931D4B08
:1063A000029242000700D05A019102F022F8132510
:1063B000061E2CD0029B01240370019B002B04D0ED
:1063C000001903999847001984B26B461B7A5BB297
:1063D000002B0FDA1021380002F01CFB19250028D1
:1063E00012D130003219E1B202F070FC051E0BD15F
:1063F0000C34A4B2042305A938000B800C814E6034
:1064000001F0B2FD051E02D0300005F0A9FC280005
:1064100009B0F0BD6864FF1F70B505000C000028CE
:106420000CD00020814209D010222000044905F040
:10643000B7FC01202B7823736B78637370BDC04663
:1064400020C00011F0B506000D0017001C0085B03B
:1064500002291BD00020102907D1022B07D0102BB6
:1064600003D115E00020102C08D005B0F0BD69461E
:106470003800FFF7D1FF2A0069460BE0694630007B
:10648000FFF7CAFF22006946380004E0022BE9D179
:106490002A003900300005F0C3FAE6E7031CF028B3
:1064A00000D9F023032008499AB2013A0B80D31790
:1064B000034006499B189B100B80D30F04499B187F
:1064C0005B100B807047C0467C42FF1F7A42FF1F63
:1064D0007842FF1F034B1B888B4202D3024B4000C4
:1064E000C15270477C42FF1F6864FF1F014B400090
:1064F000185A70476864FF1F1722014B1A807047B3
:106500006864FF1F70B505000E2005F021FB041E16
:1065100013D0D023037000230622837007494570EF
:10652000033005F03DFC064B2100DA8A62811B7EB8
:106530002373044B187805F0C3F970BD8464FF1F02
:106540007464FF1FCC42FF1F262803D8024B400073
:10655000C05A70470148FCE77E42FF1FFFFF000062
:1065600070B506000C00094D1C220021280005F022
:10657000A7FA074B1E70074B1C7005F071F9012339
:10658000002801D0002312202B7070BD7464FF1FFF
:10659000CC42FF1F9564FF1F70B505000D4C08002D
:1065A000E260A16010220021656005F011FB012866
:1065B00003D11021A06802F061FD10220021280003
:1065C00005F006FB012803D11021606802F056FD9A
:1065D00070BDC0467464FF1F70B5041E05D100294C
:1065E00003D006220D4805F0DBFB0D4B1D78012D75
:1065F00011D1002C05D102221A7005F0A1F9280052
:1066000070BD00221A70074B1B78FF2BF7D02000BB
:10661000FFF778FFF3E70025F1E7C0468464FF1F2A
:106620007464FF1FCC42FF1F030010B5002801D186
:10663000002010BD00780B4A002803D15988D18270
:106640001B7913761378022BF2D10023984200D1E4
:1066500003331370044B1B78FF2B01D0FFF752FF5D
:106660000120E6E77464FF1FCC42FF1F002911D010
:1066700000280CD04B79012803D140225242134309
:1066800003E03F221340032802D001204B717047E2
:106690004022F4E70800FAE770B5094D01002878B8
:1066A00000280BD0074C0622200005F079FB2100C2
:1066B0002878FFF7DBFF200005F05AFA70BDC046CE
:1066C0009464FF1F6E64FF1F00290AD0012808D1BF
:1066D0003F224B799343C02B03D0403B5A42534156
:1066E000981C704770B5174D06002B78FF2B15D0FE
:1066F0000A2005F02DFA041E10D0D0230370C83BE9
:106700008370114B11491B784670C3700622043008
:1067100005F046FB2100287805F0D2F80C4B1B78D9
:10672000012B0DD10B4B1B68002B03D09B68002B5A
:1067300000D09847084B04211878084A05F0D0F893
:1067400070BDC046CC42FF1F9464FF1F6E64FF1FE4
:106750009064FF1FBC64FF1FC064FF1F60EA00005D
:10676000014B98687047C0467464FF1F014BDB689B
:10677000186870477464FF1F074B10B5DA68136818
:1067800001331360054B1878FF2803D08021C9011D
:1067900005F0E6F910BDC0467464FF1FCC42FF1F30
:1067A000F7B50E0002F0CAF8051E1CD00E4B0662AB
:1067B0001F78002F00D10778AB791020019305F0E6
:1067C000C7F9041E0FD0D0230380C73B8370019B01
:1067D000E91DC3700622043005F0E2FA21003800FA
:1067E000E66005F06DF8F7BDCA42FF1F014B18784F
:1067F0007047C0469464FF1F054B002805D1054B28
:106800001A78054B002A00D1014B18007047C0468A
:106810008464FF1F9464FF1F6E64FF1F014B586860
:106820007047C0467464FF1F024B1868431E9841AE
:10683000C0B270479864FF1F421E03000120152A52
:1068400003D9FF3B5A425341D8B27047F0B51C0000
:1068500000230E0085B0039002920B70029A9342BF
:1068600001D3002019E0E55C5A1CD2B2002DF8D00B
:10687000029851198142F4DC0233DFB2A35C1800A4
:106880000193FFF7D9FF002807D0013D019A039932
:10689000EBB233708A4202D1E01905B0F0BDDB19CA
:1068A000DBB2DBE710B50C0002F0A0F80300122009
:1068B000002B03D02100588805F05AFA10BD0000C3
:1068C00070B50E4D84006359002B15D0186A00284E
:1068D00001D005F02DF82B59586A002801D005F099
:1068E00027F82B59986A002801D005F021F828597B
:1068F00005F01EF800232B5170BDC046A464FF1F95
:106900001C4B70B504000E00150099420AD11A4BB9
:106910001B68002B01D1122070BD1B68002BFAD020
:106920009847F9E7154B994215D1134B1B68002B7B
:106930000AD01B68002B07D09847002804D1104BC1
:106940001C70104B1D70E7E729002000FFF7AAFF1D
:106950000028E1D1F3E7080001F0F0FF0028DAD0C9
:1069600003780320A342D7D12900300005F000FAB4
:10697000D2E7C046FEFF0000A064FF1FFFFF00003B
:106980009D64FF1F9C64FF1FF7B50400808801F021
:10699000D5FF0025A84203D00578A08802F00AF8A8
:1069A0001C4E3378002B1FD0AB421DD11A4B280050
:1069B0001978FFF777FF002818D000233370A379E8
:1069C0000820A778A688019305F0C2F8011E0DD013
:1069D000D0230370CA3B8370019B4770868083710C
:1069E000280004F06DFF01E0002DE8D1A0880B4BDA
:1069F0008200D358002B01D0FFF762FF1721A08837
:106A0000FFF768FDA08801F02BFDA08801F002FED1
:106A1000F7BDC0469D64FF1F9C64FF1FA464FF1F59
:106A2000F0B587B01D000CAB1B88070001930DABC0
:106A30001B88142002930EAB1B88160003930FAB28
:106A40001B880091049310AB1B88059305F080F818
:106A5000041E1AD0D0230370CB3B47708370C670DE
:106A6000062229000430002D11D005F099F9019B70
:106A700021006381029B0098A381039BE381049B17
:106A80002382059BA37404F01BFF07B0F0BD05F043
:106A900017F8ECE7F7B5009308AB1B8807000C204C
:106AA0000D001600019305F053F8041E13D02800C2
:106AB00001F044FF00280FD00078D0232370C93B99
:106AC000A370009B21002381019B6770A580E68055
:106AD000638104F0F5FEF7BD014B1878EDE7C04681
:106AE000CC42FF1F13B5040064890389C2888188E2
:106AF000C0780094FFF7CEFF13BD000010B5044C22
:106B00002068002803D004F013FF0023236010BD89
:106B1000A864FF1FA122F0B5818892004A43384B38
:106B2000384F1B6889B09B189D2292009B18827970
:106B300004001A603B68002B5FD01D78324B1B6845
:106B4000002B04D05B68002B01D000209847260062
:106B500008363100E079FFF7B7FD237DE0710200D0
:106B6000E0780493638A29000393238A0293E389DC
:106B70000193A38800933300FFF752FFE378002BC3
:106B80000BD1E289A379A18802920196E2792800CB
:106B90000092012201F0DCFEE0703B68002B20D067
:106BA000FFF7ACFF194D287800281AD0184B197838
:106BB000FFF778FE002814D02B780820A788E67805
:106BC000079304F0C5FF011E09D0D0230370CA3B10
:106BD0004670837087808671079804F071FE0023E9
:106BE0002B701721A088FFF775FCA08801F038FCF6
:106BF000A08801F00FFD09B0F0BD064B9DE7C0462F
:106C00003409FF1FA864FF1FBC64FF1F9D64FF1FA2
:106C10009C64FF1FCC42FF1FF8B5070008000E0060
:106C200001F08CFE041E18D02620FFF78DFC051EF7
:106C300000D12578062004F08BFF041E0DD0002122
:106C4000062204F03DFFD0232370C23B2100677071
:106C5000A370A680E8B204F033FEF8BDF0B585B0AD
:106C600001930AAB1B78070002930BAB1B7808005B
:106C70000D000092039301F061FE061E22D0102049
:106C800004F066FF041E1DD01022002104F018FF3E
:106C90002620FFF759FC002800D13078D02323703C
:106CA000C13BA370009B21002372019B677063723C
:106CB000029BA580A372039BC0B2E3720C9BE360AE
:106CC00004F0FEFD05B0F0BDF7B50D00019001F038
:106CD00035FE071E1FD00E2004F03AFF041E1AD006
:106CE0002620FFF731FC061E00D13E78D0232380FA
:106CF000C53BA370F91D0622E01C05F051F8019B6D
:106D00002100638101232B40AD07ED0F23736573D1
:106D1000F0B204F0D5FDF7BDF0B585B002901000DB
:106D20000D0017000A9E039301F008FE041E31D0E7
:106D3000029B002B2ED1039B02795B0724D51223E3
:106D400013430422002E08D10B99002905D10C9978
:106D5000002902D10D9900291AD01A430D9B2271E6
:106D6000002B00D0C9E0002E00D1CFE0002D00D0D4
:106D7000CCE0606A002801D004F0DAFD1C2130006C
:106D800004F096FF606205E002239A430E33D7E7D2
:106D900093432371654BBA00D458002C00D1AAE06C
:106DA000002E10D0236A002B03D11C2004F0E8FF32
:106DB00020625E4BBA00D358186A002803D01C2208
:106DC000310004F0EDFF0C9B002B12D0574CBB00A0
:106DD0001D596B6A002B03D1162004F0D1FF6862A5
:106DE000BB00E358586A002803D016220C9904F01F
:106DF000D7FF0D9B002B11D04C4DBC006659B36AD8
:106E0000002B03D1142004F0BBFFB0622B59986A09
:106E1000002803D014220D9904F0C2FF380001F0BD
:106E20008DFD051E67D0414BBA00D358002B62D0B0
:106E30001A6A3420002A00D11C389A6A002A01D02C
:106E4000143080B20B9A002A01D01C3080B25B6AE9
:106E5000002B01D0163080B204F07AFE041E4AD016
:106E60001822002104F02CFE2620FFF76DFB019074
:106E7000002801D12B780193D0232370029B20009E
:106E800063700A23294EA370039BBD00A371AB5905
:106E9000A780196A1830002905D01C22A06004F0D0
:106EA0007FFF200034307359996A002907D003000E
:106EB00014221433E060029304F072FF02980B9BDB
:106EC000002B08D003001C221C330B992061029375
:106ED00004F066FF02987359596A002903D01622FC
:106EE000606104F05DFF6B462100187904F0E8FC56
:106EF0003800FFF7E5FC05B0F0BD10220D9B0D99A1
:106F00001B69A018236204F04BFF2CE70B9B002B9E
:106F100000D13FE7012D00D03CE7606A002801D096
:106F200004F006FD1C210B982AE7C046A464FF1F4D
:106F300010B5044C2068002803D004F0F9FC0023AD
:106F4000236010BD9864FF1F0B4B07B51A68002A19
:106F500001D100200EBD6946531C01201278073173
:106F6000FFF774FC0028F4D00278012310001840C9
:106F70001A42EED0EEE7C046B464FF1FF0B51F4FD3
:106F800001203B6887B0002B25D09B78059300F04B
:106F9000B3FB002821D00A20FFF7D6FA04000B200B
:106FA000FFF7D2FA164B05001E78731E9E413B6810
:106FB000F6B2191DD878FFF759FB3B682900DA7A39
:106FC000043303929A7901930292009033002000D7
:106FD000059A04F04DFF07B0F0BDFFF7B5FF00289C
:106FE00005D00620FFF7B0FA04000720D8E70820F4
:106FF000FFF7AAFA04000920D2E7C0469864FF1FF1
:107000009464FF1F70B50A4E040033780D00FF2B07
:107010000DD0042004F09CFD011E08D0D023037085
:10702000CE3B45708370C470307804F049FC70BD6D
:10703000DC42FF1F70B5040006200D0004F088FD3F
:10704000011E0AD0D0230370CD3B8370054B4470E2
:107050001B688580187804F033FC002C01D0FFF702
:1070600067FF70BD9864FF1FF8B5264F06003B68A8
:107070000D001124002B05D10522234B1B78134250
:1070800002D112242000F8BD204A10241268002AE0
:10709000F8D01278002AF5D0DB0719D52B789A1E84
:1070A000012A1AD80C2004F06BFE13243860002843
:1070B000E8D000230A22437029000670023004F051
:1070C0006FFEFFF75BFF041E0AD0FFF731FFD9E721
:1070D00000F012FB0028E1D1E4E7002BE2D0D0E77A
:1070E0000B4B1B78032BCDD11D20FFF72DFA094B3D
:1070F00018800028C6D0084B04211878074A04F0ED
:10710000EFFBBFE79864FF1F9564FF1FB464FF1F88
:107110009464FF1F9264FF1FC064FF1F60EA0000B9
:10712000F7B50193194B14001A78052306000F00D8
:1071300012201A4221D0012920D1154B1D68002DA3
:107140001BD002201F2C18D8002C02D0019B002B32
:1071500013D0104B1F221E706E1C0021300004F053
:10716000AFFC01992200300004F01AFE310020002B
:107170002C70002F06D004F06BFBFEBD064B1220D6
:107180001D68DCE704F0B4FDF7E7C0469564FF1F17
:10719000B464FF1FDC42FF1FB064FF1FF8B50F4E41
:1071A00012243368002B17D01B780F3C834213D175
:1071B00000250B4F0221387804F052FE094B0421C0
:1071C00038781D8004F04CFE074B28001D80336882
:1071D0005C7004F0DDFB04002000F8BD9864FF1F24
:1071E000C064FF1FAC64FF1F9264FF1F70B50128CD
:1071F00023D11B4C2388002B03D01A4A1578002D6D
:1072000007D0194B1B68002B02D01878FFF7C6FF78
:1072100070BD3B2B02D93C3B2380F9E7134E022182
:10722000307804F01DFEFA222388920002215A438E
:10723000307804F0E5FA2580EAE70B4B1B68002B59
:10724000E6D00B4B1B785B07E2D5084B0221187880
:1072500004F006FE0022024B1A80FFF769FED7E712
:10726000AC64FF1F9064FF1F9864FF1FC064FF1F82
:107270009564FF1FF8B51E4D2868002803D004F060
:1072800057FB00232B601B4E3068002803D004F00E
:107290004FFB00233360184F05243B781800204033
:1072A000234221D0154800F02BFA3B78234213D01B
:1072B000202004F065FD2860002813D02022002142
:1072C00004F0FEFB202004F05BFD041E306005D0BE
:1072D0002022002104F0F4FB002004E0286804F0E0
:1072E00027FB2C601320F8BD00F00AFAF4E7C04633
:1072F000B464FF1FB064FF1F9564FF1FD042FF1FDF
:1073000010B50A4C23681A1E0ED0002808D101308F
:10731000587004F03DFB002805D02368002B02D0F4
:107320000021FFF787FE0122100010BD9864FF1FA7
:10733000F7B5274E050033680191181E21D05C78FF
:10734000244F012C30D1FFF7FFFD002825D020006D
:10735000FFF7FAF80400412814D91F4B02211878CE
:107360001E4A04F0BDFA1E4B3C3C1C8002223368CE
:107370005A703B78002B14D128000199FFF75AFE70
:107380000120FEBDFA2292004243002AEED0124BA9
:107390000221187804F034FAE8E7FFF7D5F8020084
:1073A000F3E700233B70EBE73B78002BE8D10320A9
:1073B00004F0CEFB011E08D0D0230370CC3B4570F7
:1073C00083703368187804F07BFAFFF7B1FDD7E7D4
:1073D0009864FF1F9064FF1FC064FF1F60EA0000F5
:1073E000AC64FF1F10B51749838802008B4220D080
:1073F00011D815498B4217D0144900205B1899B257
:10740000012907D8926811785A425341D8B2FFF740
:10741000F9FD012010BD0E4A00209B1807229BB2E7
:107420009A424041C0B2F5E783681878FFF768FFD9
:10743000F0E7836899785A78090218781143FFF7C2
:1074400077FFE7E70A20000006200000F8DFFFFFD3
:10745000AFDFFFFF014B18707047C046DD42FF1FD2
:1074600010B5064C207001F045FA207804F030FC8D
:107470000521207800F068FD10BDC046C064FF1FE4
:107480000BB273B50D00002B00DBC4E0884B1878FD
:1074900004F016FC041E0ED00378912B0FD0A22B03
:1074A00000D1A1E0834B1878FF2852D0210004F0CE
:1074B00007FA00284DD180200002684076BD43784D
:1074C0000F2B76D013D8052B70D00E2BEAD18088E5
:1074D000794B98422BD8794B98421BD8784B9842DD
:1074E000E0D1A3681878591CFFF776F838E03E2BF6
:1074F000D8D18378032B74D06CD8012B6ED0022B9B
:10750000D0D1704B1B68002B23D05B68002B20D0A0
:1075100098471EE06C4BC0180C28C3D804F0F8FA4A
:107520001DC2C2150BC20B0B0B3223C23C00674BB2
:10753000C0180728B6D8664B1B68002B09D01B68FB
:10754000002B06D0200098470AE0A3681878FFF7C0
:10755000C9F8200004F0ACFAADE7A068FFF764F8C2
:1075600000289FD0F5E7A3681B78002BF1D0554B7E
:107570001B68002BEDD01B68002BEAD0210055487A
:107580009847EDE74F4B1B68002BE2D01B68002BA0
:10759000DFD021005048F3E7504B1B68002BD8D0B8
:1075A0005B68002BD5D021004348E9E7FFF7ECF9F1
:1075B000CFE780884A4B984203D04A4B984200D08C
:1075C00070E7464B1B68002BC3D05B68002BC0D014
:1075D0002100D5E7153B012BBBD963E7FFF79AFAEA
:1075E000B7E7FFF77FFAB4E73F4B1B78042B07D1CF
:1075F00000236A4613800179408800F0CBFCA8E79D
:10760000364B1B68002BA4D05B68002BA1D0010077
:10761000364898479DE7012421420AD0294B1B6830
:10762000002B04D05B68002B01D00020984701207C
:1076300043E78B070AD5264B1B68002B04D05B68F9
:10764000002B01D020009847022036E704212800B3
:1076500008400D4200D131E7254E3388002B21D060
:10766000013B9BB23380002B1AD1FFF7DDF80028D5
:107670000AD0204B1C70164B1B68002B04D05B6893
:10768000002B01D020009847FFF7C8F8694601F0A9
:107690000CFD6846FFF700F81D20FEF755FF30800F
:1076A00004200AE7024B187804F0DAFBF8E7C0463A
:1076B000C064FF1FDD42FF1F0E20000001200000FC
:1076C00009100000B864FF1FFEDFFFFFAFDFFFFF00
:1076D000BC64FF1F0C2000000B200000A064FF1FF3
:1076E0000D200000132000009564FF1FFFFF000025
:1076F0009264FF1F9064FF1F10B501F09FF910BD49
:10770000014B18607047C046BC64FF1F0B88002007
:10771000162B01D817230420014A13807047C04656
:107720006A64FF1F00207047074A030011888142E6
:1077300007D091880020994202D1013080001018B2
:1077400070470020FAE7C046C864FF1FF0B58F7885
:1077500006000D00C5B01E2F15D1FFF7E5FF051E71
:1077600003D10024200045B0F0BD00223B003100D1
:10777000C078009200F0B8FB0400A81C00F0D8FB11
:10778000FF23EB70EEE7264B062403931B78FF2BB9
:10779000E8D0182FE6D87B08224A013BDB00029292
:1077A0009A589446002ADDD0029AD3185B68002BC1
:1077B000D8D00878002802D14B78012B02D10624BA
:1077C000122FCFD107AFAB88697800976446AA68BB
:1077D000A047041EC6D1AB78029A5B08013BDB00D0
:1077E000D318390030005B689847041E0BD1AB7882
:1077F000042BB6D0039A310010782200009700F0D5
:1078000073FB0400AEE76A78002AABD1AA7805A919
:107810003B88087130000A704B80FEF74BFBA0E7F5
:10782000E042FF1F30C000111D4B37B505009842E4
:107830000BD000290AD1FFF777FF002805D119489E
:10784000FFF772FF002800D0058037BD01291AD14B
:10785000FFF76AFF041EF8D001235B420380A37880
:10786000FF2BF2D0FE2B07D00023E07814220093E8
:1078700029001E3300F038FBA01C00F059FB012347
:107880005B426380E1E70229DFD1013901F0C2F8F0
:107890000028DAD12800FFF747FF041EDFD1D4E724
:1078A000FEFF0000FFFF0000022210B5074B52420E
:1078B0001A80074801325A809A80DA8000F084FAF0
:1078C000044801F029F8002010BDC046C864FF1F1D
:1078D0004D770011297800110388F7B50400002BBB
:1078E00002D102252800FEBD4268022113782548F6
:1078F0005268FEF7A7FD00282ED0234F01253A88B5
:10790000002AEFD0802321885B0201259B1A99422F
:10791000E8DC0C2004F034FA061E31D03B882288C3
:107920009C4600231800019561469DB2491989B211
:10793000AA421BD8002801D062443A8000233000BC
:10794000082208C0210004F02BFA104A1368002B0B
:1079500013D100251660C5E76268022113780C4830
:107960005268FEF76FFD0028C7D1BAE760681D01B5
:107970004019418101330198D6E71A001B68E6E7F8
:107980001325AFE79EC00011DE42FF1FC464FF1F36
:107990009CC00011014B18707047C046E042FF1FA9
:1079A00014230A0010B51A40194204D001221021F4
:1079B00001F04CF810BD4B06F9D4C8430223400037
:1079C0001840F7E710B514008B0604D501221021EA
:1079D00001F03CF810BD08230A001A40194202D1F8
:1079E0004BB2002B0FDA102101F030F8002808D03C
:1079F0002300F2331B78002BECD0F1342378012BD9
:107A0000E8D10020E6E703208907FAD4E2E7000086
:107A1000F0B51F00184B85B01C68019002910392CD
:107A2000002C27D1200005B0F0BDA5683301ED186A
:107A30006B89019A934211D3029A93420ED8002F78
:107A400004D10A9B002B10D12C00EBE73B002978D6
:107A5000039A6868FEF7F6FC0028F2D10136B6B248
:107A6000A388B342E1D82468DAE7A3680A9A5B895D
:107A70001380E9E70026F3E7C464FF1F37B50C0065
:107A80000A8849880123914217D3002A15D0651D21
:107A900023792A0002210A48FEF7D4FC102300288B
:107AA0000BD023796188208800242A000094FFF7F6
:107AB000AFFF0A23A04200D0230018003EBDC046FD
:107AC0009EC0001113B50A00088849880123884226
:107AD0000BD8002809D00024137905320094FFF751
:107AE00097FF0A23A04200D02300180016BD13B54B
:107AF0000A0008884988012388420BD8002809D049
:107B00000024137905320094FFF782FF0A23A04274
:107B100000D02300180016BDF0B58BB003904A8842
:107B200008880E000123824213D3002811D00023BD
:107B3000012704AC23700022718813000092FFF724
:107B400067FF05002078002D06D122780A23002A3D
:107B500041D118000BB0F0BD002835D12B78022B95
:107B600018D167706A8983000130E31880005A8059
:107B700069680222201804F013F923780133DBB27C
:107B80002370042B19D93B006889013080B2002B87
:107B9000D1D0DAE702236370122358436A8923188D
:107BA00004305A8069681022201804F0F9F823780C
:107BB0000133DBB22370002BE5D10A4A6B899B1895
:107BC0005A425341DBB2DFE76378012BE4D12B78D3
:107BD000022BC7D0B9E721000398FEF795F90023DF
:107BE000B7E7C0460100FFFF0F4BF0B5040018686F
:107BF000002816D083685D89A54207D88288AE1810
:107C0000B44203DA12019A18934201D10068EFE7F7
:107C10001E005F891036A74204D1002900D00D80D4
:107C20001800F0BD3300EFE7C464FF1F70B5050016
:107C30000C0008880021FFF7D7FF03000120002B6C
:107C400004D022002800197AFFF7BCFE70BDF7B5FA
:107C50000C00002501902300EE331B78AB4201D8C5
:107C600000200AE06B00E65A00213000E718FFF719
:107C7000BBFF002802D126800130FEBD017A0198A9
:107C8000FFF78EFE002802D03B882380F5E7013500
:107C9000EDB2E0E710B5040008880021FFF7A4FF6B
:107CA00003000120002B03D02000197AFFF778FE93
:107CB00010BD0000054B1B68002B01D1180004E02B
:107CC0009A6852898242F6D198887047C464FF1F2F
:107CD000F0B50E27002687B0039302ABFF183E8055
:107CE00005001F4B40891400984207D02B780130C3
:107CF00000976A6880B2FFF78BFE060002212B789E
:107D000018486A68FEF79EFB00280FD06C89200097
:107D1000FFF7D0FF002802D0013C0419A4B2039B56
:107D2000002B00D01C80300007B0F0BD02212B7862
:107D30000D486A68FEF786FB0028E7D102212B7800
:107D40000A486A68FEF77EFB002807D0002EDED0C6
:107D50003B88A342DBD17489013CDFE76C89DEE715
:107D6000FFFF00009EC000119CC000119AC00011CE
:107D700010B50C00FFF7D8FC03000220002B0AD03E
:107D8000002C00D023609B781720FE2B03D00138F5
:107D9000FF2B00D1002010BD73B50D0001A9040018
:107DA0001600FFF7E5FF172805D0002E04D12900A3
:107DB0002000FEF725F976BD01221021200000F0F9
:107DC00045FE0028F3D0F6E7014B18607047C04627
:107DD000D464FF1F37B56B469D1D010004000222CD
:107DE000280003F0ADFF2B88B02B0ED12379122B86
:107DF00009D12300FA331B78012B06D101216088B9
:107E000000F0E0F801E01B2BF8D037BD10B5054BB2
:107E10000421187000F098F8FFF746FDFEF76CFBA0
:107E200010BDC046D864FF1F0020F0B50BB20F0094
:107E300087B0834234DA274B187803F041FF051EE0
:107E40002BD00378A02B25D103AE3100FEF7E2F84A
:107E5000041E0BD1B378DB0724D51F4B06341B68F7
:107E6000002B03D03100688898470400A8680028D8
:107E700001D003F075FF002C08D1184A039B134072
:107E8000174A934206D0B3781B2B03D00121688890
:107E900000F098F8280003F00BFE802000027840E4
:107EA00007B0F0BD0F4B1B68002B10D03100688865
:107EB0009847041EDAD07378002BD7D1B27801A985
:107EC0000A704B800C716888FDF7F4FFCEE706243A
:107ED000F1E7C046D864FF1FD064FF1F00FFFF001A
:107EE00000011200D464FF1FF7B50190FC200D00C3
:107EF00017001E0003F02CFE04001320002C12D0EB
:107F0000B02320002370089BF422677065802671DF
:107F10000830002B08D0190003F042FF210001981F
:107F200003F0CEFC0020FEBD089903F0C9FDF5E783
:107F300010B5041E06D00078FD2803D803F088FE93
:107F4000FF23237010BD00000A1F93B210B5040078
:107F50000220032B05D882400020024BD1529B18EF
:107F60009C7010BDF864FF1F0B8870B5043B0400C3
:107F70000D000220032B0BD80121200000F04AFD48
:107F800003001420002B03D02900200000F0DEFBAA
:107F900070BD000007B51300034A00920A000121DA
:107FA00000F02CFC0EBDC046D181001107B5019236
:107FB00003220092024B0A00122100F047FC0EBD82
:107FC0004F82001107B56B4601AA11800449D88081
:107FD00008780633012802D1190003F0C9FC07BD57
:107FE000D964FF1F0C4B10B518700023FF210B4AFA
:107FF0001380138193819380094A538013705172C7
:1080000093819372D174D3821375517703F078FD05
:1080100000F0FCF910BDC0460865FF1FF864FF1FA3
:10802000DA64FF1FF0B58DB06B46002003910C227F
:108030009B5E834200DBB1E05D4B187803F040FEAD
:10804000051E00D1A5E00378902B00D09EE006AF7E
:1080500001004688380000F013FA7968040000290E
:1080600000D19DE03B88052B6FD13B89032B1CD9A8
:1080700005AC200000F0A2F86288172A60D8398980
:10808000131D994231D17968237804310291D907BF
:1080900038D5607800F08EF9071E06D000230371F2
:1080A0002378012B08D0132B23D0A868002800D1F7
:1080B00079E003F055FE76E06288029909A800F0A5
:1080C000A6F80290380000F08BF909AA2378387AD4
:1080D0000192002231000092029A00F012F9380059
:1080E00000F064F9029B002BDFD0300000F080F933
:1080F000DBE70378032BD8D16288029909A800F046
:10810000D6F8DEE709AF122B12D13800029900F041
:10811000B4F8021EE9D127498B88002BC5D0887995
:108120002378019761780091310000F0EAF8BCE70C
:1081300000233A003B8061783000FFF72BFFB4E763
:108140001D4B09AA09936178F6E7042B02D09A1F08
:10815000012AAAD8174A043B9B00995A0029A4D0A7
:10816000D218907831003A0000F0ADF800289CD188
:108170003B88042B03D001213000FFF723FF012CA3
:1081800004D1A868002801D003F0EAFD280003F01C
:108190008FFC8020039B0002434018000DB0F0BD0F
:1081A000012800D181E701213000FFF70BFFEDE747
:1081B0000865FF1FF864FF1F010017000B780370AC
:1081C0004B784370CB788A781B0213434380704707
:1081D0000A88030002700A88120A42700A88012A7B
:1081E00006D14A8882704A88120AC27004207047F9
:1081F00002208242FBD14A8804309A704A88120ACF
:10820000DA708A881A718A88120A5A71EFE710B5F3
:108210000400012082420CD94B780A781B021343D8
:108220002380834206D1CB788A781B021343638074
:10823000002010BD022BFBD1CB788A781B021343A0
:1082400063804B790A791B021343A380F0E70B8804
:1082500003700B881B0A43704B8883704B881B0A82
:10826000C3708B8803718B881B0A4371CB88837121
:10827000CB881B0AC3710820704703000120082A1D
:1082800014D14A780878120202431A80CA78887892
:10829000120202435A804A790879120202439A80F4
:1082A000CA798879120202430020DA80704710B53B
:1082B00004000120022A05D100204B780A781B0215
:1082C0001343238010BDF8B5060010200F001500E1
:1082D00003F03EFC04000120002C0ED0A0230C2251
:1082E000290023806780201D002D07D003F058FD52
:1082F0002100300003F0E4FA0020F8BD03F0E0FBB9
:10830000F6E7F7B51E00009008AB142017001D78A3
:10831000019103F01DFC041E12D0A2230370019BE7
:1083200047704380099B057146710C220830002B71
:1083300007D0190003F034FD2100009803F0C0FAC3
:10834000F7BD099903F0BCFBF6E737B5041E0FD063
:108350004388002B0CD00025C1881323007A1722F4
:1083600001950095FFF7CDFFFF23658063722570AF
:1083700037BD000010B50C4904004A88002A09D016
:108380008B89002B05D00020CB8A0222834201D0AA
:1083900010BD012213000A20434300204032C8547C
:1083A000C81842800472F3E7DA64FF1F0023438099
:1083B00003707047094B00211A0010B55C88002C2F
:1083C00006D01C79844203D10A234B43D01810BD38
:1083D00001310A330329F1D10020F8E7DA64FF1FE5
:1083E00010B50400407A03F033FCFF23637210BD24
:1083F0007047043010B580B203F022FB002803D090
:108400000421494203F09CFB10BD000070B500251B
:10841000104CA0682580A581A580A84202D003F059
:108420009FFCA56000250C4C0C4B606D1D8023004B
:1084300058331D70A84202D003F092FC65650025F8
:108440006068002801D003F08BFC013508340A2D48
:10845000F6D170BDA065FF1F4465FF1F9465FF1F27
:1084600070B5041E09D1054D2880A881A880A86890
:10847000002802D003F074FCAC6070BDA065FF1F43
:10848000F0B54B8885B00193002343600A7905005D
:108490000F00022A00D07BE0CA88032A17D98B6814
:1084A0005E7819783602DC78D8790E4399781B7A91
:1084B00024021B020C43034353495BBA0B80331D58
:1084C00093421ED1042C04D0631F022B0ED901202D
:1084D00015E0019A4D4B1201D35A002B06D001989A
:1084E000FFF7BEFF4A4A1369013313610421B868DC
:1084F0002E812C80494203F023FB6860002005B0E8
:10850000F0BD434D042C06D0631F022B0FD9EB683E
:108510000133EB60DBE7019A3C4B1201D35A002B8D
:1085200005D00198FFF79CFF2B6901332B61374B76
:1085300030000293019B029A1B01019300230199D1
:108540008C468B52130063449C8003939E81FFF7FB
:1085500050FF039B041E986016D00421B86849425E
:1085600003F0EEFAFA880100043A200003F018FC48
:108570000199029AFB888A5A043B9B18029A8B52F3
:108580002B6801332B60A2E7AB690133AB619EE737
:108590001E4B0293019B1E01029BF35A002B2DD010
:1085A00002998C19A068002828D0012A26D1FA88BF
:1085B0009B189BB27352A189994217D39B1AC0187A
:1085C000B96803F0EDFB029BA289F35A934200D0F5
:1085D0007DE700222B81A3882B80A3686B60029B20
:1085E000F2520B4A53680133536070E7084A9368AC
:1085F000013393600198FFF733FF68E7044A53693A
:1086000001335361F6E7C0460A65FF1FA065FF1FEF
:108610001065FF1F70B5051E15D10B4C0B4B188054
:10862000230058331870606D002802D003F098FBC7
:108630006565250050356068002801D003F090FB87
:108640000834AC42F7D170BD4465FF1F9465FF1F2D
:10865000F0B51700A12285B0920001934243394B37
:1086600006001B680C009B18D933FF331D78FDF7FB
:108670003DFF0430854204DD3000FDF737FF043054
:10868000C5B2BD4207D33A0000213000019B03F080
:10869000A7F905B0F0BD2900380003F0B9F92300AF
:1086A000C6B250331E700393019B290063653800E6
:1086B00003F01EF9CBB20293002B02D0039B0136CC
:1086C0001E7000262300503303931B78B34204D856
:1086D000606D002831D10020DBE7029A2800002AD3
:1086E00004D0013B1000B34200D02800F700E71986
:1086F000387003F0ADFB786000280ED03A7801990D
:1087000003F04EFB019A3B780136D3180E4A0193D1
:10871000D369F6B20133D361D4E7039B1870606567
:10872000A74205D1084A1320D36A0133D362B0E7C8
:10873000606803F015FB0834F2E703F011FB002337
:108740006365C8E73409FF1F1065FF1FF7B50D000B
:1087500007000421686803F0F3F92B890400037013
:108760002B891B0A43702B8883702B881B0AC370CC
:108770002E8902250436F6B2F42E15D81B4B9F42E3
:1087800014D10C2003F0E4F91135011E0CD0902314
:1087900003708E3B0371043B4380154B8460C6809D
:1087A000187803F08DF800252800FEBD5C237B437C
:1087B000104AD3180093583301931B78002B0FD124
:1087C0000300320038000099FFF742FF019B0500CB
:1087D0001B78002BE8D13800009903F0A9F9E3E7F2
:1087E000054A0725536A01335362DDE7FEFF0000A7
:1087F0000865FF1F4465FF1F1065FF1FF0B587B0B8
:10880000009017200F0016000193FFF7F2FD1325CB
:10881000041E18D00C98031E02D00199201D984701
:10882000030AE370052303A9A070043008812770B0
:10883000009866700B804C60FFF788FF051E02D021
:10884000200003F08DFA280007B0F0BDF0B587B026
:108850001F000CAB1B780391059301210DAB0600A3
:108860001C78049200F0D6F81425002821D02000AE
:10887000FFF780FD0135041E1BD01149059B0A78C6
:1088800003700132D2B2131EC68001D101231A0037
:108890000B7022713000049B03990097FFF7AEFF25
:1088A000051E09D1230021000648074A093303F0B9
:1088B000E7F8280007B0F0BD002363802370F8E7D5
:1088C0000C65FF1F4B83001130750000F8B50500E3
:1088D0000E00064C064F2368002B02D03100280002
:1088E00098470434BC42F6D1F8BDC046B065FF1FBE
:1088F000C465FF1F0123064A5B42538000231371A6
:108900005362044A136053609360D36013617047ED
:10891000C465FF1FB065FF1F0200002310B50649A4
:108920009C000859002801D1625010BD0133052B6D
:10893000F6D11320F9E7C046B065FF1F034A5388FC
:10894000181A43425841404210407047C465FF1F07
:10895000F0B585B002930AAB1F780CAB1B88009072
:1089600008000E0001920393FFF7E8FF05001120B5
:10897000002D1BD10E48FFF7E1FF04001520002C4D
:1089800014D006220B99A771E01D03F009FA019B90
:1089900030002371029B29006371009B6680237065
:1089A000039B6562E381FFF791FF280005B0F0BDEE
:1089B000FFFF000010B5FFF7C1FF04000220002CEC
:1089C00012D060880121FFF781FF606A002801D082
:1089D00002F0AEFF28220021200003F071F80123ED
:1089E00000205B426380207110BD000030B5074A53
:1089F000074C5588010013780020A54204D05B1A6B
:108A000059424B415842104030BDC046C465FF1F1B
:108A1000FFFF0000084A10B501230C00904208D067
:108A2000FFF78CFF031E04D0037923405A1E9341A5
:108A3000DBB2180010BDC046FEFF0000024B1879E3
:108A4000431E9841C0B27047C465FF1F70B5040053
:108A50000D001600FFF772FF002804D10F4B9C4257
:108A600000D0143070BD10230279416A13400029F0
:108A70000AD10520002BF5D0897E0C20A94289411E
:108A8000494249420840EDE70F20002BEAD0920707
:108A9000F2D40A38002EEFD0E4E7C046FEFF000013
:108AA000030010B5002800D110BD0348034A4188D7
:108AB0009142F9D09847F7E7C465FF1FFFFF000018
:108AC000002330B5C45CCD5C6C40D4540133102B12
:108AD000F8D130BD0F23002210B5C45C64002243DE
:108AE000CA54C25CD209013BF7D210BD020001009A
:108AF00010B52032103103F07BF810BDF0B58DB009
:108B00000590102007931700069103F039F90190A2
:108B1000102003F035F9019B13240290002B05D09F
:108B200000280CD11324019802F002FF029B002BB5
:108B300002D0180002F0FCFE20000DB0F0BD1020A5
:108B400003F01EF90600102003F01AF913240500A3
:108B5000002E00D1B3E0002819D01022002102F02D
:108B6000AFFF32002900059803F042F8041E0ED131
:108B700033787F2B56D830000199FFF7ABFF019B6C
:108B80001B787F2B58D802990198FFF7A3FF30007C
:108B900002F0CEFE002D02D0280002F0C9FE002C0B
:108BA000C1D1102003F0ECF80600102003F0E8F823
:108BB0000390002E00D180E000287CD03A000121F3
:108BC0000F3223001211049106D013B204930F2325
:108BD0003B405A4253411BB2049A013A1201002B06
:108BE00034D0069BD2B298180199039AFFF768FF18
:108BF00010220021300002F063FF049D069F013D1A
:108C0000ADB22D017D19AF4242D0002C33D03000DF
:108C100002F08EFE039B002B00D184E7180002F0C7
:108C200087FE80E729003000FFF754FF280026491F
:108C3000019AFFF745FFA2E729000198FFF74AFFD5
:108C400028002149029AFFF73BFFA0E70F2506996C
:108C50003D408A1808A8D9B28D4207D9D15C195471
:108C60000133102BF7D1039A0299BFE7691A4F42DB
:108C70007941C901F3E73900300008AAFFF720FF66
:108C80003200059808A902F0B3FF10370400BAE7D4
:108C9000002CBCD13000039908AAFFF711FF320065
:108CA00008A9059802F0A4FF0822040031000798E3
:108CB00003F076F8ABE71324A9E71324AAE700280A
:108CC00000D069E72EE7C046A4C00011F0B58BB014
:108CD0000F0016000225009000283FD0002A3DD04A
:108CE0000B1DDBB21800029303F04AF81135041E85
:108CF00034D0FDF73BFD05003A000099201D03F03C
:108D000047F8EBB20393E3702B0CDBB22F0A00930E
:108D10006370FFB22B0E2370A7700193FDF720FD47
:108D20001022010006A803F033F82100029A04ABD8
:108D300006A8FFF7E3FE051E0DD1039B0822337042
:108D4000009B04A9B370019B7770F370301D03F092
:108D50001FF8FDF711FD200002F0EAFD28000BB01E
:108D6000F0BDF0B58FB00D00149E039004920593F2
:108D7000002A03D1022420000FB0F0BD002EF9D04C
:108D80000398FFF7DBFD1424071EF4D072783378C4
:108D900012021A43B3781B041343F27812061A43E3
:108DA000036A0192934201D30133E3D1002D03D032
:108DB0003B7901249B07DED50822002106A802F09A
:108DC0007FFE059B13240433DBB21800029302F0EC
:108DD000D7FF051ECFD0059A0499043002F0D8FFC2
:108DE00004223100280002F0D3FF39001022103194
:108DF0000AA802F0CDFF2900029A06AB0AA8FFF7E5
:108E00007DFE041E0FD1082206A908A802F0C0FFAB
:108E10000822311D08A802F003FE012807D101999C
:108E20000398FDF7BDFC280002F082FDA3E70124B2
:108E3000F9E7000070B51C4C05002368181E10D01F
:108E4000002D14D11A78002A0CD1981C083202F097
:108E5000A7FF02F015FF0135002808D123681D7017
:108E6000012070BD0A331800082202F099FF236820
:108E7000002BF5D0122002F06BFE061E0DD0C12390
:108E800021680370457002311022023002F088FF21
:108E900023683100587802F013FD206802F048FD85
:108EA00000232360DCE7C046EC65FF1FF8B5040033
:108EB0002020FDF749FB0D4EA700BB590500002BF4
:108EC0000DD000280BD0D878FF2809D108492A00F6
:108ED0000C55F35907480333611802F0D1FDF8BD72
:108EE000290002F0ADFE0028F0D1F8E70866FF1F68
:108EF000F065FF1FFDA0001170B5064D8400635999
:108F0000002B05D0D87802F0A3FEFF226359DA7057
:108F100070BDC0460866FF1F70B506008CB00C001F
:108F2000150000213022684602F0CAFD31001022EF
:108F3000684602F02DFF1D2021000322684402F044
:108F400027FF6846FFF7D2FD2D21040003222800E9
:108F5000694402F01DFF20000CB070BDF0B50400A4
:108F6000170097B001931CAB1D7830221EAB009107
:108F70000AA800211E7802F0A3FD2100102202ACF5
:108F80000AA802F005FF10220021200002F098FD3F
:108F900007223900200002F0FBFE07220199A018E9
:108FA00002F0F6FE33005A1E9341A3732B005A1EA3
:108FB00093410021102206A8E37302F081FD0622EE
:108FC0001D9907A802F0E4FE1A2006221F99001935
:108FD00002F0DEFE102200990EA802F0D9FE102346
:108FE0000EAA11782078013B4140DBB211700134A8
:108FF0000132002BF5D10AA8FFF778FD102212A943
:1090000004000EA802F0CCFE102206AB0EA90878D0
:109010001D78013A6840D2B2087001330131002A4C
:10902000F5D10AA8FFF762FD044310222098E4B2AC
:1090300012A902F0ADFE200017B0F0BD70B50E0011
:1090400014008CB00100102268461D0002F0A0FE42
:109050003100082204A802F09BFE2100082206A885
:1090600002F096FE6846FFF741FD0400102228003A
:1090700008A902F08DFE20000CB070BDF8B5060006
:109080000D0000243719AC4200D3F8BD02F0B8FC43
:10909000030A3B70631CDBB201379D4203D90234E3
:1090A000F054E4B2EEE71C00EDE7F7B507000C0062
:1090B0000225002818D0002916D001AE0321300067
:1090C000FFF7DCFF3F23B27831001A40013313432E
:1090D00038002200B370FFF71FFF051E04D10322E2
:1090E0003100E01C02F05CFE2800FEBD037858074A
:1090F000DA08C00FD20080009B0710439B0F184373
:10910000C0B2704707230B40C908C9000B43037066
:109110007047000070B50400FFF7EEFE134DA40089
:109120006359002B21D0186A002801D002F000FCFE
:109130002B59986E002801D002F0FAFB2B59D86EFB
:10914000002801D002F0F4FB2B59186F002801D041
:1091500002F0EEFB2B59586F002801D002F0E8FB1B
:10916000285902F0E5FB00232B5170BD0866FF1F54
:109170000E4B8000C35870B50C00002B0FD09D68BB
:10918000002D0CD02B78201D0B706B784B70A97CB8
:10919000FFF7B8FF2B7E23726B69E36070BD10226E
:1091A0000021200002F08CFCF8E7C0460866FF1F93
:1091B000014B18607047C0460466FF1F074A030052
:1091C0008000825810B5002A06D0D088984203D17A
:1091D000012901D1FFF79EFF10BDC0460866FF1FA1
:1091E000F0B5254E95B087000B93BB59050009914A
:1091F00012200A92002B2FD0D888FFF79FFB040083
:109200001420002C28D0280010A9FFF7B1FFBB596B
:109210001E781F6A002E21D0FDF7E8FA0790002083
:10922000FDF7EAFA0890A5793800E61D10AF0CA901
:1092300000F0E2FA0EA9380000F0D7FA0B9B0A9969
:109240000493089B09980193079B0396009302954A
:109250000EAB0CAAFFF782FE15B0F0BDFDF7C6FA03
:1092600005003000FDF7C8FAA37906000793E31D57
:10927000089310A8DBE7C0460866FF1F30B50D4C09
:1092800085002A59030085B00120002A0DD018005E
:109290006946FFF76DFF2B59D8881B78002B06D045
:1092A000054B6A46072100F0DAFB05B030BD034BE1
:1092B000F7E7C0460866FF1FEB970011F99700110A
:1092C00030B5094C8500295985B0102268462531F2
:1092D00002F066FD2A591121044BD0886A4600F03D
:1092E000BEFB05B030BDC0460866FF1F9598001153
:1092F00030B5094C8500295985B0102268463531B2
:1093000002F04EFD2A591121044BD0886A4600F024
:10931000A6FB05B030BDC0460866FF1FD3980011FC
:10932000F8B54D4F86001020F4590D0002F028FDCD
:10933000F3592062186A132200286DD02900033ADD
:109340009C6802F02DFDF359197800295AD1227D2D
:10935000186A94466646027B0F007240012632422C
:1093600001D167463740227DB2433A432275077BDD
:10937000D6B27A400027920701D4B607F70F02262B
:10938000227D7F00B2433A432275067BD7B27240FA
:109390000026B446520702D47F07FA0F944662466D
:1093A00004269700227DB2433A432275627D00274E
:1093B00094466646427B72400126324201D167469E
:1093C00037400126627DB2433A436275477BD6B28D
:1093D0007A400027920701D4B607F70F0226627D74
:1093E0007F00B2433A436275407BD6B242400020D0
:1093F000520701D47607F00F0426627D8000B24345
:10940000024362756A78002A08D06278002A05D083
:1094100005220533DA7700221000F8BD04222879EE
:10942000104205D1A07C104202D10533033AF1E786
:1094300020782C78002902D1020020001400182284
:109440000428E9D8042CE7D805216143034A0533F1
:109450005218125CDEE7C0460866FF1FB4C0001158
:1094600010B50A001121024B00F0F9FA10BDC046F8
:109470002F9900110B0030B587B001AD2B806B46E2
:1094800004001100981D082202F08AFC2A000B211A
:109490002000024B00F0E3FA07B030BD57990011ED
:1094A00010B50A001121024B00F0D9FA10BDC046D8
:1094B000AB99001137B56D460B0004001100681C14
:1094C00006222B7002F06CFC6A4608212000024B39
:1094D00000F0C5FA37BDC046CB99001110B50A009F
:1094E0001121024B00F0BBFA10BDC0461B9A0011BF
:1094F0007FB505000B4BAA00D4580800002C0FD0F4
:10950000666F237FE28821780396266F0296E66EC7
:109510000196A46E0094FDF7FFFB2800FFF7FAFD0B
:109520007FBDC0460866FF1F10B51721FFF7E0FF9B
:1095300010BD000070B50A000D00064B02210400AA
:1095400000F08DFA060029782000FFF7D1FF3000E7
:1095500070BDC046FB980011F0B587B000236C4683
:109560002370836805001E78701E0A2857D801A949
:1095700002F0EEF906063135393D4145494D5100BD
:10958000180000F040F90623122849D000281AD10B
:109590006888FFF7D3F90823002813D04279002AFE
:1095A00044D1254B1A78072312070BD5234B1A6891
:1095B0000723002A06D01768002F03D0310001AA24
:1095C000B847030023702378002B2AD16888FFF75F
:1095D0006DFC07B0F0BD180000F06CF9D6E718007C
:1095E00000F087F9D2E7180000F093F9CEE71800F1
:1095F00000F0ADF9CAE7180000F0C3F9C6E718009B
:1096000000F0F6F9C2E7180000F0F6F9BEE718001E
:1096100000F013FABAE7180000F013FAB6E70723D0
:10962000237021006888FFF785FFD2E70523012A10
:10963000C8D1034BBBE7C0469564FF1F0066FF1F00
:109640000466FF1FF8B52C4F8600F35904000D0087
:10965000002B40D0DA8882423DD15A78062A33D195
:109660001A78002A2ED0012099681A6A097D0142D1
:1096700006D0157B054203D007225A700120F8BDA1
:109680000220014204D0157B054201D00922F4E7F3
:109690000420014204D0127B024201D00B22ECE7ED
:1096A000164B1B68002BE9D05B68002BE6D020002E
:1096B0009847BB5900215B78122BDFD12000FFF7C0
:1096C00017FFDBE70E4BECE7112A04D1002900D08D
:1096D00032252900F2E7002D08D12000FFF72EF9EE
:1096E000002803D0102302791343037121002800BE
:1096F000FDF792FAC2E7C0460866FF1F0066FF1F2B
:109700000466FF1F70B50E4E8500AB590400002B98
:1097100013D01B78002B11D10A4B1B68002B04D0EF
:109720005B68002B01D02000984773595B78122B9F
:1097300003D100212000FFF7DBFE70BD024BECE7F8
:109740000866FF1F0466FF1F0066FF1F094B8000AD
:10975000C3581020002B0CD01A6A002A09D09B682D
:10976000002B06D0127A1B7E101C9A4200D9181CBE
:10977000C0B270470866FF1F70B503000D001400EB
:109780000220002A30D000292ED013700B78081D3B
:1097900053704B789370FFF7A9FCE0700120022111
:1097A0002B7A23716B7B034063716A7B0A401343FE
:1097B000042263716E7B1640334363716E7BF6083F
:1097C000F600334363712B7B0340A371287B014078
:1097D00000200B43A371297B0A401343A3712A7B0A
:1097E000D208D2001343A37170BD10B50A00010066
:1097F0000120FFF7C1FF10BD10B50A0001000220D3
:10980000FFF7BAFF10BD70B506000C000220002E55
:1098100030D000292ED07378201D0B70B3784B7098
:10982000F178FFF76FFC01223579257271794B10C1
:1098300008001340934010400343881010408000FC
:10984000C9080343C9000B436373B1794B10080087
:109850001340934010400343881002409200C9080F
:109860001343C9000B4321202373FCF76DFE85428F
:1098700001D2122070BD2220257AFCF765FE8542B8
:10988000F7D823781820042BF4D86378012BF1D86B
:109890000020EFE7030010B50220002909D0002BBB
:1098A00007D00322481C0A7019000D3202F078FA22
:1098B000002010BD03000222080010B5002B06D0C6
:1098C000002904D00E32591C02F06AFA002210005E
:1098D00010BD030010B50220002909D0002B07D0CD
:1098E0000422481C0A7019000C3202F059FA0020B8
:1098F00010BD10B5FFF7DEFF10BD030002200029E8
:1099000006D0002B04D0052200200A701B784B7073
:10991000704703000220002B08D0002906D05B7896
:1099200000200B70013B082B00D918307047030052
:1099300010B50220002909D0002B07D00622481CB0
:109940000A7019000A3202F02BFA002010BD10B57F
:10995000FFF7B0FF10BD02000B00022010B5002978
:109960000ED0002A0CD00721197011885970118867
:10997000090A997011180822D81C02F011FA002067
:1099800010BD03000A00022010B5002B0CD00029E6
:109990000AD099785878090201431180901CD91C8B
:1099A000082202F0FDF9002010BD030010B50220CE
:1099B000002909D0002B07D00822481C0A70190082
:1099C000921802F0EDF9002010BD02000B000220F9
:1099D00010B500290BD0002A09D00921197011787F
:1099E00018185970511C062202F0DAF9002010BD37
:1099F00010B5FFF75FFF10BD02000B00022010B58D
:109A0000002A09D0002907D05178197011180622B0
:109A1000581C02F0C5F9002010BD030010B502204B
:109A2000002909D0002B07D00A22481C0A7019000F
:109A3000063202F0B5F9002010BD10B5FFF73AFF6D
:109A400010BD02000B00022010B5002A06D000292C
:109A500004D018005178FFF755FB002010BDF0B579
:109A60001F00062387B003AD06000800298101927C
:109A70002B80FEF7BEFC1324011E68600CD00198F9
:109A8000B847041E05D129003000FEF76DFA041E08
:109A900002D0686802F064F93000FFF707FA20008E
:109AA00007B0F0BDF0B504008BB0019115000021A6
:109AB000102202A802F004F8334EA700B85900287B
:109AC0003CD0C388A34239D10378002B36D14278E9
:109AD000062A18D102000100553235310C3006AB90
:109AE000FFF7ACFA002829D12000FFF72FFE020073
:109AF00006A902A802F054F9200002A902F098F881
:109B000001200BB0F0BD816E002917D00B8A112AFD
:109B100028D19D420ED101981231093A01F080FFFF
:109B2000012807D1BB5920009D6EFFF70FFE2900C9
:109B30000200DEE732212000FFF7DAFC2000FEF70A
:109B4000FDFE061E1BD0416A002918D00B8AAB42CD
:109B500015D108220198123101F062FF01280ED1BF
:109B6000716A0AE09D42E9D108220198123101F0A0
:109B700057FF0128E2D1BB59996E8A7EB9E72000D0
:109B800002F02EF9BCE7C0460866FF1FF0B56E4D27
:109B900087007E5985B0337802900393002B00D064
:109BA00085E0B368346A01937078062817D10122E2
:109BB0001B7D134202D0217B114218D10222134295
:109BC00002D0217B114251D10422134203D0237BC6
:109BD000134200D08EE0019B5A7DEB5982E007389A
:109BE0000428F8D801F0B4FE032E42658600B36E57
:109BF000002B03D11C2002F0C3F8B066EB599C6E19
:109C0000002C1CD010220021200001F059FF0298E6
:109C1000FFF79CFD01002000FFF730FA01F0F0FE95
:109C20002082200008211230FFF728FA0298FFF75F
:109C30008DFDA076EB592100D888FFF711FC082292
:109C4000EB591CE0B36E002B05D01A00198AF0887E
:109C50001232FFF70FFC0222019B197DEB591142D2
:109C600050D0207B10424DD0073208E0F488FCF73A
:109C7000D5FD01002000FFF713FC0A22EB595A70B2
:109C80005A78073A042A12D8D888FEF757FE0028D7
:109C900056D0C3895A08D2182C49029B0298CB543B
:109CA0009B00EB5841180433294801F0E9FE05B048
:109CB000F0BDFCF79BFD03000120834201D1002091
:109CC0000393EB59DE88FCF797FD039902003000FF
:109CD000FFF7F0FB019AEB59117D0422114218D1D4
:109CE000019A527D01210A4218D0607B084215D0AA
:109CF0000C22C4E7F688FCF733FD01003000FFF7C3
:109D0000EDFB68E704221142EAD0217B1142E7D043
:109D1000AAE7217B1142E3D00B22B0E702210A42DD
:109D200004D0607B084201D00E22A8E704210A4239
:109D300004D0627B0A4201D01022A0E712229EE7E3
:109D4000FA225200A8E7C0460866FF1F0C66FF1FF4
:109D500007A1001110B5064B1A7804231000184013
:109D60001A4200D00348FFF723FA002010BDC04676
:109D70009564FF1FE442FF1F70B50400FFF7D0FA9F
:109D8000051E43D12000FFF779FA234EA400A05905
:109D90008268937CDB0708D50321036A1B790B409B
:109DA000012B02D1017F0B430377431DD97F8B1E0B
:109DB000022B0DD8022900D00121C088FCF784FFB6
:109DC000042133591A7F59700A431A77280070BD4D
:109DD00001290CD102231022437000210C3001F024
:109DE0006FFE305910213530FFF748F9EEE70529AD
:109DF000ECD10223D118437010220C3001F0D0FFB7
:109E000004233259117F0B431377EAE708251828FA
:109E1000DCD1053DDAE7C0460866FF1FF0B58BB020
:109E2000059143887C4F9E00F45915000493002C43
:109E300015D1012902D000200BB0F0BD101D5778BC
:109E40001678FFF753F9EB68320002932B7A0499E6
:109E5000019300903B002000FCF700FFEBE7E38854
:109E6000049A934201D00820E6E72378012B00D121
:109E7000D0E0059B581E092800D9CBE001F068FD11
:109E800005CA0A29C8506C859AB229000498FFF7C0
:109E900073FFD1E7200029001022453001F080FF38
:109EA000B9594B78042B02D1013B4B70C3E70B002F
:109EB0000A00253335320C310498FFF791F90498E4
:109EC000FFF7FEF90522431E9841BB59C0005A70A6
:109ED000B2E7200029001022553001F061FF049BF9
:109EE0004D4C9D00295904980A0006AB55320C319F
:109EF000FFF776F929591022453106A801F090FDA7
:109F0000012808D10498FFF7F3F90590002804D13F
:109F100006222B595A7005988EE708230593FAE715
:109F200063780C2B76D1E36E002B03D11C2001F05B
:109F300027FFE066BB59D86E00286BD0102229009D
:109F400001F02EFFBB590498DC6EFFF7FFFB0D22DA
:109F5000A076BB595A706EE7E06E00285AD063783D
:109F60000D2B57D12B8808220382A91C123001F037
:109F700017FFBB599A68517D0222114226D0186AF8
:109F8000407B104222D00C32E4E763780E2B41D1A3
:109F9000236F002B03D1162001F0F2FE2067BB597E
:109FA000186F002803D01022290001F0F9FE0F22BB
:109FB000BB59CFE763780F2B2CD1206F0622691C89
:109FC000103001F0EDFEBB599A68517D0422114218
:109FD00003D0196A497B1142D5D100210498FFF7BB
:109FE00087FA28E7606F002808D1143001F0C8FE16
:109FF000BB596067586F002800D134E71022290050
:10A0000001F0CEFE0122BB5952425B6F1A61E4E7B8
:10A010002978E3E707200FE70866FF1F10B5064C15
:10A02000207001F0EDFE06212078FDF78DFF03483A
:10A03000FEF772FC10BDC0461B66FF1FBD910011EC
:10A0400000200BB270B50D00834216DA264B18784B
:10A0500001F036FE041E0DD00378922B0ED0A02BFB
:10A0600037D0224B1878FF283AD0210001F028FC85
:10A07000002835D180200002684070BD43780E2B47
:10A080000BD03E2BEDD18378052B12D0082BE8D1D5
:10A0900081798088FFF7D6FA08E0154B82889A42CA
:10A0A000DFD183681878591CFEF7C4FE0028D8D089
:10A0B00016E0104B1B785B0712D50F4B1B68002B6B
:10A0C0000ED09B68002B0BD0C289811D80889847D9
:10A0D000ECE7FFF741FAA068002801D001F040FE4C
:10A0E000200001F0E5FCC5E71B66FF1FDD42FF1FF6
:10A0F000182000009564FF1F0466FF1F10B500784C
:10A10000FFF712FA10BD10B50078FFF7FBFA10BD8B
:10A110000C234343084A10B59B185A68002A03D001
:10A12000012901D1904710BD9B68002BFBD000296D
:10A13000F9D19847F7E7C0463866FF1F01238340EF
:10A14000094A10B5946B1C439463506B9843506359
:10A15000D46B20009843012901D120001843D0631B
:10A16000116B0B43136310BD00800040F0B5002459
:10A170000127154B85B0DA6B144E03921A6C0192CD
:10A18000DA64019BE3403B4217D0039DE5403D402C
:10A190000295E5B202992800FFF7BAFF316A736AA7
:10A1A000002908D03900002B01D0029979402800FD
:10A1B000FFF7C4FF01E0002BF9D101340C36172C56
:10A1C000DFD105B0F0BDC046008000401C66FF1F17
:10A1D000064B01215A68C2400A4204D01B68C340A2
:10A1E0001800084070471B6DF9E7C046008000402A
:10A1F0000122064B8240002903D0D9680A43DA6065
:10A200007047D9689143D960FAE7C04600380040EA
:10A210000322424370B50F4DAB189C785E78012342
:10A22000361B0136B340013BA340A140DB430C0089
:10A23000122808D8525D0849920052181168194036
:10A240002143116070BD054A11680B402343136020
:10A25000F8E7C046FBC0001108F0004014F00040D1
:10A26000C21F70B5D4B20623092C0BD80125084CA7
:10A270009540002908D00021FFF7CAFF23682B432F
:10A2800023600023180070BD2368AB43F8E7C04685
:10A2900000380040214BF0B51B185B78022B21D110
:10A2A000032444431E4A1F4EA35C121994780122D2
:10A2B00015008540B76B013CE4B23D43A240B56355
:10A2C000194C122815D89B0000290CD117495B188E
:10A2D00099680A439A600123205C154A83401168FB
:10A2E0000B431360F0BD11495B1899689143996065
:10A2F000F1E70E4B00290DD159690A435A61225CDE
:10A300001328E8D00123203A93400A490868034300
:10A310000B60E7E7596991435961F0E71C66FF1F3D
:10A32000FBC000110080004040C1001100F000405F
:10A33000A0F00040A4F00040F8B500241B4E1C4DD6
:10A340001C4B1B5D012B1FD1194A9269E2401A4236
:10A350000BD00122B25693402200143AD2B2022A04
:10A3600009D815494A6913434B61013402360C354B
:10A37000172CE5D1F8BD0022B2560F4992005218B1
:10A3800091680B439360F0E7022BEED1E7B23800FF
:10A39000FFF71EFF01235840C1B23800FFF77AFFD4
:10A3A0003800FFF715FF6877DFE7C046CDC0001122
:10A3B0001C66FF1F1D66FF1F00F0004001220238CF
:10A3C0008240054B002903D059690A435A617047FE
:10A3D000596991435961FAE700380040F8B50E0019
:10A3E00001210F008740114A0400D368FD43BB439D
:10A3F000D360831E8B4201D8FFF7E0FF00212000CD
:10A40000FFF72EFF0A4A0B4B5168012E05D1394345
:10A410001B1951605E700020F8BD29405160022276
:10A420001C1962709A6915409D61F4E7003800407C
:10A43000008000401C66FF1F012210B58240074BC0
:10A44000002906D019680A431A600121FFF7C6FFE8
:10A4500010BD196891431960F7E7C04600800040BD
:10A460000C2370B5002543430A4A29009B181D7030
:10A47000094B04001B185D70FFF7B0FF0123A340D8
:10A48000064928000A681A430A6005490A689A437F
:10A490000A6070BD3866FF1F1C66FF1F34800040D5
:10A4A0003080004070B504000E00FF2813D0032553
:10A4B0000540FFF7D5FF084AA3089B009B183F22E1
:10A4C000ED00AA40AE401968200091433143196065
:10A4D0000121FFF78DFE70BD18380040F8B50C243F
:10A4E0004443134B0500E4186368002B03D1A368B1
:10A4F0001220002B1AD0022201270E4B00215B19DB
:10A500005A7028002770FFF769FF63681E1E08D085
:10A51000A3683E00002B04D02800FFF759FE4640F8
:10A52000F6B228003100FFF709FE0020F8BDC04652
:10A530003866FF1F1C66FF1FF7B5C420FF222A4B99
:10A5400080001958002591433F3A0A431A5080224F
:10A55000264E5202264F1A60264B5C5D002C22D0FC
:10A56000AB1E012B03D80121E8B2FFF727FF012C16
:10A5700019D11E4B9B69EB40234214D0EBB218005B
:10A580000193FFF725FE01000198FFF755FF012316
:10A59000FB569C40EBB2143BE443022B1AD8164AFC
:10A5A000536923405361337F002B0DD0ECB2200060
:10A5B000FFF794FF2000FFF70BFE737F010083423B
:10A5C00002D02000FFF7A4FD01350C360237172D0D
:10A5D000C2D1F7BD0023FB56074A9B009B189A681F
:10A5E00014409C60DFE7C04600E100E01C66FF1FEE
:10A5F000CDC000111D66FF1F00F0004070B50E00B9
:10A6000015000400FFF72CFF0C236343094A2000C8
:10A610009B189D605E60FFF761FFF021064B074AC3
:10A620008900051E5A5002D02000FFF719FF2800AC
:10A6300070BDC0463866FF1F0000FF1F6DA10011EE
:10A6400070B5134D07202C78002C1FD198222100C3
:10A650005200280001F0D4FA0123C420FF222B70FD
:10A660000C4B80001C635C630B4B1C605C600B4BF1
:10A67000195891433F3A0A431A50802252021A60F5
:10A680000D20074A074901F0D3F9200070BDC046EC
:10A690001C66FF1F00800040A0F0004000E100E0C9
:10A6A00039A5001139A30011F8B50600012826D0FC
:10A6B0000B220827164C01239340164A164DD367E8
:10A6C0007301ED18287C0021FFF792FD0021687CC2
:10A6D000FFF78EFD00258023380023732571257038
:10A6E00025732572656001F003FA380001F090FAD5
:10A6F0000A4BAE4207D1EB2292009E50F8BD1122C8
:10A700001927074CD7E7F12292009D50F6E7C04683
:10A710000040004004E100E0D067FF1F0000FF1F81
:10A7200000900040F0B587B0050001F031FA0490C8
:10A730002800FFF7B9FF012D00D17DE00523042794
:10A7400008260393444C06330193444B6A019B183B
:10A750001A7CFF2A02D15B7CFF2B6BD0300001F00A
:10A76000D7FA300001F0C4F93C4B6A0102936B0147
:10A770000593029B02219E18307CFFF749FD0221C0
:10A78000707CFFF745FD39000027307CFFF78AFE1B
:10A79000707C0399FFF786FE27737169049B18117B
:10A7A0004B08C01801F034F9802327612373030A92
:10A7B000DBB22371F37EC0B22070BB4244D01B23B6
:10A7C0002373029B6A019B181A7E0123002A3DD045
:10A7D00087222272636062687F3313436A01944662
:10A7E0006360029B63449B7E002B03D0022362685C
:10A7F000134363601A4A002D2AD1EB21194B8900BB
:10A800005350019B184A9B089B009B180322019CF4
:10A81000C0202240FF24D200944080001958A14358
:10A820008024944022000A431A500123019A934045
:10A830000D4A136007B0F0BD092308270393DB1905
:10A8400019260A4C019380E70323B9E72272C5E772
:10A85000F121074BD3E7C04600400040D067FF1FFF
:10A860000000FF1F411BFF1F00E100E000900040BF
:10A87000811BFF1F10B50020FFF754FF10BD10B55E
:10A880000120FFF74FFF10BDF0B587B005930CAB6B
:10A890001D78174F6E01F35D029002AC11200391F9
:10A8A0000492002B1ED1637A0C380193002B19D12E
:10A8B00019002022F01901F0A3F90E4BF31807CC70
:10A8C00007C39C466246236828001360FFF72AFFEF
:10A8D0000123F355002D07D129000820064A01F075
:10A8E000A7F8002007B0F0BD1920044A0199F6E747
:10A8F000D067FF1FE067FF1F75A800117FA8001138
:10A9000070B50400FFF7D0FE084D6601202200213B
:10A91000701901F075F90023082073559C4200D08E
:10A92000192000F0A5FF002070BDC046D067FF1FB2
:10A9300070B51D0002240C2910D8094ACA40D2075C
:10A940000CD5FBF70DFE041E08D1059A04992800CA
:10A95000FBF722FEFCF78EFCFFF7FCF9200070BD30
:10A960001210000030B50D7802232C009C431842D1
:10A9700001D02B431C0008252300AB43284201D003
:10A980002B00234320241D00A543204201D01C435B
:10A9900025002A230D70184204D011781E3B0B436A
:10A9A000137030BD0028FCD10C2113788B43F7E7DE
:10A9B000F8B51D0006AB1B88140007AA0E000B207B
:10A9C0001778002B27D10A78022A49D14A68507893
:10A9D00011780002244A08438018042840D800F067
:10A9E000B7FF03121D1B2300F06800F059FF021C83
:10A9F000C0B2B84200D93A1CD2B22000F1682A8015
:10AA000001F0CEF906E00222F3681B882A80237049
:10AA10001B0A63700020F8BD0622EEE701232B809D
:10AA2000F3681B782370F5E7F368002B16D0082233
:10AA30002A801A8822701A88120A62705A88A270B4
:10AA40005A88120AE2709A8822719A88120A6271F0
:10AA5000DA88A271DB881B0AE371DBE72B80D9E778
:10AA600001202B80D7E7C04600D6FFFFF7B51600C0
:10AA70000A781D0008AB1F880C000123022A18D198
:10AA80004A685078117800022B4A0843801803283E
:10AA90000FD800F05DFF02254439E06800F000FFA8
:10AAA000C0B20723B84204D37B190193152B02DDF2
:10AAB0000D231800FEBDE0682A003100C01901F026
:10AAC0006FF96B4600209B88E268D0541B4B1B68D3
:10AAD000834203D01B68834200D098470023E8E7F5
:10AAE0000B23002FE5D1022DE2D1737832781B02BF
:10AAF0001343E2681380114B1B68002BEED01B68D8
:10AB0000002BEBD00120E8E70B23002FD1D1062D3D
:10AB1000CED12A003100E06801F042F9DEE70B23D4
:10AB2000002FC6D1012DC3D132787533012AC0D888
:10AB3000E3681A70D2E7C04600D6FFFF2868FF1FFF
:10AB400070B50C001500072837D800F001FF041479
:10AB500036361B36242E182015290BD8184E1622EF
:10AB60000021300000F0ACFF22002900300001F08D
:10AB700017F9002070BD18200229FBD11288114B53
:10AB80001A80F6E718200829F4D10A000E48290097
:10AB900001F0D6F8EDE718200129EBD10B4B107826
:10ABA0000B49DA69FFF7DEFEE3E718200129E1D15E
:10ABB000064B10780749DA6BF4E70220DAE7C04663
:10ABC0001068FF1F8643FF1F7C43FF1F0C43FF1FBE
:10ABD0003443FF1F5443FF1F030010B50020DB0761
:10ABE00004D50721024A034800F08CF810BDC04686
:10ABF00058C100110C43FF1F054A030010680028CC
:10AC000003D082889A4201D1806870470068F6E7D5
:10AC1000206AFF1F0A88030008009A4204D08A882D
:10AC200004309A4200D000207047000073B506003F
:10AC30006846150001960180FCF74EFE041E11D1F6
:10AC4000002D0FD07689002E11D00C2001F098F83D
:10AC500000280ED0084A0460136886808560002BA7
:10AC600002D11060200076BD1A001B68F7E70224AD
:10AC7000F8E71324F6E7C046206AFF1FF8B5F22272
:10AC800000230D4F0D4E7968050042433370994201
:10AC900000D07B600A4C0021200000F011FF00234F
:10ACA0001A007C609D4201D13570F8BD01332280CD
:10ACB000DBB2F234F6E7C046186BFF1F166BFF1FBE
:10ACC000246AFF1F012100220A4B10B549420A4C99
:10ACD000198099809A719A70084B20700120198010
:10ACE0005A60FFF7CBFF2078FCF754FE0448FDF7CD
:10ACF00013FE10BD3068FF1F206BFF1F186BFF1F76
:10AD0000B1AD0011022310B5002802D0FFF78EFF6D
:10AD10000300180010BD0000030010B50020DB0781
:10AD200004D50421024A0348FFF780FF10BDC04646
:10AD30006CC100118C43FF1FF0B50E2687B0039342
:10AD40000CAB1F8802ABF618050008003100029218
:10AD5000FCF74AFF04000120002C0FD03088FFF7D9
:10AD60004BFF03000E20002B08D05E68002E05D09C
:10AD700021002800039B029A0097B04707B0F0BD5E
:10AD80000A4B10B5984207D10122002352420A8093
:10AD90008B708A808B7110BDFFF73CFF0028FAD0C2
:10ADA00001235B42038000238370F4E7FFFF000070
:10ADB000F8B5050001290AD1134E00243388F22783
:10ADC000AB4219D028001149FFF7DAFF06E002294B
:10ADD00004D10139FDF71EFE0028EDD0F8BD3B007F
:10ADE00063437268D018D35A002B09D03A0000216F
:10ADF00000F066FE0134E4B2054B1B78A342EED8A6
:10AE000001235B423380DDE7186BFF1F3068FF1FB3
:10AE1000166BFF1F10B5FFF7FDFE030000208342F5
:10AE200000D0987810BD0000F0B589B01C000EABC2
:10AE300080CB03901E8810AB1B78049202930B7A90
:10AE40000D00DB0616D42B780593022B24D0049832
:10AE5000FFF7D2FE002812D003689C46002B0ED0CC
:10AE6000029B2200019329003B0064460398009650
:10AE7000A04705E00498FFF7BFFE002802D10E208E
:10AE800009B0F0BD8368002BF9D00A22290003988D
:10AE900098470028D7D0F3E76B6858781A786A4B40
:10AEA000000210439842D2D8043B984210D2674B1C
:10AEB000984242D015D8664BC0180128C7D80B203D
:10AEC000002EDDD1EB681A7859683A80200028E01E
:10AED000604BC018032800D978E000F039FD836A80
:10AEE000779D5D4B9842B2D10B20002EC8D1012333
:10AEF0003B80EB6831001B7823706889013080B299
:10AF0000FCF772FE3A88031E0ED0017802328A18CE
:10AF10003A80428962704289120AA27059680278A6
:10AF2000E01C00F03DFF06E004323A8031000422CC
:10AF3000601C00F0C5FD0020A2E70B20002E9FD171
:10AF4000EB6807A91E8804233B80330A3000267073
:10AF50006370FCF749FE051E28D004AB9A890E23C6
:10AF600004A95B183D49C668FCF7B2FE00280BD166
:10AF70002B783B486A680599FBF764FA002803D1EF
:10AF8000012304AA5B42D3813278022A06D1716878
:10AF9000201D00F005FF3B8802333B800E2304AAEE
:10AFA0009B181B88A3701B0AE370C4E704ABDE8107
:10AFB000F4E70B20002E00D062E7E9680398FFF762
:10AFC00029FF02233B8020706670B4E70B20002E1F
:10AFD00000D055E70222EB681B883A8023701B0AD9
:10AFE0006370A8E7E86800F05BFCC2B203000720CA
:10AFF000B24200D244E70DD00299DBB271189942F7
:10B0000002DB921BD3B20293029BE9681A003B80D9
:10B0100089195BE70023F6E70B20002E00D02FE70D
:10B020000722EB683A801A7822705A7862705A8840
:10B03000A2705A88120AE2701A792271DA88627153
:10B04000DB881B0AA37176E70429000002280000B0
:10B0500000D8FFFFFFD6FFFF03280000FFFF00001E
:10B060009CC00011F0B58DB06B46002008912022E5
:10B070009B5E83423DDAA54B187800F021FE071E47
:10B0800032D00378B02B2CD10079023816281FD883
:10B0900000F0EEFD17001E001E001E0031001E0015
:10B0A00094001E001B011E0050011E0071011E00B5
:10B0B000CB011E0050021E001E001E008E021E004C
:10B0C000B902934B93491B8878880B80FAF7FCFEF2
:10B0D0003800FCF77FFE904B1B68002B01D0380036
:10B0E0009847380000F0E4FC8020089B00024340B1
:10B0F00018000DB0F0BDEE220021864800F0E0FC03
:10B100000BAA3B7B7989388900923A000D32FCF713
:10B110007FFC04007F4B1B78002C3DD144E07F4B2B
:10B120007888059306AB9A8A7D4B4100CB5A7D4EB9
:10B13000073BDBB202930023210001930096059B9D
:10B14000FFF772FE734D00280FD133883A8A9A4276
:10B150000BD138000599123000F062FC002804D0B1
:10B160002B7862899B00EB185A80162606ABF618DE
:10B170009A8A200033007989FCF7AAFD2B78040015
:10B180009A00AA1851880029C4D00133DBB22B7071
:10B19000002806D031889180634A12889A42BED82E
:10B1A00002E0012149429180002B04D0594978885E
:10B1B000FAF7BEFE8CE73E890A2479E000253E8935
:10B1C000574B06937B88069A5B009B5A033B9D4234
:10B1D00002DB002DF0D05BE0162206A812183B7BA4
:10B1E000798900923A0030000D32FCF711FC05908D
:10B1F000002858D04689017A7888FCF7D1FB041ED4
:10B2000044D1464B78880793069B4100C95A454B69
:10B210000439C9B206AAD28A069302910194009316
:10B220000599079BFFF700FE041E2FD1069B3949A5
:10B230001A88931C002D26D14B807988384B490001
:10B24000CB5A5119033B8B4220DD059B31485B896A
:10B2500041190B71A91C0135C9B2EDB2059145190F
:10B260001B0A2B71059B2D490433181800F098FD1B
:10B270002C4B059A1B88D318DDB22C4B9E4205D06F
:10B280000136B6B29CE749889942D6D0002D0CD041
:10B29000204C2800618800F093FD20702100788800
:10B2A000FAF756FE14E7059CF0E7002C00D183E77F
:10B2B0007B78142B00D10BE716493B794E800B703D
:10B2C0000C717888FAF7F6FD02E7162406ABE4184D
:10B2D00021003889FCF788FC011E00D18FE17888B5
:10B2E00022880F4C45002C5B0A4D013CE4B20294CD
:10B2F00000240F4B01940095FFF796FD041E00D02B
:10B3000016E129007888FAF733FEE1E6206BFF1F8B
:10B310007C42FF1F3868FF1F2C68FF1F2C69FF1F2E
:10B320006864FF1F1C6AFF1F7A42FF1FFFFF0000B7
:10B330003A68FF1F162406ABE41821003889FCF791
:10B3400053FC011E00D15AE178882288B24C450096
:10B350002C5BB24D013CE4B202947C89B04B019469
:10B360000095FFF761FD041E00D0E1E02900788818
:10B37000FAF708FEACE60025A84B1D803B00F6332B
:10B380001B78A64A78880792AB4208D9A24B12884C
:10B390000693069943005B5A013B9A4203DB0799E7
:10B3A000FAF7FAFD94E616246B00FB18059306AB3A
:10B3B000E418059B21001889FCF716FC011E03D137
:10B3C000059B01241E8973E77888964B2288069C8A
:10B3D000099343001B5B944E013BDBB202930023B5
:10B3E00000960193099BFFF71FFD041E02D0059BE9
:10B3F0001E895DE77B88069A5B009B5A079A108836
:10B40000328881188B4203DC1B1A013B9AB23280CE
:10B41000824C02300999001900F0C2FC238832885E
:10B4200001359B182380EDB2A8E70BAA3B7B7989F5
:10B43000388900923A000D32FCF7EAFA002506003E
:10B44000002E04D10A24002D00D171E063E0317A8E
:10B450007888FCF7A5FA0100041E67D16E4C714B89
:10B46000788805940793059B4400E45A6E4B063C8C
:10B47000E4B206AA928A06930294019100933100E5
:10B48000079BFFF7D1FC041E50D1069B634A1B8823
:10B49000002D34D104335380604C728963191A71C2
:10B4A0006B1C9BB2E318120A1A7106AB9A8A162318
:10B4B00006A81B1879893000FCF70AFCFF212B1D18
:10B4C000AA1C9BB20335059306000B0092B2ADB2E5
:10B4D000002803D006ABDB8AD9B21B0AA218651973
:10B4E00011712B71059B504D181D2A884D4920184C
:10B4F00000F056FC2B88059AD3189DB2A0E751881E
:10B500001A1D914207D17A8805995200525AEB18B8
:10B51000053A9A42C0DC414C2800618800F078FA74
:10B52000207021007888FAF741FDD1E5002DF2D195
:10B530003E89BDE6162606ABF61831003889FCF7C1
:10B5400053FB3D000400FA3500282DD0037A9B06FA
:10B550000CD400227B893989788800923A000C3219
:10B56000FFF7EAFB041E10D03E8915E03088FFF794
:10B5700043FB00281AD08368002B17D02100122229
:10B5800078889847041EE4D0EEE72B78002B02D190
:10B590007888FAF71BFD00262B78002B00D097E562
:10B5A000002C00D194E583E60124DDE70E24DBE7DF
:10B5B000162506ABED1829003889FCF715FB041E8B
:10B5C0001DD0037A9B0609D4184B7A8819888A42C1
:10B5D00063D0174881425FD00924A9E72888FFF784
:10B5E0000BFB00280DD08368002B0AD0210012220B
:10B5F00078889847041EE7D09AE7100053E00124AA
:10B6000096E70E2494E7094B7A881B889A423FD02C
:10B610007888FAF7EDFC5BE56864FF1F3868FF1F68
:10B620003A68FF1F2C69FF1F1C6AFF1F186BFF1F62
:10B63000FFFF0000F223059851684343CD18C95A13
:10B6400000291FD03B7A012B0BD16C88AB887888FE
:10B65000AA1D0094FFF770FB041E02D000233B726A
:10B660002E88F2220021280000F02AFA00232B80E5
:10B67000059B0133DBB20593144B05991B78144AE3
:10B680008B42D7D801235B421380002CC0D00FE639
:10B69000002634000596EFE71A8058680B4B1A789D
:10B6A000F22353431B18984296D002000188F232CD
:10B6B0000029A2D13C0008342100F22200F070FBE6
:10B6C00021007888FAF78AFC02E5C046166BFF1F56
:10B6D000186BFF1F70B504000E001500FFF79AFAF3
:10B6E000031E08D131000548FFF794FA030011202A
:10B6F000002B02D01C8000209D7070BDFFFF000059
:10B70000F8B50B4F06003B780D001400FF2B0ED050
:10B710000A2000F01DFA011E09D0B1230380002386
:10B7200046800371C5800481387800F0C9F8F8BDFF
:10B73000CD43FF1FF8B50F0006A90600088807A92A
:10B740000B25098800281FD10235022B1CD1547803
:10B75000137824021C43230073358B4314D1FD68F6
:10B7600030002900FFF756FB84420CD0290022004C
:10B770003000FFF7AFFF1125002805D1220030006F
:10B780007989FFF7BDFF00252800F8BDF0B50E78D8
:10B7900085B003900AA805880120022E0DD14C68BF
:10B7A0002778647824023C43054FBC4205D10398B6
:10B7B000DBB201960095FFF7BDFF05B0F0BDC046B6
:10B7C00002290000034B10B51B68002B00D09847DE
:10B7D000FEE7C046246BFF1F07B501A8FFF7F2FF85
:10B7E000044A05480021121A00F00AFAF8F750F846
:10B7F000FEE7C046286BFF1FD043FF1F000000007C
:10B8000001B40248844601BC604700BF8B5201006E
:10B8100001B40248844601BC604700BF156B0100BB
:10B8200001B40248844601BC604700BFF919FF1FFC
:10B8300001B40248844601BC604700BFED4A0100E4
:10B8400001B40248844601BC604700BFBD2FFF1F02
:10B8500001B40248844601BC604700BF4D1F000090
:10B8600001B40248844601BC604700BF5125000076
:10B8700001B40248844601BC604700BFA530FF1FE9
:10B8800001B40248844601BC604700BFB14E0000CD
:10B8900001B40248844601BC604700BFDD66010078
:10B8A00001B40248844601BC604700BFDD5201007C
:10B8B00001B40248844601BC604700BF2146010034
:10B8C00001B40248844601BC604700BF594F0100E3
:10B8D00001B40248844601BC604700BFB933FF1F72
:10B8E00001B40248844601BC604700BF59520100C0
:10B8F00001B40248844601BC604700BF090E000045
:10B9000001B40248844601BC604700BF0124000026
:10B9100001B40248844601BC604700BF8552010063
:10B9200001B40248844601BC604700BFADAE0000D0
:10B9300001B40248844601BC604700BF014C0100CD
:10B9400001B40248844601BC604700BF291C0000C6
:10B9500001B40248844601BC604700BFD13AFF1FD2
:10B9600001B40248844601BC604700BF6DBC0000C2
:10B9700001B40248844601BC604700BFE1170000E3
:10B9800001B40248844601BC604700BFAD38FF1FC8
:10B9900001B40248844601BC604700BF691F000033
:10B9A00001B40248844601BC604700BF1530FF1F48
:10B9B00001B40248844601BC604700BF3555000011
:10B9C00001B40248844601BC604700BF2124000046
:10B9D00001B40248844601BC604700BFC9A9000009
:10B9E00001B40248844601BC604700BF0519FF1F2F
:10B9F00001B40248844601BC604700BFC51D000079
:10BA000001B40248844601BC604700BF29510100CF
:10BA100001B40248844601BC604700BF090E000023
:10BA200001B40248844601BC604700BFCD4C010010
:10BA300001B40248844601BC604700BF5930FF1F73
:10BA400001B40248844601BC604700BFE9280000F9
:10BA500001B40248844601BC604700BFA13AFF1F01
:10BA600001B40248844601BC604700BFD139FF1FC2
:10BA700001B40248844601BC604700BF4D3AFF1F35
:10BA800001B40248844601BC604700BFA9460100DA
:10BA900001B40248844601BC604700BF2136FF1F45
:10BAA00001B40248844601BC604700BF3D18000055
:10BAB00001B40248844601BC604700BF434D010009
:10BAC00001B40248844601BC604700BF154D010027
:10BAD00001B40248844601BC604700BFA537FF1F80
:10BAE00001B40248844601BC604700BF456B0100B9
:10BAF00001B40248844601BC604700BF6539FF1F9E
:10BB000001B40248844601BC604700BF79180000B8
:10BB100001B40248844601BC604700BFBD3AFF1F24
:10BB200001B40248844601BC604700BF8932FF1F50
:10BB300001B40248844601BC604700BF3119FF1FB1
:10BB400001B40248844601BC604700BF554901006A
:10BB500001B40248844601BC604700BF1D4D01008E
:10BB600001B40248844601BC604700BF0D52010089
:10BB700001B40248844601BC604700BFC5210000F3
:10BB800001B40248844601BC604700BFF30E0000C8
:10BB900001B40248844601BC604700BFD1A5000043
:10BBA00001B40248844601BC604700BF7D2DFF1FE1
:10BBB00001B40248844601BC604700BF65710100C2
:10BBC00001B40248844601BC604700BFA54F010094
:10BBD00001B40248844601BC604700BF1D4B010010
:10BBE00001B40248844601BC604700BF9938FF1F7A
:10BBF00001B40248844601BC604700BFE54800002C
:10BC000001B40248844601BC604700BFB70E000083
:10BC100001B40248844601BC604700BF2539FF1FBC
:10BC200001B40248844601BC604700BFC94A010014
:10BC300001B40248844601BC604700BF311B0000CC
:10BC400001B40248844601BC604700BF514701006F
:10BC500001B40248844601BC604700BF114701009F
:10BC600001B40248844601BC604700BFB54C0100E6
:10BC700001B40248844601BC604700BFE53AFF1F9B
:10BC800001B40248844601BC604700BFD91B0000D4
:10BC900001B40248844601BC604700BFFD35FF1F68
:10BCA00001B40248844601BC604700BF056A000039
:10BCB00001B40248844601BC604700BFF94C010052
:10BCC00001B40248844601BC604700BFF54E010044
:10BCD00001B40248844601BC604700BF5D17000004
:10BCE00001B40248844601BC604700BF9DA9000022
:10BCF00001B40248844601BC604700BF55220000E1
:10BD000001B40248844601BC604700BFF136FF1F02
:10BD100001B40248844601BC604700BFE538FF1FFC
:10BD200001B40248844601BC604700BF793AFF1F56
:10BD300001B40248844601BC604700BF75A90000F9
:10BD400001B40248844601BC604700BF810E000078
:10BD500001B40248844601BC604700BF25260000AC
:10BD600001B40248844601BC604700BFD9490100C4
:10BD700001B40248844601BC604700BF8D12000038
:10BD800001B40248844601BC604700BF3D4B01003E
:10BD900001B40248844601BC604700BF4551010020
:10BDA00001B40248844601BC604700BFE94C010071
:10BDB00001B40248844601BC604700BFD52FFF1F75
:10BDC00001B40248844601BC604700BF350E000044
:10BDD00001B40248844601BC604700BF45500000E2
:10BDE00001B40248844601BC604700BF091B000043
:10BDF00001B40248844601BC604700BF055E0000F4
:10BE000001B40248844601BC604700BFC926000057
:10BE100001B40248844601BC604700BFEDA50000A4
:10BE200001B40248844601BC604700BFC56D0100F3
:10BE300001B40248844601BC604700BF4932FF1F7D
:10BE400001B40248844601BC604700BFF135FF1FC2
:10BE500001B40248844601BC604700BF017F000076
:10BE600001B40248844601BC604700BFB3520100E0
:10BE700001B40248844601BC604700BF851F000032
:10BE80000003010302030303040305030602070280
:10BE9000080309030A030B030C030D030E030F032E
:10BEA000100311031303140315031603013C0011BF
:10BEB000353C00110000000002000000C2BE00116D
:10BEC000192A0F180A000000F1590000FD24000093
:10BED000414601002580001141A00011817400112C
:10BEE000297E00113556001165B000110152001174
:10BEF000253E00114D3F0011000000001616000005
:10BF0000020000000CBF0011F4FFF3FFD2FC0000A0
:10BF10008D4000110000000000000000496E6B62BF
:10BF2000697264004942532D563138003030303147
:10BF3000006769746875622E636F6D2F707676780E
:10BF400000494253544832500000000002000000F3
:10BF500060BF0011292A282A272A262A252A242ACE
:10BF60000A180000744000001027000060F0000074
:10BF70000400000006640000204E000000000000E5
:10BF8000060000005C440000102700006CEE00007A
:10BF900007000000050000001F501D10023CB40007
:10BFA00000012C00210000008102000030313233FA
:10BFB00034353637383941424344454600000000A5
:10BFC000395A00118D5A00110000000002000000D3
:10BFD000D8BF00116F2A6E2A1A18000001A00000B5
:10BFE000000000006410B71DC8206E3BAC30D9269D
:10BFF0009041DC76F4516B6B5861B24D3C71055049
:10C000002083B8ED44930FF0E8A3D6D68CB361CB70
:10C01000B0C2649BD4D2D38678E20AA01CF2BDBD24
:10C02000FB349B5F800000800010000000000000D7
:10C030008B6000110D770011AF600011197B0011AA
:10C0400033610011EF7A0011A9610011C57A001166
:10C05000FB610011957C001163620011957C001159
:10C06000956200114F7C0011A96100117D7A0011C9
:10C07000216200112D7C0011000000000000000072
:10C08000076300112D7C00116963001125770011F1
:10C09000052A042A012A002A022903280128002847
:10C0A000011800180000000000000000000000005F
:10C0B00000000087010102010201010201020303E5
:10C0C00004010301010101010303020103000D004A
:10C0D0000E001000110013001401070108010A01ED
:10C0E0000B011C011D0204020502070208021902CD
:10C0F0001A021C021D0301030203170002010005BE
:10C1000004000807000B0A001716001D1C0102019D
:10C11000010504010E0D0111100114130117160180
:10C120001A19020201020B0A020E0D02111002146A
:10C1300013021716030504030807030B0A030E0D69
:10C140000001020307090A0B0E0F10111214171831
:10C15000191A1B1F20212200B1A900116DAA00117C
:10C160000000000002000000A2C00011000000005A
:10C170008DB700110000000002000000A0C00011F7
:020000041FFFDC
:10000000000000008D3D0011C8BE0011C4BE0011EB
:10001000E460FF1F0000000000000000000000007E
:1000200000000000000000000000000000000000D0
:1000300000000000000000000000000000000000C0
:1000400000000000000000000000000000000000B0
:1000500000000000000000000000000000000000A0
:100060000000000000000000000000000000000090
:100070000000000000000000000000000000000080
:100080000000000000000000000000000000000070
:100090000000000000000000000000000000000060
:1000A0000000000000000000000000000000000050
:1000B0000000000000000000000000000000000040
:1000C0000000000000000000000000000000000030
:1000D0000000000000000000000000000000000020
:1000E0000000000000000000000000000000000010
:1000F0000000000000000000000000000000000000
:1001000000000000000000000000000000000000EF
:1001100000000000000000000000000000000000DF
:1001200000000000000000000000000000000000CF
:1001300000000000000000000000000000000000BF
:1001400000000000000000000000000000000000AF
:10015000000000000000000000000000000000009F
:10016000000000000000000000000000000000008F
:10017000000000000000000000000000000000007F
:10018000000000000000000000000000000000006F
:10019000AD32FF1FF530FF1FC166010000000000F7
:1001A000000000000000000000000000000000004F
:1001B000000000000000000000000000000000003F
:1001C000000000000000000000000000000000002F
:1001D000000000000000000000000000000000001F
:1001E000000000000000000000000000000000000F
:1001F00000000000000000000000000000000000FF
:1002000000000000000000000000000000000000EE
:1002100000000000000000000000000000000000DE
:1002200000000000000000000000000000000000CE
:1002300000000000000000000000000000000000BE
:1002400000000000000000000000000000000000AE
:10025000000000000000000000000000000000009E
:10026000000000000000000000000000000000008E
:10027000000000000000000000000000000000007E
:10028000000000000000000000000000000000006E
:10029000000000000000000000000000000000005E
:1002A000000000000000000000000000000000004E
:1002B000000000000000000000000000000000003E
:1002C000000000000000000000000000000000002E
:1002D000000000000000000000000000000000001E
:1002E000000000000000000000000000000000000E
:1002F00000000000000000000000000000000000FE
:1003000000000000000000000000000000000000ED
:1003100000000000000000000000000000000000DD
:1003200000000000000000000000000000000000CD
:1003300000000000000000000000000000000000BD
:1003400000000000000000000000000000000000AD
:10035000000000000000000000000000000000009D
:10036000000000000000000000000000000000008D
:10037000D9B70011000000000000000000000000DC
:10038000000000000000000000000000000000006D
:10039000000000000000000000000000000000005D
:1003A000000000000000000000000000411BFF1FD3
:1003B000000000000000000000000000000000003D
:1003C000000000000000000000000000000000002D
:1003D000000000000000000000000000000000001D
:1003E000000000000000000000000000000000000D
:1003F00000000000000000000000000000000000FD
:08183800306FFF1F4118FF1F74
:10184000024981F3088802F05FFB0000306FFF1F40
:1018500070B500241E491F4A1F484C6308CA1B0567
:101860001B0DE4188242F9D11C4B80228B630021AE
:1018700009201B4B920519621A4B1B4DDA671B4B53
:10188000DA688243DA609A68194802409A60112047
:10189000296002F067F8112002F044F880226B6C96
:1018A000112093436B64EE23DB006343114A1B0C4E
:1018B000D3800122104B9A7201F0ACFB0F4B1B78C6
:1018C000002B04D10E4B1021187802F005FB70BDDF
:1018D000000005408805054000060540FF010000A6
:1018E00000F0004004E100E0003800403CF000401F
:1018F000FFDFFFFFD060FF1F6861FF1F1A64FF1F3B
:101900001A62FF1F10B502F05FFB072804D01228EF
:1019100008D0022808D010BD044A0420136B0133FC
:101920001363F8E70220F6E71420F4E71065FF1FC1
:10193000F8B507000C0026002500503630785135E8
:10194000002804D10300287058342370F8BD29788A
:10195000CA00481E8141A3183800A25C5B68C9B266
:10196000FFF7D0FF00280DD12B78DA00A218013341
:1019700050602B703378044A013B3370136A013393
:101980001362D8E70123DFE71065FF1F5C234343A1
:10199000074910B5C9180B0058331B78012B05D126
:1019A000FFF7C6FF034A936A0133936210BDC04636
:1019B0004465FF1F1065FF1F10B502F0EDF8064AE1
:1019C0000121130010CB4942D967044B136002F088
:1019D000BBF9200010BDC04600E100E0100010007F
:1019E00010B5040002F0D8F8024B1C6002F0ACF90C
:1019F00010BDC04600E100E010B5040002F0CCF8D4
:101A00004021094A200013688B43136000F07EFADE
:101A100001F02EFC0022054B01201A60044B043219
:101A20001A6002F041F9FEE71CF00040C4F00040EB
:101A3000C0F00040431E5A425341A022F0B5D201EB
:101A40005B421340144E154A40019B183218127E17
:101A50008BB00191002A19D01A000832D46F0022ED
:101A6000E5B206AFE4B294420CDC3018C369002B37
:101A700006D0019A03A8027006AA42600572984730
:101A80000BB0F0BD1978B9540132ECE71A7D1A7821
:101A900006AB01251A70E8E7D067FF1F0040004041
:101AA0007FB5244B4101CA5C0400002A2AD05A1891
:101AB000107E002826D0907E002823D0107902289E
:101AC00020D11689D588701B80B2021C102800D93D
:101AD000102292B2AE4216D1591801230B71002385
:101AE000CA69CB800B819A4206D0684603210373F2
:101AF0000171029301A890470820002C00D0192002
:101B000001F088FA7FBD013C60424441A02064425C
:101B1000C001044008485B1824180848DD680633F3
:101B2000013A92B28242EDD019884E1C1E80695C47
:101B30002170F5E7D067FF1F00400040FFFF000065
:101B40000F220E4B10B59868104002380A280BD8A7
:101B500001F0BEFF0D0A0B0A0A110A0A0A0A060062
:101B600002210020FFF766FF10BD0121F9E70020E8
:101B7000FFF796FFF8E7DB6FF6E7C046004000404E
:101B80000F220E4B10B59868104002380A280BD867
:101B900001F09EFF0E0A0B0A0A120A0A0A0A060040
:101BA00002210120FFF746FF10BD01210800F9E7DF
:101BB0000120FFF775FFF7E7DB6FF5E700900040C6
:101BC000564B70B51B68012B03D1554A936D0133F9
:101BD000936501F0E9FF534B534A1860534B544C43
:101BE0001A600123534A1360534A13602378002B71
:101BF00006D006225149524802F09EF80023237075
:101C0000504A514B10681B78C1B2002B0ED14F4C7B
:101C1000C0B223785BB2002B4FDB237824785BB211
:101C200064B21B0424021B191B1813600B1C5029DF
:101C30004ED95023464A47491078DBB2FF2202288A
:101C40004BD10868444C454D267890432A789642FB
:101C500054D9227824782E785D10013DA31B6B4364
:101C60005201D31A10335B111843086002F09CF93B
:101C7000031F012B45D83A4B1B78002B06D0394B5C
:101C80001B78002B02D0002002F02EF9A122364B47
:101C900092009978354B4A431B689B188322920027
:101CA0009B181B78033B012B03D8AF20400001F0A9
:101CB000B3FF01222E4BDA8270BD237824785BB209
:101CC00064B2FF33FF341B0424021B190138ABE755
:101CD000CAB2022AAED20223ACE70868254C264DD0
:101CE000267890432A78964208D9227824782D784D
:101CF0005B10013B641B63435201B2E72378DBB204
:101D0000B2E70228D5D11D4B1B78013B022B03D92A
:101D10001B4B1B78022BCCD16C20C8E79809FF1F06
:101D2000FC0FFF1F5C64FF1FFF3F00001410034007
:101D30006064FF1F0C10034000100340D50BFF1F11
:101D40007211FF1FB40003408C09FF1F680AFF1FB8
:101D5000490AFF1F94000340460AFF1F470AFF1F5E
:101D6000F908FF1F2209FF1F300DFF1F3409FF1F55
:101D7000BC0BFF1F440AFF1F450AFF1F1C09FF1F62
:101D80002309FF1F10B502F00FF80022014B1A8043
:101D900010BDC0465864FF1F10B501F0CDFEA12153
:101DA000054A89009478054A61431268044B521829
:101DB000528C1A8010BDC046300DFF1F3409FF1F22
:101DC0005864FF1F10B50D4B0D4A9978A1239B0055
:101DD0004B431268D218531DD97F0A4B1B88994276
:101DE00009D2441C07D0C82805D0D2695B1A5A43CF
:101DF000054B5343C01802F017F810BD300DFF1FFC
:101E00003409FF1F5864FF1F7102000070B5244D94
:101E10002B68002B28D001F07FFF2B68D8402B685F
:101E20000400002B27D001F06FFF2B68D8401D4B1A
:101E30001D4A9978A1239B004B431268D118D25CAC
:101E400091239B00002A20D0CA580132CA50174B58
:101E500017491B680868834214D3D23B181A012A19
:101E60001AD0144B186070BD01F056FF124B196860
:101E700002F0A2F8D3E701F047FF0F4B196802F018
:101E80009BF8D4E70D495B18E8E7CA500C4B1B6878
:101E9000DB68E418201AE4E7F530FF30E1E7C046DC
:101EA0001C08FF1F300DFF1F3409FF1F9C09FF1F77
:101EB0005C64FF1FA009FF1F1808FF1F2DFF3F00D4
:101EC0006464FF1F70B504000D00282916D10300BB
:101ED000A433C2881B889B1A0B4A9BB293420DD92C
:101EE00006006A3605223100653001F0BDFE00288B
:101EF00004D13100200001F0BFFE70BD2900200098
:101F000001F0B2FFF9E7C046FE7F0000F8B505001A
:101F1000012001F0C9FF134CA36AA26A9342FBD1CE
:101F2000114E336001F0B0FF104903000860104803
:101F3000426894460F4A17680022BC4501D24268A5
:101F4000BA1A0D4802603268AD18A422E562606AD0
:101F5000520302436262094A1278002A01D00F3B01
:101F60000B60F8BD00F00040340AFF1FE408FF1FBB
:101F700028100040180AFF1F1C0AFF1F1C09FF1F22
:101F800070B580241025E405A3682B43A36001F0FD
:101F9000B3FDA368AB43A36070BD0000F7B51600A6
:101FA00080221C001023D2050191916805000B438B
:101FB000936000225B4BD7301A6001F0D5FF9D2360
:101FC0002F002A009B00EB58FC37CA3201213868E9
:101FD0000092002B01D00021009A01F095FD29000C
:101FE000009BCB311A78504BD3351A604B780A7866
:101FF0001B0213438A7812041A43CB781B0613433F
:102000004A4A1BBA13604B790A791B0213438A7937
:1020100012041A43CB7931001B061343444A1BBAFE
:1020200013606B782A781B021343AA7812041A43B0
:10203000EB781B0613433F4A1BBA1360019A330225
:1020400013433D4A13603D4B22001B1B9C46032952
:102050003FDC032332009A43B3089B00F11A9BB282
:10206000032946D13549E01852188178407809048F
:1020700000020143E05C0433014311600022FF2BA6
:102080004ADDF0222E4B12011A600F222D4B1A60EE
:102090002D4A1368002BFCD00023224A27491360E5
:1020A000091B321D0B191B68043A180A2370607053
:1020B000180C1B0EA070E3700434002AF2DC80229E
:1020C00010213B68D20501333B6093688B439360DA
:1020D000F7BD6346D578981893782D061B042B43DB
:1020E000157804392B43557804322D022B430360B5
:1020F000ADE702290AD11149E05C5218E11849788C
:1021000009020143043311609BB2B7E70129B5D13D
:102110000A495218E15CF5E7084959180A60043386
:10212000ADE7C046000004403C00044038000440D5
:1021300034000440300004400C000440000104401E
:10214000040004401000044014000440F0B51400E2
:1021500080221D00102385B0D205019191680600F0
:102160000B4393600023684AD730136001F0FCFEF4
:102170003300FC3358689D2337009B00F158CA3761
:102180003A00002900D083E001F0BEFC31003A782B
:102190005E4BCB311A604B780A781B0213438A7866
:1021A000A44612041A43CB781B061343584A1BBAA1
:1021B00013604B790A791B0213438A7912041A437C
:1021C000CB791B061343534A1BBA13604B7A0A7A26
:1021D0001B0213438A7A12041A43CB7A29001B0686
:1021E00013434D4A1BBA1360019A230213434B4A0F
:1021F00013602A00231D18000393494B5B1B0193B6
:10220000019BCF785B1802938B783F061B043B43FE
:102210000F7804383B434F7804313F023B43029F21
:102220003B600328ECDCA3081C0003989900431AC8
:102230000134181FA400072B2CD1394B2819E7189B
:10224000837840781B0400020343285D03433B600E
:1022500008310C000023FF2C2EDD324B324919606F
:102260000F21324B1960012327490B60304B19684D
:102270000029FCD006211B680B40042B21D08022B2
:102280000020D20593680A318B43936005B0F0BDFE
:10229000012179E7022808D1214BE0182B195B783E
:1022A0002C5D1B0223430360D2E70128D2D11C4BD3
:1022B000285DE3181860CBE7194961180B600434F6
:1022C000C9E7002310490B606346002B0CDC330088
:1022D000FC335A68102101325A608022D20593687B
:1022E00001208B439360D1E7019B9B181B68190A5F
:1022F00013705170190C1B0ED37004235B42917044
:102300009C440432E0E7C046000004403C00044026
:102310003800044034000440300004400C00044005
:102320000001044004000440080F000010000440B5
:102330001400044070B5061E19D002225A4B9B7936
:102340009343012B13D1594B1A78FF2A0FD15A7896
:10235000FF2A0CD19A78FF2A09D1DA78FF2A06D110
:102360001A79FF2A03D15B79FF2B00D199E0504BFA
:102370000C201A78012A08D000224E4D1A702978B4
:102380000B00093B042B01D8212070BD4B1F012BF2
:10239000FAD9454CA37B042B00D982E0A279032A09
:1023A00000D97EE09A1ED2B2012A02D860881F2886
:1023B00077D9002E56D0012E73D1A0880128E3D002
:1023C000002907D1581E032803D801F081FB1217FA
:1023D00015122E702978481E032811D80025364B77
:1023E0001D602823237501F087FCA84227D0A58013
:1023F000CAE702212970EDE70421FBE70321F9E791
:1024000007390129C0D82D490968C96A8906BBD591
:102410002B4908780028B7D1012A01D9002BB3D164
:1024200002230B708021274D2633890128782375DC
:1024300001F0D2FB80212878890101F04DFD0123B4
:10244000A380214B1B78002B0AD0FA2280211F4B3E
:1024500092001B8809025A431A4B187801F0CCFCF1
:10246000002092E701F098FB2B78A680073B012B18
:1024700003D917482E7001F08FFC114B114C1A78BC
:10248000002A06D080210022207889011A7001F0EC
:10249000A3FB01F059FC80212078090201F09CFB8C
:1024A000DEE7122071E7C046A60BFF1F6B09FF1F76
:1024B0001A09FF1F1C09FF1F4809FF1F6464FF1F43
:1024C0002309FF1F1B09FF1F2109FF1F2C09FF1FE5
:1024D0000010004010B5002901D001F0F5FC10BD3E
:1024E000F7B55E4B01919978A1239B004B435C4A61
:1024F000060014681022E418D6235B00E058362347
:10250000FF33E35C00279343222B3ED1554B0F3A18
:102510001A600760012501F077FC019B1880E82311
:102520005B00E35C002B01D0B34255DD00224E4F2F
:10253000FA70AD32FF32A2581168002903D0928898
:10254000D24392071AD03822FF32A25C002A15D05B
:102550009B225200A25C002A10D1B3420EDAA423BF
:102560005B00E15AE018090A023101F035FC230052
:102570000122FE33013E01351A87FA70E8235B0021
:10258000E35C002B2AD0A8B2FEBD03683D00002BFF
:10259000C1D081880430090A023101F01DFCD62324
:1025A0005B00E3581F60B5E72300B133BA00FF3387
:1025B0009858013781880430090A023101F00CFC77
:1025C000E8235B00E35CBB42EEDCE822F61AED1880
:1025D00000235200A354A9E70027F1E7200001F0EF
:1025E00033FB00281FD0002E1DDD731988264719E4
:1025F0000193B600200001F0B7FB5A30800020188C
:102600004068013581880430090A023101F0E4FB99
:10261000200001F0C1FCA3590133A351BD4202D0F7
:10262000019B9D42E6D1114BE35C002BABD095237F
:102630009B00E35C002BA6D00D4BE15A0029A2D0F1
:102640000C4AA35C994202D90133A3549BE70023AF
:102650001A212000A35401F047FB94E7300DFF1F1F
:102660003409FF1F00140340E010FF1F5A0200004E
:10267000720200005E0200000D4970B54A6E0D4CFA
:10268000D2038B69D20BA24206D80B4D0224AA4278
:1026900004D901F0E1FA70BD02246442E218150089
:1026A0007E2425402242F4D0A3432B438B61F0E7E4
:1026B00000F000400A200000FC1C0000F8B51D4B93
:1026C0001D4F1A78002A10D1BA7B002A02D101329C
:1026D0001A7003E0032AFAD0022AF8D001F00CFBAA
:1026E00000220120154B1A70F8BD154B154D1C68C2
:1026F000154B9E7801232B702878C0B200F09CFB0C
:10270000BB7B002B0BD101F03FFBA1239B0073434C
:10271000E41883239B00E41823782B70E4E7032B51
:1027200002D101F091FBF0E70020022BDCD101F097
:1027300013FAEAE71C09FF1FA60BFF1F2309FF1F5F
:102740003409FF1F490AFF1F300DFF1FF0B587B086
:102750000EAD2F780FAD2D780593AC46634614006F
:102760000E4D0CAA12782E7803930D9B00920193C4
:102770002200059B029701F027FB2E70012C01D04F
:10278000042C08D1802206498B889343054A12788D
:10279000D20113438B8007B0F0BDC0461C09FF1F58
:1027A0006C11FF1F7809FF1F0B001B3B70B5040065
:1027B0003020E02B0DD81300E025493BFF3B9BB2B6
:1027C000ED00AB4205D8034B200019825A8201F07C
:1027D000F3FA70BD8410FF1F10B501F0E5F9054B49
:1027E00000205B68052B04D9034A5268D20200D44A
:1027F000980810BD00100040FCE100E070B501F049
:10280000CBF90D4B1B68FC33DC691D6AFFF7E4FF55
:102810006419844204D2094B01241B68002B07D0A1
:1028200004220024064B1A70064A9369013393610F
:1028300001F08AFA200070BD6464FF1F9809FF1F31
:102840002309FF1FFC0FFF1F70B50C4D2B68FC33D5
:102850005C6A01F0A1F9FFF7BFFF2B680025FC338C
:102860009B6AE318834204D2054B1B68AB4200D13C
:10287000051B01F069FA280070BDC0466464FF1FA3
:102880009809FF1FD722044B92009B5810B5002BCC
:1028900000D0984710BDC0460000FF1F10B501F0E2
:1028A000FFF8FFF7EFFF2749274BCA6D1A40842333
:1028B0005B001343CB65254B1B68186A01F0F4FAE3
:1028C000234B244A1A60244B244A1A60A022244B2A
:1028D00052001A60234B187801F01EF92249234850
:1028E00001F01AFB0023214A2149936002339360CF
:1028F000204B214813600323936001F00DFB10224D
:102900001E4BFF201A60802252031A60802292031D
:102910001A60802212041A6001F0E6FA012001F028
:102920001BFAFA20400001F0AFF9582001F074F9C9
:10293000134801F021FB012001F05EFB072001F0AC
:10294000C3F910BD00F0004000FEFEFF6464FF1FED
:10295000000003400180063DBC0003403408000035
:10296000A40003404A0AFF1F710200001410004037
:10297000FFFF3F00C30900002810004000E100E015
:1029800030750000664F3B6888331B6883F3088806
:1029900001F092F9634A6449136800200B40136008
:1029A000624B634A1B68934200D1A4E001F00CF92A
:1029B0000221604A13688B431360FFF76FFF5E4B81
:1029C000002418785D4DC0B201F01EFB0223AC60FC
:1029D000AB605B4B01202B6001F066FA0323AB6018
:1029E00001F05AF9050001F0DFF8060001F054F992
:1029F000544B186001F0F8F8534B1A68AA4264412E
:102A0000AB1A80221B1BD203934201D39B029B0A69
:102A10003A68D16AC90700D470E04C491C0C0968B7
:102A20009BB24C4359432402090A64184849FC32BA
:102A300093680A6803219B1A464A474812689B1804
:102A4000464A9D18464A0B401768AD08DB190560D9
:102A50001360042B03D901350B40056013602D1959
:102A60002800404901F0A8FA3F4F3E493B68C3188F
:102A70003B602800019301F00FFA3C4D28680818CC
:102A800038492860884205D9019B01333B6001F039
:102A900003FA296001F0C8F8354B1B78002B0DD0E4
:102AA00001F082F8334BA21B196812188A4232D205
:102AB0008919091B091A304801F02EFA2F4D2B7A7B
:102AC000002B0ED001F070F8A21BE9681218914299
:102AD00024D98919091B091A294801F01DFA002374
:102AE0002B72284B83F3088801F08EF8002001F048
:102AF0006BF801F049F801F067F85EE7DC01990036
:102B00000234641A5900641A09214B438033CB40C4
:102B1000A408E4188AE7FA218900CCE71A49DBE720
:102B20006464FF1F1CF00040FFFFC1FF0C0AFF1F81
:102B3000B641210310000040490AFF1F1410004055
:102B4000C3090000100AFF1F340AFF1F380AFF1FC5
:102B5000200AFF1F1C0AFF1F240AFF1FC4090000D0
:102B6000280AFF1F710200006008FF1F2C0AFF1FC8
:102B70001C09FF1FE408FF1F00100040740BFF1F1B
:102B80003C10004000000020DC050000A022054BA6
:102B900092009B5810B5002B01D0984710BD01F052
:102BA0002BF8FBE70000FF1FA122054B92009B586A
:102BB00010B5002B01D0984710BD01F01DF8FBE7C0
:102BC0000000FF1FA222054B92009B5810B5002B5E
:102BD00001D0984710BD01F00FF8FBE70000FF1F80
:102BE000A322054B92009B5810B5002B01D09847AB
:102BF00010BD01F001F8FBE70000FF1FA422054B08
:102C000092009B5810B5002B01D0984710BD00F0E2
:102C1000F3FFFBE70000FF1F70B500F0C5FF4F4B4F
:102C2000186001F091F90400C30702D401F094F98F
:102C300070BD00224A4B1A604A4B187801380428AC
:102C400029D800F045FF0320181C2400200000F0C4
:102C500093FF0128ECD0444C2378042B6ED101F073
:102C6000BBF90028E4D001F05FF9582000F0D4FF50
:102C700002232370DCE7200001F0EEF8E9E72000F2
:102C800001F02AF8E5E7200001F0C6F8E1E72000AE
:102C900001F0AAF8DDE701F087F90500012808D165
:102CA000324B1B78053B012B03D82000FFF76EFF4A
:102CB000D1E72D4B1B78022B01D0052B20D1022D03
:102CC00028D12B4B9B7BAB431CD12000FFF76CFF23
:102CD000264B18780128BED16405BCD4244925228E
:102CE0004B7B034205D1233A13405A4253412633CA
:102CF0001A000B7D9342AED9322000F09DFFAAE767
:102D0000022D07D1194B1B78052B11D12000FFF79D
:102D100059FFDDE7012D0BD1012B03D12000FFF777
:102D20005FFF98E7062B03D12000FFF767FF92E7CC
:102D3000200000F061FF022D8DD1C9E7032B04D1E3
:102D40000C4B987C01F098F872E7072B00D06FE7E6
:102D5000094B987B01F048F96AE7C0469C09FF1FC0
:102D60009809FF1F9009FF1F2309FF1F1C09FF1F60
:102D7000A60BFF1FBC0BFF1FD40BFF1FFA210A4B32
:102D80000A4A49001A640A4A5A500A4A04395A50EF
:102D9000094A08319A64094A5A50094A5C315A5022
:102DA000084ADA667047C0460000FF1F4D27FF1F24
:102DB0004928FF1FFD27FF1F3523FF1FBD26FF1FCB
:102DC000C51DFF1F991DFF1FF7B50B0CFF27012223
:102DD000009300233C001E001D009446019089B220
:102DE00062469A401000084018413618B6B2FF2FCC
:102DF00002D1012E00D19FB2009802401A41AD18B5
:102E0000ADB2FF2C02D1012D00D19CB20133102BA9
:102E1000E6D10320012E07D1012D04D1019B24010D
:102E2000E4191C700138FEBD102EFCD10238102DA3
:102E3000F9D00230F7E700008023F7B59C46264B17
:102E4000264F01932649274A274D284C284B022814
:102E50001AD1604638600868264E30408026360316
:102E60003043086001990978002909D11660224A87
:102E70002A60224A2260E02219689143A03A1BE0AE
:102E80008021C9021160F2E766463E600F68194E64
:102E90003E408027FF023E430E60019909780029D9
:102EA0000DD1176001280ED1154A2A60154A2260FB
:102EB000E02219689143C03A0A431A60F7BD8021A5
:102EC00089021160EEE7E0210F4A02432A600F4AAF
:102ED00022601A688A43F0E74B0AFF1FE0000340B4
:102EE000D80003409000034000000340500003401E
:102EF00040000340FFFFE3FF0280063D80450822BB
:102F00000180063D806608220080069880550822D0
:102F1000F8B51E4B80261A68002014003440324257
:102F200032D11A681A4F32431A6001223B680630C8
:102F300093433B6000F0B8FF0122164D2B681E43FF
:102F40002E603B680A2613433B608027BF00124B6C
:102F50001B683B4211D1013EF6B2FF2E09D17E2201
:102F60000E4B1C682B68E40B1440934323432B60E7
:102F700005E0082000F098FFE9E7002EEFD180225D
:102F80002B68600893432B60F8BDC046C4F0004036
:102F90005CF0004018F0004068F0004060F0004035
:102FA00010B500F0C1FE01215820034A00F0ECFFEB
:102FB000FFF7AEFF10BDC046600AFF1F10B57822B4
:102FC0000021034800F0B8FF00F0BEFD002010BD56
:102FD0005867FF1F70B5040000F0DEFD00230C20D1
:102FE0000B4A010059438D18515C00290DD0A142B4
:102FF00008D1012300246B7000F0B6FD00F0A4FEA0
:10300000200070BD01330A2BEBD11224F6E7C04635
:103010005867FF1F70B5040000F0BEFD00231900C3
:103020001D000C4A1078002808D0A04200D155702D
:10303000507801311B180C320A29F3D1002B05D12D
:1030400000F082FD00F080FE002070BD00F08CFDDD
:10305000F8E7C0465867FF1FF7B504000C200023AF
:1030600084460E4D019267465F43E85D7E19A0429B
:1030700012D000280BD10A4B9C4662461B780833BD
:103080001370019B70707C557160B360FEBD01339D
:103090000A2BE8D10320F9E70720F7E75867FF1F5D
:1030A0005467FF1F70B500240C26104B320062439A
:1030B000D5189A5C824211D10D4A1378F8331370F7
:1030C00000F06AFD09222900121B72430C3128000E
:1030D00000F0B2FE00F038FE002070BD002A02D0E1
:1030E00001340A2CE2D11220F7E7C0465867FF1FCF
:1030F0005467FF1F8020F8B5484BC0051B68C124EA
:103100008360474BFF251A68012313434361454BF6
:10311000A4001A68444B40211A60444B1A68444B7F
:103120001A60444B1A59AA431A51C52292009E585C
:10313000AE433143802699509F583F49F6010F40D6
:103140003E439E509E5880273602360A30439850A0
:1031500080201A5900020A4002431A5104341A59B5
:10316000364E3F04324080263A431A511A593606E9
:103170001202120A32431A5108341A5980260A40A0
:1031800002431A51C32292009F58B446AF433743BB
:103190009F509F58294E0F4007439F509F583740DC
:1031A00080263604374380269F509F5836063F02BC
:1031B0003F0A37439F50C0221F59AF433A431A5129
:1031C0001A591202120A1643C6221E5192009C5826
:1031D000AC4365462C439C509C5800250C40204332
:1031E0009850C72080001A58154C1140C022120276
:1031F0000A431A50134B1B78DB08AB4201DC00205A
:10320000F8BD2378002B06D0A368002B00D0984788
:1032100001350C34EEE71220F2E7C0460843FF1FE9
:103220000443FF1FB0F000405067FF1FB4F00040A0
:103230004C67FF1F00E100E0FF00FFFFFFFF00FF02
:103240005867FF1F5467FF1F030010B51F2809D8D8
:10325000072200201340072404490A78A24313439D
:103260000B7010BD00230620F5E7C0465467FF1F12
:10327000034A0449136800200B4013607047C0469E
:103280001CF00040FFFFC1FF054B06491B780A6890
:1032900005485B0702401B0B134300200B6070477F
:1032A0005467FF1F1CF00040FFFFC1FF70B50C25E5
:1032B000FFF7EAFF0A4B1C780A4BE4086543ED1858
:1032C000002C01D1200070BD2B78002B06D06B683C
:1032D000002B00D09847013C0C3DF1E71220F2E7AB
:1032E0005467FF1F4C67FF1F1FB5002102220B0010
:1032F00001910091052000F0FFFD02230B490A68AF
:103300001A42FCD120230393039B5A1E0392002BE5
:10331000FAD1074A1368002BFCDA0B246C44200016
:10332000012100F001FC207804B010BD90C80040DD
:1033300000C8004013B504000A4B0193019B002B09
:1033400001D1112016BDFFF7CFFF23000340044237
:1033500005D0052000F0A8FD019B013BEDE718001A
:10336000F0E7C046FFFFFF0707B500F015FC80221D
:103370000821D205936A0191002B01D1073991628E
:1033800002210C4A11600199481E01900029FAD1CE
:1033900003311160053101910199481E0190002906
:1033A000FAD11160002B02D18022D205936200F085
:1033B000CBFC07BD00C00040F0B52D4C89B0237890
:1033C000002B4FD1FEF7F8FA02232A4F03903A68F8
:1033D0001A42FCD120230693069B5A1E0692002B0C
:1033E000FAD1254E3368002BFCDA0120FFF7A2FF4B
:1033F000011E02D0112009B0F0BD0300032201908C
:10340000009005AD9F2000F077FD0321280000F01B
:103410008BFB02233A681A42FCD120230793079BB7
:103420005A1E0792002BFAD13368002BFCDA0120D8
:10343000FFF780FF0028DDD10398FEF7D1FAAA78C4
:103440006B7811041B020B4329780B436360130054
:10345000113B0A49052B07D801239340A3600B6059
:10346000012323700020C6E780231B03F6E7C04634
:10347000F042FF1F90C8004000C800409808FF1F9E
:103480001E4B30B55A6818781D4B85B0D318594279
:103490004B4101210093002300F06EFC194B1A4AA6
:1034A00002259A6300221A6510325A658022C421CF
:1034B0009D65164B1648D202DA6789004258154BB3
:1034C00080241A4080231B0413434350642341206B
:1034D0000393E40500F006FA402000F003FA656269
:1034E000039D6B1E0393002DFAD103236362FFF744
:1034F0003BFFA562FFF760FF05B030BDFC42FF1F38
:1035000095FFFEF700C80040050001FF04E100E060
:1035100000E100E0FFFF00FFF0B585B00700FEF717
:103520004BFA022305002D4C22681A42FCD12023BD
:103530000093009B5A1E0092002BFAD1284E33684C
:10354000002BFCDA0120FFF7F5FE002803D0112440
:10355000200005B0F0BD234B2360022322681A42ED
:10356000FCD120230193019B5A1E0192002BFAD11A
:103570003368002BFCDA0120FFF7DCFE0028E6D1DF
:10358000194B1F60022322681A42FCD120230293A8
:10359000029B5A1E0292002BFAD13368002BFCDAF0
:1035A0000120FFF7C7FE0028D1D1104B2360022372
:1035B00022681A42FCD120230393039B5A1E0392D4
:1035C000002BFAD13368002BFCDA0120FFF7B2FEA2
:1035D000041EBCD12800FEF703FAB9E790C80040EA
:1035E00000C8004001000006A8C80040018000019A
:1035F00010B50020FFF790FF10BD000010B5064B7E
:1036000018705960FFF73CFF00211320034AFFF7B1
:1036100023FD002010BDC046FC42FF1F8134FF1F68
:10362000F0B5040085B003920291FEF7C5F9882237
:1036300063035B0B52051A438023DB059D6A8023DD
:10364000274F0092BA68002601901B039A420CD9BA
:10365000F82326001B041E401C4206D08022214B6A
:1036600052025E6219680A431A60002D0BD100F005
:1036700093FA02221C4B1A608023DB055A62013A3E
:103680009A6200F061FB0023039A934220D1002D3F
:103690000AD100F081FA144B03221D608023DB0560
:1036A0005A629D6200F050FB8023BA681B039A4265
:1036B00008D9002E06D000220A4B0C495A621A681B
:1036C0000A401A600198FEF78BF9002005B0F0BDA2
:1036D000009A0299D2181278CA540133D4E7C0462E
:1036E000F042FF1F00C8004000C00040FFFFFEFF87
:1036F000F0B587B0029103920400FEF75DF90190E6
:1037000000F04AFA802302250122234EDB053560B2
:103710005D629A6200F018FB204F3B682B42FCD19F
:1037200020230493049B5A1E0492002BFAD11C4DB3
:103730002B68002BFCDA0120FFF7FCFD002802D0EB
:10374000112007B0F0BD2000039A029900F0B4FBED
:10375000022304003A681A42FCD120230593059BFA
:103760005A1E0592002BFAD12B68002BFCDA01209F
:10377000FFF7E0FD051EE3D100F00EFA80230322DF
:10378000DB0535605A629D6200F0DEFA0198FEF7B3
:1037900027F9E0B2D5E7C04600C0004090C800401D
:1037A00000C80040F0B5802489B00600FEF704F997
:1037B000E405A36A02250393029000F0EDF90123CA
:1037C000304F3D606562A36200F0BEFA2E4C236864
:1037D0002B42FCD120230593059B5A1E0592002BFA
:1037E000FAD12A4D2B68002BFCDA0120FFF7A2FD4D
:1037F000002803D01124200009B0F0BD244B236021
:10380000022322681A42FCD120230693069B5A1EEB
:103810000692002BFAD12B68002BFCDA0120FFF76F
:1038200089FD021EE6D11B4B03211E60030001909F
:103830000090202000F060FB022322681A42FCD195
:1038400020230793079B5A1E0792002BFAD12B685F
:10385000002BFCDA0320FFF76DFD041ECAD100F037
:103860009BF980230322DB053C605A629C6200F0D6
:103870006BFA039B002B01D1FFF776FD0298FEF750
:10388000AFF8B8E700C0004090C8004000C8004052
:103890000100000694C8004007B50002019104220F
:1038A000000A01A9FFF724FF0EBD000073B5050053
:1038B00005240B4AA3005B429B1819686B46DE1D6A
:1038C0003000FFF781FA022804D133782B55013CF0
:1038D000EFD276BD052CFCD00128FAD10230F8E7F2
:1038E000140900111F2807D8012380228340D20524
:1038F00091680B43936070473F2808D801238022CA
:1039000020388340D20551690B435361F3E75F28A8
:10391000F1D80123802240388340D205116A0B433D
:103920001362E8E71F2807D8012280218240C905D9
:103930008B6893438B6070473F2808D80122802111
:1039400020388240C9054B6993434B61F3E75F28F8
:10395000F1D80122802140388240C9050B6A934387
:103960000B62E8E71F2810D880230200DB05153A18
:103970001968012A06D820229143196019680A4360
:103980001A60704701228240F6E73F2811D8802351
:103990000200DB05353AD968032A06D81022914384
:1039A000D960D9680A43DA60EBE701222038824007
:1039B000F5E75F28E5D842238022181A413B83406F
:1039C000D205516A99435162516A0B435362D8E759
:1039D00010B50400012813D1A022184992050B68E4
:1039E0005B015B0913430B60154B164A19681140C4
:1039F000154A0A431A60402219680A431A6010BD2A
:103A00000028FCD101000A2000F0D6F821000B208C
:103A100000F0D2F8C0220A4B920019680A434021F4
:103A20001A601A688A431A60B022044912060B68A9
:103A30005B015B0913430B60E1E7C04614F00040F3
:103A40001CF000407F00FEFF80FD010072B6074AB7
:103A50001368013313600422054B1A600023054AE2
:103A600013608022D2055360FEE7C0467808FF1F2E
:103A7000C0F00040C4F0004005490B68002B05D1A0
:103A8000044A0A6004490A60044A13607047C04649
:103A9000140AFF1F841E0000380AFF1FC4F00040F4
:103AA0000023034A1360034A1360034A13607047FC
:103AB00054F0004040F1004044F1004002B471462F
:103AC00049084900095649008E4402BC7047C04667
:103AD00002B4714649084900095C49008E4402BCA1
:103AE0007047C04603B47146490840004900095A6E
:103AF00049008E4403BC704701B40248844601BCAF
:103B0000604700BFDD3F000001B40248844601BCAD
:103B1000604700BF2144000001B40248844601BC54
:103B2000604700BFEDA5000001B40248844601BC17
:103B3000604700BF3D71010001B40248844601BCEA
:103B4000604700BFF9ED000001B40248844601BCA3
:103B5000604700BFADAE000001B40248844601BC1E
:103B6000604700BF19FA000001B40248844601BC56
:103B7000604700BF21A9000001B40248844601BC8F
:103B8000604700BF0134010001B40248844601BC13
:103B9000604700BF8552010001B40248844601BC61
:103BA000604700BF75A9000001B40248844601BC0B
:103BB000604700BFC95C010001B40248844601BCF3
:103BC000604700BF11A2001101B40248844601BC45
:103BD000604700BF016C010001B40248844601BC8B
:103BE000604700BFB352010001B40248844601BCE3
:103BF000604700BFC166010001B40248844601BCB1
:103C0000604700BFE917010001B40248844601BCC7
:103C1000604700BF7997000001B40248844601BCA8
:103C2000604700BF7912010001B40248844601BC1C
:103C3000604700BFD544010001B40248844601BC7E
:103C4000604700BF6137010001B40248844601BCEF
:103C5000604700BF71B0000001B40248844601BC57
:103C6000604700BFD1AE000001B40248844601BCE9
:103C7000604700BFCD4C010001B40248844601BC3E
:103C8000604700BF85C1000001B40248844601BC02
:103C9000604700BF8512010001B40248844601BCA0
:103CA000604700BF156B010001B40248844601BCA7
:103CB000604700BFA1AF000001B40248844601BCC8
:103CC000604700BFC9A9000001B40248844601BC96
:103CD000604700BFF90D010001B40248844601BCF1
:103CE000604700BF0534010001B40248844601BCAE
:103CF000604700BF53B9000001B40248844601BCCC
:103D0000604700BFA9D8000001B40248844601BC46
:103D1000604700BF6D0B010001B40248844601BC3E
:103D2000604700BFE90B010001B40248844601BCB2
:103D3000604700BFED68010001B40248844601BC41
:103D4000604700BFE94C010001B40248844601BC51
:103D5000604700BF9DA9000001B40248844601BC31
:103D6000604700BF6911010001B40248844601BCEC
:103D7000604700BFD9B0000001B40248844601BCCE
:103D8000604700BFC56D010001B40248844601BC14
:103D9000604700BFE9F6000001B40248844601BC58
:103DA000604700BFC1A5000001B40248844601BCC1
:103DB000604700BF8D82000001B40248844601BC08
:103DC000604700BF116E000001B40248844601BC88
:103DD000604700BF9D6A000001B40248844601BCF0
:103DE000604700BFC115010001B40248844601BC10
:103DF000604700BFF935010001B40248844601BCA8
:103E0000604700BF8B52010001B40248844601BCE8
:103E1000604700BFCD0C010001B40248844601BCDC
:103E2000604700BFF535010001B40248844601BC7B
:103E3000604700BF8937010001B40248844601BCD5
:103E4000604700BF810E000001B40248844601BCF7
:103E5000604700BF75F8000001B40248844601BC09
:103E6000604700BF0934010001B40248844601BC28
:103E7000604700BF51B8000001B40248844601BC4D
:103E8000604700BF4DF9000001B40248844601BC00
:103E9000604700BFBD5C010001B40248844601BC1C
:103EA000604700BF090E000001B40248844601BC0F
:103EB000604700BF0189000001B40248844601BC8C
:103EC000604700BF9573010001B40248844601BCFD
:103ED000604700BFE9D4000001B40248844601BC39
:103EE000604700BF0D52010001B40248844601BC86
:103EF000604700BFED6B010001B40248844601BC7D
:103F0000604700BF496D010001B40248844601BC0E
:103F1000604700BFE1B7001101B40248844601BC0C
:103F2000604700BF2D6C010001B40248844601BC0B
:103F3000604700BF6DF6000001B40248844601BC32
:103F4000604700BFB70E000001B40248844601BCC0
:103F5000604700BFBD0B010001B40248844601BCAC
:103F6000604700BFDD0A010001B40248844601BC7D
:103F7000604700BF8944000001B40248844601BC88
:103F8000604700BF8D11010001B40248844601BCA6
:103F9000604700BF0167010001B40248844601BCCC
:103FA000604700BF5976010001B40248844601BC55
:103FB000604700BFDD0C010001B40248844601BC2B
:103FC000604700BF090E000001B40248844601BCEE
:103FD000604700BFE927000001B40248844601BCE5
:103FE000604700BF01D7000001B40248844601BC0D
:103FF000604700BFC1F7000001B40248844601BC1D
:10400000604700BFE512010001B40248844601BCCC
:08401000604700BF89140100A4
:10401800020000009EC0001101000000B8BE00119F
:10402800020000009AC00011010000005840FF1F64
:1040380002000000C0BE0011010000006461FF1F03
:104048000200000098C0001103000000D860FF1FA4
:1040580012000000020000009EC0001101000000D4
:1040680000BF0011020000009AC00011010000000A
:10407800FDBE0011020000000ABF0011030000008D
:104088001361FF1F0200000098C000110300000028
:104098002861FF1F020000009AC000110100000003
:1040A800FCBE00110200000008BF00110300000060
:1040B800E960FF1F0200000098C000110300000023
:1040C8000A61FF1F020000009EC0001101000000ED
:1040D8004CBF0011020000009AC00011010000004E
:1040E800A141FF1F020000005EBF00110100000097
:1040F80041BF0011020000009AC000110100000039
:10410800A041FF1F020000005CBF00110100000079
:104118003061FF1F020000009AC00011010000007A
:104128009F41FF1F020000005ABF0011010000005C
:1041380031BF0011020000009AC000110100000008
:104148009E41FF1F0200000058BF0011010000003F
:104158002CBF0011020000009AC0001101000000ED
:104168009D41FF1F0200000056BF00110100000022
:1041780024BF0011020000009AC0001101000000D5
:104188009C41FF1F0200000054BF00110100000005
:104198001CBF00110202020202020000000000001F
:1041A80016150000214E0011E54D0011ACBF00119D
:1041B80090011D0018001800FFFF07010203040505
:1041C80006020106000000000000000000000000D8
:1041D80000000000000000000000000000000000D7
:1041E80003000000020000009EC000110100000052
:1041F800CCBF0011020000009AC0001101000000AD
:104208005C42FF1F02000000D6BF00110100000041
:104218005E61FF1F0200000098C00011030000004B
:104228004C64FF1F020000009AC00011010000004A
:104238005C42FF1F02000000D4BF00110100000013
:104248006061FF1F0200000098C000110300000019
:104258004464FF1F1200000000010000000001116B
:10426800FFFF000050485936000000000000000021
:104278000B000500F0000000B4000028002800280A
:104288003075A000A000A000A00000080008E00110
:10429800F000100010001000100010001000500076
:1042A8005000500010001000D0070000000000006F
:1042B8000F0001000500307507001000010081FFA4
:1042C80000000000FF000000E5730011ED7100110F
:1042D8007D6F0011FFFF0100FF0000001D9E00110F
:1042E8008D9B0011A59A001100000000000000003D
:1042F80000000800040000003B0001085902E0012A
:1043080088212800020000009EC000110100000062
:1043180064C10011020000009AC0001101000000F1
:104328008943FF1F0200000096C000110100000031
:104338001068FF1F020000009AC000110100000071
:104348008843FF1F0200000094C000110100000014
:104358008643FF1F020000009AC000110100000000
:104368008443FF1F0200000092C0001101000000FA
:104378007C43FF1F180018001D0090010200000375
:1043880002020000020000009EC0001101000000AF
:1043980078C10011020000009AC00011010000005D
:1043A800CC43FF1F0200000090C000110000000075
:1043B800000000000200000098C000110300000087
:0643C8003068FF1F20FF1A
:040000051FFF184180
:00000001FF
