:020000041100E9
:103000007FB50023284C294D03932800217C284AB2
:1030100001F031FA002812D103232800217C03AAF1
:1030200001F0D0F900280AD1224B039A9A4206D126
:10303000214B2248E360224B636104B070BD02263D
:10304000217CFE2228001F4B009601F08DF90028FC
:1030500001D00020F1E71C4BA2899A42F9D1217CD2
:10306000FF222800194B009601F07EF90028F0D1CC
:10307000E389174A934203D1164B17486361DCE793
:10308000164A9342E5D1164B164A1B68934206D95D
:10309000C02304222800217C9B0001F0CEF9124BB2
:1030A00012486361C9E7C0464461FF1FA441FF1F86
:1030B00081370000595953005959832094BF00119A
:1030C000C94100115061FF1F595900005261FF1F93
:1030D000830500008141001174BF001182150000BA
:1030E0006861FF1F871300001D42001184BF00119B
:1030F00070B5134D2B7C002B0DD0124C200001F02D
:10310000E1F8297C382907D1BA22200001F084F99E
:10311000200001F015F970BDEB890B4A934206D1EE
:103120009023022220001B0201F087F9F0E7074AF2
:103130009342EDD12000064A01F09DF9E8E7C04630
:103140004461FF1FA441FF1F83050000832000008E
:10315000A23000000022024B1A825A617047C0461A
:103160004461FF1FF7B5164B0192C318021D0020E2
:10317000009388235B05D3181B685C1C1AD09CB293
:10318000402C18D88D781E0CAC466746CD782D02A1
:103190003D43AE4206D1019800280ED110000C70BC
:1031A000240A4C7003249BB20733A343D218009B1C
:1031B0009A42DED3FEBD4432F9E71000FAE7C0467A
:1031C000FC0F0000802213B503000324019189B293
:1031D000520107319B18A14304305A1A88235B051A
:1031E000C3181B68591C03D190429241104016BD70
:1031F00099B2402907D80B000733A343C018904267
:10320000ECD30020F3E74430F9E7134B134A1B6873
:10321000126810B5FA24934201D81A00F824104B12
:10322000E4021B689A4210D813000E4A12689A42B0
:103230000ED3013307D1F823DB029C4203D10A49A4
:10324000054808F0FDFC200010BDFC24E402ECE77A
:10325000FE24E402F7E7C04600C0071100D00711C2
:1032600000E0071100F00711FFFFFF7FF0B59BB0F2
:10327000150003900491402A5CD806AC618022803E
:10328000FFF7C3FF002221000600FFF76BFF0528B0
:103290000FD92388AB420CD1002D07D0504B2A0008
:1032A0000399C01808F044FD002802D101201BB08A
:1032B000F0BD258030000699FFF784FF041E79D108
:1032C000069B0793FFF7A1FF80235B01C6188023AD
:1032D00007001B039E4201D1F826F60288235B05F6
:1032E000F31801931B68013302D0019808F008FC21
:1032F0003C49019808F0A4FC3B1D0293331D059343
:103300008822029B52059B181B6808935A1C13D1F4
:1033100088235B05FF1839680198013908F090FC93
:10332000380008F0EDFB30000799FFF74BFF040071
:10333000002C41D10020BAE744219AB20091402AE2
:1033400004D80320D11D814389B2009104991B0C3C
:103350008B4224D0402A22D80122300008A9FFF74E
:1033600001FF021E1BD1380008A9FFF7FBFE040075
:103370000428DDD9009A059B9B1880225201B218BF
:1033800093422AD288235B05C118009A09A808F045
:103390002FFC134B009A09A9F01808F081FB009A42
:1033A000029B9446634402930F4B029AFB189A4285
:1033B000A6D3ADE70428BDD088235B05E0180699A5
:1033C00008F03EFC0323EA1C9A4300D16EE7044B4D
:1033D0000399E01808F064FB68E70424ECE7C046B2
:1033E00004000011FFFFFF7FF80F000073B5040019
:1033F0001600402A1ED801AD6980FFF706FF0022A3
:1034000029002A80FFF7AEFE042810D92D88002E4F
:103410000BD0002C09D0321CAE4200D92A1C074B1D
:1034200092B2C118200008F0E3FB28B276BDC04379
:1034300000B2FBE703204042F8E7C0460400001159
:1034400037B5042204000D0001A81649FFF7CEFF8E
:10345000020004280BD1019BA34208D3AB4204D045
:10346000104901A80195FFF701FF01203EBD0E4C58
:1034700023682000019308F043FB019920000139E3
:10348000019108F0DDFB80235B01E418074B9C42AF
:10349000EED10422034901A80195FFF7E7FE0020C1
:1034A000E4E7C0465555000000C0071100000811B0
:1034B000F0B589B010226946234808F059FA234B29
:1034C000009A6C469A4211D1019B0F2B35D8069970
:1034D000029A8C4618001100002604AD013808D26B
:1034E000002E01D00A00A160013229D10023A3607F
:1034F00023E04F1CF2D161460126EFE7103610227F
:103500002900300008F034FAA368A868013300D11C
:10351000A060882329685B05C9186B6829601A03B5
:10352000120B6A60814203D03B4201D108F060FB7C
:103530006368013B6360002BE0D1A06809B0F0BD77
:10354000E027014E3F03F6E70000011150485936CD
:1035500007B508F0E5FBFFF7ABFF002803D00190AB
:1035600001984168084707BD10B508F0D9FBFFF77F
:103570009FFF040008F0ECFA200010BD13B5040012
:1035800008F0CEFB002C03D0019401984168084755
:1035900013BDC0468022F8B5964C974BD20000214F
:1035A00020001C6008F084F92300944A88331A60D4
:1035B000934B1A786A23002A00D01133E3620A235E
:1035C0002365904B37221B780820A3638E4B21186C
:1035D000E361102323628D4B3B256361C823DB002D
:1035E000A36123008C331A602823013AE26320642C
:1035F0006364CA67043A211DCA672100BC310D60AB
:103600002100C03108602100C4310B602100063563
:10361000CC310D602100083DC8310D602100D03152
:103620000A602200D43210602200D83213602200D7
:103630000227E032210017604222DC310A602100BB
:103640001B3DE4310D602100E83108602100EC31C0
:103650000B6023000521F43319602300F0331A6056
:103660002300183290331A6023009433186023002B
:103670001E3A98331A60AF23DB002360644BFA26AE
:103680002363644B644DE360644BF031A364230017
:10369000FF31FC33B600A16021611E60A562732575
:1036A000E5656D3D6565A56596255D4AAD00E264FD
:1036B000666258606766A56600270925A767E56604
:1036C000584F594D606720002567E2673A6015271B
:1036D0009C30676007001A2038602000A030070087
:1036E000212038602000A83007004C4838602000B6
:1036F000F830066026006427A436376026005F3F56
:10370000AC3637602600033FB03637602600C63738
:10371000B436376026000027B836376038269E60FA
:10372000424E96205E64424E5A66DE61414E9A6475
:103730005E62F53EFF3E9E621E269A67354A800015
:10374000DE661F675F67DD651D661862DA67BE2388
:10375000394A5B00E250394BD838235004302250AC
:10376000C4225200A350C623E4205B00E15004337E
:10377000334AE1503349344BD16034498000195009
:103780003349E938FF381950324904301950324969
:103790003248D16132491163324951631900F43121
:1037A0000860CE203049400011603049195019009E
:1037B0002F48F83108602F49D16582212E4A8900AF
:1037C0005A501A002D490832D1671A002C49B432D8
:1037D000116088212B4A89005A501A002A498832E0
:1037E00011602A4ADA6408F06BF8012008F068FAE0
:1037F000F8BDC0460004FF1F6464FF1F306FFF1F49
:10380000D043FF1F4A0AFF1F3A07000080C3C901C7
:103810009A020000DC0500006A18000050C3000096
:1038200088130000F009FF1F204E00006509FF1FEC
:1038300068100000C409000040420F00102700007B
:10384000FC00FF1FC11BFF1F0000FF1F192CFF1FE3
:10385000A12FFF1F392EFF1F811FFF1F7926FF1F7A
:103860009D1FFF1F4D21FF1F0D1FFF1F9D28FF1FC5
:103870008529FF1F8D19FF1FA927FF1FD524FF1FB3
:10388000E124FF1F0D1EFF1FC51EFF1F851DFF1F0B
:103890000223F0B501250024594E91B03370594BE5
:1038A000594F1D703A680393584B29009A700420B1
:1038B000574A2300009408F093FA8023DB059D62A9
:1038C000FFF752FE534BC218C0239B029A4201D20B
:1038D000FFF754FE3C6008F03BFAFFF75BFE08F090
:1038E000D7F81F2201254C4B1A704C4B1D704C4BC6
:1038F0001C704C4B05AC19689143163A0A431A6088
:10390000602219689143403A0A431A6008F040F96E
:1039100008F0FEF8444B9847C120FF21434B80003C
:103920001A588A431A50C522920098588843BF39C2
:103930000143995098583E4908408021C9010143EC
:10394000802099509958C0050902090A01439950ED
:1039500080213848490108F00BFA03232A00364930
:1039600000933648019508F023F82C22344905A825
:1039700008F03EF96178207806F052FC023410AB72
:10398000A342F7D12F4C304B226803201A40A023CA
:10399000DB0213432360802322689B0413432360CC
:1039A00022682A4B1A4080239B0313432360284A32
:1039B000284B934200D8012008F042F808F060F844
:1039C00080232268DB0413432360307808F0A8F8D2
:1039D000039B1878C0B208F0FBF907F099FF0C4977
:1039E000042007F045FF06F033FE00F035F800F044
:1039F0005BFD00F0F7FD00F0F5F9002011B0F0BD1F
:103A00004A0AFF1FD043FF1F34F000407461FF1FBC
:103A10003B000108000001E0480AFF1F490AFF1FA0
:103A2000680AFF1FBCF00040E1A2000000E100E0D6
:103A3000FF00FFFFD443FF1F5856FF1FD453FF1F43
:103A400090BE001114F00040FF7FF8FFFFFF9FFFC2
:103A50000080FF1F306FFF1F002210B511001120E2
:103A600007F0FEFF10BD0000F8B500230926374F10
:103A7000374C3B62E3681120B343E36007F0C0FFBB
:103A8000112008F0E5F9112008F0D2F8402322684F
:103A900080251343236080236268DB021343636045
:103AA000A3682C4A2B43A360A36802211340A360A0
:103AB0008023A2689B0113431022A360236C07207C
:103AC00093432364236C0F3A1343236480235B00E6
:103AD0003B62226B204B1A402263626B1A40626386
:103AE000A26B1A40A263E26B1340E363E3681B4AD4
:103AF0001340E36006F094FB0121072006F0A4FCCC
:103B0000174B11205A6C15435D6408F091F9FD21A3
:103B1000144B154A89005A508023C720626B5B03FF
:103B200013436363E36880003343E3600F4B104A41
:103B300019581140802212020A431A50802292051D
:103B40001A6008220B4B5A63F8BDC04600F00040D3
:103B50003CF00040FFFFDFFFEFFFEFFFFFFF7FFFC5
:103B6000003800400000FF1F5118FF1F00E100E077
:103B7000FF00FFFF0000054010B5FFF7B9FAE12094
:103B8000C00407F0EDFE10BD70B51A4CE388002BA1
:103B90002AD0FA22D200934201D2FFF7EDFF236828
:103BA000E088A688C0188023711C89B2124D20605D
:103BB000A1809B00994218D3420A93B2C21AEB80AB
:103BC0002260A6800D4A642093420AD8FA2200207F
:103BD000D200934205D90A21180007F0F1FFC83836
:103BE000C0B200232872E38070BD08F071F883B280
:103BF000EB80E7E7D060FF1F5C61FF1FB70B0000A1
:103C000030B503A804880B20002C0ED14968074D5D
:103C100008784978090201430A20A94205D1012107
:103C200020001980024B1B7A137030BD192A000046
:103C30005C61FF1FF7B5150008AA16884A680F4F88
:103C400014785278120222430A24BA4214D1012273
:103C5000DBB2019200962A0007F074FD041E0BD11E
:103C6000074B1B68002B07D068782A7800021043A6
:103C700042425041013098472000FEBD0229000019
:103C8000E060FF1F30B5012503790400BFB02B426F
:103C900011D00A49408807F0C5F828420BD0084BDC
:103CA00001A95B8D4D800B80064B00221B7A60883A
:103CB0000B7104F079F83FB030BDC046D860FF1FEB
:103CC0001840FF1F5C61FF1F10B50549054807F04C
:103CD0005FF80421044A054807F01CF810BDC046EF
:103CE000D860FF1FFFFF0000BCBE00111840FF1F7F
:103CF00010B5024804F0DCFE10BDC046853C001142
:103D0000012103000F4A0170107A58700220987048
:103D10009078D870D0781871032058711079987104
:103D20005079D8710C20187290795872D2790B2082
:103D30009A72054A1278002A03D03A221973DA726D
:103D4000023070475C61FF1F1962FF1F022310B52C
:103D50000370013B43700533837010330371443BA0
:103D600043712A3383714433C37100230372064BBA
:103D700004001B8843720A30FFF7C2FF831D0A301C
:103D8000C0B2E37010BDC0465C61FF1F10B51420C7
:103D900008F046F8124B14220021186007F088FD45
:103DA000002007F0F5FF012008F04AF8022007F094
:103DB0009FFD032004F01EF9042006F037F90520CA
:103DC00003F056FB062004F029F8072001F0BEFBA3
:103DD000082006F07FFF092001F052F910BDC0460F
:103DE000E460FF1F07F0DCFD012007F099FD07F0FC
:103DF000A7FF0000094B10B50400984205D0012927
:103E000004D12000064906F0C3FF10BD0229FCD1F1
:103E1000013904F007FE0028F3D0F6E7FEFF0000AA
:103E20000A61FF1F70B50D7A100004AA2C001688D5
:103E300010221440154220D1002E20D10A78022AE7
:103E400018D14A68517815780E4A090229439142DF
:103E500005D00D4A914209D01C800A2404E01422A6
:103E60000A491A8007F0C4FE200070BD0C220849E0
:103E70001A80F7E71C800124F6E70824F4E70B24F6
:103E8000F2E7C046F3FF0000F4FF00006042FF1FAE
:103E9000B0BF001110B504000749084806F078FFCC
:103EA000074804F041FD0020E40704D50721054A36
:103EB000054806F02FFF10BD0A61FF1FFFFF00003D
:103EC000F53D001100BF00115C40FF1F10B50B4B0A
:103ED000BEB01A780A4902A800F062FD01AC80B2B7
:103EE0006080002808D0074B00221B882100238017
:103EF000054B188803F058FF3EB010BDE860FF1F67
:103F0000E960FF1FB640FF1FC041FF1F10B50B4BFC
:103F1000BEB01A780A4902A801F08AFE01AC80B24C
:103F20006080002808D0074B00225B8D2100238091
:103F3000054B188803F038FF3EB010BD1261FF1F1B
:103F40001361FF1F5C40FF1FC041FF1FF7B50E004C
:103F5000377A1C0008AB11003D001A8820231D4051
:103F60001F423CD13378022B3BD173681F785B78BA
:103F70001B023B431E4FBB4208D01E4FBB4214D016
:103F80001D4DAB4221D00A252800FEBD002A2AD1B2
:103F9000142C2AD82200F06807F02AFE174B1C7058
:103FA000012CF1D9FFF7B2FFEEE7002A1BD1202C3C
:103FB0001BD82200F06807F01BFE114B04211C7077
:103FC000104B187807F00CFDDEE7E3B201240092F5
:103FD00001940A00310007F0B5FB0500D4E708257D
:103FE000D2E70125D0E70B25CEE70D25CCE7C0466B
:103FF000F3FF0000F4FF0000022900001261FF1F20
:10400000E860FF1F1A62FF1F332310B5040003701E
:104010000A220749013007F0EBFD064B0F201B6811
:104020001A0AE37222731A0C1B0E6273A37310BD7B
:104030005C61FF1F8461FF1F30B501250379040017
:10404000BFB02B4213D00B49408806F0EBFE28424C
:104050000DD0094B01AD1B8802A82B80FFF7D4FFC0
:104060000F236B8000222900608803F09DFE3FB083
:1040700030BDC0460A61FF1FB640FF1F10B50248A1
:1040800004F016FD10BDC0463940001170B5160091
:1040900004AA148805AA15784A6850781178000295
:1040A0002A4A0843801805284BD807F021FE03133D
:1040B0001E29343F07221000062C0AD8121BAA42E0
:1040C00000D92A0022491A803000091907F090FD12
:1040D000002070BD0720112CFBD81222121BAA420F
:1040E00000D92A001B491A80EEE707200E2CF0D8D1
:1040F0000F22121BAA4200D92A0017491A80E3E7AF
:104100000720032CE5D80422121BAA4200D92A005A
:1041100012491A80D8E707221000062CD9D8121BA2
:10412000AA4200D92A000E491A80CDE707221000C2
:10413000062CCED8121BAA4200D92A0009491A809F
:10414000C2E700220A201A80C3E7C046DCD5FFFF81
:1041500051BF00113061FF1F41BF00113CBF001172
:1041600034BF00112CBF001110B50D21024A0348C5
:1041700006F0D0FD10BDC04620BF0011CC40FF1F8F
:1041800037B50F4C01AD04232A00217C00F01AF949
:10419000002813D12988236849BA89B24B43218961
:1041A0001B0C5B18074A6988538049BA636889B257
:1041B0004B4361891B0C5B1893803EBD0120FCE7DB
:1041C0004461FF1F5C61FF1F37B5124C06236A462E
:1041D000217C6D4600F0F6F8002818D12988236864
:1041E00049BA89B24B4321890B4A1B0C5B18538097
:1041F0006B4603335B78E9781B020B435BBA61685B
:104200009BB24B4361891B0C5B1893803EBD012020
:10421000FCE7C0464461FF1F5C61FF1FF0B5022749
:1042200085B0154C03AD217C2B00002200970600C1
:1042300000F09AF8002802D0012005B0F0BD0E234E
:10424000217C0122300000976B4400F08DF800289B
:10425000F2D129882368C9BA4B4321891B145B1802
:10426000064A6988538049BA636889B24B436189B9
:104270001B0C5B189380E0E74461FF1F5C61FF1F2C
:1042800010B500F017FB034A002013880133138098
:1042900010BDC0465C61FF1F10B500F0EFFA10BD05
:1042A00010B58024064AA4001168436B234205D14F
:1042B00013685B1A032BF8D9012010BD0020FCE71E
:1042C0006008FF1F70B5C17905000C00631E9C419A
:1042D0001A4BE402E41849000460C9B2007906F000
:1042E000E9F8E979687949000131C9B206F0E2F8E4
:1042F000E8790930C0B207F09BFC0023E366613324
:104300002360AA795B3B002A0ED022689A43023BC5
:10431000134323600A23E3610733236200232363EB
:10432000A3630133E36370BD22689A4302231343FE
:104330002360462363610633A361EFE7005000402A
:1043400070B5002504000368DD66C0790930C0B28D
:1043500007F056FB2900207906F048F8290060791B
:1043600006F044F870BD0000F8B51E0006AB1D78DD
:10437000002304681700E366616007F0D1FC0123A5
:104380008022E3662B0027615200013B08D207F030
:10439000DFFB08200A4A1168002D03D12800F8BD70
:1043A0002261F2E7236F034203D02369013D33709A
:1043B000013613685B1A032BEED90125EEE7C046E0
:1043C0006008FF1F70B51C00002305681600EB662F
:1043D000696007F0A5FC01238022EB6623005200F0
:1043E000013B08D207F0B4FB08200A4A1168002CF0
:1043F00003D1200070BD2A61F2E72B6F034203D086
:104400002B69013C3370013613685B1A032BEED91C
:104410000124EEE76008FF1F002370B50468150053
:10442000E366616007F07CFC0123E366256107F029
:104430008FFB2000FFF734FF70BD70B51D00002317
:1044400004681600E366616007F06AFC0123E36616
:1044500026610F33626B1A42FCD02B0A23611023B2
:10446000626B1A42FCD0EDB2256107F071FB2000AF
:10447000FFF716FF70BD002370B504681500E366F2
:10448000616007F04DFC0123E3662B0A23611023D2
:10449000626B1A42FCD0EDB2256107F059FB200097
:1044A000FFF7FEFE70BD000010B5084CE368002B5E
:1044B00008D18022064B52021B689B186360054B93
:1044C0001B68236007F074FBA06010BD8461FF1FB0
:1044D000C8F00040CCF00040F0B5184A936A916AE9
:1044E0009942FBD116498A689A421FD39A1A8B6067
:1044F000144B4C68186893B2D2024343D20E424325
:104500001B0A08681B1912029B18002402000127CD
:104510000D4D4B60561CAB420BD8002C01D0100047
:104520000CC10A4A13600A4B1860F0BD581E821A6B
:10453000DDE7084A3C009B183200EBE700F0004042
:104540008461FF1F140AFF1F40420F00C8F00040A3
:10455000CCF00040C0BDF0FF70B5194C23793F2B63
:1045600001D93F232371174A13701078C0B207F0A6
:10457000C7F91823144A15491380154A0B80138074
:104580004B80A0790C3B421C534380221201934282
:1045900013D81A00CB80A0230E4D888028800E48A7
:1045A0006371823B028023720C4A0D4B1A60E379DF
:1045B000052B01D81023E37170BD1300EAE7C04654
:1045C0007861FF1F480AFF1FBE41FF1F7C43FF1F8A
:1045D000BC41FF1FBA41FF1FB841FF1FE093040019
:1045E0006861FF1FF8B521210020FEF729FF114C5B
:1045F000011E114D09D10C22104BC1CBC1C42800A2
:1046000007F056F9FFF7A8FFF8BD0C2220000C496F
:10461000FEF7ECFE0C2802D0084B43CB43C40C221F
:1046200028000849FEF7E2FE0C28EBD00C220021FE
:10463000E5E7C0467861FF1F4461FF1FA4BF00117A
:10464000FC0C0000F50C000010B50C2202480349D8
:10465000FEF70CFE10BDC0467861FF1FFC0C000089
:10466000F0B51D4C8022A544040088206946520103
:10467000400507F035FA902212016A441300200029
:1046800032C832C316C816C38023144C144FA66810
:104690009B033343A3603B6007F0F2FB8823A068D1
:1046A0005B05C01807F02CFA00258823290080221A
:1046B000A0685B05C01840196944520007F0F0F982
:1046C00080230135FF355B019D42EED1A6603E603F
:1046D000044B9D44F0BDC046FCEFFFFFF042FF1FBE
:1046E0009808FF1F04100000F8B5012703780500A3
:1046F000013B0026BB4216D9F8BD6B68354C9A5D6C
:10470000236901332361344B19783F2905D8187880
:10471000411CC9B21970314B1A54522A07D1227068
:104720006773A77301362B7A9E42E6DBE4E7A37B2F
:10473000002B4AD0617B4B1CDBB2637362540C2BA1
:10474000F0D9237B452B06D0E38A01339BB2E38269
:104750000023A373E6E70121A38AE27801339BB229
:10476000A382A31CD977237960791B0213431BB260
:104770002383A379621D1B0203431BB26383637807
:1047800060182377A3786377637AA377E379E37775
:10479000237AC377D07F84466146A01D00290CD1BF
:1047A0000131D177C377E31CDA7F002AD0D0002211
:1047B0000820DA7707F0E4FACAE7C27F9342F2D022
:1047C000C377A36A0133A362EDE7E38A01339BB2A7
:1047D000E382A7E7A461FF1FD061FF1FD161FF1F24
:1047E000F0B51D4F89B02C220021380007F060F889
:1047F00040220021194807F05BF80022184B0021E5
:104800001A700A3202ABD01807F052F8154B04ACFC
:10481000238096239B010593012321002372124BD1
:10482000124A079361C961C2136000220498009282
:104830000599069A06F030F80400624262413B1D79
:10484000DA77002805D1082007F0F2FA0122FB1CD4
:10485000DA77200009B0F0BDA461FF1FD161FF1F0E
:10486000D061FF1FFF060000E94600119461FF1FA1
:10487000014B986A7047C046A461FF1F13B50A4BED
:104880000A4CDB7F002B0ED0002006F041F80022FE
:10489000074B00920FCB05F0FFFF082007F0C8FA86
:1048A00001230334E37713BDA861FF1FA461FF1F39
:1048B0009461FF1F10B5144B144ADB7F1449002B81
:1048C0000FD0138B4B80538B1BB28B80131DDB7F60
:1048D000002B05D0002303320820D37707F050FACD
:1048E00010BD938A002B0AD0938A5B429BB24B8007
:1048F000D38A002B05D0D38A5B429BB2E4E7054BF9
:10490000F5E7044BE0E7C046A661FF1FA461FF1F67
:104910005C61FF1FFFFF0000F0B587B0051E6C460D
:1049200027D0684606F07CFF1B4D022806D10622E0
:104930006946280007F0FCF9002818D00F22210052
:104940000023012094460600EA5C01331709103762
:10495000BE403700664632400600964032003A4379
:104960004A610439062BEED12000FFF779FE07B02B
:10497000F0BD18226946094807F0B2F8AB00E358C9
:10498000013305D01822FF21200006F091FFEBE74C
:104990000135062DF2D1EAE76509FF1F0009001174
:1049A000F0B5002604000F00150085B0B24200D11A
:1049B00084E08A784B1C01934B7812021A43CB781F
:1049C00008781B0413430A79207012061A430092D8
:1049D00003926670252800D190E033D8112813D8AF
:1049E00007F0DEF966001501150115011501A40097
:1049F000B200AB00150115011501150115011501D6
:104A000015011501EF000F01232800D1C7E0DB28B5
:104A100000D0C3E1042D00D8ABE0052D00D18FE11B
:104A20006E1F32000098791D07F0E2F80522390068
:104A3000200007F0DDF832000099601D07F0D8F87B
:104A40002E003BE0562853D00FD8332800D1A1E0E8
:104A5000552836D02628DAD1BB4D13223100280044
:104A600006F026FFFEF776FB57E0712800D172E0D2
:104A7000722800D184E0DC28C9D1022D00D878E06A
:104A80004B7863708B78A3706B461E88032D05D01E
:104A9000033DC81CAAB23100FEF7E8FB310010222A
:104AA000E01CFEF7A3FCC61C002807DA60706DE06E
:104AB0000C222000A54907F09BF80C26300005B019
:104AC000F0BD6A1EA24D0C2A10D8002A07D028007B
:104AD000019907F08DF8FFF73FFDFFF7B5FD0C22B8
:104AE0002900601C07F084F80D26E7E70C22EEE7AA
:104AF000974D984B2A0043CB43C2ECE76A1E924D78
:104B00000C2A11D8002A08D00199280007F070F863
:104B10000C2228009049FEF7A9FB13222900601CF3
:104B200007F066F81426C9E70C22EDE706228B4948
:104B3000601C07F05DF80626C0E712228849601C59
:104B400007F056F81326B9E708228649601C07F0DB
:104B50004FF80926B2E7012D0ED04978F02908D880
:104B6000814D288801F0BEFC804B2A885200D35A20
:104B700000E0FF23637009E07B4A7C4B1288F5E775
:104B80007B4B012D04D04A785A706270022695E75B
:104B90005B78EFE72000FFF737FA06008EE7042D79
:104BA00005D9744D009B2B6007F002F8A860FFF751
:104BB00093FC0422039003A9601C07F019F8052652
:104BC0007CE76D4E062D15D906223000019907F0BD
:104BD000AFF800280ED006220199300007F008F83F
:104BE000062266493000FEF741FB0123604A5178F6
:104BF0000B43537031000622601C06F0F9FF0726B4
:104C00005CE7012DB5D04878FFF786FEBEE70128A6
:104C10001FD15B4AAB1E0092132B06D84B78002B9A
:104C20000BD100F09BF900F0D1F9564B00991E789A
:104C3000601C721E06F0DCFF40E7013D2A0001996E
:104C4000009806F0D5FF50490098AAB2FEF70EFB77
:104C5000E9E7032800D0DAE6012D2CD120700C23DF
:104C60004A4A6370D27F4A4BA2709A1CD27F1026A8
:104C7000E2701A6922711A69120A62711A69120CB9
:104C8000A2711A69120EE2719A8A22729A8A120A23
:104C90006272DA8AA272DA8A120AE2721A8B2273BA
:104CA0001A8B12B2121262735A8BA2735B8B1BB2F5
:104CB0001B12E37302E74B782070002BCFD0012B3F
:104CC0001BD10B336370324B0B261A8BA2701A8BDD
:104CD00012B21212E2705A8B22715A8B013312B245
:104CE00012126271DA7EA2711A7FE2715A7F227209
:104CF0009A7F6272DB7FA372E0E6032B00D038E775
:104D0000022D00D135E70C22224B89781878042631
:104D1000A07018786270E170884200D8CEE61B78E7
:104D20005B1A1E1CDBB2934200D9161C1A4BF6B25A
:104D30003200201DC918043606F05AFFF6B2BDE64F
:104D40001525102672E6C0464461FF1FB0BF001152
:104D50007861FF1FA4BF0011F50C00005061FF1F18
:104D60003061FF1FF442FF1FC041FF1F6864FF1F37
:104D70007461FF1F8461FF1F6509FF1FADAC000058
:104D8000F963FF1FF763FF1FAEDE0000A861FF1F7E
:104D9000A461FF1FD061FF1FD161FF1FDA2800D07F
:104DA000E7E6042D00D8E4E6082D17D9BB797A7917
:104DB0001B021343FA7912041A433B7A1B0613436E
:104DC000009A1360009B05221B68390020000393A2
:104DD00006F00EFF0422601D03A9B8E6FE236370EF
:104DE000F0E7C04670470000020010B5094B0A32D8
:104DF000094C92B2DA815A8298811882207802F0A6
:104E0000D5F90422054B012120781A7006F0E8FD3F
:104E100010BDC0467E42FF1F4264FF1F4164FF1F5A
:104E2000013870B5042809D806F062FF03092C0880
:104E30001200244B0221187806F0D2FD70BD214BE0
:104E40000821187806F034FF00221F4B1A72F5E78C
:104E5000802200241C4B520060201A81DC7206F074
:104E6000E7FF1A4B1C701A4B1C70FFF707FD154D1E
:104E700008212878174A06F00BFD2100287806F053
:104E800047FFDBE70F4B0821187806F011FF602081
:104E900006F076FF1048FEF759FF104B104A9B7939
:104EA0009380104A13800022074BDA720132FF32DE
:104EB0001A810D4B5B78002BC0D00C4A136006F0B2
:104EC000C7FEBBE71A62FF1F6861FF1F1962FF1F61
:104ED0001862FF1F10270000C941FF1F7861FF1FE4
:104EE0007C43FF1FBA41FF1F7461FF1F34F0004075
:104EF00010B5012907D1042805D18021024B890072
:104F0000187806F06DFD10BD1A62FF1F10B500295C
:104F100007D1042805D18021024B8900187806F0BA
:104F20005FFD10BD1A62FF1F0300F0B50A4D8E1819
:104F3000B14202D152008018F0BD0C782F682409CC
:104F40003C5D0F271C700C7801313C402F683C5DA4
:104F50005C700233ECE7C046B441FF1F1022124BD5
:104F600010B51A700F23114C11492370093A063BF2
:104F70001048637006F03CFE2D2301220E490F48B5
:104F80006372FFF7D1FF01220D49FFF7CDFF012228
:104F90000C49FFF7C9FF030000200B4902001870FD
:104FA000FEF764F910BDC0461664FF1FF763FF1FCC
:104FB00051BF0011F963FF1F6709FF1F0164FF1F45
:104FC0006609FF1F6509FF1FAEDE000070B5134CB8
:104FD000142220001249FEF709FA431E114D132B2B
:104FE00019D8AB78002B16D0431C2B7009236B709B
:104FF00000230019037028780B4B01302900C0B240
:10500000187006F09DFD297822000139C9B20020F0
:1050100005F09EFD70BDFFF7A1FFECE7F963FF1FF0
:10502000AEDE0000F763FF1F1664FF1F10B5114BC3
:105030001A781870002A0ED000280BD10E4B1A785F
:10504000062A07D85423D340DB0703D50B4B187827
:1050500002F0ACF810BD0028FCD0074B1B78012BE8
:1050600002D0033B022BF5D8044B0121187806F03F
:10507000B7FCEFE71A64FF1F4164FF1F4264FF1F84
:1050800070B54D4E4D4A4E493070042005F0BEFAC1
:10509000FEF760F8FFF7A4FB06F0CAFB03224949BC
:1050A0004948FFF741FF2D24030004221C704749A3
:1050B0000130FFF739FF30230470454D454C4370F4
:1050C00083702E3B062220004349EB87FEF78EF9C2
:1050D000062813D0200006F0A3FB022809D00321E4
:1050E000200006F08DFE8D23E3706E3B2371193393
:1050F0006371062220003849FEF7B8F8374B1B6869
:10510000FC335C64FFF762FF0020FFF78FFF344C35
:10511000344A0121344B1278207802F009F8334ADE
:10512000334B12780021207802F002F80122314B33
:105130001A70314B9B78552B36D1304B3B325A721B
:105140002F4B304AAB81EA812B826A822021307852
:1051500006F056FD0120404205F046FD0120404288
:1051600005F0E2FDFFF700F8FEF7AEFD00F0F8FCF9
:1051700001204042FEF78EFE012006F049FBF020A0
:1051800001F094F90121307806F02AFC307802F021
:1051900069F91D4806F064FEFEF766FC00226020F7
:1051A000110006F05DFC70BD6422184B5B7953431F
:1051B0001A000A32C6E7C0461A62FF1F0D4F0011DF
:1051C000F14E0011F442FF1F3061FF1F5061FF1FBD
:1051D0007E42FF1F6509FF1FADAC00006464FF1F26
:1051E0004264FF1FE841FF1FC941FF1F1664FF1FF4
:1051F000F763FF1FE863FF1F7461FF1F6861FF1FF4
:10520000C4090000CE0900001C62FF1F7861FF1F67
:10521000F8B50D008B0600D485E07B4B1B78002B86
:1052200019D0FFF759F9FFF723FB784B784A196833
:10523000884213D0774918600B8801330B80012115
:10524000754B197006231370744C2000FEF77EFD19
:10525000210006F0FDFB20206840F8BD1378002BEC
:105260000BD0013BDBB21370002BF4D16A4A1370F0
:10527000684A138801331380E6E7694B694C6A4E2C
:1052800099686268737A8A1ADB039A4202D3616072
:10529000FEF7EAFB327A217A531EDBB299422ED115
:1052A000FEF7FAFF637A002B25D0013BDBB2637275
:1052B000002B20D15D4B9B78552B01D106F0C8FC0B
:1052C000E37A002B12D00023A27AE3729A4202D032
:1052D000A372FEF759FC4F4A504F13883800013330
:1052E0001380FEF733FD390006F0B2FB64237079BA
:1052F0005843FFF779FD237A01332372ABE79142DC
:10530000D0D300272772FEF7BBFFA37ABB4202D09F
:10531000A772FEF739FC414F3800FEF717FD390040
:1053200006F096FBBEE70BB2002B0ADA404B18786A
:1053300006F0D6FC002801D006F072FB80200002A7
:105340008AE70224214209D0374A364B127A0120DB
:10535000023A1A72FFF76AFE20007DE70B0721D59B
:10536000FFF7BAF82E4B2F492F4C98684A68637A9A
:10537000821ADB039A4202D34860FEF775FBFEF700
:105380007FFFFEF789FF2A4B08211878294A06F08B
:105390007FFA00F0FFFB2368DB0701D5FEF76EFE06
:1053A000082059E7CB0609D5FEF7EEFB164B1B7814
:1053B000002B01D1FEF79CFC10204DE70124214277
:1053C00005D01D4800F086F806F0FAFAC4E78024FC
:1053D000A40021420FD0042004F002FF0028BBD01B
:1053E000094B1B78002BB7D026220E4B13485A725C
:1053F000FFF7FAFCB0E7042408002040214200D166
:105400002BE7FEF763FDA7E71A64FF1F1462FF1F77
:105410001862FF1F5C61FF1F1962FF1FC941FF1F58
:105420008461FF1F6861FF1F7861FF1F7461FF1FA8
:105430001A62FF1F10270000AC41FF1FC4090000C3
:10544000F0B51A4B1A4F1B883A880400194E1A4DB2
:1054500085B09A420DD832889A420AD3174B1A88DF
:105460002B889A4205D1164A164B12881B889A42FD
:105470001AD0052001F070F83B8802A90B80338810
:1054800001904B802B88104D8B800E4B2A781B8807
:10549000CB800E4B188802F091FD0D4B0821287827
:1054A000019A1C7006F0F4F905B0F0BDE663FF1F29
:1054B000BE41FF1FBC41FF1FBA41FF1FE463FF1F36
:1054C000E263FF1FB841FF1F4264FF1FC041FF1F7F
:1054D000E063FF1F13B50C4B1C78002C11D1002882
:1054E00001D00A4B18600A4A0A4B11780A4A107810
:1054F0000A4A01920A4A0092002205F021FA20008D
:1055000016BD1124FBE7C0464164FF1FDC63FF1F8B
:105510004064FF1F3064FF1F4264FF1F1C64FF1FB5
:105520002064FF1F10B5064B12201B78052B06D1F7
:10553000044B13221988044B187801F0E9F910BDC7
:105540004164FF1FC041FF1F4264FF1F10B50024CC
:105550000122114B52421870104B1C70104B1A80D4
:1055600001F080FF04220F4B21001A700E480C320C
:1055700006F0FEFA102221000C4806F0F9FA072284
:105580000B4B1C600B4B1C700B4B1C700B4B1A70A5
:105590000B4B1C7010BDC0464264FF1F4164FF1FCF
:1055A000C041FF1F4064FF1F3064FF1F2064FF1FC6
:1055B0001C64FF1FF663FF1FF563FF1FC241FF1F3F
:1055C000F463FF1FF8B5174C0600257806A81424CD
:1055D0000078052D23D1B41F134FA5B21824BD4266
:1055E0001DD88D1FADB2BD4219D8FA256D00AA4253
:1055F00015D21D000D4F0A3DADB2BD420FD80C4C67
:1056000026800C4C21800C4900240A800B4A138010
:10561000FFF716FF0A4B0421187806F049FB20001B
:10562000F8BDC0464164FF1F790C0000750C0000F6
:10563000BE41FF1FBC41FF1FBA41FF1FB841FF1F02
:105640004264FF1FF0B50BB20D0089B0002B00DBE8
:1056500070E1A44E307806F043FB041E50D003786E
:10566000A22B00D122E1D02B1AD0912B45D1437827
:105670000E2B42D19C4B82889A423ED19B4B1B7889
:10568000052B3AD18368032018567F2835D0984BD4
:105690001B68002B31D05B68002B2ED098472CE084
:1056A0008078072829D806F023FB0428183F3F7488
:1056B000A8D86378002B0CD101218C4B19708D4B2D
:1056C0001A78002A5BD08C4B307801F031FD00282D
:1056D00055D00722854B1A7051E061780029F8D126
:1056E000E378002B11D0854A854B1278307801F091
:1056F0001FFD60706378002BEBD1200006F090F95D
:1057000080200002684009B0F0BD784B1B78022B66
:10571000F3D00121307806F03BF90028EAD10121CD
:10572000307806F05DF9E5E76378002BD1D16F4F53
:10573000032807D13B78052B02D101333B701EE0D3
:105740000223FBE76F4B1A886F4B0293002A0BD0A2
:105750001B78002B03D00121307806F099F83B78B4
:10576000062B04D1013BE9E7029B1A70F7E7042BF3
:1057700041D10121029B3078197006F031F95C4B60
:105780001B68002BB9D01B68002BB6D0574A107885
:1057900084E76378554F002B27D10622211D5B48F3
:1057A00006F026FA62895A4B5A491A80A2895A4B46
:1057B0001A80E3890B800521397058490A80584ABC
:1057C0001380228A574B1A80574B1B78012B09D123
:1057D0001F2000F0C1FEFA229200424304213078DB
:1057E00006F056F80022484B75E7312B00D070E7E1
:1057F0000022454B1A700323A0E7062200214348EC
:1058000006F0B6F90023454A04211380444A307853
:105810001380444A138006F04BFA0821307806F0D2
:1058200047FAA379083B5A425341304A0333137075
:10583000304B1B78002B06D0334B30781A78002A77
:1058400006D001F0B3FC0122314B52421A8096E798
:105850000121197006F0C4F8F5E70821307806F048
:1058600027FA6378002B00D047E72C4B2D4F02938B
:10587000E388029A04211380294B3078039323890B
:10588000039A138063893B8006F082F8002800D0D9
:1058900033E7264B1B68002B00D12EE703990298B3
:1058A0003A88098800881B68984726E74379132BB4
:1058B00000D022E70389012B0AD11D4B1B78022B54
:1058C00006D10821307806F0F3F9FFF72BFE14E734
:1058D000052000F041FE08210200307805F0D8FFD5
:1058E0000BE7C0464264FF1F051400004164FF1F20
:1058F000DC63FF1FE841FF1FC941FF1F1664FF1F44
:10590000F763FF1F1864FF1F1A64FF1FE963FF1F7F
:10591000C041FF1FF063FF1FF263FF1FE663FF1F1D
:10592000E463FF1FE263FF1FE863FF1FD863FF1FED
:10593000E063FF1F8020C001014200D0E2E6CB07F8
:1059400031D5324B1B78002B1DD0314E05AC33784E
:10595000052B1AD1023B23702E4B21001B7823729A
:105960002D4B1B7863722D4B187801F085FB0028B6
:1059700009D007202A4B30701B68002B03D01B680E
:10598000002B00D098470120BCE60E20254B0622B4
:105990001B7825492370254B1B78637002ABC01818
:1059A00006F026F9D8E7022308001840194209D06A
:1059B000174B1B78052B03D11D4B188805F0B8FF3A
:1059C00002209FE60424214203D0FFF739FD200086
:1059D00098E6082308001840194200D193E6154BB9
:1059E0001C78012C03D0022C0DD008208AE6124B23
:1059F000124A134913481B881288098800880094AA
:105A0000FFF7E0FDF1E7FFF78DFDEEE71A64FF1FFA
:105A10004164FF1FC241FF1FF463FF1F4264FF1F69
:105A2000DC63FF1FF663FF1FC341FF1FF563FF1F0A
:105A3000C041FF1FE063FF1FB841FF1FBA41FF1FB6
:105A4000BC41FF1FBE41FF1F10B502A804880B20F8
:105A5000002C10D1496808784978090201430C48A4
:105A6000814209D1022119800A4B59881170DB78D3
:105A700000205BB2537010BD074C0A20A142FAD13E
:105A800002211980034B998811705B79F0E7C046B9
:105A90006E2A00005C61FF1F6F2A0000F7B5150039
:105AA00008AA16884A680F4F1478527812022243C7
:105AB0000A24BA4214D10122DBB2019200962A00D4
:105AC00005F040FE041E0BD1074B1B68002B07D0CE
:105AD00068782A78000210434242504101309847CA
:105AE0002000FEBD022900005464FF1F30B50125CF
:105AF00003790400BFB02B4225D01449408805F03B
:105B000091F928420CD0124B01A95B8D60880B8063
:105B100002234B800F4B00225B888B8002F044F9FC
:105B20000D49608805F07EF9C0070CD50B4B01A923
:105B30001B8800220B8002234B80064B9B888B80A6
:105B4000608802F031F93FB030BDC0464C64FF1FA1
:105B5000EC41FF1F5C61FF1F4464FF1F4642FF1FB3
:105B600010B50749074805F013F90749054805F03E
:105B70000FF90721054A064805F0CCF810BDC046CC
:105B80004C64FF1FFFFF00004464FF1FD0BF0011E3
:105B9000EC41FF1F10B5024802F08AFF10BDC0465D
:105BA000ED5A00110200F0B501270A480A4E5118BB
:105BB0008B1A002B00DCF0BD0824157843086840E0
:105BC00038404000805B013C58406D08002CF5D106
:105BD0000132EDE7FFFF0000EABF0011F0B500253C
:105BE0000F269D4200DBF0BD4C5D07094440344068
:105BF000A400A05801357840F3E7000070B50C0010
:105C000088B06B460F2610340A780131150012094E
:105C100035401D705A700233A142F5D120236946E8
:105C2000024AFFF7DBFF08B070BDC046F0BF0011AD
:105C3000F0B54E780B7889B036020C001700019051
:105C40001E43012A61D9954B9E4200D877E001336B
:105C50009E421CD1062A17D1CA788B7812021A43A9
:105C60000B791B0413434A7912061A438C4B5A6171
:105C700000221A705A808B4A5A608B4A9A608B4A6B
:105C8000DA60002009B0F0BD88225205EEE7884BAB
:105C90009E423CD182498B78002B00D0F6E00C2A42
:105CA00031D10F22A3789343E27812021343227971
:105CB000120413436279120613434B60E279A07910
:105CC00012020243207A00041043627A1206024351
:105CD000CA60E27AA07A1202024376484A8183427D
:105CE00008D804236E49142201980B7005F080FF38
:105CF0001420C7E71201D21889235B059A42F0D815
:105D000001238B70BDE7022AFAD00523EAE76A4A2D
:105D100001239642E6D1FFF705FC052F0CD9E37865
:105D2000A2781B021343227912041A4363791B06DB
:105D30001343624A0393136005F08AFFA1E7584DAD
:105D40002B78002B9DD1AB78002B00D1A0E02B89C4
:105D500001339BB20093B34200D091E0132AD4D90F
:105D6000CF7C8B7C3F02122120001F43FFF71AFFDC
:105D7000874200D08EE0002E3DD1E378A2781B024E
:105D800013432279E96812041A4363791B0613430B
:105D900003930A228B4212D1FF23A370E370237175
:105DA00063716B89002B09D1E37B227C1B021204F7
:105DB0001343A27B13431B0901336B8100226B89C0
:105DC000002B8ED0002A67D1686837013818000B85
:105DD0006B6900030390984205D9686105F090FE55
:105DE000EB780133EB7068681022A11C381805F0BD
:105DF00057FE2E8145E76F89009A7B1E9BB2934226
:105E00003AD1E278A37812021A43237905A81B0439
:105E1000134362796C6812061A43EB68009203928E
:105E2000211D0C22049305F0E3FE0120260004A9A5
:105E300040421036FFF7E2FE013F012F17D1009AD2
:105E40000B232861824200D04CE704221C49200029
:105E500005F026FE042203A9686805F041FEE96802
:105E6000039AFF23914200D13CE7F73B3AE7310028
:105E7000FFF7C4FE1036DFE70923B742A4D831E7A5
:105E8000009BB34200D9FCE607232BE7022329E756
:105E9000032327E7062325E70A2323E7FFFE000065
:105EA0006042FF1F00000111FFFF000050485936FB
:105EB00001FF0000FFFF001102FF000034F000406E
:105EC0006C42FF1F10B5034C0B000122210000F0B3
:105ED0006BFA10BD856000110B8870B506000D00CF
:105EE0000224162B11D92B000322094900F05CFA79
:105EF000041E0AD1074B2A881B88191C934200D91B
:105F0000111C300089B200F0EDFA200070BDC046CF
:105F1000B16000116A64FF1F10B54A780400013AAD
:105F20000B000220012A07D80A78002A04D0052293
:105F30002000024900F038FA10BDC046DF600011B1
:105F40000A7810B50B0004000220002A04D00722B2
:105F50002000024900F028FA10BDC0468B610011F4
:105F60000A7810B50B0004000220002A04D0092290
:105F70002000024900F018FA10BDC046F16100117E
:105F800010B5034C0B000B22210000F00DFA10BDE0
:105F90002162001110B5034C0B000D22210000F00E
:105FA00003FA10BD9362001110B5034C0B000F22D1
:105FB000210000F0F9F910BDED6200110A7810B56A
:105FC0000B0004000220002A04D011222000024904
:105FD00000F0EAF910BDC046FD620011002310B5C3
:105FE0001322190000F0E0F910BD000010B5034CB9
:105FF0000B001722210000F0D7F910BD4F630011EC
:10600000002310B51922190000F0CEF910BD0000D0
:1060100010B5034C0B001B22210000F0C5F910BD88
:1060200089630011F7B584890D0006000121002C59
:1060300022D000238268D3561778002B1EDA0C2C4E
:106040001AD90C3CA4B2131940880093230002F023
:1060500090FE431E984101307B06DB0F6B703F239F
:10606000013C1F40A4B22870AF70AC80002C07D058
:10607000B3680133AB6000210800FEBD0020EBE7F0
:10608000AC60F8E70B7803704B8843704B881B0AB1
:1060900083700B79C370042070470420022B06D153
:1060A0000020537811781B02009A0B43138070472D
:1060B0000B8803700B881B0A437002207047042072
:1060C000009983420AD1537810781B0203430B8056
:1060D000D37890781B02034300204B807047F8B5BB
:1060E0000D004B7801240021461C03702B788B4255
:1060F00001D82000F8BD6B78B01C4F1C012B10D1CB
:10610000890069184B88022233704B88B9001B0A3A
:106110007370691805F05CFD04360434A4B2F9B25A
:10612000E4E7122359436B185A88043132705B88B4
:1061300010221B0A7370691805F04AFD12361234DA
:10614000ECE770B5049D14001E00052B01D8042057
:1061500070BD637812781B0213432B80E378A2781A
:106160001B02134302226B802A71211D681D063E0B
:1061700005F02EFDB2B22A81E92AE8D82800A11D37
:106180000A3005F025FD0020E2E7002310B50A786B
:106190009A4201D8900010BD9A008A1854880133A1
:1061A00004705488DBB2240A447094888470928806
:1061B000120AC2700430EAE710B51100029C062BE7
:1061C00004D004201022142B01D010BD0222227111
:1061D0004B7808781B0203432380CB7888781B0216
:1061E000034363800431601D05F0F2FC0020ECE7FE
:1061F00010B50C788B7804315C43E4B20370220054
:10620000013005F0E5FC601C10BD0420022B06D116
:106210000020537811781B02009A0B4313807047BB
:1062200010B50C000A88023105F0D2FC208810BDA0
:1062300070B504000D0004981100012B01D8042052
:1062400070BD167852781202324302800200F13299
:1062500055701470E125002C00D10C35023B9AB228
:106260004280AA42EBD80231043005F0B1FC002094
:10627000E6E70420009983420AD1537810781B0284
:1062800003430B80D37890781B02034300204B809C
:10629000704710B50C000A88023105F099FC20887F
:1062A00010BD000070B501211E000420049C0E40AA
:1062B0000B4218D1CB40DDB28D4214D90A49DBB272
:1062C000098899420FD32300EE331D703300580024
:1062D00011184978165C0902314301332152D9B2B1
:1062E0008D42F4D8002070BD7842FF1F10B50C001D
:1062F0000A88023105F06CFC208810BD10B50C78BE
:106300008B7804315C43E4B203702200013005F065
:106310005FFC601C10BD10B511000298032B01D862
:10632000042010BD14785278043B120222430280EC
:10633000CA788C781202224342809AB28280EB2A79
:10634000EED80431063005F043FC0020E9E710B533
:106350000C000B8803700B881B0A43704B888370FA
:106360004B881B0AC3708A880430063105F030FC64
:10637000A088043080B210BD0420012B03D100207E
:106380001378009A1370704710B50C000B880370D7
:106390000B881B0A43704A880230043105F018FC50
:1063A0006088023080B210BDF0B589B003931D4BF8
:1063B000029242000700D05A019102F022F8132500
:1063C000061E2CD0029B01240370019B002B04D0DD
:1063D000001903999847001984B26B461B7A5BB287
:1063E000002B0FDA1021380002F01CFB19250028C1
:1063F00012D130003219E1B202F070FC051E0BD14F
:106400000C34A4B2042305A938000B800C814E6023
:1064100001F0B2FD051E02D0300005F069FB280036
:1064200009B0F0BD6864FF1F70B505000C000028BE
:106430000CD00020814209D010222000044905F030
:10644000C7FB01202B7823736B78637370BDC04644
:1064500030C00011F0B506000D0017001C0085B01B
:1064600002291BD00020102907D1022B07D0102BA6
:1064700003D115E00020102C08D005B0F0BD69460E
:106480003800FFF7D1FF2A0069460BE0694630006B
:10649000FFF7CAFF22006946380004E0022BE9D169
:1064A0002A003900300005F0CBF9E6E7031CF0289C
:1064B00000D9F023032008499AB2013A0B80D31780
:1064C000034006499B189B100B80D30F04499B186F
:1064D0005B100B807047C0467C42FF1F7A42FF1F53
:1064E0007842FF1F034B1B888B4202D3024B4000B4
:1064F000C15270477C42FF1F6864FF1F014B400080
:10650000185A70476864FF1F1722014B1A807047A2
:106510006864FF1F70B505000E2005F069FA041EBF
:1065200013D0D023037000230622837007494570DF
:10653000033005F04DFB064B2100DA8A62811B7E99
:106540002373044B187805F063FA70BD8464FF1F51
:106550007464FF1FCC42FF1F262803D8024B400063
:10656000C05A70470148FCE77E42FF1FFFFF000052
:1065700070B506000C00094D1C220021280005F012
:10658000F7FA074B1E70074B1C7005F019FC01232E
:10659000002801D0002312202B7070BD7464FF1FEF
:1065A000CC42FF1F9564FF1F70B505000D4C08001D
:1065B000E260A16010220021656005F051F9012818
:1065C00003D11021A06802F061FD102200212800F3
:1065D00005F046F9012803D11021606802F056FD4C
:1065E00070BDC0467464FF1F70B5041E05D100293C
:1065F00003D006220D4805F0EBFA0D4B1D78012D56
:1066000011D1002C05D102221A7005F069F9280079
:1066100070BD00221A70074B1B78FF2BF7D02000AB
:10662000FFF778FFF3E70025F1E7C0468464FF1F1A
:106630007464FF1FCC42FF1F030010B5002801D176
:10664000002010BD00780B4A002803D15988D18260
:106650001B7913761378022BF2D10023984200D1D4
:1066600003331370044B1B78FF2B01D0FFF752FF4D
:106670000120E6E77464FF1FCC42FF1F002911D000
:1066800000280CD04B79012803D1402252421343F9
:1066900003E03F221340032802D001204B717047D2
:1066A0004022F4E70800FAE770B5094D01002878A8
:1066B00000280BD0074C0622200005F089FA2100A3
:1066C0002878FFF7DBFF200005F08AFA70BDC0468E
:1066D0009464FF1F6E64FF1F00290AD0012808D1AF
:1066E0003F224B799343C02B03D0403B5A42534146
:1066F000981C704770B5174D06002B78FF2B15D0EE
:106700000A2005F075F9041E10D0D0230370C83B91
:106710008370114B11491B784670C37006220430F8
:1067200005F056FA2100287805F072F90C4B1B7819
:10673000012B0DD10B4B1B68002B03D09B68002B4A
:1067400000D09847084B04211878084A05F088FAC9
:1067500070BDC046CC42FF1F9464FF1F6E64FF1FD4
:106760009064FF1FBC64FF1FC064FF1F60EA00004D
:10677000014B98687047C0467464FF1F014BDB688B
:10678000186870477464FF1F074B10B5DA68136808
:1067900001331360054B1878FF2803D08021C9010D
:1067A00005F01EF910BDC0467464FF1FCC42FF1FE8
:1067B000F7B50E0002F0CAF8051E1CD00E4B06629B
:1067C0001F78002F00D10778AB791020019305F0D6
:1067D0000FF9041E0FD0D0230380C73B8370019BA9
:1067E000E91DC3700622043005F0F2F921003800DB
:1067F000E66005F00DF9F7BDCA42FF1F014B18789E
:106800007047C0469464FF1F054B002805D1054B17
:106810001A78054B002A00D1014B18007047C0467A
:106820008464FF1F9464FF1F6E64FF1F014B586850
:106830007047C0467464FF1F024B1868431E98419E
:10684000C0B270479864FF1F421E03000120152A42
:1068500003D9FF3B5A425341D8B27047F0B51C00F0
:1068600000230E0085B0039002920B70029A9342AF
:1068700001D3002019E0E55C5A1CD2B2002DF8D0FB
:10688000029851198142F4DC0233DFB2A35C180094
:106890000193FFF7D9FF002807D0013D019A039922
:1068A000EBB233708A4202D1E01905B0F0BDDB19BA
:1068B000DBB2DBE710B50C0002F0A0F803001220F9
:1068C000002B03D02100588805F06AF910BD0000A4
:1068D00070B50E4D84006359002B15D0186A00283E
:1068E00001D005F095F92B59586A002801D005F020
:1068F0008FF92B59986A002801D005F089F9285999
:1069000005F086F900232B5170BDC046A464FF1F1B
:106910001C4B70B504000E00150099420AD11A4BA9
:106920001B68002B01D1122070BD1B68002BFAD010
:106930009847F9E7154B994215D1134B1B68002B6B
:106940000AD01B68002B07D09847002804D1104BB1
:106950001C70104B1D70E7E729002000FFF7AAFF0D
:106960000028E1D1F3E7080001F0F0FF0028DAD0B9
:1069700003780320A342D7D12900300005F010F995
:10698000D2E7C046FEFF0000A064FF1FFFFF00002B
:106990009D64FF1F9C64FF1FF7B50400808801F011
:1069A000D5FF0025A84203D00578A08802F00AF898
:1069B0001C4E3378002B1FD0AB421DD11A4B280040
:1069C0001978FFF777FF002818D000233370A379D8
:1069D0000820A778A688019305F00AF8011E0DD0BB
:1069E000D0230370CA3B8370019B477086808371FC
:1069F000280005F00DF801E0002DE8D1A0880B4B30
:106A00008200D358002B01D0FFF762FF1721A08826
:106A1000FFF768FDA08801F02BFDA08801F002FEC1
:106A2000F7BDC0469D64FF1F9C64FF1FA464FF1F49
:106A3000F0B587B01D000CAB1B88070001930DABB0
:106A40001B88142002930EAB1B88160003930FAB18
:106A50001B880091049310AB1B88059304F0C8FFBA
:106A6000041E1AD0D0230370CB3B47708370C670CE
:106A7000062229000430002D11D005F0A9F8019B51
:106A800021006381029B0098A381039BE381049B07
:106A90002382059BA37404F0BBFF07B0F0BD05F093
:106AA00067F8ECE7F7B5009308AB1B8807000C20EC
:106AB0000D001600019304F09BFF041E13D0280064
:106AC00001F044FF00280FD00078D0232370C93B89
:106AD000A370009B21002381019B6770A580E68045
:106AE000638104F095FFF7BD014B1878EDE7C046D0
:106AF000CC42FF1F13B5040064890389C2888188D2
:106B0000C0780094FFF7CEFF13BD000010B5044C11
:106B10002068002803D005F07BF80023236010BD17
:106B2000A864FF1FA122F0B5818892004A43384B28
:106B3000384F1B6889B09B189D2292009B18827960
:106B400004001A603B68002B5FD01D78324B1B6835
:106B5000002B04D05B68002B01D000209847260052
:106B600008363100E079FFF7B7FD237DE0710200C0
:106B7000E0780493638A29000393238A0293E389CC
:106B80000193A38800933300FFF752FFE378002BB3
:106B90000BD1E289A379A18802920196E2792800BB
:106BA0000092012201F0DCFEE0703B68002B20D057
:106BB000FFF7ACFF194D287800281AD0184B197828
:106BC000FFF778FE002814D02B780820A788E678F5
:106BD000079304F00DFF011E09D0D0230370CA3BB8
:106BE0004670837087808671079804F011FF002338
:106BF0002B701721A088FFF775FCA08801F038FCE6
:106C0000A08801F00FFD09B0F0BD064B9DE7C0461E
:106C10003409FF1FA864FF1FBC64FF1F9D64FF1F92
:106C20009C64FF1FCC42FF1FF8B5070008000E0050
:106C300001F08CFE041E18D02620FFF78DFC051EE7
:106C400000D12578062004F0D3FE041E0DD00021CB
:106C5000062204F08DFFD0232370C23B2100677011
:106C6000A370A680E8B204F0D3FEF8BDF0B585B0FD
:106C700001930AAB1B78070002930BAB1B7808004B
:106C80000D000092039301F061FE061E22D0102039
:106C900004F0AEFE041E1DD01022002104F068FF97
:106CA0002620FFF759FC002800D13078D02323702C
:106CB000C13BA370009B21002372019B677063722C
:106CC000029BA580A372039BC0B2E3720C9BE3609E
:106CD00004F09EFE05B0F0BDF7B50D00019001F087
:106CE00035FE071E1FD00E2004F082FE041E1AD0AF
:106CF0002620FFF731FC061E00D13E78D0232380EA
:106D0000C53BA370F91D0622E01C04F061FF019B46
:106D10002100638101232B40AD07ED0F23736573C1
:106D2000F0B204F075FEF7BDF0B585B0029010002A
:106D30000D0017000A9E039301F008FE041E31D0D7
:106D4000029B002B2ED1039B02795B0724D51223D3
:106D500013430422002E08D10B99002905D10C9968
:106D6000002902D10D9900291AD01A430D9B2271D6
:106D7000002B00D0C9E0002E00D1CFE0002D00D0C4
:106D8000CCE0606A002801D004F042FF1C213000F2
:106D900005F03EF8606205E002239A430E33D7E720
:106DA00093432371654BBA00D458002C00D1AAE05C
:106DB000002E10D0236A002B03D11C2005F030F8E0
:106DC00020625E4BBA00D358186A002803D01C22F8
:106DD000310004F0FDFE0C9B002B12D0574CBB0081
:106DE0001D596B6A002B03D1162005F019F8686253
:106DF000BB00E358586A002803D016220C9904F00F
:106E0000E7FE0D9B002B11D04C4DBC006659B36AB8
:106E1000002B03D1142005F003F8B0622B59986AB7
:106E2000002803D014220D9904F0D2FE380001F09E
:106E30008DFD051E67D0414BBA00D358002B62D0A0
:106E40001A6A3420002A00D11C389A6A002A01D01C
:106E5000143080B20B9A002A01D01C3080B25B6AD9
:106E6000002B01D0163080B204F0C2FD041E4AD0BF
:106E70001822002104F07CFE2620FFF76DFB019014
:106E8000002801D12B780193D0232370029B20008E
:106E900063700A23294EA370039BBD00A371AB59F5
:106EA000A780196A1830002905D01C22A06004F0C0
:106EB0008FFE200034307359996A002907D00300EF
:106EC00014221433E060029304F082FE02980B9BBC
:106ED000002B08D003001C221C330B992061029365
:106EE00004F076FE02987359596A002903D01622DD
:106EF000606104F06DFE6B462100187904F088FD96
:106F00003800FFF7E5FC05B0F0BD10220D9B0D9990
:106F10001B69A018236204F05BFE2CE70B9B002B7F
:106F200000D13FE7012D00D03CE7606A002801D086
:106F300004F06EFE1C210B982AE7C046A464FF1FD4
:106F400010B5044C2068002803D004F061FE002333
:106F5000236010BD9864FF1F0B4B07B51A68002A09
:106F600001D100200EBD6946531C01201278073163
:106F7000FFF774FC0028F4D00278012310001840B9
:106F80001A42EED0EEE7C046B464FF1FF0B51F4FC3
:106F900001203B6887B0002B25D09B78059300F03B
:106FA000B3FB002821D00A20FFF7D6FA04000B20FB
:106FB000FFF7D2FA164B05001E78731E9E413B6800
:106FC000F6B2191DD878FFF759FB3B682900DA7A29
:106FD000043303929A7901930292009033002000C7
:106FE000059A04F065FD07B0F0BDFFF7B5FF002876
:106FF00005D00620FFF7B0FA04000720D8E70820E4
:10700000FFF7AAFA04000920D2E7C0469864FF1FE0
:107010009464FF1F70B50A4E040033780D00FF2BF7
:107020000DD0042004F0E4FC011E08D0D02303702E
:10703000CE3B45708370C470307804F0E9FC70BDBD
:10704000DC42FF1F70B5040006200D0004F0D0FCE8
:10705000011E0AD0D0230370CD3B8370054B4470D2
:107060001B688580187804F0D3FC002C01D0FFF752
:1070700067FF70BD9864FF1FF8B5264F06003B6898
:107080000D001124002B05D10522234B1B78134240
:1070900002D112242000F8BD204A10241268002AD0
:1070A000F8D01278002AF5D0DB0719D52B789A1E74
:1070B000012A1AD80C2004F0B3FE132438600028EB
:1070C000E8D000230A22437029000670023004F041
:1070D0007FFDFFF75BFF041E0AD0FFF731FFD9E702
:1070E00000F012FB0028E1D1E4E7002BE2D0D0E76A
:1070F0000B4B1B78032BCDD11D20FFF72DFA094B2D
:1071000018800028C6D0084B04211878074A04F0DC
:10711000A7FDBFE79864FF1F9564FF1FB464FF1FBE
:107120009464FF1F9264FF1FC064FF1F60EA0000A9
:10713000F7B50193194B14001A78052306000F00C8
:1071400012201A4221D0012920D1154B1D68002D93
:107150001BD002201F2C18D8002C02D0019B002B22
:1071600013D0104B1F221E706E1C0021300004F043
:10717000FFFC01992200300004F02AFD31002000BC
:107180002C70002F06D004F073FDFEBD064B1220BC
:107190001D68DCE704F0D4FCF7E7C0469564FF1FE8
:1071A000B464FF1FDC42FF1FB064FF1FF8B50F4E31
:1071B00012243368002B17D01B780F3C834213D165
:1071C00000250B4F0221387804F072FD094B042191
:1071D00038781D8004F06CFD074B28001D80336853
:1071E0005C7004F075FB04002000F8BD9864FF1F7C
:1071F000C064FF1FAC64FF1F9264FF1F70B50128BD
:1072000023D11B4C2388002B03D01A4A1578002D5C
:1072100007D0194B1B68002B02D01878FFF7C6FF68
:1072200070BD3B2B02D93C3B2380F9E7134E022172
:10723000307804F03DFDFA222388920002215A435F
:10724000307804F025FB2580EAE70B4B1B68002B08
:10725000E6D00B4B1B785B07E2D5084B0221187870
:1072600004F026FD0022024B1A80FFF769FED7E7E3
:10727000AC64FF1F9064FF1F9864FF1FC064FF1F72
:107280009564FF1FF8B51E4D2868002803D004F050
:10729000BFFC00232B601B4E3068002803D004F095
:1072A000B7FC00233360184F05243B7818002040BA
:1072B000234221D0154800F02BFA3B78234213D00B
:1072C000202004F0ADFD2860002813D020220021EA
:1072D00004F04EFC202004F0A3FD041E306005D015
:1072E0002022002104F044FC002004E0286804F07F
:1072F0008FFC2C601320F8BD00F00AFAF4E7C046BA
:10730000B464FF1FB064FF1F9564FF1FD042FF1FCE
:1073100010B50A4C23681A1E0ED0002808D101307F
:10732000587004F0D5FA002805D02368002B02D04D
:107330000021FFF787FE0122100010BD9864FF1F97
:10734000F7B5274E050033680191181E21D05C78EF
:10735000244F012C30D1FFF7FFFD002825D020005D
:10736000FFF7FAF80400412814D91F4B02211878BE
:107370001E4A04F075FC1E4B3C3C1C800222336804
:107380005A703B78002B14D128000199FFF75AFE60
:107390000120FEBDFA2292004243002AEED0124B99
:1073A0000221187804F074FAE8E7FFF7D5F8020034
:1073B000F3E700233B70EBE73B78002BE8D1032099
:1073C00004F016FB011E08D0D0230370CC3B45709F
:1073D00083703368187804F01BFBFFF7B1FDD7E723
:1073E0009864FF1F9064FF1FC064FF1F60EA0000E5
:1073F000AC64FF1F10B51749838802008B4220D070
:1074000011D815498B4217D0144900205B1899B246
:10741000012907D8926811785A425341D8B2FFF730
:10742000F9FD012010BD0E4A00209B1807229BB2D7
:107430009A424041C0B2F5E783681878FFF768FFC9
:10744000F0E7836899785A78090218781143FFF7B2
:1074500077FFE7E70A20000006200000F8DFFFFFC3
:10746000AFDFFFFF014B18707047C046DD42FF1FC2
:1074700010B5064C207001F045FA207804F0D0FBDE
:107480000521207800F068FD10BDC046C064FF1FD4
:107490000BB273B50D00002B00DBC4E0884B1878ED
:1074A00004F01EFC041E0ED00378912B0FD0A22BEB
:1074B00000D1A1E0834B1878FF2852D0210004F0BE
:1074C000A7FA00284DD180200002684076BD43789D
:1074D0000F2B76D013D8052B70D00E2BEAD18088D5
:1074E000794B98422BD8794B98421BD8784B9842CD
:1074F000E0D1A3681878591CFFF776F838E03E2BE6
:10750000D8D18378032B74D06CD8012B6ED0022B8A
:10751000D0D1704B1B68002B23D05B68002B20D090
:1075200098471EE06C4BC0180C28C3D804F050FAE2
:107530001DC2C2150BC20B0B0B3223C23C00674BA2
:10754000C0180728B6D8664B1B68002B09D01B68EB
:10755000002B06D0200098470AE0A3681878FFF7B0
:10756000C9F8200004F05CFAADE7A068FFF764F802
:1075700000289FD0F5E7A3681B78002BF1D0554B6E
:107580001B68002BEDD01B68002BEAD0210055486A
:107590009847EDE74F4B1B68002BE2D01B68002B90
:1075A000DFD021005048F3E7504B1B68002BD8D0A8
:1075B0005B68002BD5D021004348E9E7FFF7ECF9E1
:1075C000CFE780884A4B984203D04A4B984200D07C
:1075D00070E7464B1B68002BC3D05B68002BC0D004
:1075E0002100D5E7153B012BBBD963E7FFF79AFADA
:1075F000B7E7FFF77FFAB4E73F4B1B78042B07D1BF
:1076000000236A4613800179408800F0CBFCA8E78C
:10761000364B1B68002BA4D05B68002BA1D0010067
:10762000364898479DE7012421420AD0294B1B6820
:10763000002B04D05B68002B01D00020984701206C
:1076400043E78B070AD5264B1B68002B04D05B68E9
:10765000002B01D020009847022036E704212800A3
:1076600008400D4200D131E7254E3388002B21D050
:10767000013B9BB23380002B1AD1FFF7DDF80028C5
:107680000AD0204B1C70164B1B68002B04D05B6883
:10769000002B01D020009847FFF7C8F8694601F099
:1076A0000CFD6846FFF700F81D20FEF755FF3080FF
:1076B00004200AE7024B187804F0FAFAF8E7C0460B
:1076C000C064FF1FDD42FF1F0E20000001200000EC
:1076D00009100000B864FF1FFEDFFFFFAFDFFFFFF0
:1076E000BC64FF1F0C2000000B200000A064FF1FE3
:1076F0000D200000132000009564FF1FFFFF000015
:107700009264FF1F9064FF1F10B501F09FF910BD38
:10771000014B18607047C046BC64FF1F0B880020F7
:10772000162B01D817230420014A13807047C04646
:107730006A64FF1F00207047074A030011888142D6
:1077400007D091880020994202D1013080001018A2
:1077500070470020FAE7C046C864FF1FF0B58F7875
:1077600006000D00C5B01E2F15D1FFF7E5FF051E61
:1077700003D10024200045B0F0BD00223B003100C1
:10778000C078009200F0B8FB0400A81C00F0D8FB01
:10779000FF23EB70EEE7264B062403931B78FF2BA9
:1077A000E8D0182FE6D87B08224A013BDB00029282
:1077B0009A589446002ADDD0029AD3185B68002BB1
:1077C000D8D00878002802D14B78012B02D10624AA
:1077D000122FCFD107AFAB88697800976446AA68AB
:1077E000A047041EC6D1AB78029A5B08013BDB00C0
:1077F000D318390030005B689847041E0BD1AB7872
:10780000042BB6D0039A310010782200009700F0C4
:1078100073FB0400AEE76A78002AABD1AA7805A909
:107820003B88087130000A704B80FEF74BFBA0E7E5
:10783000E042FF1F40C000111D4B37B505009842C4
:107840000BD000290AD1FFF777FF002805D119488E
:10785000FFF772FF002800D0058037BD01291AD13B
:10786000FFF76AFF041EF8D001235B420380A37870
:10787000FF2BF2D0FE2B07D00023E07814220093D8
:1078800029001E3300F038FBA01C00F059FB012337
:107890005B426380E1E70229DFD1013901F0C2F8E0
:1078A0000028DAD12800FFF747FF041EDFD1D4E714
:1078B000FEFF0000FFFF0000022210B5074B5242FE
:1078C0001A80074801325A809A80DA8000F084FAE0
:1078D000044801F029F8002010BDC046C864FF1F0D
:1078E0005D770011397800110388F7B50400002B8B
:1078F00002D102252800FEBD4268022113782548E6
:107900005268FEF7A7FD00282ED0234F01253A88A4
:10791000002AEFD0802321885B0201259B1A99421F
:10792000E8DC0C2004F07CFA061E31D03B8822886B
:107930009C4600231800019561469DB2491989B201
:10794000AA421BD8002801D062443A8000233000AC
:10795000082208C0210004F03BF9104A1368002BEC
:1079600013D100251660C5E76268022113780C4820
:107970005268FEF76FFD0028C7D1BAE760681D01A5
:107980004019418101330198D6E71A001B68E6E7E8
:107990001325AFE7AEC00011DE42FF1FC464FF1F16
:1079A000ACC00011014B18707047C046E042FF1F89
:1079B00014230A0010B51A40194204D001221021E4
:1079C00001F04CF810BD4B06F9D4C8430223400027
:1079D0001840F7E710B514008B0604D501221021DA
:1079E00001F03CF810BD08230A001A40194202D1E8
:1079F0004BB2002B0FDA102101F030F8002808D02C
:107A00002300F2331B78002BECD0F1342378012BC8
:107A1000E8D10020E6E703208907FAD4E2E7000076
:107A2000F0B51F00184B85B01C68019002910392BD
:107A3000002C27D1200005B0F0BDA5683301ED185A
:107A40006B89019A934211D3029A93420ED8002F68
:107A500004D10A9B002B10D12C00EBE73B002978C6
:107A6000039A6868FEF7F6FC0028F2D10136B6B238
:107A7000A388B342E1D82468DAE7A3680A9A5B894D
:107A80001380E9E70026F3E7C464FF1F37B50C0055
:107A90000A8849880123914217D3002A15D0651D11
:107AA00023792A0002210A48FEF7D4FC102300287B
:107AB0000BD023796188208800242A000094FFF7E6
:107AC000AFFF0A23A04200D0230018003EBDC046ED
:107AD000AEC0001113B50A00088849880123884206
:107AE0000BD8002809D00024137905320094FFF741
:107AF00097FF0A23A04200D02300180016BD13B53B
:107B00000A0008884988012388420BD8002809D038
:107B10000024137905320094FFF782FF0A23A04264
:107B200000D02300180016BDF0B58BB003904A8832
:107B300008880E000123824213D3002811D00023AD
:107B4000012704AC23700022718813000092FFF714
:107B500067FF05002078002D06D122780A23002A2D
:107B600041D118000BB0F0BD002835D12B78022B85
:107B700018D167706A8983000130E31880005A8049
:107B800069680222201804F023F823780133DBB25D
:107B90002370042B19D93B006889013080B2002B77
:107BA000D1D0DAE702236370122358436A8923187D
:107BB00004305A8069681022201804F009F82378EC
:107BC0000133DBB22370002BE5D10A4A6B899B1885
:107BD0005A425341DBB2DFE76378012BE4D12B78C3
:107BE000022BC7D0B9E721000398FEF795F90023CF
:107BF000B7E7C0460100FFFF0F4BF0B5040018685F
:107C0000002816D083685D89A54207D88288AE18FF
:107C1000B44203DA12019A18934201D10068EFE7E7
:107C20001E005F891036A74204D1002900D00D80C4
:107C30001800F0BD3300EFE7C464FF1F70B5050006
:107C40000C0008880021FFF7D7FF03000120002B5C
:107C500004D022002800197AFFF7BCFE70BDF7B5EA
:107C60000C00002501902300EE331B78AB4201D8B5
:107C700000200AE06B00E65A00213000E718FFF709
:107C8000BBFF002802D126800130FEBD017A019899
:107C9000FFF78EFE002802D03B882380F5E70135F0
:107CA000EDB2E0E710B5040008880021FFF7A4FF5B
:107CB00003000120002B03D02000197AFFF778FE83
:107CC00010BD0000054B1B68002B01D1180004E01B
:107CD0009A6852898242F6D198887047C464FF1F1F
:107CE000F0B50E27002687B0039302ABFF183E8045
:107CF00005001F4B40891400984207D02B780130B3
:107D000000976A6880B2FFF78BFE060002212B788D
:107D100018486A68FEF79EFB00280FD06C89200087
:107D2000FFF7D0FF002802D0013C0419A4B2039B46
:107D3000002B00D01C80300007B0F0BD02212B7852
:107D40000D486A68FEF786FB0028E7D102212B78F0
:107D50000A486A68FEF77EFB002807D0002EDED0B6
:107D60003B88A342DBD17489013CDFE76C89DEE705
:107D7000FFFF0000AEC00011ACC00011AAC000118E
:107D800010B50C00FFF7D8FC03000220002B0AD02E
:107D9000002C00D023609B781720FE2B03D00138E5
:107DA000FF2B00D1002010BD73B50D0001A9040008
:107DB0001600FFF7E5FF172805D0002E04D1290093
:107DC0002000FEF725F976BD01221021200000F0E9
:107DD00045FE0028F3D0F6E7014B18607047C04617
:107DE000D464FF1F37B56B469D1D010004000222BD
:107DF000280003F0FDFE2B88B02B0ED12379122B27
:107E000009D12300FA331B78012B06D101216088A8
:107E100000F0E0F801E01B2BF8D037BD10B5054BA2
:107E20000421187000F098F8FFF746FDFEF76CFB90
:107E300010BDC046D864FF1F0020F0B50BB20F0084
:107E400087B0834234DA274B187803F049FF051EC8
:107E50002BD00378A02B25D103AE3100FEF7E2F83A
:107E6000041E0BD1B378DB0724D51F4B06341B68E7
:107E7000002B03D03100688898470400A8680028C8
:107E800001D003F035FE002C08D1184A039B1340A3
:107E9000174A934206D0B3781B2B03D00121688880
:107EA00000F098F8280003F0BBFD80200002784025
:107EB00007B0F0BD0F4B1B68002B10D03100688855
:107EC0009847041EDAD07378002BD7D1B27801A975
:107ED0000A704B800C716888FDF7F4FFCEE706242A
:107EE000F1E7C046D864FF1FD064FF1F00FFFF000A
:107EF00000011200D464FF1FF7B50190FC200D00B3
:107F000017001E0003F074FD04001320002C12D093
:107F1000B02320002370089BF422677065802671CF
:107F20000830002B08D0190003F052FE2100019800
:107F300003F06EFD0020FEBD089903F019FEF5E781
:107F400010B5041E06D00078FD2803D803F090FF7A
:107F5000FF23237010BD00000A1F93B210B5040068
:107F60000220032B05D882400020024BD1529B18DF
:107F70009C7010BDF864FF1F0B8870B5043B0400B3
:107F80000D000220032B0BD80121200000F04AFD38
:107F900003001420002B03D02900200000F0DEFB9A
:107FA00070BD000007B51300034A00920A000121CA
:107FB00000F02CFC0EBDC046E181001107B5019216
:107FC00003220092024B0A00122100F047FC0EBD72
:107FD0005F82001107B56B4601AA11800449D88061
:107FE00008780633012802D1190003F0E1FE07BD2D
:107FF000D964FF1F0C4B10B518700023FF210B4AEA
:108000001380138193819380094A538013705172B6
:1080100093819372D174D3821375517703F098FCD6
:1080200000F0FCF910BDC0460865FF1FF864FF1F93
:10803000DA64FF1FF0B58DB06B46002003910C226F
:108040009B5E834200DBB1E05D4B187803F048FE95
:10805000051E00D1A5E00378902B00D09EE006AF6E
:1080600001004688380000F013FA796804000029FE
:1080700000D19DE03B88052B6FD13B89032B1CD998
:1080800005AC200000F0A2F86288172A60D8398970
:10809000131D994231D17968237804310291D907AF
:1080A00038D5607800F08EF9071E06D000230371E2
:1080B0002378012B08D0132B23D0A868002800D1E7
:1080C00079E003F015FD76E06288029909A800F0D6
:1080D000A6F80290380000F08BF909AA2378387AC4
:1080E0000192002231000092029A00F012F9380049
:1080F00000F064F9029B002BDFD0300000F080F923
:10810000DBE70378032BD8D16288029909A800F035
:10811000D6F8DEE709AF122B12D13800029900F031
:10812000B4F8021EE9D127498B88002BC5D0887985
:108130002378019761780091310000F0EAF8BCE7FC
:1081400000233A003B8061783000FFF72BFFB4E753
:108150001D4B09AA09936178F6E7042B02D09A1FF8
:10816000012AAAD8174A043B9B00995A0029A4D097
:10817000D218907831003A0000F0ADF800289CD178
:108180003B88042B03D001213000FFF723FF012C93
:1081900004D1A868002801D003F0AAFC280003F04D
:1081A0003FFC8020039B0002434018000DB0F0BD4F
:1081B000012800D181E701213000FFF70BFFEDE737
:1081C0000865FF1FF864FF1F010017000B7803709C
:1081D0004B784370CB788A781B02134343807047F7
:1081E0000A88030002700A88120A42700A88012A6B
:1081F00006D14A8882704A88120AC27004207047E9
:1082000002208242FBD14A8804309A704A88120ABE
:10821000DA708A881A718A88120A5A71EFE710B5E3
:108220000400012082420CD94B780A781B021343C8
:108230002380834206D1CB788A781B021343638064
:10824000002010BD022BFBD1CB788A781B02134390
:1082500063804B790A791B021343A380F0E70B88F4
:1082600003700B881B0A43704B8883704B881B0A72
:10827000C3708B8803718B881B0A4371CB88837111
:10828000CB881B0AC3710820704703000120082A0D
:1082900014D14A780878120202431A80CA78887882
:1082A000120202435A804A790879120202439A80E4
:1082B000CA798879120202430020DA80704710B52B
:1082C00004000120022A05D100204B780A781B0205
:1082D0001343238010BDF8B5060010200F001500D1
:1082E00003F086FB04000120002C0ED0A0230C22FA
:1082F000290023806780201D002D07D003F068FC33
:108300002100300003F084FB0020F8BD03F030FCB6
:10831000F6E7F7B51E00009008AB142017001D7893
:10832000019103F065FB041E12D0A2230370019B90
:1083300047704380099B057146710C220830002B61
:1083400007D0190003F044FC2100009803F060FB03
:10835000F7BD099903F00CFCF6E737B5041E0FD002
:108360004388002B0CD00025C1881323007A1722E4
:1083700001950095FFF7CDFFFF236580637225709F
:1083800037BD000010B50C4904004A88002A09D006
:108390008B89002B05D00020CB8A0222834201D09A
:1083A00010BD012213000A20434300204032C8546C
:1083B000C81842800472F3E7DA64FF1F0023438089
:1083C00003707047094B00211A0010B55C88002C1F
:1083D00006D01C79844203D10A234B43D01810BD28
:1083E00001310A330329F1D10020F8E7DA64FF1FD5
:1083F00010B50400407A03F03BFDFF23637210BD0B
:108400007047043010B580B203F07AFC002803D026
:108410000421494203F00CFB10BD000070B500259B
:10842000104CA0682580A581A580A84202D003F049
:108430005FFBA56000250C4C0C4B606D1D8023007C
:1084400058331D70A84202D003F052FB6565002529
:108450006068002801D003F04BFB013508340A2D79
:10846000F6D170BDA065FF1F4465FF1F9465FF1F17
:1084700070B5041E09D1054D2880A881A880A86880
:10848000002802D003F034FBAC6070BDA065FF1F74
:10849000F0B54B8885B00193002343600A7905004D
:1084A0000F00022A00D07BE0CA88032A17D98B6804
:1084B0005E7819783602DC78D8790E4399781B7A81
:1084C00024021B020C43034353495BBA0B80331D48
:1084D00093421ED1042C04D0631F022B0ED901201D
:1084E00015E0019A4D4B1201D35A002B06D001988A
:1084F000FFF7BEFF4A4A1369013313610421B868CC
:108500002E812C80494203F093FA6860002005B068
:10851000F0BD434D042C06D0631F022B0FD9EB682E
:108520000133EB60DBE7019A3C4B1201D35A002B7D
:1085300005D00198FFF79CFF2B6901332B61374B66
:1085400030000293019B029A1B01019300230199C1
:108550008C468B52130063449C8003939E81FFF7EB
:1085600050FF039B041E986016D00421B86849424E
:1085700003F05EFAFA880100043A200003F028FBB9
:108580000199029AFB888A5A043B9B18029A8B52E3
:108590002B6801332B60A2E7AB690133AB619EE727
:1085A0001E4B0293019B1E01029BF35A002B2DD000
:1085B00002998C19A068002828D0012A26D1FA88AF
:1085C0009B189BB27352A189994217D39B1AC0186A
:1085D000B96803F0FDFA029BA289F35A934200D0D6
:1085E0007DE700222B81A3882B80A3686B60029B10
:1085F000F2520B4A53680133536070E7084A93689C
:10860000013393600198FFF733FF68E7044A536929
:1086100001335361F6E7C0460A65FF1FA065FF1FDF
:108620001065FF1F70B5051E15D10B4C0B4B188044
:10863000230058331870606D002802D003F058FAF8
:108640006565250050356068002801D003F050FAB8
:108650000834AC42F7D170BD4465FF1F9465FF1F1D
:10866000F0B51700A12285B0920001934243394B27
:1086700006001B680C009B18D933FF331D78FDF7EB
:108680003DFF0430854204DD3000FDF737FF043044
:10869000C5B2BD4207D33A0000213000019B03F070
:1086A0006FF905B0F0BD2900380003F011FB23007D
:1086B000C6B250331E700393019B290063653800D6
:1086C00003F0E6FACBB20293002B02D0039B0136F3
:1086D0001E7000262300503303931B78B34204D846
:1086E000606D002831D10020DBE7029A2800002AC3
:1086F00004D0013B1000B34200D02800F700E71976
:10870000387003F01DF9786000280ED03A7801998E
:1087100003F05EFA019A3B780136D3180E4A0193B2
:10872000D369F6B20133D361D4E7039B1870606557
:10873000A74205D1084A1320D36A0133D362B0E7B8
:10874000606803F0D5F90834F2E703F0D1F90023AB
:108750006365C8E73409FF1F1065FF1FF7B50D00FB
:1087600007000421686803F063F92B890400037093
:108770002B891B0A43702B8883702B881B0AC370BC
:108780002E8902250436F6B2F42E15D81B4B9F42D3
:1087900014D10C2003F02CF91135011E0CD09023BC
:1087A00003708E3B0371043B4380154B8460C6808D
:1087B000187803F02DF900252800FEBD5C237B43CB
:1087C000104AD3180093583301931B78002B0FD114
:1087D0000300320038000099FFF742FF019B0500BB
:1087E0001B78002BE8D13800009903F0B9F9E3E7D2
:1087F000054A0725536A01335362DDE7FEFF000097
:108800000865FF1F4465FF1F1065FF1FF0B587B0A7
:10881000009017200F0016000193FFF7F2FD1325BB
:10882000041E18D00C98031E02D00199201D9847F1
:10883000030AE370052303A9A070043008812770A0
:10884000009866700B804C60FFF788FF051E02D011
:10885000200003F04DF9280007B0F0BDF0B587B057
:108860001F000CAB1B780391059301210DAB060093
:108870001C78049200F0D6F81425002821D020009E
:10888000FFF780FD0135041E1BD01149059B0A78B6
:1088900003700132D2B2131EC68001D101231A0027
:1088A0000B7022713000049B03990097FFF7AEFF15
:1088B000051E09D1230021000648074A093302F0AA
:1088C000DFFF280007B0F0BD002363802370F8E7C6
:1088D0000C65FF1F5B83001130750000F8B50500C3
:1088E0000E00064C064F2368002B02D031002800F2
:1088F00098470434BC42F6D1F8BDC046B065FF1FAE
:10890000C465FF1F0123064A5B4253800023137195
:108910005362044A136053609360D36013617047DD
:10892000C465FF1FB065FF1F0200002310B5064994
:108930009C000859002801D1625010BD0133052B5D
:10894000F6D11320F9E7C046B065FF1F034A5388EC
:10895000181A43425841404210407047C465FF1FF7
:10896000F0B585B002930AAB1F780CAB1B88009062
:1089700008000E0001920393FFF7E8FF05001120A5
:10898000002D1BD10E48FFF7E1FF04001520002C3D
:1089900014D006220B99A771E01D03F019F9019B71
:1089A00030002371029B29006371009B6680237055
:1089B000039B6562E381FFF791FF280005B0F0BDDE
:1089C000FFFF000010B5FFF7C1FF04000220002CDC
:1089D00012D060880121FFF781FF606A002801D072
:1089E00003F016F928220021200003F0C1F801232A
:1089F00000205B426380207110BD000030B5074A43
:108A0000074C5588010013780020A54204D05B1A5A
:108A100059424B415842104030BDC046C465FF1F0B
:108A2000FFFF0000084A10B501230C00904208D057
:108A3000FFF78CFF031E04D0037923405A1E934195
:108A4000DBB2180010BDC046FEFF0000024B1879D3
:108A5000431E9841C0B27047C465FF1F70B5040043
:108A60000D001600FFF772FF002804D10F4B9C4247
:108A700000D0143070BD10230279416A13400029E0
:108A80000AD10520002BF5D0897E0C20A94289410E
:108A9000494249420840EDE70F20002BEAD09207F7
:108AA000F2D40A38002EEFD0E4E7C046FEFF000003
:108AB000030010B5002800D110BD0348034A4188C7
:108AC0009142F9D09847F7E7C465FF1FFFFF000008
:108AD000002330B5C45CCD5C6C40D4540133102B02
:108AE000F8D130BD0F23002210B5C45C64002243CE
:108AF000CA54C25CD209013BF7D210BD020001008A
:108B000010B52032103103F073F910BDF0B58DB0FF
:108B10000590102007931700069103F081F901904A
:108B2000102003F07DF9019B13240290002B05D047
:108B300000280CD11324019803F06AF8029B002B43
:108B400002D0180003F064F820000DB0F0BD102032
:108B500003F066F90600102003F062F91324050003
:108B6000002E00D1B3E0002819D01022002102F01D
:108B7000FFFF32002900059803F03AF9041E0ED1D8
:108B800033787F2B56D830000199FFF7ABFF019B5C
:108B90001B787F2B58D802990198FFF7A3FF30006C
:108BA00003F036F8002D02D0280003F031F8002C35
:108BB000C1D1102003F034F90600102003F030F981
:108BC0000390002E00D180E000287CD03A000121E3
:108BD0000F3223001211049106D013B204930F2315
:108BE0003B405A4253411BB2049A013A1201002BF6
:108BF00034D0069BD2B298180199039AFFF768FF08
:108C000010220021300002F0B3FF049D069F013DB9
:108C1000ADB22D017D19AF4242D0002C33D03000CF
:108C200002F0F6FF039B002B00D184E7180002F04E
:108C3000EFFF80E729003000FFF754FF28002649A6
:108C4000019AFFF745FFA2E729000198FFF74AFFC5
:108C500028002149029AFFF73BFFA0E70F2506995C
:108C60003D408A1808A8D9B28D4207D9D15C195461
:108C70000133102BF7D1039A0299BFE7691A4F42CB
:108C80007941C901F3E73900300008AAFFF720FF56
:108C90003200059808A903F0ABF810370400BAE7D2
:108CA000002CBCD13000039908AAFFF711FF320055
:108CB00008A9059803F09CF80822040031000798E1
:108CC00002F086FFABE71324A9E71324AAE70028E4
:108CD00000D069E72EE7C046B4C00011F0B58BB0F4
:108CE0000F0016000225009000283FD0002A3DD03A
:108CF0000B1DDBB21800029303F092F81135041E2D
:108D000034D0FDF73BFD05003A000099201D02F02C
:108D1000C7FDEBB20393E3702B0CDBB22F0A009379
:108D20006370FFB22B0E2370A7700193FDF720FD37
:108D30001022010006A802F0B3FD2100029A04AB44
:108D400006A8FFF7E3FE051E0DD1039B0822337032
:108D5000009B04A9B370019B7770F370301D02F083
:108D60009FFDFDF711FD200002F052FF28000BB01F
:108D7000F0BDF0B58FB00D00149E039004920593E2
:108D8000002A03D1022420000FB0F0BD002EF9D03C
:108D90000398FFF7DBFD1424071EF4D072783378B4
:108DA00012021A43B3781B041343F27812061A43D3
:108DB000036A0192934201D30133E3D1002D03D022
:108DC0003B7901249B07DED50822002106A802F08A
:108DD000CFFE059B13240433DBB21800029303F08B
:108DE0001FF8051ECFD0059A0499043002F058FDF3
:108DF00004223100280002F053FD39001022103106
:108E00000AA802F04DFD2900029A06AB0AA8FFF756
:108E10007DFE041E0FD1082206A908A802F040FD1D
:108E20000822311D08A802F00BFD012807D1019985
:108E30000398FDF7BDFC280002F0EAFEA3E7012439
:108E4000F9E7000070B51C4C05002368181E10D00F
:108E5000002D14D11A78002A0CD1981C083202F087
:108E6000B7FE02F00DFF0135002808D123681D7000
:108E7000012070BD0A331800082202F0A9FE236801
:108E8000002BF5D0122002F0B3FD061E0DD0C12339
:108E900021680370457002311022023002F098FE02
:108EA00023683100587802F0B3FD206802F0B0FE6C
:108EB00000232360DCE7C046EC65FF1FF8B5040023
:108EC0002020FDF749FB0D4EA700BB590500002BE4
:108ED0000DD000280BD0D878FF2809D108492A00E6
:108EE0000C55F35907480333611802F0C9FCF8BD6B
:108EF000290002F0EDFD0028F0D1F8E70866FF1F19
:108F0000F065FF1F0DA1001170B5064D8400635977
:108F1000002B05D0D87802F0ABFFFF226359DA703E
:108F200070BDC0460866FF1F70B506008CB00C000F
:108F3000150000213022684602F01AFE310010228E
:108F4000684602F0ADFC1D2021000322684402F0B7
:108F5000A7FC6846FFF7D2FD2D210400032228005C
:108F6000694402F09DFC20000CB070BDF0B5040017
:108F7000170097B001931CAB1D7830221EAB0091F7
:108F80000AA800211E7802F0F3FD2100102202AC95
:108F90000AA802F085FC10220021200002F0E8FD62
:108FA00007223900200002F07BFC07220199A0185B
:108FB00002F076FC33005A1E9341A3732B005A1E15
:108FC00093410021102206A8E37302F0D1FD06228E
:108FD0001D9907A802F064FC1A2006221F990019A7
:108FE00002F05EFC102200990EA802F059FC10233A
:108FF0000EAA11782078013B4140DBB21170013498
:109000000132002BF5D10AA8FFF778FD102212A932
:1090100004000EA802F0DCFD102206AB0EA90878B1
:109020001D78013A6840D2B2087001330131002A3C
:10903000F5D10AA8FFF762FD044310222098E4B29C
:1090400012A902F02DFC200017B0F0BD70B50E0083
:1090500014008CB00100102268461D0002F020FCB4
:109060003100082204A802F01BFC2100082206A8F7
:1090700002F016FC6846FFF741FD040010222800AC
:1090800008A902F00DFC20000CB070BDF8B5060078
:109090000D0000243719AC4200D3F8BD02F000FEE9
:1090A000030A3B70631CDBB201379D4203D90234D3
:1090B000F054E4B2EEE71C00EDE7F7B507000C0052
:1090C0000225002818D0002916D001AE0321300057
:1090D000FFF7DCFF3F23B27831001A40013313431E
:1090E00038002200B370FFF71FFF051E04D10322D2
:1090F0003100E01C02F06CFD2800FEBD037858072B
:10910000DA08C00FD20080009B0710439B0F184362
:10911000C0B2704707230B40C908C9000B43037056
:109120007047000070B50400FFF7EEFE134DA40079
:109130006359002B21D0186A002801D002F068FD85
:109140002B59986E002801D002F062FD2B59D86E81
:10915000002801D002F05CFD2B59186F002801D0C7
:1091600002F056FD2B59586F002801D002F050FD37
:10917000285902F04DFD00232B5170BD0866FF1FDA
:109180000E4B8000C35870B50C00002B0FD09D68AB
:10919000002D0CD02B78201D0B706B784B70A97CA8
:1091A000FFF7B8FF2B7E23726B69E36070BD10225E
:1091B0000021200002F0DCFCF8E7C0460866FF1F33
:1091C000014B18607047C0460466FF1F074A030042
:1091D0008000825810B5002A06D0D088984203D16A
:1091E000012901D1FFF79EFF10BDC0460866FF1F91
:1091F000F0B5254E95B087000B93BB59050009913A
:1092000012200A92002B2FD0D888FFF79FFB040072
:109210001420002C28D0280010A9FFF7B1FFBB595B
:109220001E781F6A002E21D0FDF7E8FA0790002073
:10923000FDF7EAFA0890A5793800E61D10AF0CA9F1
:1092400000F0E2FA0EA9380000F0D7FA0B9B0A9959
:109250000493089B09980193079B0396009302953A
:109260000EAB0CAAFFF782FE15B0F0BDFDF7C6FAF3
:1092700005003000FDF7C8FAA37906000793E31D47
:10928000089310A8DBE7C0460866FF1F30B50D4CF9
:1092900085002A59030085B00120002A0DD018004E
:1092A0006946FFF76DFF2B59D8881B78002B06D035
:1092B000054B6A46072100F0DAFB05B030BD034BD1
:1092C000F7E7C0460866FF1FFB97001109980011D9
:1092D00030B5094C8500295985B0102268462531E2
:1092E00002F076FC2A591121044BD0886A4600F01E
:1092F000BEFB05B030BDC0460866FF1FA598001133
:1093000030B5094C8500295985B0102268463531A1
:1093100002F05EFC2A591121044BD0886A4600F005
:10932000A6FB05B030BDC0460866FF1FE3980011DC
:10933000F8B54D4F86001020F4590D0002F070FD75
:10934000F3592062186A132200286DD02900033ACD
:109350009C6802F03DFCF359197800295AD1227D0E
:10936000186A94466646027B0F007240012632421C
:1093700001D167463740227DB2433A432275077BCD
:10938000D6B27A400027920701D4B607F70F02261B
:10939000227D7F00B2433A432275067BD7B27240EA
:1093A0000026B446520702D47F07FA0F944662465D
:1093B00004269700227DB2433A432275627D00273E
:1093C00094466646427B72400126324201D167468E
:1093D00037400126627DB2433A436275477BD6B27D
:1093E0007A400027920701D4B607F70F0226627D64
:1093F0007F00B2433A436275407BD6B242400020C0
:10940000520701D47607F00F0426627D8000B24334
:10941000024362756A78002A08D06278002A05D073
:1094200005220533DA7700221000F8BD04222879DE
:10943000104205D1A07C104202D10533033AF1E776
:1094400020782C78002902D1020020001400182274
:109450000428E9D8042CE7D805216143034A0533E1
:109460005218125CDEE7C0460866FF1FC4C0001138
:1094700010B50A001121024B00F0F9FA10BDC046E8
:109480003F9900110B0030B587B001AD2B806B46C2
:1094900004001100981D082202F09AFB2A000B21FB
:1094A0002000024B00F0E3FA07B030BD67990011CD
:1094B00010B50A001121024B00F0D9FA10BDC046C8
:1094C000BB99001137B56D460B0004001100681CF4
:1094D00006222B7002F07CFB6A4608212000024B1A
:1094E00000F0C5FA37BDC046DB99001110B50A007F
:1094F0001121024B00F0BBFA10BDC0462B9A00119F
:109500007FB505000B4BAA00D4580800002C0FD0E3
:10951000666F237FE28821780396266F0296E66EB7
:109520000196A46E0094FDF7FFFB2800FFF7FAFDFB
:109530007FBDC0460866FF1F10B51721FFF7E0FF8B
:1095400010BD000070B50A000D00064B022104009A
:1095500000F08DFA060029782000FFF7D1FF3000D7
:1095600070BDC0460B990011F0B587B000236C4662
:109570002370836805001E78701E0A2857D801A939
:1095800002F0B6FB06063135393D4145494D5100E3
:10959000180000F040F90623122849D000281AD1FB
:1095A0006888FFF7D3F90823002813D04279002AEE
:1095B00044D1254B1A78072312070BD5234B1A6881
:1095C0000723002A06D01768002F03D0310001AA14
:1095D000B847030023702378002B2AD16888FFF74F
:1095E0006DFC07B0F0BD180000F06CF9D6E718006C
:1095F00000F087F9D2E7180000F093F9CEE71800E1
:1096000000F0ADF9CAE7180000F0C3F9C6E718008A
:1096100000F0F6F9C2E7180000F0F6F9BEE718000E
:1096200000F013FABAE7180000F013FAB6E70723C0
:10963000237021006888FFF785FFD2E70523012A00
:10964000C8D1034BBBE7C0469564FF1F0066FF1FF0
:109650000466FF1FF8B52C4F8600F35904000D0077
:10966000002B40D0DA8882423DD15A78062A33D185
:109670001A78002A2ED0012099681A6A097D0142C1
:1096800006D0157B054203D007225A700120F8BD91
:109690000220014204D0157B054201D00922F4E7E3
:1096A0000420014204D0127B024201D00B22ECE7DD
:1096B000164B1B68002BE9D05B68002BE6D020001E
:1096C0009847BB5900215B78122BDFD12000FFF7B0
:1096D00017FFDBE70E4BECE7112A04D1002900D07D
:1096E00032252900F2E7002D08D12000FFF72EF9DE
:1096F000002803D0102302791343037121002800AE
:10970000FDF792FAC2E7C0460866FF1F0066FF1F1A
:109710000466FF1F70B50E4E8500AB590400002B88
:1097200013D01B78002B11D10A4B1B68002B04D0DF
:109730005B68002B01D02000984773595B78122B8F
:1097400003D100212000FFF7DBFE70BD024BECE7E8
:109750000866FF1F0466FF1F0066FF1F094B80009D
:10976000C3581020002B0CD01A6A002A09D09B681D
:10977000002B06D0127A1B7E101C9A4200D9181CAE
:10978000C0B270470866FF1F70B503000D001400DB
:109790000220002A30D000292ED013700B78081D2B
:1097A00053704B789370FFF7A9FCE0700120022101
:1097B0002B7A23716B7B034063716A7B0A401343EE
:1097C000042263716E7B1640334363716E7BF6082F
:1097D000F600334363712B7B0340A371287B014068
:1097E00000200B43A371297B0A401343A3712A7BFA
:1097F000D208D2001343A37170BD10B50A00010056
:109800000120FFF7C1FF10BD10B50A0001000220C2
:10981000FFF7BAFF10BD70B506000C000220002E45
:1098200030D000292ED07378201D0B70B3784B7088
:10983000F178FFF76FFC01223579257271794B10B1
:1098400008001340934010400343881010408000EC
:10985000C9080343C9000B436373B1794B10080077
:109860001340934010400343881002409200C908FF
:109870001343C9000B4321202373FCF76DFE85427F
:1098800001D2122070BD2220257AFCF765FE8542A8
:10989000F7D823781820042BF4D86378012BF1D85B
:1098A0000020EFE7030010B50220002909D0002BAB
:1098B00007D00322481C0A7019000D3202F088F903
:1098C000002010BD03000222080010B5002B06D0B6
:1098D000002904D00E32591C02F07AF9002210003F
:1098E00010BD030010B50220002909D0002B07D0BD
:1098F0000422481C0A7019000C3202F069F9002099
:1099000010BD10B5FFF7DEFF10BD030002200029D7
:1099100006D0002B04D0052200200A701B784B7063
:10992000704703000220002B08D0002906D05B7886
:1099300000200B70013B082B00D918307047030042
:1099400010B50220002909D0002B07D00622481CA0
:109950000A7019000A3202F03BF9002010BD10B560
:10996000FFF7B0FF10BD02000B00022010B5002968
:109970000ED0002A0CD00721197011885970118857
:10998000090A997011180822D81C02F021F9002048
:1099900010BD03000A00022010B5002B0CD00029D6
:1099A0000AD099785878090201431180901CD91C7B
:1099B000082202F00DF9002010BD030010B50220AE
:1099C000002909D0002B07D00822481C0A70190072
:1099D000921802F0FDF8002010BD02000B000220DA
:1099E00010B500290BD0002A09D00921197011786F
:1099F00018185970511C062202F0EAF8002010BD18
:109A000010B5FFF75FFF10BD02000B00022010B57C
:109A1000002A09D0002907D05178197011180622A0
:109A2000581C02F0D5F8002010BD030010B502202C
:109A3000002909D0002B07D00A22481C0A701900FF
:109A4000063202F0C5F8002010BD10B5FFF73AFF4E
:109A500010BD02000B00022010B5002A06D000291C
:109A600004D018005178FFF755FB002010BDF0B569
:109A70001F00062387B003AD06000800298101926C
:109A80002B80FEF7BEFC1324011E68600CD00198E9
:109A9000B847041E05D129003000FEF76DFA041EF8
:109AA00002D0686802F024F83000FFF707FA2000BF
:109AB00007B0F0BDF0B504008BB001911500002196
:109AC000102202A802F054F8334EA700B85900281B
:109AD0003CD0C388A34239D10378002B36D14278D9
:109AE000062A18D102000100553235310C3006AB80
:109AF000FFF7ACFA002829D12000FFF72FFE020063
:109B000006A902A802F064F8200002A902F010F8E9
:109B100001200BB0F0BD816E002917D00B8A112AED
:109B200028D19D420ED101981231093A01F088FEE8
:109B3000012807D1BB5920009D6EFFF70FFE2900B9
:109B40000200DEE732212000FFF7DAFC2000FEF7FA
:109B5000FDFE061E1BD0416A002918D00B8AAB42BD
:109B600015D108220198123101F06AFE01280ED1A8
:109B7000716A0AE09D42E9D108220198123101F090
:109B80005FFE0128E2D1BB59996E8A7EB9E72000B9
:109B900002F0E6F8BCE7C0460866FF1FF0B56E4D60
:109BA00087007E5985B0337802900393002B00D054
:109BB00085E0B368346A01937078062817D10122D2
:109BC0001B7D134202D0217B114218D10222134285
:109BD00002D0217B114251D10422134203D0237BB6
:109BE000134200D08EE0019B5A7DEB5982E007388A
:109BF0000428F8D802F07CF8032E42658600B36E84
:109C0000002B03D11C2002F00BF9B066EB599C6EBF
:109C1000002C1CD010220021200001F0A9FF029886
:109C2000FFF79CFD01002000FFF730FA02F038F842
:109C30002082200008211230FFF728FA0298FFF74F
:109C40008DFDA076EB592100D888FFF711FC082282
:109C5000EB591CE0B36E002B05D01A00198AF0886E
:109C60001232FFF70FFC0222019B197DEB591142C2
:109C700050D0207B10424DD0073208E0F488FCF72A
:109C8000D5FD01002000FFF713FC0A22EB595A70A2
:109C90005A78073A042A12D8D888FEF757FE0028C7
:109CA00056D0C3895A08D2182C49029B0298CB542B
:109CB0009B00EB5841180433294801F0E1FD05B041
:109CC000F0BDFCF79BFD03000120834201D1002081
:109CD0000393EB59DE88FCF797FD039902003000EF
:109CE000FFF7F0FB019AEB59117D0422114218D1C4
:109CF000019A527D01210A4218D0607B084215D09A
:109D00000C22C4E7F688FCF733FD01003000FFF7B2
:109D1000EDFB68E704221142EAD0217B1142E7D033
:109D2000AAE7217B1142E3D00B22B0E702210A42CD
:109D300004D0607B084201D00E22A8E704210A4229
:109D400004D0627B0A4201D01022A0E712229EE7D3
:109D5000FA225200A8E7C0460866FF1F0C66FF1FE4
:109D600017A1001110B5064B1A78042310001840F3
:109D70001A4200D00348FFF723FA002010BDC04666
:109D80009564FF1FE442FF1F70B50400FFF7D0FA8F
:109D9000051E43D12000FFF779FA234EA400A059F5
:109DA0008268937CDB0708D50321036A1B790B408B
:109DB000012B02D1017F0B430377431DD97F8B1EFB
:109DC000022B0DD8022900D00121C088FCF784FFA6
:109DD000042133591A7F59700A431A77280070BD3D
:109DE00001290CD102231022437000210C3001F014
:109DF000BFFE305910213530FFF748F9EEE705294D
:109E0000ECD10223D118437010220C3001F0E0FE97
:109E100004233259117F0B431377EAE708251828EA
:109E2000DCD1053DDAE7C0460866FF1FF0B58BB010
:109E3000059143887C4F9E00F45915000493002C33
:109E400015D1012902D000200BB0F0BD101D5778AC
:109E50001678FFF753F9EB68320002932B7A0499D6
:109E6000019300903B002000FCF700FFEBE7E38844
:109E7000049A934201D00820E6E72378012B00D111
:109E8000D0E0059B581E092800D9CBE001F030FF37
:109E900005CA0A29C8506C859AB229000498FFF7B0
:109EA00073FFD1E7200029001022453001F090FE19
:109EB000B9594B78042B02D1013B4B70C3E70B001F
:109EC0000A00253335320C310498FFF791F90498D4
:109ED000FFF7FEF90522431E9841BB59C0005A7096
:109EE000B2E7200029001022553001F071FE049BDA
:109EF0004D4C9D00295904980A0006AB55320C318F
:109F0000FFF776F929591022453106A801F098FC8F
:109F1000012808D10498FFF7F3F90590002804D12F
:109F200006222B595A7005988EE708230593FAE705
:109F300063780C2B76D1E36E002B03D11C2001F04B
:109F40006FFFE066BB59D86E00286BD01022290045
:109F500001F03EFEBB590498DC6EFFF7FFFB0D22BB
:109F6000A076BB595A706EE7E06E00285AD063782D
:109F70000D2B57D12B8808220382A91C123001F027
:109F800027FEBB599A68517D0222114226D0186AD9
:109F9000407B104222D00C32E4E763780E2B41D193
:109FA000236F002B03D1162001F03AFF2067BB5925
:109FB000186F002803D01022290001F009FE0F229B
:109FC000BB59CFE763780F2B2CD1206F0622691C79
:109FD000103001F0FDFDBB599A68517D04221142F9
:109FE00003D0196A497B1142D5D100210498FFF7AB
:109FF00087FA28E7606F002808D1143001F010FFBD
:10A00000BB596067586F002800D134E7102229003F
:10A0100001F0DEFD0122BB5952425B6F1A61E4E799
:10A020002978E3E707200FE70866FF1F10B5064C05
:10A03000207001F00DFC06212078FDF78DFF03480C
:10A04000FEF772FC10BDC0461B66FF1FCD910011CC
:10A0500000200BB270B50D00834216DA264B18783B
:10A0600001F03EFE041E0DD00378922B0ED0A02BE3
:10A0700037D0224B1878FF283AD0210001F0C8FCD5
:10A08000002835D180200002684070BD43780E2B37
:10A090000BD03E2BEDD18378052B12D0082BE8D1C5
:10A0A00081798088FFF7D6FA08E0154B82889A42BA
:10A0B000DFD183681878591CFEF7C4FE0028D8D079
:10A0C00016E0104B1B785B0712D50F4B1B68002B5B
:10A0D0000ED09B68002B0BD0C289811D80889847C9
:10A0E000ECE7FFF741FAA068002801D001F000FD7D
:10A0F000200001F095FCC5E71B66FF1FDD42FF1F36
:10A10000182000009564FF1F0466FF1F10B500783B
:10A11000FFF712FA10BD10B50078FFF7FBFA10BD7B
:10A120000C234343084A10B59B185A68002A03D0F1
:10A13000012901D1904710BD9B68002BFBD000295D
:10A14000F9D19847F7E7C0463866FF1F01238340DF
:10A15000094A10B5946B1C439463506B9843506349
:10A16000D46B20009843012901D120001843D0630B
:10A17000116B0B43136310BD00800040F0B5002449
:10A180000127154B85B0DA6B144E03921A6C0192BD
:10A19000DA64019BE3403B4217D0039DE5403D401C
:10A1A0000295E5B202992800FFF7BAFF316A736A97
:10A1B000002908D03900002B01D0029979402800ED
:10A1C000FFF7C4FF01E0002BF9D101340C36172C46
:10A1D000DFD105B0F0BDC046008000401C66FF1F07
:10A1E000064B01215A68C2400A4204D01B68C34092
:10A1F0001800084070471B6DF9E7C046008000401A
:10A200000122064B8240002903D0D9680A43DA6054
:10A210007047D9689143D960FAE7C04600380040DA
:10A220000322424370B50F4DAB189C785E78012332
:10A23000361B0136B340013BA340A140DB430C0079
:10A24000122808D8525D0849920052181168194026
:10A250002143116070BD054A11680B402343136010
:10A26000F8E7C0460BC1001108F0004014F00040B0
:10A27000C21F70B5D4B20623092C0BD80125084C97
:10A280009540002908D00021FFF7CAFF23682B431F
:10A2900023600023180070BD2368AB43F8E7C04675
:10A2A00000380040214BF0B51B185B78022B21D100
:10A2B000032444431E4A1F4EA35C121994780122C2
:10A2C00015008540B76B013CE4B23D43A240B56345
:10A2D000194C122815D89B0000290CD117495B187E
:10A2E00099680A439A600123205C154A83401168EB
:10A2F0000B431360F0BD11495B1899689143996055
:10A30000F1E70E4B00290DD159690A435A61225CCD
:10A310001328E8D00123203A93400A4908680343F0
:10A320000B60E7E7596991435961F0E71C66FF1F2D
:10A330000BC100110080004050C1001100F000402E
:10A34000A0F00040A4F00040F8B500241B4E1C4DC6
:10A350001C4B1B5D012B1FD1194A9269E2401A4226
:10A360000BD00122B25693402200143AD2B2022AF4
:10A3700009D815494A6913434B61013402360C353B
:10A38000172CE5D1F8BD0022B2560F4992005218A1
:10A3900091680B439360F0E7022BEED1E7B23800EF
:10A3A000FFF71EFF01235840C1B23800FFF77AFFC4
:10A3B0003800FFF715FF6877DFE7C046DDC0001102
:10A3C0001C66FF1F1D66FF1F00F0004001220238BF
:10A3D0008240054B002903D059690A435A617047EE
:10A3E000596991435961FAE700380040F8B50E0009
:10A3F00001210F008740114A0400D368FD43BB438D
:10A40000D360831E8B4201D8FFF7E0FF00212000BC
:10A41000FFF72EFF0A4A0B4B5168012E05D1394335
:10A420001B1951605E700020F8BD29405160022266
:10A430001C1962709A6915409D61F4E7003800406C
:10A44000008000401C66FF1F012210B58240074BB0
:10A45000002906D019680A431A600121FFF7C6FFD8
:10A4600010BD196891431960F7E7C04600800040AD
:10A470000C2370B5002543430A4A29009B181D7020
:10A48000094B04001B185D70FFF7B0FF0123A340C8
:10A49000064928000A681A430A6005490A689A436F
:10A4A0000A6070BD3866FF1F1C66FF1F34800040C5
:10A4B0003080004070B504000E00FF2813D0032543
:10A4C0000540FFF7D5FF084AA3089B009B183F22D1
:10A4D000ED00AA40AE401968200091433143196055
:10A4E0000121FFF78DFE70BD18380040F8B50C242F
:10A4F0004443134B0500E4186368002B03D1A368A1
:10A500001220002B1AD0022201270E4B00215B19CA
:10A510005A7028002770FFF769FF63681E1E08D075
:10A52000A3683E00002B04D02800FFF759FE4640E8
:10A53000F6B228003100FFF709FE0020F8BDC04642
:10A540003866FF1F1C66FF1FF7B5C420FF222A4B89
:10A5500080001958002591433F3A0A431A5080223F
:10A56000264E5202264F1A60264B5C5D002C22D0EC
:10A57000AB1E012B03D80121E8B2FFF727FF012C06
:10A5800019D11E4B9B69EB40234214D0EBB218004B
:10A590000193FFF725FE01000198FFF755FF012306
:10A5A000FB569C40EBB2143BE443022B1AD8164AEC
:10A5B000536923405361337F002B0DD0ECB2200050
:10A5C000FFF794FF2000FFF70BFE737F010083422B
:10A5D00002D02000FFF7A4FD01350C360237172DFD
:10A5E000C2D1F7BD0023FB56074A9B009B189A680F
:10A5F00014409C60DFE7C04600E100E01C66FF1FDE
:10A60000DDC000111D66FF1F00F0004070B50E0098
:10A6100015000400FFF72CFF0C236343094A2000B8
:10A620009B189D605E60FFF761FFF021064B074AB3
:10A630008900051E5A5002D02000FFF719FF28009C
:10A6400070BDC0463866FF1F0000FF1F7DA10011CE
:10A6500070B5134D07202C78002C1FD198222100B3
:10A660005200280001F024F90123C420FF222B709E
:10A670000C4B80001C635C630B4B1C605C600B4BE1
:10A68000195891433F3A0A431A50802252021A60E5
:10A690000D20074A074901F0E3F9200070BDC046CC
:10A6A0001C66FF1F00800040A0F0004000E100E0B9
:10A6B00049A5001149A30011F8B50600012826D0CC
:10A6C0000B220827164C01239340164A164DD367D8
:10A6D0007301ED18287C0021FFF792FD0021687CB2
:10A6E000FFF78EFD00258023380023732571257028
:10A6F00025732572656001F0ABFB380001F080F92D
:10A700000A4BAE4207D1EB2292009E50F8BD1122B7
:10A710001927074CD7E7F12292009D50F6E7C04673
:10A720000040004004E100E0D067FF1F0000FF1F71
:10A7300000900040F0B587B0050001F021FA0490C8
:10A740002800FFF7B9FF012D00D17DE00523042784
:10A7500008260393444C06330193444B6A019B182B
:10A760001A7CFF2A02D15B7CFF2B6BD0300001F0FA
:10A770005FFA300001F06CFB3C4B6A0102936B0105
:10A780000593029B02219E18307CFFF749FD0221B0
:10A79000707CFFF745FD39000027307CFFF78AFE0B
:10A7A000707C0399FFF786FE27737169049B18116B
:10A7B0004B08C01801F08CFA802327612373030A29
:10A7C000DBB22371F37EC0B22070BB4244D01B23A6
:10A7D0002373029B6A019B181A7E0123002A3DD035
:10A7E00087222272636062687F3313436A01944652
:10A7F0006360029B63449B7E002B03D0022362684C
:10A80000134363601A4A002D2AD1EB21194B8900AA
:10A810005350019B184A9B089B009B180322019CE4
:10A82000C0202240FF24D200944080001958A14348
:10A830008024944022000A431A500123019A934035
:10A840000D4A136007B0F0BD092308270393DB19F5
:10A8500019260A4C019380E70323B9E72272C5E762
:10A86000F121074BD3E7C04600400040D067FF1FEF
:10A870000000FF1F411BFF1F00E100E000900040AF
:10A88000811BFF1F10B50020FFF754FF10BD10B54E
:10A890000120FFF74FFF10BDF0B587B005930CAB5B
:10A8A0001D78174F6E01F35D029002AC11200391E9
:10A8B0000492002B1ED1637A0C380193002B19D11E
:10A8C00019002022F01900F0F3FF0E4BF31807CC0B
:10A8D00007C39C466246236828001360FFF72AFFDF
:10A8E0000123F355002D07D129000820064A01F065
:10A8F000B7F8002007B0F0BD1920044A0199F6E727
:10A90000D067FF1FE067FF1F85A800118FA8001107
:10A9100070B50400FFF7D0FE084D6601202200212B
:10A92000701900F0C5FF0023082073559C4200D029
:10A93000192001F09DF8002070BDC046D067FF1FB0
:10A9400070B51D0002240C2910D8094ACA40D2074C
:10A950000CD5FBF70DFE041E08D1059A04992800BA
:10A96000FBF722FEFCF78EFCFFF7FCF9200070BD20
:10A970001210000030B50D7802232C009C431842C1
:10A9800001D02B431C0008252300AB43284201D0F3
:10A990002B00234320241D00A543204201D01C434B
:10A9A00025002A230D70184204D011781E3B0B435A
:10A9B000137030BD0028FCD10C2113788B43F7E7CE
:10A9C000F8B51D0006AB1B88140007AA0E000B206B
:10A9D0001778002B27D10A78022A49D14A68507883
:10A9E00011780002244A08438018042840D801F056
:10A9F0007FF903121D1B2300F06801F061F8021CAF
:10AA0000C0B2B84200D93A1CD2B22000F1682A8004
:10AA100001F0DEF806E00222F3681B882A8023702A
:10AA20001B0A63700020F8BD0622EEE701232B808D
:10AA3000F3681B782370F5E7F368002B16D0082223
:10AA40002A801A8822701A88120A62705A88A270A4
:10AA50005A88120AE2709A8822719A88120A6271E0
:10AA6000DA88A271DB881B0AE371DBE72B80D9E768
:10AA700001202B80D7E7C04600D6FFFFF7B51600B0
:10AA80000A781D0008AB1F880C000123022A18D188
:10AA90004A685078117800022B4A0843801803282E
:10AAA0000FD801F025F902254439E06801F008F8D3
:10AAB000C0B20723B84204D37B190193152B02DDE2
:10AAC0000D231800FEBDE0682A003100C01901F016
:10AAD0007FF86B4600209B88E268D0541B4B1B68B4
:10AAE000834203D01B68834200D098470023E8E7E5
:10AAF0000B23002FE5D1022DE2D1737832781B02AF
:10AB00001343E2681380114B1B68002BEED01B68C7
:10AB1000002BEBD00120E8E70B23002FD1D1062D2D
:10AB2000CED12A003100E06801F052F8DEE70B23B5
:10AB3000002FC6D1012DC3D132787533012AC0D878
:10AB4000E3681A70D2E7C04600D6FFFF2868FF1FEF
:10AB500070B50C001500072837D801F0C9F80414A7
:10AB600036361B36242E182015290BD8184E1622DF
:10AB70000021300000F0FCFF22002900300001F02D
:10AB800027F8002070BD18200229FBD11288114B34
:10AB90001A80F6E718200829F4D10A000E48290087
:10ABA00001F026F8EDE718200129EBD10B4B1078C6
:10ABB0000B49DA69FFF7DEFEE3E718200129E1D14E
:10ABC000064B10780749DA6BF4E70220DAE7C04653
:10ABD0001068FF1F8643FF1F7C43FF1F0C43FF1FAE
:10ABE0003443FF1F5443FF1F030010B50020DB0751
:10ABF00004D50721024A034800F08CF810BDC04676
:10AC000068C100110C43FF1F054A030010680028AB
:10AC100003D082889A4201D1806870470068F6E7C5
:10AC2000206AFF1F0A88030008009A4204D08A881D
:10AC300004309A4200D000207047000073B506002F
:10AC40006846150001960180FCF74EFE041E11D1E6
:10AC5000002D0FD07689002E11D00C2001F0E0F8E5
:10AC600000280ED0084A0460136886808560002B97
:10AC700002D11060200076BD1A001B68F7E702249D
:10AC8000F8E71324F6E7C046206AFF1FF8B5F22262
:10AC900000230D4F0D4E79680500424333709942F1
:10ACA00000D07B600A4C0021200000F061FF0023EF
:10ACB0001A007C609D4201D13570F8BD01332280BD
:10ACC000DBB2F234F6E7C046186BFF1F166BFF1FAE
:10ACD000246AFF1F012100220A4B10B549420A4C89
:10ACE000198099809A719A70084B20700120198000
:10ACF0005A60FFF7CBFF2078FCF754FE0448FDF7BD
:10AD000013FE10BD3068FF1F206BFF1F186BFF1F65
:10AD1000C1AD0011022310B5002802D0FFF78EFF4D
:10AD20000300180010BD0000030010B50020DB0771
:10AD300004D50421024A0348FFF780FF10BDC04636
:10AD40007CC100118C43FF1FF0B50E2687B0039322
:10AD50000CAB1F8802ABF618050008003100029208
:10AD6000FCF74AFF04000120002C0FD03088FFF7C9
:10AD70004BFF03000E20002B08D05E68002E05D08C
:10AD800021002800039B029A0097B04707B0F0BD4E
:10AD90000A4B10B5984207D10122002352420A8083
:10ADA0008B708A808B7110BDFFF73CFF0028FAD0B2
:10ADB00001235B42038000238370F4E7FFFF000060
:10ADC000F8B5050001290AD1134E00243388F22773
:10ADD000AB4219D028001149FFF7DAFF06E002293B
:10ADE00004D10139FDF71EFE0028EDD0F8BD3B006F
:10ADF00063437268D018D35A002B09D03A0000215F
:10AE000000F0B6FE0134E4B2054B1B78A342EED845
:10AE100001235B423380DDE7186BFF1F3068FF1FA3
:10AE2000166BFF1F10B5FFF7FDFE030000208342E5
:10AE300000D0987810BD0000F0B589B01C000EABB2
:10AE400080CB03901E8810AB1B78049202930B7A80
:10AE50000D00DB0616D42B780593022B24D0049822
:10AE6000FFF7D2FE002812D003689C46002B0ED0BC
:10AE7000029B2200019329003B0064460398009640
:10AE8000A04705E00498FFF7BFFE002802D10E207E
:10AE900009B0F0BD8368002BF9D00A22290003987D
:10AEA00098470028D7D0F3E76B6858781A786A4B30
:10AEB000000210439842D2D8043B984210D2674B0C
:10AEC000984242D015D8664BC0180128C7D80B202D
:10AED000002EDDD1EB681A7859683A80200028E00E
:10AEE000604BC018032800D978E000F001FF836AA6
:10AEF000779D5D4B9842B2D10B20002EC8D1012323
:10AF00003B80EB6831001B7823706889013080B288
:10AF1000FCF772FE3A88031E0ED0017802328A18BE
:10AF20003A80428962704289120AA2705968027896
:10AF3000E01C00F04DFE06E004323A8031000422AD
:10AF4000601C00F015FE0020A2E70B20002E9FD110
:10AF5000EB6807A91E8804233B80330A3000267063
:10AF60006370FCF749FE051E28D004AB9A890E23B6
:10AF700004A95B183D49C668FCF7B2FE00280BD156
:10AF80002B783B486A680599FBF764FA002803D1DF
:10AF9000012304AA5B42D3813278022A06D1716868
:10AFA000201D00F015FE3B8802333B800E2304AACF
:10AFB0009B181B88A3701B0AE370C4E704ABDE81F7
:10AFC000F4E70B20002E00D062E7E9680398FFF752
:10AFD00029FF02233B8020706670B4E70B20002E0F
:10AFE00000D055E70222EB681B883A8023701B0AC9
:10AFF0006370A8E7E86800F063FDC2B203000720B1
:10B00000B24200D244E70DD00299DBB271189942E6
:10B0100002DB921BD3B20293029BE9681A003B80C9
:10B0200089195BE70023F6E70B20002E00D02FE7FD
:10B030000722EB683A801A7822705A7862705A8830
:10B04000A2705A88120AE2701A792271DA88627143
:10B05000DB881B0AA37176E70429000002280000A0
:10B0600000D8FFFFFFD6FFFF03280000FFFF00000E
:10B07000ACC00011F0B58DB06B46002008912022C5
:10B080009B5E83423DDAA54B187800F029FE071E2F
:10B0900032D00378B02B2CD10079023816281FD873
:10B0A00000F07EFE17001E001E001E0031001E0074
:10B0B00094001E001B011E0050011E0071011E00A5
:10B0C000CB011E0050021E001E001E008E021E003C
:10B0D000B902934B93491B8878880B80FAF7FCFEE2
:10B0E0003800FCF77FFE904B1B68002B01D0380026
:10B0F0009847380000F094FC8020089B00024340F1
:10B1000018000DB0F0BDEE220021864800F030FDA1
:10B110000BAA3B7B7989388900923A000D32FCF703
:10B120007FFC04007F4B1B78002C3DD144E07F4B1B
:10B130007888059306AB9A8A7D4B4100CB5A7D4EA9
:10B14000073BDBB202930023210001930096059B8D
:10B15000FFF772FE734D00280FD133883A8A9A4266
:10B160000BD138000599123000F06AFB002804D09A
:10B170002B7862899B00EB185A80162606ABF618CE
:10B180009A8A200033007989FCF7AAFD2B78040005
:10B190009A00AA1851880029C4D00133DBB22B7061
:10B1A000002806D031889180634A12889A42BED81E
:10B1B00002E0012149429180002B04D0594978884E
:10B1C000FAF7BEFE8CE73E890A2479E000253E8925
:10B1D000574B06937B88069A5B009B5A033B9D4224
:10B1E00002DB002DF0D05BE0162206A812183B7B94
:10B1F000798900923A0030000D32FCF711FC05907D
:10B20000002858D04689017A7888FCF7D1FB041EC3
:10B2100044D1464B78880793069B4100C95A454B59
:10B220000439C9B206AAD28A069302910194009306
:10B230000599079BFFF700FE041E2FD1069B394995
:10B240001A88931C002D26D14B807988384B4900F1
:10B25000CB5A5119033B8B4220DD059B31485B895A
:10B2600041190B71A91C0135C9B2EDB205914519FF
:10B270001B0A2B71059B2D490433181800F0A8FCFC
:10B280002C4B059A1B88D318DDB22C4B9E4205D05F
:10B290000136B6B29CE749889942D6D0002D0CD031
:10B2A000204C2800618800F08BFC207021007888F9
:10B2B000FAF756FE14E7059CF0E7002C00D183E76F
:10B2C0007B78142B00D10BE716493B794E800B702D
:10B2D0000C717888FAF7F6FD02E7162406ABE4183D
:10B2E00021003889FCF788FC011E00D18FE17888A5
:10B2F00022880F4C45002C5B0A4D013CE4B20294BD
:10B3000000240F4B01940095FFF796FD041E00D01A
:10B3100016E129007888FAF733FEE1E6206BFF1F7B
:10B320007C42FF1F3868FF1F2C68FF1F2C69FF1F1E
:10B330006864FF1F1C6AFF1F7A42FF1FFFFF0000A7
:10B340003A68FF1F162406ABE41821003889FCF781
:10B3500053FC011E00D15AE178882288B24C450086
:10B360002C5BB24D013CE4B202947C89B04B019459
:10B370000095FFF761FD041E00D0E1E02900788808
:10B38000FAF708FEACE60025A84B1D803B00F6331B
:10B390001B78A64A78880792AB4208D9A24B12883C
:10B3A0000693069943005B5A013B9A4203DB0799D7
:10B3B000FAF7FAFD94E616246B00FB18059306AB2A
:10B3C000E418059B21001889FCF716FC011E03D127
:10B3D000059B01241E8973E77888964B2288069C7A
:10B3E000099343001B5B944E013BDBB202930023A5
:10B3F00000960193099BFFF71FFD041E02D0059BD9
:10B400001E895DE77B88069A5B009B5A079A108825
:10B41000328881188B4203DC1B1A013B9AB23280BE
:10B42000824C02300999001900F0D2FB238832883F
:10B4300001359B182380EDB2A8E70BAA3B7B7989E5
:10B44000388900923A000D32FCF7EAFA002506002E
:10B45000002E04D10A24002D00D171E063E0317A7E
:10B460007888FCF7A5FA0100041E67D16E4C714B79
:10B47000788805940793059B4400E45A6E4B063C7C
:10B48000E4B206AA928A06930294019100933100D5
:10B49000079BFFF7D1FC041E50D1069B634A1B8813
:10B4A000002D34D104335380604C728963191A71B2
:10B4B0006B1C9BB2E318120A1A7106AB9A8A162308
:10B4C00006A81B1879893000FCF70AFCFF212B1D08
:10B4D000AA1C9BB20335059306000B0092B2ADB2D5
:10B4E000002803D006ABDB8AD9B21B0AA218651963
:10B4F00011712B71059B504D181D2A884D4920183C
:10B5000000F066FB2B88059AD3189DB2A0E75188FE
:10B510001A1D914207D17A8805995200525AEB18A8
:10B52000053A9A42C0DC414C2800618800F0D0FB0B
:10B53000207021007888FAF741FDD1E5002DF2D185
:10B540003E89BDE6162606ABF61831003889FCF7B1
:10B5500053FB3D000400FA3500282DD0037A9B06EA
:10B560000CD400227B893989788800923A000C3209
:10B57000FFF7EAFB041E10D03E8915E03088FFF784
:10B5800043FB00281AD08368002B17D02100122219
:10B5900078889847041EE4D0EEE72B78002B02D180
:10B5A0007888FAF71BFD00262B78002B00D097E552
:10B5B000002C00D194E583E60124DDE70E24DBE7CF
:10B5C000162506ABED1829003889FCF715FB041E7B
:10B5D0001DD0037A9B0609D4184B7A8819888A42B1
:10B5E00063D0174881425FD00924A9E72888FFF774
:10B5F0000BFB00280DD08368002B0AD021001222FB
:10B6000078889847041EE7D09AE7100053E0012499
:10B6100096E70E2494E7094B7A881B889A423FD01C
:10B620007888FAF7EDFC5BE56864FF1F3868FF1F58
:10B630003A68FF1F2C69FF1F1C6AFF1F186BFF1F52
:10B64000FFFF0000F223059851684343CD18C95A03
:10B6500000291FD03B7A012B0BD16C88AB887888EE
:10B66000AA1D0094FFF770FB041E02D000233B725A
:10B670002E88F2220021280000F07AFA00232B8085
:10B68000059B0133DBB20593144B05991B78144AD3
:10B690008B42D7D801235B421380002CC0D00FE629
:10B6A000002634000596EFE71A8058680B4B1A788D
:10B6B000F22353431B18984296D002000188F232BD
:10B6C0000029A2D13C0008342100F22200F080FAC7
:10B6D00021007888FAF78AFC02E5C046166BFF1F46
:10B6E000186BFF1F70B504000E001500FFF79AFAE3
:10B6F000031E08D131000548FFF794FA030011201A
:10B70000002B02D01C8000209D7070BDFFFF000048
:10B71000F8B50B4F06003B780D001400FF2B0ED040
:10B720000A2000F065F9011E09D0B123038000232F
:10B7300046800371C5800481387800F069F9F8BD4E
:10B74000CD43FF1FF8B50F0006A90600088807A91A
:10B750000B25098800281FD10235022B1CD15478F3
:10B76000137824021C43230073358B4314D1FD68E6
:10B7700030002900FFF756FB84420CD0290022003C
:10B780003000FFF7AFFF1125002805D1220030005F
:10B790007989FFF7BDFF00252800F8BDF0B50E78C8
:10B7A00085B003900AA805880120022E0DD14C68AF
:10B7B0002778647824023C43054FBC4205D10398A6
:10B7C000DBB201960095FFF7BDFF05B0F0BDC046A6
:10B7D00002290000034B10B51B68002B00D09847CE
:10B7E000FEE7C046246BFF1F07B501A8FFF7F2FF75
:10B7F000044A05480021121A00F05AF8F8F748F8F0
:10B80000FEE7C046286BFF1FD043FF1F000000006B
:10B8100001B40248844601BC604700BF6DBC000013
:10B8200001B40248844601BC604700BFAD38FF1F29
:10B8300001B40248844601BC604700BFB933FF1F12
:10B8400001B40248844601BC604700BFCD4C0100F2
:10B8500001B40248844601BC604700BFC92600000D
:10B8600001B40248844601BC604700BF1D4B010083
:10B8700001B40248844601BC604700BFFD35FF1F8C
:10B8800001B40248844601BC604700BFA9460100DC
:10B8900001B40248844601BC604700BF8B520100DE
:10B8A00001B40248844601BC604700BF4551010015
:10B8B00001B40248844601BC604700BFB70E0000D7
:10B8C00001B40248844601BC604700BFADAE000031
:10B8D00001B40248844601BC604700BF691F0000F4
:10B8E00001B40248844601BC604700BF291C000027
:10B8F00001B40248844601BC604700BF21460100F4
:10B9000001B40248844601BC604700BFDD66010007
:10B9100001B40248844601BC604700BFBD2FFF1F31
:10B9200001B40248844601BC604700BFA54F010036
:10B9300001B40248844601BC604700BF25260000D0
:10B9400001B40248844601BC604700BF017F00008B
:10B9500001B40248844601BC604700BF791800006A
:10B9600001B40248844601BC604700BFF919FF1FBB
:10B9700001B40248844601BC604700BF6571010004
:10B9800001B40248844601BC604700BF0519FF1F8F
:10B9900001B40248844601BC604700BFC94A0100A7
:10B9A00001B40248844601BC604700BFED4A010073
:10B9B00001B40248844601BC604700BF4550000006
:10B9C00001B40248844601BC604700BFC51D0000A9
:10B9D00001B40248844601BC604700BFBD3AFF1F66
:10B9E00001B40248844601BC604700BF0D5201000B
:10B9F00001B40248844601BC604700BF1D4D0100F0
:10BA000001B40248844601BC604700BF2539FF1FCE
:10BA100001B40248844601BC604700BF594F010091
:10BA200001B40248844601BC604700BF434D010099
:10BA300001B40248844601BC604700BF554901007B
:10BA400001B40248844601BC604700BF4932FF1F71
:10BA500001B40248844601BC604700BF056A00008B
:10BA600001B40248844601BC604700BF5930FF1F43
:10BA700001B40248844601BC604700BFA530FF1FE7
:10BA800001B40248844601BC604700BF8932FF1FF1
:10BA900001B40248844601BC604700BF7D2DFF1FF2
:10BAA00001B40248844601BC604700BFF136FF1F65
:10BAB00001B40248844601BC604700BF851F0000F6
:10BAC00001B40248844601BC604700BFDD5201005A
:10BAD00001B40248844601BC604700BF51470100E1
:10BAE00001B40248844601BC604700BF2136FF1FF5
:10BAF00001B40248844601BC604700BFD949010037
:10BB000001B40248844601BC604700BFA537FF1F4F
:10BB100001B40248844601BC604700BFA13AFF1F40
:10BB200001B40248844601BC604700BFEDA5000097
:10BB300001B40248844601BC604700BF311B0000CD
:10BB400001B40248844601BC604700BF5522000092
:10BB500001B40248844601BC604700BF9DA90000B3
:10BB600001B40248844601BC604700BF3119FF1F81
:10BB700001B40248844601BC604700BF154D010076
:10BB800001B40248844601BC604700BFD1A5000053
:10BB900001B40248844601BC604700BF793AFF1FE8
:10BBA00001B40248844601BC604700BF8D1200000A
:10BBB00001B40248844601BC604700BF156B010018
:10BBC00001B40248844601BC604700BF350E000046
:10BBD00001B40248844601BC604700BFE94C010043
:10BBE00001B40248844601BC604700BFC521000083
:10BBF00001B40248844601BC604700BF810E0000CA
:10BC000001B40248844601BC604700BF0124000023
:10BC100001B40248844601BC604700BF014C0100EA
:10BC200001B40248844601BC604700BF5D170000B4
:10BC300001B40248844601BC604700BFE538FF1FDD
:10BC400001B40248844601BC604700BF9938FF1F19
:10BC500001B40248844601BC604700BF4D3AFF1F53
:10BC600001B40248844601BC604700BF595201003C
:10BC700001B40248844601BC604700BF4D1F00006C
:10BC800001B40248844601BC604700BFD91B0000D4
:10BC900001B40248844601BC604700BF090E0000A1
:10BCA00001B40248844601BC604700BF295101002D
:10BCB00001B40248844601BC604700BFB352010092
:10BCC00001B40248844601BC604700BF456B0100D7
:10BCD00001B40248844601BC604700BF090E000061
:10BCE00001B40248844601BC604700BFF54E010024
:10BCF00001B40248844601BC604700BFD13AFF1F2F
:10BD000001B40248844601BC604700BFE928000036
:10BD100001B40248844601BC604700BF21240000F2
:10BD200001B40248844601BC604700BF75A9000009
:10BD300001B40248844601BC604700BFF30E000016
:10BD400001B40248844601BC604700BF855201002F
:10BD500001B40248844601BC604700BFC9A9000085
:10BD600001B40248844601BC604700BF091B0000C3
:10BD700001B40248844601BC604700BFB54C0100D5
:10BD800001B40248844601BC604700BF1530FF1F64
:10BD900001B40248844601BC604700BFB14E0000B8
:10BDA00001B40248844601BC604700BFE53AFF1F6A
:10BDB00001B40248844601BC604700BFE11700009F
:10BDC00001B40248844601BC604700BF5125000011
:10BDD00001B40248844601BC604700BFD139FF1F4F
:10BDE00001B40248844601BC604700BFC56D010034
:10BDF00001B40248844601BC604700BFE54800002A
:10BE000001B40248844601BC604700BF055E0000E3
:10BE100001B40248844601BC604700BFF94C0100F0
:10BE200001B40248844601BC604700BF3D4B01009D
:10BE300001B40248844601BC604700BFD52FFF1FF4
:10BE400001B40248844601BC604700BF3D180000B1
:10BE500001B40248844601BC604700BF6539FF1F3A
:10BE600001B40248844601BC604700BF355500005C
:10BE700001B40248844601BC604700BF114701007D
:10BE800001B40248844601BC604700BFF135FF1F82
:10BE90000003010302030303040305030602070270
:10BEA000080309030A030B030C030D030E030F031E
:10BEB000100311031303140315031603013C0011AF
:10BEC000353C00110000000002000000D2BE00114D
:10BED000192A0F180A000000F1590000FD24000083
:10BEE000414601003580001151A0001191740011EC
:10BEF000397E00114556001175B000111152001124
:10BF0000253E00114D3F00110000000016160000F4
:10BF1000020000001CBF0011F4FFF3FFD2FC000080
:10BF20008D4000110000000000000000496E6B62AF
:10BF3000697264004942532D563137003030303138
:10BF4000006769746875622E636F6D2F70767678FE
:10BF500000494253544832500000000002000000E3
:10BF600070BF0011292A282A272A262A252A242AAE
:10BF70000A180000744000001027000060F0000064
:10BF80000400000006640000204E000000000000D5
:10BF9000060000005C440000102700006CEE00006A
:10BFA00007000000050000001F501D10023CB400F7
:10BFB00000012C00210000008102000030313233EA
:10BFC0003435363738394142434445460000000095
:10BFD000495A00119D5A00110000000002000000A3
:10BFE000E8BF00116F2A6E2A1A18000001A0000095
:10BFF000000000006410B71DC8206E3BAC30D9268D
:10C000009041DC76F4516B6B5861B24D3C71055038
:10C010002083B8ED44930FF0E8A3D6D68CB361CB60
:10C02000B0C2649BD4D2D38678E20AA01CF2BDBD14
:10C03000FB349B5F800000800010000000000000C7
:10C040009B6000111D770011BF600011297B00115A
:10C0500043610011FF7A0011B9610011D57A001116
:10C060000B620011A57C001173620011A57C001108
:10C07000A56200115F7C0011B96100118D7A001179
:10C08000316200113D7C0011000000000000000042
:10C09000176300113D7C00117963001135770011A1
:10C0A000052A042A012A002A022903280128002837
:10C0B000011800180000000000000000000000004F
:10C0C00000000087010102010201010201020303D5
:10C0D00004010301010101010303020103000D003A
:10C0E0000E001000110013001401070108010A01DD
:10C0F0000B011C011D0204020502070208021902BD
:10C100001A021C021D0301030203170002010005AD
:10C1100004000807000B0A001716001D1C0102018D
:10C12000010504010E0D0111100114130117160170
:10C130001A19020201020B0A020E0D02111002145A
:10C1400013021716030504030807030B0A030E0D59
:10C150000001020307090A0B0E0F10111214171821
:10C16000191A1B1F20212200C1A900117DAA00114C
:10C170000000000002000000B2C00011000000003A
:10C180009DB700110000000002000000B0C00011C7
:020000041FFFDC
:10000000000000008D3D0011D8BE0011D4BE0011CB
:10001000E460FF1F0000000000000000000000007E
:1000200000000000000000000000000000000000D0
:1000300000000000000000000000000000000000C0
:1000400000000000000000000000000000000000B0
:1000500000000000000000000000000000000000A0
:100060000000000000000000000000000000000090
:100070000000000000000000000000000000000080
:100080000000000000000000000000000000000070
:100090000000000000000000000000000000000060
:1000A0000000000000000000000000000000000050
:1000B0000000000000000000000000000000000040
:1000C0000000000000000000000000000000000030
:1000D0000000000000000000000000000000000020
:1000E0000000000000000000000000000000000010
:1000F0000000000000000000000000000000000000
:1001000000000000000000000000000000000000EF
:1001100000000000000000000000000000000000DF
:1001200000000000000000000000000000000000CF
:1001300000000000000000000000000000000000BF
:1001400000000000000000000000000000000000AF
:10015000000000000000000000000000000000009F
:10016000000000000000000000000000000000008F
:10017000000000000000000000000000000000007F
:10018000000000000000000000000000000000006F
:10019000AD32FF1FF530FF1FC166010000000000F7
:1001A000000000000000000000000000000000004F
:1001B000000000000000000000000000000000003F
:1001C000000000000000000000000000000000002F
:1001D000000000000000000000000000000000001F
:1001E000000000000000000000000000000000000F
:1001F00000000000000000000000000000000000FF
:1002000000000000000000000000000000000000EE
:1002100000000000000000000000000000000000DE
:1002200000000000000000000000000000000000CE
:1002300000000000000000000000000000000000BE
:1002400000000000000000000000000000000000AE
:10025000000000000000000000000000000000009E
:10026000000000000000000000000000000000008E
:10027000000000000000000000000000000000007E
:10028000000000000000000000000000000000006E
:10029000000000000000000000000000000000005E
:1002A000000000000000000000000000000000004E
:1002B000000000000000000000000000000000003E
:1002C000000000000000000000000000000000002E
:1002D000000000000000000000000000000000001E
:1002E000000000000000000000000000000000000E
:1002F00000000000000000000000000000000000FE
:1003000000000000000000000000000000000000ED
:1003100000000000000000000000000000000000DD
:1003200000000000000000000000000000000000CD
:1003300000000000000000000000000000000000BD
:1003400000000000000000000000000000000000AD
:10035000000000000000000000000000000000009D
:10036000000000000000000000000000000000008D
:10037000E9B70011000000000000000000000000CC
:10038000000000000000000000000000000000006D
:10039000000000000000000000000000000000005D
:1003A000000000000000000000000000411BFF1FD3
:1003B000000000000000000000000000000000003D
:1003C000000000000000000000000000000000002D
:1003D000000000000000000000000000000000001D
:1003E000000000000000000000000000000000000D
:1003F00000000000000000000000000000000000FD
:08183800306FFF1F4118FF1F74
:10184000024981F3088802F09FFA0000306FFF1F01
:1018500070B500241E491F4A1F484C6308CA1B0567
:101860001B0DE4188242F9D11C4B80228B630021AE
:1018700009201B4B920519621A4B1B4DDA671B4B53
:10188000DA688243DA609A68194802409A60112047
:10189000296002F067F8112002F044F880226B6C96
:1018A000112093436B64EE23DB006343114A1B0C4E
:1018B000D3800122104B9A7201F0ACFB0F4B1B78C6
:1018C000002B04D10E4B1021187802F02DFA70BDB8
:1018D000000005408805054000060540FF010000A6
:1018E00000F0004004E100E0003800403CF000401F
:1018F000FFDFFFFFD060FF1F6861FF1F1A64FF1F3B
:101900001A62FF1F10B502F057FA072804D01228F8
:1019100008D0022808D010BD044A0420136B0133FC
:101920001363F8E70220F6E71420F4E71065FF1FC1
:10193000F8B507000C0026002500503630785135E8
:10194000002804D10300287058342370F8BD29788A
:10195000CA00481E8141A3183800A25C5B68C9B266
:10196000FFF7D0FF00280DD12B78DA00A218013341
:1019700050602B703378044A013B3370136A013393
:101980001362D8E70123DFE71065FF1F5C234343A1
:10199000074910B5C9180B0058331B78012B05D126
:1019A000FFF7C6FF034A936A0133936210BDC04636
:1019B0004465FF1F1065FF1F10B502F0BDFA064A0F
:1019C0000121130010CB4942D967044B136002F088
:1019D000C3F8200010BDC04600E100E01000100078
:1019E00010B5040002F0A8FA024B1C6002F0B4F833
:1019F00010BDC04600E100E010B5040002F09CFA02
:101A00004021094A200013688B43136000F07EFADE
:101A100001F02EFC0022054B01201A60044B043219
:101A20001A6002F0B1F8FEE71CF00040C4F000407C
:101A3000C0F00040431E5A425341A022F0B5D201EB
:101A40005B421340144E154A40019B183218127E17
:101A50008BB00191002A19D01A000832D46F0022ED
:101A6000E5B206AFE4B294420CDC3018C369002B37
:101A700006D0019A03A8027006AA42600572984730
:101A80000BB0F0BD1978B9540132ECE71A7D1A7821
:101A900006AB01251A70E8E7D067FF1F0040004041
:101AA0007FB5244B4101CA5C0400002A2AD05A1891
:101AB000107E002826D0907E002823D0107902289E
:101AC00020D11689D588701B80B2021C102800D93D
:101AD000102292B2AE4216D1591801230B71002385
:101AE000CA69CB800B819A4206D0684603210373F2
:101AF0000171029301A890470820002C00D0192002
:101B000001F088FA7FBD013C60424441A02064425C
:101B1000C001044008485B1824180848DD680633F3
:101B2000013A92B28242EDD019884E1C1E80695C47
:101B30002170F5E7D067FF1F00400040FFFF000065
:101B40000F220E4B10B59868104002380A280BD8A7
:101B500001F0BEFF0D0A0B0A0A110A0A0A0A060062
:101B600002210020FFF766FF10BD0121F9E70020E8
:101B7000FFF796FFF8E7DB6FF6E7C046004000404E
:101B80000F220E4B10B59868104002380A280BD867
:101B900001F09EFF0E0A0B0A0A120A0A0A0A060040
:101BA00002210120FFF746FF10BD01210800F9E7DF
:101BB0000120FFF775FFF7E7DB6FF5E700900040C6
:101BC000564B70B51B68012B03D1554A936D0133F9
:101BD000936502F0C9F8534B534A1860534B544C69
:101BE0001A600123534A1360534A13602378002B71
:101BF00006D006225149524802F04EF800232370C5
:101C0000504A514B10681B78C1B2002B0ED14F4C7B
:101C1000C0B223785BB2002B4FDB237824785BB211
:101C200064B21B0424021B191B1813600B1C5029DF
:101C30004ED95023464A47491078DBB2FF2202288A
:101C40004BD10868444C454D267890432A789642FB
:101C500054D9227824782E785D10013DA31B6B4364
:101C60005201D31A10335B111843086002F0BCF81C
:101C7000031F012B45D83A4B1B78002B06D0394B5C
:101C80001B78002B02D0002002F026F9A122364B4F
:101C900092009978354B4A431B689B188322920027
:101CA0009B181B78033B012B03D8AF20400002F0A8
:101CB000C3F801222E4BDA8270BD237824785BB200
:101CC00064B2FF33FF341B0424021B190138ABE755
:101CD000CAB2022AAED20223ACE70868254C264DD0
:101CE000267890432A78964208D9227824782D784D
:101CF0005B10013B641B63435201B2E72378DBB204
:101D0000B2E70228D5D11D4B1B78013B022B03D92A
:101D10001B4B1B78022BCCD16C20C8E79809FF1F06
:101D2000FC0FFF1F5C64FF1FFF3F00001410034007
:101D30006064FF1F0C10034000100340D50BFF1F11
:101D40007211FF1FB40003408C09FF1F680AFF1FB8
:101D5000490AFF1F94000340460AFF1F470AFF1F5E
:101D6000F908FF1F2209FF1F300DFF1F3409FF1F55
:101D7000BC0BFF1F440AFF1F450AFF1F1C09FF1F62
:101D80002309FF1F10B501F0C7FE0022014B1A8086
:101D900010BDC0465864FF1F10B501F0FDFFA12122
:101DA000054A89009478054A61431268044B521829
:101DB000528C1A8010BDC046300DFF1F3409FF1F22
:101DC0005864FF1F10B50D4B0D4A9978A1239B0055
:101DD0004B431268D218531DD97F0A4B1B88994276
:101DE00009D2441C07D0C82805D0D2695B1A5A43CF
:101DF000054B5343C01802F0EFF810BD300DFF1F24
:101E00003409FF1F5864FF1F7102000070B5244D94
:101E10002B68002B28D001F0C7FE2B68D8402B6818
:101E20000400002B27D002F03FF82B68D8401D4B50
:101E30001D4A9978A1239B004B431268D118D25CAC
:101E400091239B00002A20D0CA580132CA50174B58
:101E500017491B680868834214D3D23B181A012A19
:101E60001AD0144B186070BD01F09EFE124B196819
:101E700002F09AF8D3E702F017F80F4B196802F056
:101E800093F8D4E70D495B18E8E7CA500C4B1B6880
:101E9000DB68E418201AE4E7F530FF30E1E7C046DC
:101EA0001C08FF1F300DFF1F3409FF1F9C09FF1F77
:101EB0005C64FF1FA009FF1F1808FF1F2DFF3F00D4
:101EC0006464FF1F70B504000D00282916D10300BB
:101ED000A433C2881B889B1A0B4A9BB293420DD92C
:101EE00006006A3605223100653001F0BDFF00288A
:101EF00004D13100200001F097FE70BD29002000C0
:101F000002F05AF8F9E7C046FE7F0000F8B5050078
:101F1000012001F099FE134CA36AA26A9342FBD1FF
:101F2000114E336001F060FE104903000860104854
:101F3000426894460F4A17680022BC4501D24268A5
:101F4000BA1A0D4802603268AD18A422E562606AD0
:101F5000520302436262094A1278002A01D00F3B01
:101F60000B60F8BD00F00040340AFF1FE408FF1FBB
:101F700028100040180AFF1F1C0AFF1F1C09FF1F22
:101F800070B580241025E405A3682B43A36001F0FD
:101F900033FFA368AB43A36070BD0000F7B5160024
:101FA00080221C001023D2050191916805000B438B
:101FB000936000225B4BD7301A6001F0EDFF9D2348
:101FC0002F002A009B00EB58FC37CA3201213868E9
:101FD0000092002B01D00021009A01F0A5FF2900FA
:101FE000009BCB311A78504BD3351A604B780A7866
:101FF0001B0213438A7812041A43CB781B0613433F
:102000004A4A1BBA13604B790A791B0213438A7937
:1020100012041A43CB7931001B061343444A1BBAFE
:1020200013606B782A781B021343AA7812041A43B0
:10203000EB781B0613433F4A1BBA1360019A330225
:1020400013433D4A13603D4B22001B1B9C46032952
:102050003FDC032332009A43B3089B00F11A9BB282
:10206000032946D13549E01852188178407809048F
:1020700000020143E05C0433014311600022FF2BA6
:102080004ADDF0222E4B12011A600F222D4B1A60EE
:102090002D4A1368002BFCD00023224A27491360E5
:1020A000091B321D0B191B68043A180A2370607053
:1020B000180C1B0EA070E3700434002AF2DC80229E
:1020C00010213B68D20501333B6093688B439360DA
:1020D000F7BD6346D578981893782D061B042B43DB
:1020E000157804392B43557804322D022B430360B5
:1020F000ADE702290AD11149E05C5218E11849788C
:1021000009020143043311609BB2B7E70129B5D13D
:102110000A495218E15CF5E7084959180A60043386
:10212000ADE7C046000004403C00044038000440D5
:1021300034000440300004400C000440000104401E
:10214000040004401000044014000440F0B51400E2
:1021500080221D00102385B0D205019191680600F0
:102160000B4393600023684AD730136001F014FFDB
:102170003300FC3358689D2337009B00F158CA3761
:102180003A00002900D083E001F0CEFE31003A7819
:102190005E4BCB311A604B780A781B0213438A7866
:1021A000A44612041A43CB781B061343584A1BBAA1
:1021B00013604B790A791B0213438A7912041A437C
:1021C000CB791B061343534A1BBA13604B7A0A7A26
:1021D0001B0213438A7A12041A43CB7A29001B0686
:1021E00013434D4A1BBA1360019A230213434B4A0F
:1021F00013602A00231D18000393494B5B1B0193B6
:10220000019BCF785B1802938B783F061B043B43FE
:102210000F7804383B434F7804313F023B43029F21
:102220003B600328ECDCA3081C0003989900431AC8
:102230000134181FA400072B2CD1394B2819E7189B
:10224000837840781B0400020343285D03433B600E
:1022500008310C000023FF2C2EDD324B324919606F
:102260000F21324B1960012327490B60304B19684D
:102270000029FCD006211B680B40042B21D08022B2
:102280000020D20593680A318B43936005B0F0BDFE
:10229000012179E7022808D1214BE0182B195B783E
:1022A0002C5D1B0223430360D2E70128D2D11C4BD3
:1022B000285DE3181860CBE7194961180B600434F6
:1022C000C9E7002310490B606346002B0CDC330088
:1022D000FC335A68102101325A608022D20593687B
:1022E00001208B439360D1E7019B9B181B68190A5F
:1022F00013705170190C1B0ED37004235B42917044
:102300009C440432E0E7C046000004403C00044026
:102310003800044034000440300004400C00044005
:102320000001044004000440080F000010000440B5
:102330001400044070B5061E19D002225A4B9B7936
:102340009343012B13D1594B1A78FF2A0FD15A7896
:10235000FF2A0CD19A78FF2A09D1DA78FF2A06D110
:102360001A79FF2A03D15B79FF2B00D199E0504BFA
:102370000C201A78012A08D000224E4D1A702978B4
:102380000B00093B042B01D8212070BD4B1F012BF2
:10239000FAD9454CA37B042B00D982E0A279032A09
:1023A00000D97EE09A1ED2B2012A02D860881F2886
:1023B00077D9002E56D0012E73D1A0880128E3D002
:1023C000002907D1581E032803D801F081FB1217FA
:1023D00015122E702978481E032811D80025364B77
:1023E0001D602823237501F097FCA84227D0A58003
:1023F000CAE702212970EDE70421FBE70321F9E791
:1024000007390129C0D82D490968C96A8906BBD591
:102410002B4908780028B7D1012A01D9002BB3D164
:1024200002230B708021274D2633890128782375DC
:1024300001F08AFB80212878890101F075FC0123D5
:10244000A380214B1B78002B0AD0FA2280211F4B3E
:1024500092001B8809025A431A4B187801F04CFC71
:10246000002092E701F068FD2B78A680073B012B46
:1024700003D917482E7001F077FB114B114C1A78D5
:10248000002A06D080210022207889011A7001F0EC
:102490005BFB01F061FB80212078090201F054FB15
:1024A000DEE7122071E7C046A60BFF1F6B09FF1F76
:1024B0001A09FF1F1C09FF1F4809FF1F6464FF1F43
:1024C0002309FF1F1B09FF1F2109FF1F2C09FF1FE5
:1024D0000010004010B5002901D001F0EDFB10BD47
:1024E000F7B55E4B01919978A1239B004B435C4A61
:1024F000060014681022E418D6235B00E058362347
:10250000FF33E35C00279343222B3ED1554B0F3A18
:102510001A600760012501F04FFB019B1880E8233A
:102520005B00E35C002B01D0B34255DD00224E4F2F
:10253000FA70AD32FF32A2581168002903D0928898
:10254000D24392071AD03822FF32A25C002A15D05B
:102550009B225200A25C002A10D1B3420EDAA423BF
:102560005B00E15AE018090A023101F0ADFB2300DB
:102570000122FE33013E01351A87FA70E8235B0021
:10258000E35C002B2AD0A8B2FEBD03683D00002BFF
:10259000C1D081880430090A023101F095FBD623AD
:1025A0005B00E3581F60B5E72300B133BA00FF3387
:1025B0009858013781880430090A023101F084FB00
:1025C000E8235B00E35CBB42EEDCE822F61AED1880
:1025D00000235200A354A9E70027F1E7200001F0EF
:1025E000CBFB00281FD0002E1DDD7319882647194C
:1025F0000193B600200001F07FFC5A3080002018C3
:102600004068013581880430090A023101F05CFB21
:10261000200001F091FAA3590133A351BD4202D029
:10262000019B9D42E6D1114BE35C002BABD095237F
:102630009B00E35C002BA6D00D4BE15A0029A2D0F1
:102640000C4AA35C994202D90133A3549BE70023AF
:102650001A212000A35401F05FFC94E7300DFF1F06
:102660003409FF1F00140340E010FF1F5A0200004E
:10267000720200005E0200000D4970B54A6E0D4CFA
:10268000D2038B69D20BA24206D80B4D0224AA4278
:1026900004D901F0B9FA70BD02246442E2181500B1
:1026A0007E2425402242F4D0A3432B438B61F0E7E4
:1026B00000F000400A200000FC1C0000F8B51D4B93
:1026C0001D4F1A78002A10D1BA7B002A02D101329C
:1026D0001A7003E0032AFAD0022AF8D001F01CFB9A
:1026E00000220120154B1A70F8BD154B154D1C68C2
:1026F000154B9E7801232B702878C0B200F09CFB0C
:10270000BB7B002B0BD101F027FCA1239B00734363
:10271000E41883239B00E41823782B70E4E7032B51
:1027200002D101F0C9FBF0E70020022BDCD101F05F
:10273000ABFAEAE71C09FF1FA60BFF1F2309FF1FC7
:102740003409FF1F490AFF1F300DFF1FF0B587B086
:102750000EAD2F780FAD2D780593AC46634614006F
:102760000E4D0CAA12782E7803930D9B00920193C4
:102770002200059B029701F047FB2E70012C01D02F
:10278000042C08D1802206498B889343054A12788D
:10279000D20113438B8007B0F0BDC0461C09FF1F58
:1027A0006C11FF1F7809FF1F0B001B3B70B5040065
:1027B0003020E02B0DD81300E025493BFF3B9BB2B6
:1027C000ED00AB4205D8034B200019825A8201F07C
:1027D000DBFB70BD8410FF1F10B501F0C5FA054B7F
:1027E00000205B68052B04D9034A5268D20200D44A
:1027F000980810BD00100040FCE100E070B501F049
:102800009BFB0D4B1B68FC33DC691D6AFFF7E4FF83
:102810006419844204D2094B01241B68002B07D0A1
:1028200004220024064B1A70064A9369013393610F
:1028300001F092F9200070BD6464FF1F9809FF1F2A
:102840002309FF1FFC0FFF1F70B50C4D2B68FC33D5
:102850005C6A01F071FBFFF7BFFF2B680025FC33BA
:102860009B6AE318834204D2054B1B68AB4200D13C
:10287000051B01F071F9280070BDC0466464FF1F9C
:102880009809FF1FD722044B92009B5810B5002BCC
:1028900000D0984710BDC0460000FF1F10B501F0E2
:1028A000FFF8FFF7EFFF2749274BCA6D1A40842333
:1028B0005B001343CB65254B1B68186A01F0C4F914
:1028C000234B244A1A60244B244A1A60A022244B2A
:1028D00052001A60234B187801F00EF92249234860
:1028E00001F082FB0023214A214993600233936067
:1028F000204B214813600323936001F075FB1022E5
:102900001E4BFF201A60802252031A60802292031D
:102910001A60802212041A6001F0DEFA012001F030
:102920005BF9FA20400001F04FFA582001F084FAD8
:10293000134801F081F9012001F016FB072001F096
:10294000F3F810BD00F0004000FEFEFF6464FF1FBE
:10295000000003400180063DBC0003403408000035
:10296000A40003404A0AFF1F710200001410004037
:10297000FFFF3F00C30900002810004000E100E015
:1029800030750000664F3B6888331B6883F3088806
:1029900001F0BAF9634A6449136800200B401360E0
:1029A000624B634A1B68934200D1A4E001F014FA21
:1029B0000221604A13688B431360FFF76FFF5E4B81
:1029C000002418785D4DC0B201F02EFA0223AC60ED
:1029D000AB605B4B01202B6001F036F90323AB6049
:1029E00001F04AF9050001F0BFF9060001F044F9D1
:1029F000544B186001F028FA534B1A68AA426441FC
:102A0000AB1A80221B1BD203934201D39B029B0A69
:102A10003A68D16AC90700D470E04C491C0C0968B7
:102A20009BB24C4359432402090A64184849FC32BA
:102A300093680A6803219B1A464A474812689B1804
:102A4000464A9D18464A0B401768AD08DB190560D9
:102A50001360042B03D901350B40056013602D1959
:102A60002800404901F0A0FA3F4F3E493B68C31897
:102A70003B602800019301F0A7FA3C4D2868081834
:102A800038492860884205D9019B01333B6001F039
:102A90009BFA296001F058FA354B1B78002B0DD0BA
:102AA00001F062F9334BA21B196812188A4232D224
:102AB0008919091B091A304801F096FA2F4D2B7A13
:102AC000002B0ED001F050F9A21BE96812189142B8
:102AD00024D98919091B091A294801F085FA00230C
:102AE0002B72284B83F3088801F00EFA002001F0C6
:102AF00073F901F0D1F901F06FF95EE7DC0199009B
:102B00000234641A5900641A09214B438033CB40C4
:102B1000A408E4188AE7FA218900CCE71A49DBE720
:102B20006464FF1F1CF00040FFFFC1FF0C0AFF1F81
:102B3000B641210310000040490AFF1F1410004055
:102B4000C3090000100AFF1F340AFF1F380AFF1FC5
:102B5000200AFF1F1C0AFF1F240AFF1FC4090000D0
:102B6000280AFF1F710200006008FF1F2C0AFF1FC8
:102B70001C09FF1FE408FF1F00100040740BFF1F1B
:102B80003C10004000000020DC050000A022054BA6
:102B900092009B5810B5002B01D0984710BD01F052
:102BA000DBF8FBE70000FF1FA122054B92009B58BA
:102BB00010B5002B01D0984710BD01F0CDF8FBE710
:102BC0000000FF1FA222054B92009B5810B5002B5E
:102BD00001D0984710BD01F0BFF8FBE70000FF1FD0
:102BE000A322054B92009B5810B5002B01D09847AB
:102BF00010BD01F0B1F8FBE70000FF1FA422054B58
:102C000092009B5810B5002B01D0984710BD01F0E1
:102C1000A3F8FBE70000FF1F70B501F0A5F84F4BCC
:102C2000186001F0A9F90400C30702D400F0F4FF12
:102C300070BD00224A4B1A604A4B187801380428AC
:102C400029D800F045FF0320181C2400200001F0C3
:102C50000BF80128ECD0444C2378042B6ED101F002
:102C60003BF80028E4D001F0C7F9582001F0E4F85F
:102C700002232370DCE7200001F036F8E9E72000AA
:102C800001F0FAF8E5E7200001F0BEF9E1E72000E5
:102C900000F03AFFDDE701F0A7F80500012808D1B0
:102CA000324B1B78053B012B03D82000FFF76EFF4A
:102CB000D1E72D4B1B78022B01D0052B20D1022D03
:102CC00028D12B4B9B7BAB431CD12000FFF76CFF23
:102CD000264B18780128BED16405BCD4244925228E
:102CE0004B7B034205D1233A13405A4253412633CA
:102CF0001A000B7D9342AED9322001F0C5F8AAE745
:102D0000022D07D1194B1B78052B11D12000FFF79D
:102D100059FFDDE7012D0BD1012B03D12000FFF777
:102D20005FFF98E7062B03D12000FFF767FF92E7CC
:102D3000200001F011F8022D8DD1C9E7032B04D139
:102D40000C4B987C00F058FF72E7072B00D06FE720
:102D5000094B987B00F0F8FF6AE7C0469C09FF1F0B
:102D60009809FF1F9009FF1F2309FF1F1C09FF1F60
:102D7000A60BFF1FBC0BFF1FD40BFF1FFA210A4B32
:102D80000A4A49001A640A4A5A500A4A04395A50EF
:102D9000094A08319A64094A5A50094A5C315A5022
:102DA000084ADA667047C0460000FF1F4D27FF1F24
:102DB0004928FF1FFD27FF1F3523FF1FBD26FF1FCB
:102DC000C51DFF1F991DFF1FF7B50B0CFF27012223
:102DD000009300233C001E001D009446019089B220
:102DE00062469A401000084018413618B6B2FF2FCC
:102DF00002D1012E00D19FB2009802401A41AD18B5
:102E0000ADB2FF2C02D1012D00D19CB20133102BA9
:102E1000E6D10320012E07D1012D04D1019B24010D
:102E2000E4191C700138FEBD102EFCD10238102DA3
:102E3000F9D00230F7E700008023F7B59C46264B17
:102E4000264F01932649274A274D284C284B022814
:102E50001AD1604638600868264E30408026360316
:102E60003043086001990978002909D11660224A87
:102E70002A60224A2260E02219689143A03A1BE0AE
:102E80008021C9021160F2E766463E600F68194E64
:102E90003E408027FF023E430E60019909780029D9
:102EA0000DD1176001280ED1154A2A60154A2260FB
:102EB000E02219689143C03A0A431A60F7BD8021A5
:102EC00089021160EEE7E0210F4A02432A600F4AAF
:102ED00022601A688A43F0E74B0AFF1FE0000340B4
:102EE000D80003409000034000000340500003401E
:102EF00040000340FFFFE3FF0280063D80450822BB
:102F00000180063D806608220080069880550822D0
:102F1000F8B51E4B80261A68002014003440324257
:102F200032D11A681A4F32431A6001223B680630C8
:102F300093433B6000F088FE0122164D2B681E4330
:102F40002E603B680A2613433B608027BF00124B6C
:102F50001B683B4211D1013EF6B2FF2E09D17E2201
:102F60000E4B1C682B68E40B1440934323432B60E7
:102F700005E0082000F068FEE9E7002EEFD180228E
:102F80002B68600893432B60F8BDC046C4F0004036
:102F90005CF0004018F0004068F0004060F0004035
:102FA00010B500F081FE01215820034A00F0F4FD25
:102FB000FFF7AEFF10BDC046600AFF1F10B57822B4
:102FC0000021034800F090FF00F0FEFD002010BD3E
:102FD0005867FF1F70B5040000F0AEFF00230C20FF
:102FE0000B4A010059438D18515C00290DD0A142B4
:102FF00008D1012300246B7000F00EFF00F0ACFD3F
:10300000200070BD01330A2BEBD11224F6E7C04635
:103010005867FF1F70B5040000F08EFF00231900F1
:103020001D000C4A1078002808D0A04200D155702D
:10303000507801311B180C320A29F3D1002B05D12D
:1030400000F0C2FD00F088FD002070BD00F0E4FE3D
:10305000F8E7C0465867FF1FF7B504000C200023AF
:1030600084460E4D019267465F43E85D7E19A0429B
:1030700012D000280BD10A4B9C4662461B780833BD
:103080001370019B70707C557160B360FEBD01339D
:103090000A2BE8D10320F9E70720F7E75867FF1F5D
:1030A0005467FF1F70B500240C26104B320062439A
:1030B000D5189A5C824211D10D4A1378F8331370F7
:1030C00000F03AFF09222900121B72430C3128003C
:1030D00000F0C2FD00F040FD002070BD002A02D0CB
:1030E00001340A2CE2D11220F7E7C0465867FF1FCF
:1030F0005467FF1F8020F8B5484BC0051B68C124EA
:103100008360474BFF251A68012313434361454BF6
:10311000A4001A68444B40211A60444B1A68444B7F
:103120001A60444B1A59AA431A51C52292009E585C
:10313000AE433143802699509F583F49F6010F40D6
:103140003E439E509E5880273602360A30439850A0
:1031500080201A5900020A4002431A5104341A59B5
:10316000364E3F04324080263A431A511A593606E9
:103170001202120A32431A5108341A5980260A40A0
:1031800002431A51C32292009F58B446AF433743BB
:103190009F509F58294E0F4007439F509F583740DC
:1031A00080263604374380269F509F5836063F02BC
:1031B0003F0A37439F50C0221F59AF433A431A5129
:1031C0001A591202120A1643C6221E5192009C5826
:1031D000AC4365462C439C509C5800250C40204332
:1031E0009850C72080001A58154C1140C022120276
:1031F0000A431A50134B1B78DB08AB4201DC00205A
:10320000F8BD2378002B06D0A368002B00D0984788
:1032100001350C34EEE71220F2E7C0460843FF1FE9
:103220000443FF1FB0F000405067FF1FB4F00040A0
:103230004C67FF1F00E100E0FF00FFFFFFFF00FF02
:103240005867FF1F5467FF1F030010B51F2809D8D8
:10325000072200201340072404490A78A24313439D
:103260000B7010BD00230620F5E7C0465467FF1F12
:10327000034A0449136800200B4013607047C0469E
:103280001CF00040FFFFC1FF054B06491B780A6890
:1032900005485B0702401B0B134300200B6070477F
:1032A0005467FF1F1CF00040FFFFC1FF70B50C25E5
:1032B000FFF7EAFF0A4B1C780A4BE4086543ED1858
:1032C000002C01D1200070BD2B78002B06D06B683C
:1032D000002B00D09847013C0C3DF1E71220F2E7AB
:1032E0005467FF1F4C67FF1F1FB5002102220B0010
:1032F00001910091052000F0AFFD02230B490A68FF
:103300001A42FCD120230393039B5A1E0392002BE5
:10331000FAD1074A1368002BFCDA0B246C44200016
:10332000012100F009FD207804B010BD90C80040D4
:1033300000C8004013B504000A4B0193019B002B09
:1033400001D1112016BDFFF7CFFF23000340044237
:1033500005D0052000F078FC019B013BEDE718004B
:10336000F0E7C046FFFFFF0707B500F0E5FD80224C
:103370000821D205936A0191002B01D1073991628E
:1033800002210C4A11600199481E01900029FAD1CE
:1033900003311160053101910199481E0190002906
:1033A000FAD11160002B02D18022D205936200F085
:1033B000D3FB07BD00C00040F0B52D4C89B0237889
:1033C000002B4FD1FEF7F8FA02232A4F03903A68F8
:1033D0001A42FCD120230693069B5A1E0692002B0C
:1033E000FAD1254E3368002BFCDA0120FFF7A2FF4B
:1033F000011E02D0112009B0F0BD0300032201908C
:10340000009005AD9F2000F027FD0321280000F06B
:1034100093FC02233A681A42FCD120230793079BAE
:103420005A1E0792002BFAD13368002BFCDA0120D8
:10343000FFF780FF0028DDD10398FEF7D1FAAA78C4
:103440006B7811041B020B4329780B436360130054
:10345000113B0A49052B07D801239340A3600B6059
:10346000012323700020C6E780231B03F6E7C04634
:10347000F042FF1F90C8004000C800409808FF1F9E
:103480001E4B30B55A6818781D4B85B0D318594279
:103490004B4101210093002300F06EFB194B1A4AA7
:1034A00002259A6300221A6510325A658022C421CF
:1034B0009D65164B1648D202DA6789004258154BB3
:1034C00080241A4080231B0413434350642341206B
:1034D0000393E40500F006FA402000F003FA656269
:1034E000039D6B1E0393002DFAD103236362FFF744
:1034F0003BFFA562FFF760FF05B030BDFC42FF1F38
:1035000095FFFEF700C80040050001FF04E100E060
:1035100000E100E0FFFF00FFF0B585B00700FEF717
:103520004BFA022305002D4C22681A42FCD12023BD
:103530000093009B5A1E0092002BFAD1284E33684C
:10354000002BFCDA0120FFF7F5FE002803D0112440
:10355000200005B0F0BD234B2360022322681A42ED
:10356000FCD120230193019B5A1E0192002BFAD11A
:103570003368002BFCDA0120FFF7DCFE0028E6D1DF
:10358000194B1F60022322681A42FCD120230293A8
:10359000029B5A1E0292002BFAD13368002BFCDAF0
:1035A0000120FFF7C7FE0028D1D1104B2360022372
:1035B00022681A42FCD120230393039B5A1E0392D4
:1035C000002BFAD13368002BFCDA0120FFF7B2FEA2
:1035D000041EBCD12800FEF703FAB9E790C80040EA
:1035E00000C8004001000006A8C80040018000019A
:1035F00010B50020FFF790FF10BD000010B5064B7E
:1036000018705960FFF73CFF00211320034AFFF7B1
:1036100023FD002010BDC046FC42FF1F8134FF1F68
:10362000F0B5040085B003920291FEF7C5F9882237
:1036300063035B0B52051A438023DB059D6A8023DD
:10364000274F0092BA68002601901B039A420CD9BA
:10365000F82326001B041E401C4206D08022214B6A
:1036600052025E6219680A431A60002D0BD100F005
:1036700063FC02221C4B1A608023DB055A62013A6C
:103680009A6200F069FA0023039A934220D1002D38
:103690000AD100F051FC144B03221D608023DB058E
:1036A0005A629D6200F058FA8023BA681B039A425E
:1036B00008D9002E06D000220A4B0C495A621A681B
:1036C0000A401A600198FEF78BF9002005B0F0BDA2
:1036D000009A0299D2181278CA540133D4E7C0462E
:1036E000F042FF1F00C8004000C00040FFFFFEFF87
:1036F000F0B587B0029103920400FEF75DF90190E6
:1037000000F01AFC802302250122234EDB053560E0
:103710005D629A6200F020FA204F3B682B42FCD198
:1037200020230493049B5A1E0492002BFAD11C4DB3
:103730002B68002BFCDA0120FFF7FCFD002802D0EB
:10374000112007B0F0BD2000039A029900F0BCFBE5
:10375000022304003A681A42FCD120230593059BFA
:103760005A1E0592002BFAD12B68002BFCDA01209F
:10377000FFF7E0FD051EE3D100F0DEFB802303220E
:10378000DB0535605A629D6200F0E6F90198FEF7AC
:1037900027F9E0B2D5E7C04600C0004090C800401D
:1037A00000C80040F0B5802489B00600FEF704F997
:1037B000E405A36A02250393029000F0BDFB0123F8
:1037C000304F3D606562A36200F0C6F92E4C23685D
:1037D0002B42FCD120230593059B5A1E0592002BFA
:1037E000FAD12A4D2B68002BFCDA0120FFF7A2FD4D
:1037F000002803D01124200009B0F0BD244B236021
:10380000022322681A42FCD120230693069B5A1EEB
:103810000692002BFAD12B68002BFCDA0120FFF76F
:1038200089FD021EE6D11B4B03211E60030001909F
:103830000090202000F010FB022322681A42FCD1E5
:1038400020230793079B5A1E0792002BFAD12B685F
:10385000002BFCDA0320FFF76DFD041ECAD100F037
:103860006BFB80230322DB053C605A629C6200F004
:1038700073F9039B002B01D1FFF776FD0298FEF749
:10388000AFF8B8E700C0004090C8004000C8004052
:103890000100000694C8004007B50002019104220F
:1038A000000A01A9FFF724FF0EBD000073B5050053
:1038B00005240B4AA3005B429B1819686B46DE1D6A
:1038C0003000FFF781FA022804D133782B55013CF0
:1038D000EFD276BD052CFCD00128FAD10230F8E7F2
:1038E000140900111F2807D8012380228340D20524
:1038F00091680B43936070473F2808D801238022CA
:1039000020388340D20551690B435361F3E75F28A8
:10391000F1D80123802240388340D205116A0B433D
:103920001362E8E71F2807D8012280218240C905D9
:103930008B6893438B6070473F2808D80122802111
:1039400020388240C9054B6993434B61F3E75F28F8
:10395000F1D80122802140388240C9050B6A934387
:103960000B62E8E71F2810D880230200DB05153A18
:103970001968012A06D820229143196019680A4360
:103980001A60704701228240F6E73F2811D8802351
:103990000200DB05353AD968032A06D81022914384
:1039A000D960D9680A43DA60EBE701222038824007
:1039B000F5E75F28E5D842238022181A413B83406F
:1039C000D205516A99435162516A0B435362D8E759
:1039D00010B50400012813D1A022184992050B68E4
:1039E0005B015B0913430B60154B164A19681140C4
:1039F000154A0A431A60402219680A431A6010BD2A
:103A00000028FCD101000A2000F0CEF921000B2093
:103A100000F0CAF9C0220A4B920019680A434021FB
:103A20001A601A688A431A60B022044912060B68A9
:103A30005B015B0913430B60E1E7C04614F00040F3
:103A40001CF000407F00FEFF80FD010072B6074AB7
:103A50001368013313600422054B1A600023054AE2
:103A600013608022D2055360FEE7C0467808FF1F2E
:103A7000C0F00040C4F0004005490B68002B05D1A0
:103A8000044A0A6004490A60044A13607047C04649
:103A9000140AFF1F841E0000380AFF1FC4F00040F4
:103AA0000023034A1360034A1360034A13607047FC
:103AB00054F0004040F1004044F1004002B471462F
:103AC00049084900095649008E4402BC7047C04667
:103AD00002B4714649084900095C49008E4402BCA1
:103AE0007047C04603B47146490840004900095A6E
:103AF00049008E4403BC704701B40248844601BCAF
:103B0000604700BFEDA5000001B40248844601BC37
:103B1000604700BFF935010001B40248844601BC8A
:103B2000604700BF8D82000001B40248844601BC9A
:103B3000604700BFF90D010001B40248844601BC92
:103B4000604700BF5976010001B40248844601BCB9
:103B5000604700BFB352010001B40248844601BC73
:103B6000604700BF9DA9000001B40248844601BC23
:103B7000604700BFC1A5000001B40248844601BCF3
:103B8000604700BFC56D010001B40248844601BC16
:103B9000604700BFA1AF000001B40248844601BCE9
:103BA000604700BF0167010001B40248844601BCC0
:103BB000604700BFE90B010001B40248844601BC24
:103BC000604700BFCD0C010001B40248844601BC2F
:103BD000604700BFADAE000001B40248844601BC9E
:103BE000604700BF6911010001B40248844601BC6E
:103BF000604700BFBD5C010001B40248844601BCBF
:103C0000604700BF4DF9000001B40248844601BC82
:103C1000604700BFD1AE000001B40248844601BC39
:103C2000604700BFDD0A010001B40248844601BCC0
:103C3000604700BF85C1000001B40248844601BC52
:103C4000604700BF8D11010001B40248844601BCE9
:103C5000604700BF0189000001B40248844601BCEE
:103C6000604700BF810E000001B40248844601BCD9
:103C7000604700BF0134010001B40248844601BC22
:103C8000604700BF156B010001B40248844601BCC7
:103C9000604700BF19FA000001B40248844601BC25
:103CA000604700BFE94C010001B40248844601BCF2
:103CB000604700BFED68010001B40248844601BCC2
:103CC000604700BFE9D4000001B40248844601BC4B
:103CD000604700BFC115010001B40248844601BC21
:103CE000604700BF01D7000001B40248844601BC10
:103CF000604700BF0934010001B40248844601BC9A
:103D0000604700BF8B52010001B40248844601BCE9
:103D1000604700BFC9A9000001B40248844601BC45
:103D2000604700BFA9D8000001B40248844601BC26
:103D3000604700BF0D52010001B40248844601BC37
:103D4000604700BF3D71010001B40248844601BCD8
:103D5000604700BFC1F7000001B40248844601BCBF
:103D6000604700BFE917010001B40248844601BC66
:103D7000604700BFC95C010001B40248844601BC31
:103D8000604700BF71B0000001B40248844601BC26
:103D9000604700BFF1B7001101B40248844601BC7E
:103DA000604700BFF9ED000001B40248844601BC41
:103DB000604700BF21A2001101B40248844601BC43
:103DC000604700BFE927000001B40248844601BCF7
:103DD000604700BF8512010001B40248844601BC5F
:103DE000604700BF016C010001B40248844601BC79
:103DF000604700BFDD0C010001B40248844601BCED
:103E0000604700BFDD3F000001B40248844601BCAA
:103E1000604700BF9D6A000001B40248844601BCAF
:103E2000604700BF21A9000001B40248844601BCDC
:103E3000604700BF8914010001B40248844601BCF8
:103E4000604700BF7912010001B40248844601BCFA
:103E5000604700BFC166010001B40248844601BC4E
:103E6000604700BF496D010001B40248844601BCAF
:103E7000604700BFCD4C010001B40248844601BC3C
:103E8000604700BF0534010001B40248844601BC0C
:103E9000604700BF6137010001B40248844601BC9D
:103EA000604700BF8552010001B40248844601BC4E
:103EB000604700BF6D0B010001B40248844601BC9D
:103EC000604700BF75F8000001B40248844601BC99
:103ED000604700BF9573010001B40248844601BCED
:103EE000604700BFED6B010001B40248844601BC8D
:103EF000604700BFB70E000001B40248844601BC11
:103F0000604700BFD9B0000001B40248844601BC3C
:103F1000604700BF7997000001B40248844601BCA5
:103F2000604700BF53B9000001B40248844601BC99
:103F3000604700BF2144000001B40248844601BC30
:103F4000604700BF75A9000001B40248844601BC67
:103F5000604700BFD544010001B40248844601BC5B
:103F6000604700BFE9F6000001B40248844601BC86
:103F7000604700BFE512010001B40248844601BC5D
:103F8000604700BFBD0B010001B40248844601BC7C
:103F9000604700BF116E000001B40248844601BCB6
:103FA000604700BF8944000001B40248844601BC58
:103FB000604700BF090E000001B40248844601BCFE
:103FC000604700BF51B8000001B40248844601BCFC
:103FD000604700BF090E000001B40248844601BCDE
:103FE000604700BF8937010001B40248844601BC24
:103FF000604700BF2D6C010001B40248844601BC3B
:10400000604700BF6DF6000001B40248844601BC61
:08401000604700BFF535010017
:1040180002000000AEC0001101000000C8BE00117F
:1040280002000000AAC00011010000005840FF1F54
:1040380002000000D0BE0011010000006461FF1FF3
:1040480002000000A8C0001103000000D860FF1F94
:104058001200000002000000AEC0001101000000C4
:1040680010BF001102000000AAC0001101000000EA
:104078000DBF0011020000001ABF0011030000006C
:104088001361FF1F02000000A8C000110300000018
:104098002861FF1F02000000AAC0001101000000F3
:1040A8000CBF00110200000018BF0011030000003F
:1040B800E960FF1F02000000A8C000110300000013
:1040C8000A61FF1F02000000AEC0001101000000DD
:1040D8005CBF001102000000AAC00011010000002E
:1040E800A141FF1F020000006EBF00110100000087
:1040F80051BF001102000000AAC000110100000019
:10410800A041FF1F020000006CBF00110100000069
:104118003061FF1F02000000AAC00011010000006A
:104128009F41FF1F020000006ABF0011010000004C
:1041380041BF001102000000AAC0001101000000E8
:104148009E41FF1F0200000068BF0011010000002F
:104158003CBF001102000000AAC0001101000000CD
:104168009D41FF1F0200000066BF00110100000012
:1041780034BF001102000000AAC0001101000000B5
:104188009C41FF1F0200000064BF001101000000F5
:104198002CBF00110202020202020000000000000F
:1041A80016150000214E0011E54D0011BCBF00118D
:1041B80090011D0018001800FFFF07010203040505
:1041C80006020106000000000000000000000000D8
:1041D80000000000000000000000000000000000D7
:1041E8000300000002000000AEC000110100000042
:1041F800DCBF001102000000AAC00011010000008D
:104208005C42FF1F02000000E6BF00110100000031
:104218005E61FF1F02000000A8C00011030000003B
:104228004C64FF1F02000000AAC00011010000003A
:104238005C42FF1F02000000E4BF00110100000003
:104248006061FF1F02000000A8C000110300000009
:104258004464FF1F1200000000010000000001116B
:10426800FFFF000050485936000000000000000021
:104278000B000500F0000000B4000028002800280A
:104288003075A000A000A000A00000080008E00110
:10429800F000100010001000100010001000500076
:1042A8005000500010001000D0070000000000006F
:1042B8000F0001000500307507001000010081FFA4
:1042C80000000000FF000000F5730011FD710011EF
:1042D8008D6F0011FFFF0100FF0000002D9E0011EF
:1042E8009D9B0011B59A001100000000000000001D
:1042F80000000800040000003B0001085902E0012A
:104308008821280002000000AEC000110100000052
:1043180074C1001102000000AAC0001101000000D1
:104328008943FF1F02000000A6C000110100000021
:104338001068FF1F02000000AAC000110100000061
:104348008843FF1F02000000A4C000110100000004
:104358008643FF1F02000000AAC0001101000000F0
:104368008443FF1F02000000A2C0001101000000EA
:104378007C43FF1F180018001D0090010200000375
:104388000202000002000000AEC00011010000009F
:1043980088C1001102000000AAC00011010000003D
:1043A800CC43FF1F02000000A0C000110000000065
:1043B8000000000002000000A8C000110300000077
:0643C8003068FF1F20FF1A
:040000051FFF184180
:00000001FF
