:020000041100E9
:103000007FB50023284C294D03932800217C284AB2
:1030100001F039FA002812D103232800217C03AAE9
:1030200001F0D8F900280AD1224B039A9A4206D11E
:10303000214B2248E360224B636104B070BD02263D
:10304000217CFE2228001F4B009601F095F90028F4
:1030500001D00020F1E71C4BA2899A42F9D1217CD2
:10306000FF222800194B009601F086F90028F0D1C4
:10307000E389174A934203D1164B17486361DCE793
:10308000164A9342E5D1164B164A1B68934206D95D
:10309000C02304222800217C9B0001F0D6F9124BAA
:1030A00012486361C9E7C0464461FF1FA441FF1F86
:1030B000813700005959530059598320F4BF00113A
:1030C000D94100115061FF1F595900005261FF1F83
:1030D0008305000091410011D4BF0011821500004A
:1030E0006861FF1F871300002D420011E4BF00112B
:1030F00070B5134D2B7C002B0DD0124C200001F02D
:10310000E9F8297C382907D1BA22200001F08CF98E
:10311000200001F01DF970BDEB890B4A934206D1E6
:103120009023022220001B0201F08FF9F0E7074AEA
:103130009342EDD12000064A01F0A5F9E8E7C04628
:103140004461FF1FA441FF1F83050000832000008E
:10315000A23000000022024B1A825A617047C0461A
:103160004461FF1FF7B5164B0192C318021D0020E2
:10317000009388235B05D3181B685C1C1AD09CB293
:10318000402C18D88D781E0CAC466746CD782D02A1
:103190003D43AE4206D1019800280ED110000C70BC
:1031A000240A4C7003249BB20733A343D218009B1C
:1031B0009A42DED3FEBD4432F9E71000FAE7C0467A
:1031C000FC0F0000802213B503000324019189B293
:1031D000520107319B18A14304305A1A88235B051A
:1031E000C3181B68591C03D190429241104016BD70
:1031F00099B2402907D80B000733A343C018904267
:10320000ECD30020F3E74430F9E7134B134A1B6873
:10321000126810B5FA24934201D81A00F824104B12
:10322000E4021B689A4210D813000E4A12689A42B0
:103230000ED3013307D1F823DB029C4203D10A49A4
:10324000054808F06DFD200010BDFC24E402ECE709
:10325000FE24E402F7E7C04600C0071100D00711C2
:1032600000E0071100F00711FFFFFF7FF0B59BB0F2
:10327000150003900491402A5CD806AC618022803E
:10328000FFF7C3FF002221000600FFF76BFF0528B0
:103290000FD92388AB420CD1002D07D0504B2A0008
:1032A0000399C01808F0BCFD002802D101201BB012
:1032B000F0BD258030000699FFF784FF041E79D108
:1032C000069B0793FFF7A1FF80235B01C6188023AD
:1032D00007001B039E4201D1F826F60288235B05F6
:1032E000F31801931B68013302D0019808F090FB9A
:1032F0003C49019808F014FD3B1D0293331D0593D2
:103300008822029B52059B181B6808935A1C13D1F4
:1033100088235B05FF1839680198013908F000FD22
:10332000380008F075FB30000799FFF74BFF0400E9
:10333000002C41D10020BAE744219AB20091402AE2
:1033400004D80320D11D814389B2009104991B0C3C
:103350008B4224D0402A22D80122300008A9FFF74E
:1033600001FF021E1BD1380008A9FFF7FBFE040075
:103370000428DDD9009A059B9B1880225201B218BF
:1033800093422AD288235B05C118009A09A808F045
:10339000D7FC134B009A09A9F01808F0C9FA009A53
:1033A000029B9446634402930F4B029AFB189A4285
:1033B000A6D3ADE70428BDD088235B05E0180699A5
:1033C00008F0AEFC0323EA1C9A4300D16EE7044BDD
:1033D0000399E01808F0ACFA68E70424ECE7C0466B
:1033E00004000011FFFFFF7FF80F000073B5040019
:1033F0001600402A1ED801AD6980FFF706FF0022A3
:1034000029002A80FFF7AEFE042810D92D88002E4F
:103410000BD0002C09D0321CAE4200D92A1C074B1D
:1034200092B2C118200008F08BFC28B276BDC043D0
:1034300000B2FBE703204042F8E7C0460400001159
:1034400037B5042204000D0001A81649FFF7CEFF8E
:10345000020004280BD1019BA34208D3AB4204D045
:10346000104901A80195FFF701FF01203EBD0E4C58
:1034700023682000019308F0CBFA0199200001395C
:10348000019108F04DFC80235B01E418074B9C423E
:10349000EED10422034901A80195FFF7E7FE0020C1
:1034A000E4E7C0465555000000C0071100000811B0
:1034B000F0B589B010226946234808F069FC234B17
:1034C000009A6C469A4211D1019B0F2B35D8069970
:1034D000029A8C4618001100002604AD013808D26B
:1034E000002E01D00A00A160013229D10023A3607F
:1034F00023E04F1CF2D161460126EFE7103610227F
:103500002900300008F044FCA368A868013300D10A
:10351000A060882329685B05C9186B6829601A03B5
:10352000120B6A60814203D03B4201D108F008FCD3
:103530006368013B6360002BE0D1A06809B0F0BD77
:10354000E027014E3F03F6E70000011150485936CD
:1035500007B508F04DFCFFF7ABFF002803D0019042
:1035600001984168084707BD10B508F041FCFFF716
:103570009FFF040008F0ACFC200010BD13B5040050
:1035800008F036FC002C03D00194019841680847EC
:1035900013BDC0468022F8B5964C974BD20000214F
:1035A00020001C6008F0D4FA2300944A88331A6083
:1035B000934B1A786A23002A00D01133E3620A235E
:1035C0002365904B37221B780820A3638E4B21186C
:1035D000E361102323628D4B3B256361C823DB002D
:1035E000A36123008C331A602823013AE26320642C
:1035F0006364CA67043A211DCA672100BC310D60AB
:103600002100C03108602100C4310B602100063563
:10361000CC310D602100083DC8310D602100D03152
:103620000A602200D43210602200D83213602200D7
:103630000227E032210017604222DC310A602100BB
:103640001B3DE4310D602100E83108602100EC31C0
:103650000B6023000521F43319602300F0331A6056
:103660002300183290331A6023009433186023002B
:103670001E3A98331A60AF23DB002360644BFA26AE
:103680002363644B644DE360644BF031A364230017
:10369000FF31FC33B600A16021611E60A562732575
:1036A000E5656D3D6565A56596255D4AAD00E264FD
:1036B000666258606766A56600270925A767E56604
:1036C000584F594D606720002567E2673A6015271B
:1036D0009C30676007001A2038602000A030070087
:1036E000212038602000A83007004C4838602000B6
:1036F000F830066026006427A436376026005F3F56
:10370000AC3637602600033FB03637602600C63738
:10371000B436376026000027B836376038269E60FA
:10372000424E96205E64424E5A66DE61414E9A6475
:103730005E62F53EFF3E9E621E269A67354A800015
:10374000DE661F675F67DD651D661862DA67BE2388
:10375000394A5B00E250394BD838235004302250AC
:10376000C4225200A350C623E4205B00E15004337E
:10377000334AE1503349344BD16034498000195009
:103780003349E938FF381950324904301950324969
:103790003248D16132491163324951631900F43121
:1037A0000860CE203049400011603049195019009E
:1037B0002F48F83108602F49D16582212E4A8900AF
:1037C0005A501A002D490832D1671A002C49B432D8
:1037D000116088212B4A89005A501A002A498832E0
:1037E00011602A4ADA6408F0F3F8012008F0C8FAF8
:1037F000F8BDC0460004FF1F6864FF1F306FFF1F45
:10380000D043FF1F4A0AFF1F3A07000080C3C901C7
:103810009A020000DC0500006A18000050C3000096
:1038200088130000F009FF1F204E00006509FF1FEC
:1038300068100000C409000040420F00102700007B
:10384000FC00FF1FC11BFF1F0000FF1F192CFF1FE3
:10385000A12FFF1F392EFF1F811FFF1F7926FF1F7A
:103860009D1FFF1F4D21FF1F0D1FFF1F9D28FF1FC5
:103870008529FF1F8D19FF1FA927FF1FD524FF1FB3
:10388000E124FF1F0D1EFF1FC51EFF1F851DFF1F0B
:103890000223F0B501250024594E91B03370594BE5
:1038A000594F1D703A680393584B29009A700420B1
:1038B000574A2300009408F05BF98023DB059D62E2
:1038C000FFF752FE534BC218C0239B029A4201D20B
:1038D000FFF754FE3C6008F023F8FFF75BFE08F0AA
:1038E00097FA1F2201254C4B1A704C4B1D704C4B04
:1038F0001C704C4B05AC19689143163A0A431A6088
:10390000602219689143403A0A431A6008F000FAAD
:1039100008F0DEF9444B9847C120FF21434B80005B
:103920001A588A431A50C522920098588843BF39C2
:103930000143995098583E4908408021C9010143EC
:10394000802099509958C0050902090A01439950ED
:1039500080213848490108F093FA03232A003649A8
:1039600000933648019508F0DBF82C22344905A86D
:1039700008F0E6F96178207806F082FC023410AB9A
:10398000A342F7D12F4C304B226803201A40A023CA
:10399000DB0213432360802322689B0413432360CC
:1039A00022682A4B1A4080239B0313432360284A32
:1039B000284B934200D8012008F092F807F0F8FF56
:1039C00080232268DB0413432360307808F028F951
:1039D000039B1878C0B208F013FA08F011F80C49EC
:1039E000042008F065FA06F063FE00F035F800F0F8
:1039F00063FD00F0FFFD00F0FDF9002011B0F0BD07
:103A00004A0AFF1FD043FF1F34F000407461FF1FBC
:103A10003B000108000001E0480AFF1F490AFF1FA0
:103A2000680AFF1FBCF00040E1A2000000E100E0D6
:103A3000FF00FFFFD443FF1F5856FF1FD453FF1F43
:103A4000F0BE001114F00040FF7FF8FFFFFF9FFF62
:103A50000080FF1F306FFF1F002210B511001120E2
:103A600008F01EF910BD0000F8B500230926374FF5
:103A7000374C3B62E3681120B343E36008F020F861
:103A8000112008F00DF8112007F0F2FE4023226803
:103A900080251343236080236268DB021343636045
:103AA000A3682C4A2B43A360A36802211340A360A0
:103AB0008023A2689B0113431022A360236C07207C
:103AC00093432364236C0F3A1343236480235B00E6
:103AD0003B62226B204B1A402263626B1A40626386
:103AE000A26B1A40A263E26B1340E363E3681B4AD4
:103AF0001340E36006F0C4FB0121072006F0D4FC6C
:103B0000174B11205A6C15435D6408F061F9FD21D3
:103B1000144B154A89005A508023C720626B5B03FF
:103B200013436363E36880003343E3600F4B104A41
:103B300019581140802212020A431A50802292051D
:103B40001A6008220B4B5A63F8BDC04600F00040D3
:103B50003CF00040FFFFDFFFEFFFEFFFFFFF7FFFC5
:103B6000003800400000FF1F5118FF1F00E100E077
:103B7000FF00FFFF0000054010B5FFF7B9FAE12094
:103B8000C00408F075F810BD70B51A4CE388002B1E
:103B90002AD0FA22D200934201D2FFF7EDFF236828
:103BA000E088A688C0188023711C89B2124D20605D
:103BB000A1809B00994218D3420A93B2C21AEB80AB
:103BC0002260A6800D4A642093420AD8FA2200207F
:103BD000D200934205D90A21180007F0E1FEC83847
:103BE000C0B200232872E38070BD07F0D1FF83B21A
:103BF000EB80E7E7D060FF1F5C61FF1FB70B0000A1
:103C000030B503A804880B20002C0ED14968074D5D
:103C100008784978090201430A20A94205D1012107
:103C200020001980024B1B7A137030BD192A000046
:103C30005C61FF1FF7B5150008AA16884A680F4F88
:103C400014785278120222430A24BA4214D1012273
:103C5000DBB2019200962A0007F0A4FD041E0BD1EE
:103C6000074B1B68002B07D068782A7800021043A6
:103C700042425041013098472000FEBD0229000019
:103C8000E060FF1F30B5012503790400BFB02B426F
:103C900011D00A49408807F0F5F828420BD0084BAC
:103CA00001A95B8D4D800B80064B00221B7A60883A
:103CB0000B7104F0A9F83FB030BDC046D860FF1FBB
:103CC0001840FF1F5C61FF1F10B50549054807F04C
:103CD0008FF80421044A054807F04CF810BDC0468F
:103CE000D860FF1FFFFF00001CBF00111840FF1F1E
:103CF00010B5024804F00CFF10BDC046853C001111
:103D00000122144B0270197A417002218170997856
:103D1000C170D97801710321417119798171597983
:103D2000C1710C21017299794172DB7983720A4B5E
:103D30001978CBB2002904D03A230273C3720D2044
:103D4000704703734373F2221423C27283730F20EC
:103D5000F6E7C0465C61FF1F1D62FF1F022310B51E
:103D60000370013B43700533837010330371443B90
:103D700043712A3383714433C37100230372064BAA
:103D800004001B8843720A30FFF7BAFF831D0A3014
:103D9000C0B2E37010BDC0465C61FF1F10B51420B7
:103DA00007F01EFF124B14220021186007F0D0FE0E
:103DB000002007F03DFF012007F0D2FE022007F0AF
:103DC0004FFE032004F046F9042006F05FF90520B9
:103DD00003F07EFB062004F051F8072001F0E6FB1B
:103DE000082006F0A7FF092001F082F910BDC046A7
:103DF000E460FF1F07F064FD012007F0F1FD07F00C
:103E0000B7FF0000094B10B50400984205D0012906
:103E100004D12000064906F0EBFF10BD0229FCD1B9
:103E2000013904F02FFE0028F3D0F6E7FEFF000072
:103E30000A61FF1F70B50D7A100004AA2C001688C5
:103E400010221440154220D1002E20D10A78022AD7
:103E500018D14A68517815780E4A090229439142CF
:103E600005D00D4A914209D01C800A2404E0142296
:103E70000A491A8007F064FF200070BD0C2208492F
:103E80001A80F7E71C800124F6E70824F4E70B24E6
:103E9000F2E7C046F3FF0000F4FF00006042FF1F9E
:103EA00010C0001110B504000749084806F0A0FF33
:103EB000074804F069FD0020E40704D50721054AFE
:103EC000054806F057FF10BD0A61FF1FFFFF000005
:103ED000053E001160BF00115C40FF1F10B50B4B89
:103EE000BEB01A780A4902A800F090FD01AC80B279
:103EF0006080002808D0074B00221B882100238007
:103F0000054B188803F080FF3EB010BDE860FF1F2E
:103F1000E960FF1FB640FF1FC041FF1F10B50B4BEC
:103F2000BEB01A780A4902A801F0B2FE01AC80B214
:103F30006080002808D0074B00225B8D2100238081
:103F4000054B188803F060FF3EB010BD1261FF1FE3
:103F50001361FF1F5C40FF1FC041FF1FF7B50E003C
:103F6000377A1C0008AB11003D001A8820231D4041
:103F70001F423CD13378022B3BD173681F785B78AA
:103F80001B023B431E4FBB4208D01E4FBB4214D006
:103F90001D4DAB4221D00A252800FEBD002A2AD1A2
:103FA000142C2AD82200F06807F0CAFE174B1C70A8
:103FB000012CF1D9FFF7B2FFEEE7002A1BD1202C2C
:103FC0001BD82200F06807F0BBFE114B04211C70C7
:103FD000104B187807F034FFDEE7E3B201240092BB
:103FE00001940A00310007F0DDFB0500D4E7082545
:103FF000D2E70125D0E70B25CEE70D25CCE7C0465B
:10400000F3FF0000F4FF0000022900001261FF1F0F
:10401000E860FF1F1E62FF1F332310B5040003700A
:104020000A220749013007F08BFE064B0F201B6860
:104030001A0AE37222731A0C1B0E6273A37310BD6B
:104040005C61FF1F8461FF1F30B501250379040007
:10405000BFB02B4213D00B49408806F013FF284213
:104060000DD0094B01AD1B8802A82B80FFF7D4FFB0
:104070000F236B8000222900608803F0C5FE3FB04B
:1040800030BDC0460A61FF1FB640FF1F10B5024891
:1040900004F03EFD10BDC0464940001170B5160049
:1040A00004AA148805AA15784A6850781178000285
:1040B0002A4A0843801805284BD807F0E9FE031365
:1040C0001E29343F07221000062C0AD8121BAA42D0
:1040D00000D92A0022491A803000091907F030FE61
:1040E000002070BD0720112CFBD81222121BAA42FF
:1040F00000D92A001B491A80EEE707200E2CF0D8C1
:104100000F22121BAA4200D92A0017491A80E3E79E
:104110000720032CE5D80422121BAA4200D92A004A
:1041200012491A80D8E707221000062CD9D8121B92
:10413000AA4200D92A000E491A80CDE707221000B2
:10414000062CCED8121BAA4200D92A0009491A808F
:10415000C2E700220A201A80C3E7C046DCD5FFFF71
:10416000B1BF00113061FF1FA1BF00119CBF001142
:1041700094BF00118CBF001110B50D21024A0348F5
:1041800006F0F8FD10BDC04680BF0011CC40FF1FF7
:1041900037B50F4C01AD04232A00217C00F01AF939
:1041A000002813D12988236849BA89B24B43218951
:1041B0001B0C5B18074A6988538049BA636889B247
:1041C0004B4361891B0C5B1893803EBD0120FCE7CB
:1041D0004461FF1F5C61FF1F37B5124C06236A461E
:1041E000217C6D4600F0F6F8002818D12988236854
:1041F00049BA89B24B4321890B4A1B0C5B18538087
:104200006B4603335B78E9781B020B435BBA61684A
:104210009BB24B4361891B0C5B1893803EBD012010
:10422000FCE7C0464461FF1F5C61FF1FF0B5022739
:1042300085B0154C03AD217C2B00002200970600B1
:1042400000F09AF8002802D0012005B0F0BD0E233E
:10425000217C0122300000976B4400F08DF800288B
:10426000F2D129882368C9BA4B4321891B145B18F2
:10427000064A6988538049BA636889B24B436189A9
:104280001B0C5B189380E0E74461FF1F5C61FF1F1C
:1042900010B500F045FB034A00201388013313805A
:1042A00010BDC0465C61FF1F10B500F01DFB10BDC6
:1042B00010B58024064AA4001168436B234205D13F
:1042C00013685B1A032BF8D9012010BD0020FCE70E
:1042D0006008FF1F70B5C17905000C00631E9C418A
:1042E0001A4BE402E41849000460C9B2007906F0F0
:1042F00011F9E979687949000131C9B206F00AF982
:10430000E8790930C0B207F0B3FA0023E3666133FD
:104310002360AA795B3B002A0ED022689A43023BB5
:10432000134323600A23E3610733236200232363DB
:10433000A3630133E36370BD22689A4302231343EE
:104340002360462363610633A361EFE7005000401A
:1043500070B5002504000368DD66C0790930C0B27D
:1043600007F0AEFB2900207906F070F8290060798B
:1043700006F06CF870BD0000F8B51E0006AB1D78A5
:10438000002304681700E366616007F031FD012334
:104390008022E3662B0027615200013B08D207F020
:1043A00097FD08200A4A1168002D03D12800F8BDA6
:1043B0002261F2E7236F034203D02369013D33708A
:1043C000013613685B1A032BEED90125EEE7C046D0
:1043D0006008FF1F70B51C00002305681600EB661F
:1043E000696007F005FD01238022EB66230052007F
:1043F000013B08D207F06CFD08200A4A1168002C26
:1044000003D1200070BD2A61F2E72B6F034203D075
:104410002B69013C3370013613685B1A032BEED90C
:104420000124EEE76008FF1F002370B50468150043
:10443000E366616007F0DCFC0123E366256107F0B9
:1044400047FD2000FFF734FF70BD70B51D0000234D
:1044500004681600E366616007F0CAFC0123E366A6
:1044600026610F33626B1A42FCD02B0A23611023A2
:10447000626B1A42FCD0EDB2256107F029FD2000E5
:10448000FFF716FF70BD002370B504681500E366E2
:10449000616007F0ADFC0123E3662B0A2361102362
:1044A000626B1A42FCD0EDB2256107F011FD2000CD
:1044B000FFF7FEFE70BD000010B5084CE368002B4E
:1044C00008D18022064B52021B689B186360054B83
:1044D0001B68236007F054FBA06010BD8461FF1FC0
:1044E000C8F00040CCF00040F0B5184A936A916AD9
:1044F0009942FBD116498A689A421FD39A1A8B6057
:10450000144B4C68186893B2D2024343D20E424314
:104510001B0A08681B1912029B18002402000127BD
:104520000D4D4B60561CAB420BD8002C01D0100037
:104530000CC10A4A13600A4B1860F0BD581E821A5B
:10454000DDE7084A3C009B183200EBE700F0004032
:104550008461FF1F140AFF1F40420F00C8F0004093
:10456000CCF00040C0BDF0FF70B5194C23793F2B53
:1045700001D93F232371174A13701078C0B207F096
:10458000E7FB1823144A15491380154A0B80138042
:104590004B80A0790C3B421C534380221201934272
:1045A00013D81A00CB80A0230E4D888028800E4897
:1045B0006371823B028023720C4A0D4B1A60E379CF
:1045C000052B01D81023E37170BD1300EAE7C04644
:1045D0007861FF1F480AFF1FBE41FF1F7C43FF1F7A
:1045E000BC41FF1FBA41FF1FB841FF1FE093040009
:1045F0006861FF1FF8B521210020FEF721FF114C53
:10460000011E114D09D10C22104BC1CBC1C4280091
:1046100007F09EFAFFF7A8FFF8BD0C2220000C4916
:10462000FEF7E4FE0C2802D0084B43CB43C40C2217
:1046300028000849FEF7DAFE0C28EBD00C220021F6
:10464000E5E7C0467861FF1F4461FF1F04C0001109
:10465000FC0C0000F50C000010B50C2202480349C8
:10466000FEF704FE10BDC0467861FF1FFC0C000081
:10467000F0B51D4C8022A5440400882069465201F3
:10468000400507F095FB902212016A4413002000B8
:1046900032C832C316C816C38023144C144FA66800
:1046A0009B033343A3603B6007F06AF98823A0684B
:1046B0005B05C01807F0ACF900258823290080228B
:1046C000A0685B05C01840196944520007F030F932
:1046D00080230135FF355B019D42EED1A6603E602F
:1046E000044B9D44F0BDC046FCEFFFFFF042FF1FAE
:1046F0009808FF1F04100000F8B503780500013B7F
:104700000026012B02D82B7A9E4200DBF8BD6B6895
:10471000484C9A5DA3690133A361474B19783F293F
:1047200005D81878411CC9B21970444B1A54A37BA0
:10473000002B0BD1522A05D1013322706373A3736E
:104740000136E0E7636901336361F9E7617B4B1C84
:10475000DBB2637362540C2BF2D9237B452B3ED121
:104760000921374801F04EFA6289030060789A42C5
:1047700035D10023A3736373A38B012201339BB252
:10478000A38323000833DA772379E2781B021343EB
:104790001BB2E3836379E11C9C466746A379621DE3
:1047A0001B023B431BB22384C877A178231DD97712
:1047B000637A2100D377E279A31DDA77237AE21DA9
:1047C000D37722002A3108782B32002825D011789F
:1047D0008B4225D01370E36A0133E36220E0238A21
:1047E00001339BB223820123E25C522A0FD1453A66
:1047F000D01A21000022C0B2CF5C0132D2B20F70B9
:1048000001318242F8D10D22D31A637398E7013344
:104810000D2BE9D10023A373F7E701200870137073
:10482000084B1A78002A8BD0002208201A7007F053
:1048300037FB85E7A461FF1FD461FF1FD561FF1F10
:10484000A561FF1FCC61FF1FF0B51E4F89B030225C
:104850000021380007F07CF9402200211A4807F0B7
:1048600077F90022194B00211A700A3202ABD018D6
:1048700007F06EF9164B04AC238096239B01059339
:10488000012321002372134B134A079361C961C2AC
:1048900013600022049800920599069A06F02CF8FD
:1048A00004003B006242624129331A70002806D19D
:1048B000082007F08DFA3B00012228331A702000EF
:1048C00009B0F0BDA461FF1FD561FF1FD461FF1FB8
:1048D000FF060000F94600119461FF1F014BD86AE2
:1048E0007047C046A461FF1F13B50A4B0A4C1B78E2
:1048F000002B0ED0002006F03BF80022074B009260
:104900000FCB05F0F9FF082007F062FA01232834E5
:10491000237013BDCD61FF1FA461FF1F9461FF1FB2
:1049200010B5144B144ADB7F1449002B10D0D38BE5
:104930004B80138C1BB28B80130029331B78002B08
:1049400005D0002328320820137007F0A9FA10BD03
:10495000938B002B0AD0938B5B429BB24B80138AC4
:10496000002B05D0138A5B429BB2E3E7044BF5E7CB
:10497000034BDFE7AC61FF1FA461FF1F5C61FF1FFA
:10498000FFFF0000F0B587B0051E6C4627D06846D3
:1049900007F02EF91B4D022806D106226946280091
:1049A00007F03EFA002818D00F2221000023012032
:1049B00094460600EA5C013317091037BE40370001
:1049C000664632400600964032003A434A61043956
:1049D000062BEED12000FFF74BFE07B0F0BD1822EA
:1049E0006946094807F0E4F9AB00E358013305D004
:1049F0001822FF21200007F0ABF8EBE70135062D68
:104A0000F2D1EAE76509FF1F00090011F0B50026A1
:104A100004000F00150085B0B24200D184E08A780E
:104A20004B1C01934B7812021A43CB7808781B0475
:104A300013430A79207012061A430092039266709B
:104A4000252800D190E033D8112813D807F048FA70
:104A500066001501150115011501A400B200AB0097
:104A60001501150115011501150115011501150196
:104A7000EF000F01232800D1C7E0DB2800D0C7E1F9
:104A8000042D00D8ABE0052D00D194E16E1F32005B
:104A90000098791D07F054F905223900200007F02D
:104AA0004FF932000099601D07F04AF92E003BE0F3
:104AB000562853D00FD8332800D1A1E0552836D03E
:104AC0002628DAD1BD4D13223100280007F040F826
:104AD000FEF740FB57E0712800D172E0722800D148
:104AE00084E0DC28C9D1022D00D878E04B786370CF
:104AF0008B78A3706B461E88032D05D0033DC81C20
:104B0000AAB23100FEF7B2FB31001022E01CFEF722
:104B10006DFCC61C002807DA60706DE00C222000D6
:104B2000A74907F00DF90C26300005B0F0BD6A1E4C
:104B3000A44D0C2A10D8002A07D02800019907F0AC
:104B4000FFF8FFF711FDFFF787FD0C222900601C1D
:104B500007F0F6F80D26E7E70C22EEE7994D9A4BA1
:104B60002A0043CB43C2ECE76A1E944D0C2A11D8AD
:104B7000002A08D00199280007F0E2F80C2228004A
:104B80009249FEF773FB13222900601C07F0D8F846
:104B90001426C9E70C22EDE706228D49601C07F0B8
:104BA000CFF80626C0E712228A49601C07F0C8F831
:104BB0001326B9E708228849601C07F0C1F80926C6
:104BC000B2E7012D0ED04978F02908D8834D288806
:104BD00001F0B8FC824B2A885200D35A00E0FF2330
:104BE000637009E07D4A7E4B1288F5E77D4B012D0D
:104BF00004D04A785A706270022695E75B78EFE736
:104C00002000FFF709FA06008EE7042D05D9764D3E
:104C1000009B2B6006F0B4FFA860FFF765FC042240
:104C2000039003A9601C07F08BF805267CE76F4E04
:104C3000062D15D906223000019907F0F1F8002859
:104C40000ED006220199300007F07AF80622684952
:104C50003000FEF70BFB0123624A51780B4353707F
:104C600031000622601C07F06BF807265CE7012D77
:104C7000B5D04878FFF786FEBEE701281FD15D4A10
:104C8000AB1E0092132B06D84B78002B0BD100F0F3
:104C90009DF900F0D3F9584B00991E78601C721EE4
:104CA00007F04EF840E7013D2A000199009807F00F
:104CB00047F852490098AAB2FEF7D8FAE9E7032864
:104CC00000D0DAE6012D2DD120700C234C4A637000
:104CD00012784C4BA2701A000832D27F1026E27074
:104CE0009A6922719A69120A62719A69120CA27108
:104CF0009A69120EE2719A8B22729A8B120A627270
:104D00001A8AA2721A8A120AE272DA8B2273DA8B78
:104D100012B2121262731A8CA2731B8C1BB21B127A
:104D2000E37301E74B782070002BCED0012B1FD10D
:104D30000B336370334B0B26DA8BA270DA8B12B213
:104D40001212E2701A8C22711A8C12B21212627153
:104D5000DA1CD27FA2711A1DD27FE2715A1DD27F56
:104D600022729A1DD27F07336272DB7FA372DBE669
:104D7000032B00D033E7022D00D130E70C22224B69
:104D8000897818780426A07018786270E1708842DB
:104D900000D8C9E61B785B1A1E1CDBB2934200D90F
:104DA000161C1A4BF6B23200201DC918043606F044
:104DB000C7FFF6B2B8E6152510266DE64461FF1F61
:104DC00010C000117861FF1F04C00011F50C000035
:104DD0005061FF1F3061FF1FF442FF1FC041FF1FE2
:104DE0006C64FF1F7461FF1F8461FF1F6509FF1F53
:104DF000ADAC0000FD63FF1FFB63FF1FAEDE0000D4
:104E0000CD61FF1FA461FF1FD461FF1FD561FF1F8C
:104E1000DA2800D0E3E6042D00D8E0E6082D17D903
:104E2000BB797A791B021343FA7912041A433B7A4D
:104E30001B061343009A1360009B05221B68390070
:104E40002000039306F07CFF0422601D03A9B4E652
:104E5000FE236370F0E7C04670470000020010B503
:104E6000094B0A32094C92B2DA815A82988118822F
:104E7000207802F0CBF90422054B012120781A702A
:104E800006F0DEFF10BDC0467E42FF1F4664FF1FD6
:104E90004564FF1F013870B5042809D8254C06F079
:104EA000F7FF0308292910000221207806F0C8FF27
:104EB00070BD0821207806F003FF00221E4B1A72F5
:104EC000F6E7802200251C4B520060201A81DD721B
:104ED00006F07EFF194B1D70194B1D70FFF704FD86
:104EE00008212078174A06F013FE2900207806F0E2
:104EF000C7FEDDE70821207806F0E2FE602006F01C
:104F0000CFFF1148FEF72AFF104B114A9B7993807F
:104F1000104A13800022084BDA720132FF321A81E4
:104F20000D4B5B78002BC3D00C4A136006F038FFA2
:104F3000BEE7C0461E62FF1F6861FF1F1D62FF1FA4
:104F40001C62FF1F10270000C941FF1F7861FF1F6F
:104F50007C43FF1FBA41FF1F7461FF1F34F0004004
:104F600010B5012907D1042805D18021024B890001
:104F7000187806F065FF10BD1E62FF1F10B50029EE
:104F800007D1042805D18021024B8900187806F04A
:104F900057FF10BD1E62FF1F0300F0B50A4D8E18AB
:104FA000B14202D152008018F0BD0C782F6824095C
:104FB0003C5D0F271C700C7801313C402F683C5D34
:104FC0005C700233ECE7C046B441FF1F1022124B65
:104FD00010B51A700F23114C11492370093A063B82
:104FE0001048637006F0ACFE2D2301220E490F48D5
:104FF0006372FFF7D1FF01220D49FFF7CDFF0122B8
:105000000C49FFF7C9FF030000200B49020018708C
:10501000FEF72CF910BDC0461A64FF1FFB63FF1F8B
:10502000B1BF0011FD63FF1F6709FF1F0564FF1F6C
:105030006609FF1F6509FF1FAEDE000070B5134C47
:10504000142220001249FEF7D1F9431E114D132BF3
:1050500019D8AB78002B16D0431C2B7009236B702A
:1050600000230019037028780B4B01302900C0B2CF
:10507000187006F075FE297822000139C9B20020A7
:1050800005F096FD70BDFFF7A1FFECE7FD63FF1F84
:10509000AEDE0000FB63FF1F1A64FF1F10B5114B4B
:1050A0001A781870002A0ED000280BD10E4B1A78EF
:1050B000062A07D85423D340DB0703D50B4B1878B7
:1050C00002F0A4F810BD0028FCD0074B1B78012B80
:1050D00002D0033B022BF5D8044B0121187806F0CF
:1050E000AFFEEFE71E64FF1F4564FF1F4664FF1F0E
:1050F00070B54A4E4A4A4B493070042005F0B6FA62
:10510000FEF728F8FFF7A0FB06F0AAFE03224649A7
:105110004648FFF741FF2D24030004221C70444938
:105120000130FFF739FF30230470424D424C437089
:1051300083702E3B062220004049EB87FEF756F98C
:10514000062813D0200006F053FD022809D00321C1
:10515000200006F06DFC8D23E3706E3B2371193344
:105160006371062220003549FEF780F8344B1B6836
:10517000FC335C64FFF762FF0020FFF78FFF314CC8
:10518000314A0121314B1278207802F001F8304A7F
:10519000304B12780021207801F0FAFF01222E4BCB
:1051A0001A702E4B9A783C23552A00D0163B2C4A75
:1051B000202153722B4B2C4AEB81AA812A826B82CD
:1051C000307806F04DFD0120404205F03DFD012004
:1051D000404205F0D9FDFEF7CFFFFEF775FD00F068
:1051E000EFFC01204042FEF75DFE012006F0E0FCEE
:1051F000F02001F08BF90121307806F021FE3078A3
:1052000002F060F9194806F07BFBFEF72DFC002246
:105210006020110006F044FD70BDC0461E62FF1FF5
:105220007D4F0011614F0011F442FF1F3061FF1FDD
:105230005061FF1F7E42FF1F6509FF1FADAC0000DC
:105240006864FF1F4664FF1FE841FF1FC941FF1F3D
:105250001A64FF1FFB63FF1FEC63FF1F7461FF1FD6
:105260006861FF1FCE090000C40900002062FF1F13
:10527000F8B50D008B0600D485E07B4B1B78002B26
:1052800019D0FFF731F9FFF729FB784B784A1968F5
:10529000884213D0774918600B8801330B800121B5
:1052A000754B197006231370744C2000FEF756FDE1
:1052B000210006F01DFB20206840F8BD1378002B6C
:1052C0000BD0013BDBB21370002BF4D16A4A137090
:1052D000684A138801331380E6E7694B694C6A4ECC
:1052E00099686268737A8A1ADB039A4202D3616012
:1052F000FEF7BAFB327A217A531EDBB299422ED1E5
:10530000FEF7D2FF637A002B25D0013BDBB263723C
:10531000002B20D15D4B9B78552B01D106F040FD31
:10532000E37A002B12D00023A27AE3729A4202D0D1
:10533000A372FEF729FC4F4A504F138838000133FF
:105340001380FEF70BFD390006F0D2FA6423707962
:105350005843FFF783FD237A01332372ABE7914271
:10536000D0D300272772FEF793FFA37ABB4202D067
:10537000A772FEF709FC414F3800FEF7EFFC390039
:1053800006F0B6FABEE70BB2002B0ADA404B1878EB
:1053900006F0CEFC002801D006F012FD80200002AD
:1053A0008AE70224214209D0374A364B127A01207B
:1053B000023A1A72FFF772FE20007DE70B0721D533
:1053C000FFF792F82E4B2F492F4C98684A68637A62
:1053D000821ADB039A4202D34860FEF745FBFEF7D0
:1053E00057FFFEF761FF2A4B08211878294A06F07B
:1053F0008FFB00F0FFFB2368DB0701D5FEF746FEBD
:10540000082059E7CB0609D5FEF7BEFB164B1B78E3
:10541000002B01D1FEF76CFC10204DE70124214246
:1054200005D01D4800F086F806F042FAC4E7802453
:10543000A40021420FD0042004F002FF0028BBD0BA
:10544000094B1B78002BB7D026220E4B13485A72FB
:10545000FFF704FDB0E7042408002040214200D1FA
:105460002BE7FEF73BFDA7E71E64FF1F1862FF1F37
:105470001C62FF1F5C61FF1F1D62FF1FC941FF1FF0
:105480008461FF1F6861FF1F7861FF1F7461FF1F48
:105490001E62FF1F10270000AC41FF1FC40900005F
:1054A000F0B51A4B1A4F1B883A880400194E1A4D52
:1054B00085B09A420DD832889A420AD3174B1A887F
:1054C0002B889A4205D1164A164B12881B889A429D
:1054D0001AD0052001F070F83B8802A90B803388B0
:1054E00001904B802B88104D8B800E4B2A781B88A7
:1054F000CB800E4B188802F091FD0D4B08212878C7
:10550000019A1C7006F004FB05B0F0BDEA63FF1FB2
:10551000BE41FF1FBC41FF1FBA41FF1FE863FF1FD1
:10552000E663FF1FB841FF1F4664FF1FC041FF1F16
:10553000E463FF1F13B50C4B1C78002C11D100281D
:1055400001D00A4B18600A4A0A4B11780A4A1078AF
:105550000A4A01920A4A0092002205F021FA20002C
:1055600016BD1124FBE7C0464564FF1FE063FF1F23
:105570004464FF1F3464FF1F4664FF1F2064FF1F45
:105580002464FF1F10B5064B12201B78052B06D193
:10559000044B13221988044B187801F0E9F910BD67
:1055A0004564FF1FC041FF1F4664FF1F10B5002464
:1055B0000122114B52421870104B1C70104B1A8074
:1055C00001F080FF04220F4B21001A700E480C32AC
:1055D00006F05EF9102221000C4806F059F9072266
:1055E0000B4B1C600B4B1C700B4B1C700B4B1A7045
:1055F0000B4B1C7010BDC0464664FF1F4564FF1F67
:10560000C041FF1F4464FF1F3464FF1F2464FF1F59
:105610002064FF1FFA63FF1FF963FF1FC241FF1FD2
:10562000F863FF1FF8B5174C0600257806A8142468
:105630000078052D23D1B41F134FA5B21824BD4205
:105640001DD88D1FADB2BD4219D8FA256D00AA42F2
:1056500015D21D000D4F0A3DADB2BD420FD80C4C06
:1056600026800C4C21800C4900240A800B4A1380B0
:10567000FFF716FF0A4B0421187806F021FB2000E3
:10568000F8BDC0464564FF1F790C0000750C000092
:10569000BE41FF1FBC41FF1FBA41FF1FB841FF1FA2
:1056A0004664FF1FF0B50BB20D0089B0002B00DB84
:1056B00070E1A44E307806F03BFB041E50D0037816
:1056C000A22B00D122E1D02B1AD0912B45D14378C7
:1056D0000E2B42D19C4B82889A423ED19B4B1B7829
:1056E000052B3AD18368032018567F2835D0984B74
:1056F0001B68002B31D05B68002B2ED098472CE024
:105700008078072829D806F0C3FB0428183F3F7487
:10571000A8D86378002B0CD101218C4B19708D4BCC
:105720001A78002A5BD08C4B307801F031FD0028CC
:1057300055D00722854B1A7051E061780029F8D1C5
:10574000E378002B11D0854A854B1278307801F030
:105750001FFD60706378002BEBD1200006F030FB5A
:1057600080200002684009B0F0BD784B1B78022B06
:10577000F3D00121307806F0A3FB0028EAD1012103
:10578000307806F05DFBE5E76378002BD1D16F4FF1
:10579000032807D13B78052B02D101333B701EE073
:1057A0000223FBE76F4B1A886F4B0293002A0BD042
:1057B0001B78002B03D00121307806F0A9F93B7843
:1057C000062B04D1013BE9E7029B1A70F7E7042B93
:1057D00041D10121029B3078197006F031FB5C4BFE
:1057E0001B68002BB9D01B68002BB6D0574A107825
:1057F00084E76378554F002B27D10622211D5B4893
:1058000006F09EFA62895A4B5A491A80A2895A4B6D
:105810001A80E3890B800521397058490A80584A5B
:105820001380228A574B1A80574B1B78012B09D1C2
:105830001F2000F0C1FEFA2292004243042130787A
:1058400006F066F90022484B75E7312B00D070E76F
:105850000022454B1A700323A0E70622002143488B
:1058600006F016F80023454A04211380444A307894
:105870001380444A138006F023FA0821307806F09A
:105880001FFAA379083B5A425341304A033313703D
:10589000304B1B78002B06D0334B30781A78002A17
:1058A00006D001F0B3FC0122314B52421A8096E738
:1058B0000121197006F0C4FAF5E70821307806F0E6
:1058C000FFF96378002B00D047E72C4B2D4F029354
:1058D000E388029A04211380294B307803932389AB
:1058E000039A138063893B8006F0EAFA002800D00F
:1058F00033E7264B1B68002B00D12EE70399029853
:105900003A88098800881B68984726E74379132B53
:1059100000D022E70389012B0AD11D4B1B78022BF3
:1059200006D10821307806F0CBF9FFF72BFE14E7FB
:10593000052000F041FE08210200307806F0E8F86A
:105940000BE7C0464664FF1F051400004564FF1FB7
:10595000E063FF1FE841FF1FC941FF1F1A64FF1FDB
:10596000FB63FF1F1C64FF1F1E64FF1FED63FF1F0F
:10597000C041FF1FF463FF1FF663FF1FEA63FF1FB1
:10598000E863FF1FE663FF1FEC63FF1FDC63FF1F7D
:10599000E463FF1F8020C001014200D0E2E6CB0794
:1059A00031D5324B1B78002B1DD0314E05AC3378EE
:1059B000052B1AD1023B23702E4B21001B7823723A
:1059C0002D4B1B7863722D4B187801F085FB002856
:1059D00009D007202A4B30701B68002B03D01B68AE
:1059E000002B00D098470120BCE60E20254B062254
:1059F0001B7825492370254B1B78637002ABC018B8
:105A000006F09EF9D8E7022308001840194209D091
:105A1000174B1B78052B03D11D4B188805F090FF01
:105A200002209FE60424214203D0FFF739FD200025
:105A300098E6082308001840194200D193E6154B58
:105A40001C78012C03D0022C0DD008208AE6124BC2
:105A5000124A134913481B88128809880088009449
:105A6000FFF7E0FDF1E7FFF78DFDEEE71E64FF1F96
:105A70004564FF1FC241FF1FF863FF1F4664FF1FFD
:105A8000E063FF1FFA63FF1FC341FF1FF963FF1F9E
:105A9000C041FF1FE463FF1FB841FF1FBA41FF1F52
:105AA000BC41FF1FBE41FF1F10B502A804880B2098
:105AB000002C10D1496808784978090201430C4844
:105AC000814209D1022119800A4B59881170DB7873
:105AD00000205BB2537010BD074C0A20A142FAD1DE
:105AE00002211980034B998811705B79F0E7C04659
:105AF0006E2A00005C61FF1F6F2A0000F7B51500D9
:105B000008AA16884A680F4F147852781202224366
:105B10000A24BA4214D10122DBB2019200962A0073
:105B200005F040FE041E0BD1074B1B68002B07D06D
:105B300068782A7800021043424250410130984769
:105B40002000FEBD022900005864FF1F30B501256A
:105B500003790400BFB02B4225D01449408805F0DA
:105B600091F928420CD0124B01A95B8D60880B8003
:105B700002234B800F4B00225B888B8002F044F99C
:105B80000D49608805F07EF9C0070CD50B4B01A9C3
:105B90001B8800220B8002234B80064B9B888B8046
:105BA000608802F031F93FB030BDC0465064FF1F3D
:105BB000EC41FF1F5C61FF1F4864FF1F4642FF1F4F
:105BC00010B50749074805F013F90749054805F0DE
:105BD0000FF90721054A064805F0CCF810BDC0466C
:105BE0005064FF1FFFFF00004864FF1F30C000111A
:105BF000EC41FF1F10B5024802F08AFF10BDC046FD
:105C00004D5B00110200F0B501270A480A4E5118F9
:105C10008B1A002B00DCF0BD08241578430868407F
:105C200038404000805B013C58406D08002CF5D1A5
:105C30000132EDE7FFFF00004AC00011F0B500257A
:105C40000F269D4200DBF0BD4C5D07094440344007
:105C5000A400A05801357840F3E7000070B50C00AF
:105C600088B06B460F2610340A78013115001209EE
:105C700035401D705A700233A142F5D12023694688
:105C8000024AFFF7DBFF08B070BDC04650C00011EC
:105C9000F0B54E780B7889B036020C0017000190F1
:105CA0001E43012A61D9954B9E4200D877E001330B
:105CB0009E421CD1062A17D1CA788B7812021A4349
:105CC0000B791B0413434A7912061A438C4B5A6111
:105CD00000221A705A808B4A5A608B4A9A608B4A0B
:105CE000DA60002009B0F0BD88225205EEE7884B4B
:105CF0009E423CD182498B78002B00D0F6E00C2AE2
:105D000031D10F22A3789343E27812021343227910
:105D1000120413436279120613434B60E279A079AF
:105D200012020243207A00041043627A12060243F0
:105D3000CA60E27AA07A1202024376484A8183421C
:105D400008D804236E49142201980B7005F0F8FF5F
:105D50001420C7E71201D21889235B059A42F0D8B4
:105D600001238B70BDE7022AFAD00523EAE76A4ACD
:105D700001239642E6D1FFF705FC052F0CD9E37805
:105D8000A2781B021343227912041A4363791B067B
:105D90001343624A0393136006F002F8A1E7584DDB
:105DA0002B78002B9DD1AB78002B00D1A0E02B8964
:105DB00001339BB20093B34200D091E0132AD4D9AF
:105DC000CF7C8B7C3F02122120001F43FFF71AFF7C
:105DD000874200D08EE0002E3DD1E378A2781B02EE
:105DE00013432279E96812041A4363791B061343AB
:105DF00003930A228B4212D1FF23A370E370237115
:105E000063716B89002B09D1E37B227C1B02120496
:105E10001343A27B13431B0901336B8100226B895F
:105E2000002B8ED0002A67D1686837013818000B24
:105E30006B6900030390984205D9686105F0E8FD9D
:105E4000EB780133EB7068681022A11C381805F05C
:105E50006FFD2E8145E76F89009A7B1E9BB29342AE
:105E60003AD1E278A37812021A43237905A81B04D9
:105E7000134362796C6812061A43EB68009203922E
:105E8000211D0C22049305F05BFF0120260004A9CC
:105E900040421036FFF7E2FE013F012F17D1009A72
:105EA0000B232861824200D04CE704221C492000C9
:105EB00005F03EFD042203A9686805F079FFE96852
:105EC000039AFF23914200D13CE7F73B3AE73100C8
:105ED000FFF7C4FE1036DFE70923B742A4D831E745
:105EE000009BB34200D9FCE607232BE7022329E7F6
:105EF000032327E7062325E70A2323E7FFFE000005
:105F00006042FF1F00000111FFFF0000504859369A
:105F100001FF0000FFFF001102FF000034F000400D
:105F20006C42FF1F10B5034C0B000122210000F052
:105F30006BFA10BDE56000110B8870B506000D000E
:105F40000224162B11D92B000322094900F05CFA18
:105F5000041E0AD1074B2A881B88191C934200D9BA
:105F6000111C300089B200F0EDFA200070BDC0466F
:105F7000116100116E64FF1F10B54A780400013AE8
:105F80000B000220012A07D80A78002A04D0052233
:105F90002000024900F038FA10BDC0463F610011F0
:105FA0000A7810B50B0004000220002A04D0072252
:105FB0002000024900F028FA10BDC046EB61001134
:105FC0000A7810B50B0004000220002A04D0092230
:105FD0002000024900F018FA10BDC04651620011BD
:105FE00010B5034C0B000B22210000F00DFA10BD80
:105FF0008162001110B5034C0B000D22210000F04E
:1060000003FA10BDF362001110B5034C0B000F2210
:10601000210000F0F9F910BD4D6300110A7810B5A8
:106020000B0004000220002A04D0112220000249A3
:1060300000F0EAF910BDC0465D630011002310B501
:106040001322190000F0E0F910BD000010B5034C58
:106050000B001722210000F0D7F910BDAF6300112B
:10606000002310B51922190000F0CEF910BD000070
:1060700010B5034C0B001B22210000F0C5F910BD28
:10608000E9630011F7B584890D0006000121002C99
:1060900022D000238268D3561778002B1EDA0C2CEE
:1060A0001AD90C3CA4B2131940880093230002F0C3
:1060B00090FE431E984101307B06DB0F6B703F233F
:1060C000013C1F40A4B22870AF70AC80002C07D0F8
:1060D000B3680133AB6000210800FEBD0020EBE790
:1060E000AC60F8E70B7803704B8843704B881B0A51
:1060F00083700B79C370042070470420022B06D1F3
:106100000020537811781B02009A0B4313807047CC
:106110000B8803700B881B0A437002207047042011
:10612000009983420AD1537810781B0203430B80F5
:10613000D37890781B02034300204B807047F8B55A
:106140000D004B7801240021461C03702B788B42F4
:1061500001D82000F8BD6B78B01C4F1C012B10D16A
:10616000890069184B88022233704B88B9001B0ADA
:106170007370691805F0DCFC04360434A4B2F9B27B
:10618000E4E7122359436B185A88043132705B8854
:1061900010221B0A7370691805F0CAFC12361234FB
:1061A000ECE770B5049D14001E00052B01D80420F7
:1061B00070BD637812781B0213432B80E378A278BA
:1061C0001B02134302226B802A71211D681D063EAB
:1061D00005F0AEFCB2B22A81E92AE8D82800A11D58
:1061E0000A3005F0A5FC0020E2E7002310B50A788C
:1061F0009A4201D8900010BD9A008A185488013341
:1062000004705488DBB2240A4470948884709288A5
:10621000120AC2700430EAE710B51100029C062B86
:1062200004D004201022142B01D010BD02222271B0
:106230004B7808781B0203432380CB7888781B02B5
:10624000034363800431601D05F072FC0020ECE71D
:1062500010B50C788B7804315C43E4B203702200F3
:10626000013005F065FC601C10BD0420022B06D136
:106270000020537811781B02009A0B43138070475B
:1062800010B50C000A88023105F052FC208810BDC0
:1062900070B504000D0004981100012B01D80420F2
:1062A00070BD167852781202324302800200F13239
:1062B00055701470E125002C00D10C35023B9AB2C8
:1062C0004280AA42EBD80231043005F031FC0020B4
:1062D000E6E70420009983420AD1537810781B0224
:1062E00003430B80D37890781B02034300204B803C
:1062F000704710B50C000A88023105F019FC20889F
:1063000010BD000070B501211E000420049C0E4049
:106310000B4218D1CB40DDB28D4214D90A49DBB211
:10632000098899420FD32300EE331D7033005800C3
:1063300011184978165C0902314301332152D9B250
:106340008D42F4D8002070BD7842FF1F10B50C00BC
:106350000A88023105F0ECFB208810BD10B50C78DE
:106360008B7804315C43E4B203702200013005F005
:10637000DFFB601C10BD10B511000298032B01D883
:10638000042010BD14785278043B1202224302808C
:10639000CA788C781202224342809AB28280EB2A19
:1063A000EED80431063005F0C3FB0020E9E710B554
:1063B0000C000B8803700B881B0A43704B8883709A
:1063C0004B881B0AC3708A880430063105F0B0FB85
:1063D000A088043080B210BD0420012B03D100201E
:1063E0001378009A1370704710B50C000B88037077
:1063F0000B881B0A43704A880230043105F098FB71
:106400006088023080B210BDF0B589B003931D4B97
:10641000029242000700D05A019102F022F813259F
:10642000061E2CD0029B01240370019B002B04D07C
:10643000001903999847001984B26B461B7A5BB226
:10644000002B0FDA1021380002F01CFB1925002860
:1064500012D130003219E1B202F070FC051E0BD1EE
:106460000C34A4B2042305A938000B800C814E60C3
:1064700001F0B2FD051E02D0300005F061FB2800DE
:1064800009B0F0BD6C64FF1F70B505000C0000285A
:106490000CD00020814209D010222000044905F0D0
:1064A00047FB01202B7823736B78637370BDC04664
:1064B00090C00011F0B506000D0017001C0085B05B
:1064C00002291BD00020102907D1022B07D0102B46
:1064D00003D115E00020102C08D005B0F0BD6946AE
:1064E0003800FFF7D1FF2A0069460BE0694630000B
:1064F000FFF7CAFF22006946380004E0022BE9D109
:106500002A003900300005F0C3FAE6E7031CF02842
:1065100000D9F023032008499AB2013A0B80D3171F
:10652000034006499B189B100B80D30F04499B180E
:106530005B100B807047C0467C42FF1F7A42FF1FF2
:106540007842FF1F034B1B888B4202D3024B400053
:10655000C15270477C42FF1F6C64FF1F014B40001B
:10656000185A70476C64FF1F1722014B1A8070473E
:106570006C64FF1F70B505000E2005F099FA041E2B
:1065800013D0D0230370002306228370074945707F
:10659000033005F0CDFA064B2100DA8A62811B7EBA
:1065A0002373044B187805F063FC70BD8864FF1FEB
:1065B0007864FF1FCC42FF1F262803D8024B4000FF
:1065C000C05A70470148FCE77E42FF1FFFFF0000F2
:1065D00070B506000C00094D1C220021280005F0B2
:1065E00057F9074B1E70074B1C7005F029FB012360
:1065F000002801D0002312202B7070BD7864FF1F8B
:10660000CC42FF1F9964FF1F70B505000D4C0800B8
:10661000E260A16010220021656005F059FA0128AE
:1066200003D11021A06802F061FD10220021280092
:1066300005F04EFA012803D11021606802F056FDE2
:1066400070BDC0467864FF1F70B5041E05D10029D7
:1066500003D006220D4805F06BFA0D4B1D78012D75
:1066600011D1002C05D102221A7005F019F9280069
:1066700070BD00221A70074B1B78FF2BF7D020004B
:10668000FFF778FFF3E70025F1E7C0468864FF1FB6
:106690007864FF1FCC42FF1F030010B5002801D112
:1066A000002010BD00780B4A002803D15988D18200
:1066B0001B7913761378022BF2D10023984200D174
:1066C00003331370044B1B78FF2B01D0FFF752FFED
:1066D0000120E6E77864FF1FCC42FF1F002911D09C
:1066E00000280CD04B79012803D140225242134399
:1066F00003E03F221340032802D001204B71704772
:106700004022F4E70800FAE770B5094D0100287847
:1067100000280BD0074C0622200005F009FA2100C2
:106720002878FFF7DBFF200005F0EAFA70BDC046CD
:106730009864FF1F7264FF1F00290AD0012808D146
:106740003F224B799343C02B03D0403B5A425341E5
:10675000981C704770B5174D06002B78FF2B15D08D
:106760000A2005F0A5F9041E10D0D0230370C83B01
:106770008370114B11491B784670C3700622043098
:1067800005F0D6F92100287805F072FB0C4B1B7838
:10679000012B0DD10B4B1B68002B03D09B68002BEA
:1067A00000D09847084B04211878084A05F008FAE9
:1067B00070BDC046CC42FF1F9864FF1F7264FF1F6C
:1067C0009464FF1FC064FF1FC464FF1F60EA0000E1
:1067D000014B98687047C0467864FF1F014BDB6827
:1067E000186870477864FF1F074B10B5DA681368A4
:1067F00001331360054B1878FF2803D08021C901AD
:1068000005F01EFB10BDC0467864FF1FCC42FF1F81
:10681000F7B50E0002F0CAF8051E1CD00E4B06623A
:106820001F78002F00D10778AB791020019305F075
:106830003FF9041E0FD0D0230380C73B8370019B18
:10684000E91DC3700622043005F072F921003800FA
:10685000E66005F00DFBF7BDCA42FF1F014B18783B
:106860007047C0469864FF1F054B002805D1054BB3
:106870001A78054B002A00D1014B18007047C0461A
:106880008864FF1F9864FF1F7264FF1F014B5868E4
:106890007047C0467864FF1F024B1868431E98413A
:1068A000C0B270479C64FF1F421E03000120152ADE
:1068B00003D9FF3B5A425341D8B27047F0B51C0090
:1068C00000230E0085B0039002920B70029A93424F
:1068D00001D3002019E0E55C5A1CD2B2002DF8D09B
:1068E000029851198142F4DC0233DFB2A35C180034
:1068F0000193FFF7D9FF002807D0013D019A0399C2
:10690000EBB233708A4202D1E01905B0F0BDDB1959
:10691000DBB2DBE710B50C0002F0A0F80300122098
:10692000002B03D02100588805F012F810BD00009C
:1069300070B50E4D84006359002B15D0186A0028DD
:1069400001D004F0E5FF2B59586A002801D004F06B
:10695000DFFF2B59986A002801D004F0D9FF28598D
:1069600004F0D6FF00232B5170BDC046A864FF1F62
:106970001C4B70B504000E00150099420AD11A4B49
:106980001B68002B01D1122070BD1B68002BFAD0B0
:106990009847F9E7154B994215D1134B1B68002B0B
:1069A0000AD01B68002B07D09847002804D1104B51
:1069B0001C70104B1D70E7E729002000FFF7AAFFAD
:1069C0000028E1D1F3E7080001F0F0FF0028DAD059
:1069D00003780320A342D7D12900300004F0B8FF88
:1069E000D2E7C046FEFF0000A464FF1FFFFF0000C7
:1069F000A164FF1FA064FF1FF7B50400808801F0A9
:106A0000D5FF0025A84203D00578A08802F00AF837
:106A10001C4E3378002B1FD0AB421DD11A4B2800DF
:106A20001978FFF777FF002818D000233370A37977
:106A30000820A778A688019305F03AF8011E0DD02A
:106A4000D0230370CA3B8370019B4770868083719B
:106A5000280005F00DFA01E0002DE8D1A0880B4BCD
:106A60008200D358002B01D0FFF762FF1721A088C6
:106A7000FFF768FDA08801F02BFDA08801F002FE61
:106A8000F7BDC046A164FF1FA064FF1FA864FF1FDD
:106A9000F0B587B01D000CAB1B88070001930DAB50
:106AA0001B88142002930EAB1B88160003930FABB8
:106AB0001B880091049310AB1B88059304F0F8FF2A
:106AC000041E1AD0D0230370CB3B47708370C6706E
:106AD000062229000430002D11D005F029F8019B71
:106AE00021006381029B0098A381039BE381049BA7
:106AF0002382059BA37405F0BBF907B0F0BD04F039
:106B0000C7FEECE7F7B5009308AB1B8807000C2025
:106B10000D001600019304F0CBFF041E13D02800D3
:106B200001F044FF00280FD00078D0232370C93B28
:106B3000A370009B21002381019B6770A580E680E4
:106B4000638105F095F9F7BD014B1878EDE7C04674
:106B5000CC42FF1F13B5040064890389C288818871
:106B6000C0780094FFF7CEFF13BD000010B5044CB1
:106B70002068002803D004F0CBFE0023236010BD62
:106B8000AC64FF1FA122F0B5818892004A43384BC4
:106B9000384F1B6889B09B189D2292009B18827900
:106BA00004001A603B68002B5FD01D78324B1B68D5
:106BB000002B04D05B68002B01D0002098472600F2
:106BC00008363100E079FFF7B7FD237DE071020060
:106BD000E0780493638A29000393238A0293E3896C
:106BE0000193A38800933300FFF752FFE378002B53
:106BF0000BD1E289A379A18802920196E27928005B
:106C00000092012201F0DCFEE0703B68002B20D0F6
:106C1000FFF7ACFF194D287800281AD0184B1978C7
:106C2000FFF778FE002814D02B780820A788E67894
:106C3000079304F03DFF011E09D0D0230370CA3B27
:106C40004670837087808671079805F011F90023DC
:106C50002B701721A088FFF775FCA08801F038FC85
:106C6000A08801F00FFD09B0F0BD064B9DE7C046BE
:106C70003409FF1FAC64FF1FC064FF1FA164FF1F26
:106C8000A064FF1FCC42FF1FF8B5070008000E00EC
:106C900001F08CFE041E18D02620FFF78DFC051E87
:106CA00000D12578062004F003FF041E0DD000213A
:106CB000062204F0EDFDD0232370C23B2100677053
:106CC000A370A680E8B205F0D3F8F8BDF0B585B0A2
:106CD00001930AAB1B78070002930BAB1B780800EB
:106CE0000D000092039301F061FE061E22D01020D9
:106CF00004F0DEFE041E1DD01022002104F0C8FDA9
:106D00002620FFF759FC002800D13078D0232370CB
:106D1000C13BA370009B21002372019B67706372CB
:106D2000029BA580A372039BC0B2E3720C9BE3603D
:106D300005F09EF805B0F0BDF7B50D00019001F02B
:106D400035FE071E1FD00E2004F0B2FE041E1AD01E
:106D50002620FFF731FC061E00D13E78D023238089
:106D6000C53BA370F91D0622E01C04F0E1FE019B67
:106D70002100638101232B40AD07ED0F2373657361
:106D8000F0B205F075F8F7BDF0B585B002901000CF
:106D90000D0017000A9E039301F008FE041E31D077
:106DA000029B002B2ED1039B02795B0724D5122373
:106DB00013430422002E08D10B99002905D10C9908
:106DC000002902D10D9900291AD01A430D9B227176
:106DD000002B00D0C9E0002E00D1CFE0002D00D064
:106DE000CCE0606A002801D004F092FD1C21300044
:106DF00004F016FE606205E002239A430E33D7E7E3
:106E000093432371654BBA00D458002C00D1AAE0FB
:106E1000002E10D0236A002B03D11C2004F0E0FECA
:106E200020625E4BBA00D358186A002803D01C2297
:106E3000310004F07DFE0C9B002B12D0574CBB00A0
:106E40001D596B6A002B03D1162004F0C9FE68623D
:106E5000BB00E358586A002803D016220C9904F0AE
:106E600067FE0D9B002B11D04C4DBC006659B36AD8
:106E7000002B03D1142004F0B3FEB0622B59986AA2
:106E8000002803D014220D9904F052FE380001F0BE
:106E90008DFD051E67D0414BBA00D358002B62D040
:106EA0001A6A3420002A00D11C389A6A002A01D0BC
:106EB000143080B20B9A002A01D01C3080B25B6A79
:106EC000002B01D0163080B204F0F2FD041E4AD02F
:106ED0001822002104F0DCFC2620FFF76DFB019056
:106EE000002801D12B780193D0232370029B20002E
:106EF00063700A23294EA370039BBD00A371AB5995
:106F0000A780196A1830002905D01C22A06004F05F
:106F10000FFE200034307359996A002907D003000E
:106F200014221433E060029304F002FE02980B9BDB
:106F3000002B08D003001C221C330B992061029304
:106F400004F0F6FD02987359596A002903D01622FD
:106F5000606104F0EDFD6B462100187904F088FFB4
:106F60003800FFF7E5FC05B0F0BD10220D9B0D9930
:106F70001B69A018236204F0DBFD2CE70B9B002BA0
:106F800000D13FE7012D00D03CE7606A002801D026
:106F900004F0BEFC1C210B982AE7C046A864FF1F22
:106FA00010B5044C2068002803D004F0B1FC002385
:106FB000236010BD9C64FF1F0B4B07B51A68002AA5
:106FC00001D100200EBD6946531C01201278073103
:106FD000FFF774FC0028F4D0027801231000184059
:106FE0001A42EED0EEE7C046B864FF1FF0B51F4F5F
:106FF00001203B6887B0002B25D09B78059300F0DB
:10700000B3FB002821D00A20FFF7D6FA04000B209A
:10701000FFF7D2FA164B05001E78731E9E413B689F
:10702000F6B2191DD878FFF759FB3B682900DA7AC8
:10703000043303929A790193029200903300200066
:10704000059A04F005FE07B0F0BDFFF7B5FF002874
:1070500005D00620FFF7B0FA04000720D8E7082083
:10706000FFF7AAFA04000920D2E7C0469C64FF1F7C
:107070009864FF1F70B50A4E040033780D00FF2B93
:107080000DD0042004F014FD011E08D0D02303709D
:10709000CE3B45708370C470307804F0E9FE70BD5B
:1070A000DC42FF1F70B5040006200D0004F000FD57
:1070B000011E0AD0D0230370CD3B8370054B447072
:1070C0001B688580187804F0D3FE002C01D0FFF7F0
:1070D00067FF70BD9C64FF1FF8B5264F06003B6834
:1070E0000D001124002B05D10522234B1B781342E0
:1070F00002D112242000F8BD204A10241268002A70
:10710000F8D01278002AF5D0DB0719D52B789A1E13
:10711000012A1AD80C2004F063FD132438600028DB
:10712000E8D000230A22437029000670023004F0E0
:10713000FFFCFFF75BFF041E0AD0FFF731FFD9E722
:1071400000F012FB0028E1D1E4E7002BE2D0D0E709
:107150000B4B1B78032BCDD11D20FFF72DFA094BCC
:1071600018800028C6D0084B04211878074A04F07C
:1071700027FDBFE79C64FF1F9964FF1FB864FF1FD2
:107180009864FF1F9664FF1FC464FF1F60EA00003D
:10719000F7B50193194B14001A78052306000F0068
:1071A00012201A4221D0012920D1154B1D68002D33
:1071B0001BD002201F2C18D8002C02D0019B002BC2
:1071C00013D0104B1F221E706E1C0021300004F0E3
:1071D0005FFB01992200300004F0AAFC310020007E
:1071E0002C70002F06D004F033FEFEBD064B12209B
:1071F0001D68DCE704F0B4FDF7E7C0469964FF1FA3
:10720000B864FF1FDC42FF1FB464FF1FF8B50F4EC8
:1072100012243368002B17D01B780F3C834213D104
:1072200000250B4F0221387804F04AFD094B042158
:1072300038781D8004F044FD074B28001D8033681A
:107240005C7004F0F5FD04002000F8BD9C64FF1F95
:10725000C464FF1FB064FF1F9664FF1F70B5012850
:1072600023D11B4C2388002B03D01A4A1578002DFC
:1072700007D0194B1B68002B02D01878FFF7C6FF08
:1072800070BD3B2B02D93C3B2380F9E7134E022112
:10729000307804F015FDFA222388920002215A4327
:1072A000307804F035FC2580EAE70B4B1B68002B97
:1072B000E6D00B4B1B785B07E2D5084B0221187810
:1072C00004F0FEFC0022024B1A80FFF769FED7E7AC
:1072D000B064FF1F9464FF1F9C64FF1FC464FF1F02
:1072E0009964FF1FF8B51E4D2868002803D004F0EC
:1072F0000FFB00232B601B4E3068002803D004F0E6
:1073000007FB00233360184F05243B78180020400A
:10731000234221D0154800F02BFA3B78234213D0AA
:10732000202004F05DFC2860002813D020220021DA
:1073300004F0AEFA202004F053FC041E306005D0A7
:107340002022002104F0A4FA002004E0286804F0C0
:10735000DFFA2C601320F8BD00F00AFAF4E7C0460B
:10736000B864FF1FB464FF1F9964FF1FD042FF1F62
:1073700010B50A4C23681A1E0ED0002808D101301F
:10738000587004F055FD002805D02368002B02D06A
:107390000021FFF787FE0122100010BD9C64FF1F33
:1073A000F7B5274E050033680191181E21D05C788F
:1073B000244F012C30D1FFF7FFFD002825D02000FD
:1073C000FFF7FAF80400412814D91F4B022118785E
:1073D0001E4A04F0F5FB1E4B3C3C1C800222336825
:1073E0005A703B78002B14D128000199FFF75AFE00
:1073F0000120FEBDFA2292004243002AEED0124B39
:107400000221187804F084FBE8E7FFF7D5F80200C2
:10741000F3E700233B70EBE73B78002BE8D1032038
:1074200004F046FB011E08D0D0230370CC3B45700E
:1074300083703368187804F01BFDFFF7B1FDD7E7C0
:107440009C64FF1F9464FF1FC464FF1F60EA000078
:10745000B064FF1F10B51749838802008B4220D00B
:1074600011D815498B4217D0144900205B1899B2E6
:10747000012907D8926811785A425341D8B2FFF7D0
:10748000F9FD012010BD0E4A00209B1807229BB277
:107490009A424041C0B2F5E783681878FFF768FF69
:1074A000F0E7836899785A78090218781143FFF752
:1074B00077FFE7E70A20000006200000F8DFFFFF63
:1074C000AFDFFFFF014B18707047C046DD42FF1F62
:1074D00010B5064C207001F045FA207804F070FADF
:1074E0000521207800F068FD10BDC046C464FF1F70
:1074F0000BB273B50D00002B00DBC4E0884B18788D
:1075000004F016FC041E0ED00378912B0FD0A22B92
:1075100000D1A1E0834B1878FF2852D0210004F05D
:10752000A7FC00284DD180200002684076BD43783A
:107530000F2B76D013D8052B70D00E2BEAD1808874
:10754000794B98422BD8794B98421BD8784B98426C
:10755000E0D1A3681878591CFFF776F838E03E2B85
:10756000D8D18378032B74D06CD8012B6ED0022B2A
:10757000D0D1704B1B68002B23D05B68002B20D030
:1075800098471EE06C4BC0180C28C3D804F030FAA2
:107590001DC2C2150BC20B0B0B3223C23C00674B42
:1075A000C0180728B6D8664B1B68002B09D01B688B
:1075B000002B06D0200098470AE0A3681878FFF750
:1075C000C9F8200004F0FCFBADE7A068FFF764F801
:1075D00000289FD0F5E7A3681B78002BF1D0554B0E
:1075E0001B68002BEDD01B68002BEAD0210055480A
:1075F0009847EDE74F4B1B68002BE2D01B68002B30
:10760000DFD021005048F3E7504B1B68002BD8D047
:107610005B68002BD5D021004348E9E7FFF7ECF980
:10762000CFE780884A4B984203D04A4B984200D01B
:1076300070E7464B1B68002BC3D05B68002BC0D0A3
:107640002100D5E7153B012BBBD963E7FFF79AFA79
:10765000B7E7FFF77FFAB4E73F4B1B78042B07D15E
:1076600000236A4613800179408800F0CBFCA8E72C
:10767000364B1B68002BA4D05B68002BA1D0010007
:10768000364898479DE7012421420AD0294B1B68C0
:10769000002B04D05B68002B01D00020984701200C
:1076A00043E78B070AD5264B1B68002B04D05B6889
:1076B000002B01D020009847022036E70421280043
:1076C00008400D4200D131E7254E3388002B21D0F0
:1076D000013B9BB23380002B1AD1FFF7DDF8002865
:1076E0000AD0204B1C70164B1B68002B04D05B6823
:1076F000002B01D020009847FFF7C8F8694601F039
:107700000CFD6846FFF700F81D20FEF755FF30809E
:1077100004200AE7024B187804F0D2FAF8E7C046D2
:10772000C464FF1FDD42FF1F0E2000000120000087
:1077300009100000BC64FF1FFEDFFFFFAFDFFFFF8B
:10774000C064FF1F0C2000000B200000A464FF1F7A
:107750000D200000132000009964FF1FFFFF0000B0
:107760009664FF1F9464FF1F10B501F09FF910BDD0
:10777000014B18607047C046C064FF1F0B88002093
:10778000162B01D817230420014A13807047C046E6
:107790006E64FF1F00207047074A03001188814272
:1077A00007D091880020994202D101308000101842
:1077B00070470020FAE7C046CC64FF1FF0B58F7811
:1077C00006000D00C5B01E2F15D1FFF7E5FF051E01
:1077D00003D10024200045B0F0BD00223B00310061
:1077E000C078009200F0B8FB0400A81C00F0D8FBA1
:1077F000FF23EB70EEE7264B062403931B78FF2B49
:10780000E8D0182FE6D87B08224A013BDB00029221
:107810009A589446002ADDD0029AD3185B68002B50
:10782000D8D00878002802D14B78012B02D1062449
:10783000122FCFD107AFAB88697800976446AA684A
:10784000A047041EC6D1AB78029A5B08013BDB005F
:10785000D318390030005B689847041E0BD1AB7811
:10786000042BB6D0039A310010782200009700F064
:1078700073FB0400AEE76A78002AABD1AA7805A9A9
:107880003B88087130000A704B80FEF74BFBA0E785
:10789000E042FF1FA0C000111D4B37B50500984204
:1078A0000BD000290AD1FFF777FF002805D119482E
:1078B000FFF772FF002800D0058037BD01291AD1DB
:1078C000FFF76AFF041EF8D001235B420380A37810
:1078D000FF2BF2D0FE2B07D00023E0781422009378
:1078E00029001E3300F038FBA01C00F059FB0123D7
:1078F0005B426380E1E70229DFD1013901F0C2F880
:107900000028DAD12800FFF747FF041EDFD1D4E7B3
:10791000FEFF0000FFFF0000022210B5074B52429D
:107920001A80074801325A809A80DA8000F084FA7F
:10793000044801F029F8002010BDC046CC64FF1FA8
:10794000BD770011997800110388F7B50400002B6A
:1079500002D102252800FEBD426802211378254885
:107960005268FEF7A7FD00282ED0234F01253A8844
:10797000002AEFD0802321885B0201259B1A9942BF
:10798000E8DC0C2004F02CF9061E31D03B8822885C
:107990009C4600231800019561469DB2491989B2A1
:1079A000AA421BD8002801D062443A80002330004C
:1079B000082208C0210004F0BBF8104A1368002B0D
:1079C00013D100251660C5E76268022113780C48C0
:1079D0005268FEF76FFD0028C7D1BAE760681D0145
:1079E0004019418101330198D6E71A001B68E6E788
:1079F0001325AFE70EC10011DE42FF1FC864FF1F51
:107A00000CC10011014B18707047C046E042FF1FC7
:107A100014230A0010B51A40194204D00122102183
:107A200001F04CF810BD4B06F9D4C84302234000C6
:107A30001840F7E710B514008B0604D50122102179
:107A400001F03CF810BD08230A001A40194202D187
:107A50004BB2002B0FDA102101F030F8002808D0CB
:107A60002300F2331B78002BECD0F1342378012B68
:107A7000E8D10020E6E703208907FAD4E2E7000016
:107A8000F0B51F00184B85B01C680190029103925D
:107A9000002C27D1200005B0F0BDA5683301ED18FA
:107AA0006B89019A934211D3029A93420ED8002F08
:107AB00004D10A9B002B10D12C00EBE73B00297866
:107AC000039A6868FEF7F6FC0028F2D10136B6B2D8
:107AD000A388B342E1D82468DAE7A3680A9A5B89ED
:107AE0001380E9E70026F3E7C864FF1F37B50C00F1
:107AF0000A8849880123914217D3002A15D0651DB1
:107B000023792A0002210A48FEF7D4FC102300281A
:107B10000BD023796188208800242A000094FFF785
:107B2000AFFF0A23A04200D0230018003EBDC0468C
:107B30000EC1001113B50A00088849880123884244
:107B40000BD8002809D00024137905320094FFF7E0
:107B500097FF0A23A04200D02300180016BD13B5DA
:107B60000A0008884988012388420BD8002809D0D8
:107B70000024137905320094FFF782FF0A23A04204
:107B800000D02300180016BDF0B58BB003904A88D2
:107B900008880E000123824213D3002811D000234D
:107BA000012704AC23700022718813000092FFF7B4
:107BB00067FF05002078002D06D122780A23002ACD
:107BC00041D118000BB0F0BD002835D12B78022B25
:107BD00018D167706A8983000130E31880005A80E9
:107BE00069680222201803F0A3FF23780133DBB277
:107BF0002370042B19D93B006889013080B2002B17
:107C0000D1D0DAE702236370122358436A8923181C
:107C100004305A8069681022201803F089FF237805
:107C20000133DBB22370002BE5D10A4A6B899B1824
:107C30005A425341DBB2DFE76378012BE4D12B7862
:107C4000022BC7D0B9E721000398FEF795F900236E
:107C5000B7E7C0460100FFFF0F4BF0B504001868FE
:107C6000002816D083685D89A54207D88288AE189F
:107C7000B44203DA12019A18934201D10068EFE787
:107C80001E005F891036A74204D1002900D00D8064
:107C90001800F0BD3300EFE7C864FF1F70B50500A2
:107CA0000C0008880021FFF7D7FF03000120002BFC
:107CB00004D022002800197AFFF7BCFE70BDF7B58A
:107CC0000C00002501902300EE331B78AB4201D855
:107CD00000200AE06B00E65A00213000E718FFF7A9
:107CE000BBFF002802D126800130FEBD017A019839
:107CF000FFF78EFE002802D03B882380F5E7013590
:107D0000EDB2E0E710B5040008880021FFF7A4FFFA
:107D100003000120002B03D02000197AFFF778FE22
:107D200010BD0000054B1B68002B01D1180004E0BA
:107D30009A6852898242F6D198887047C864FF1FBA
:107D4000F0B50E27002687B0039302ABFF183E80E4
:107D500005001F4B40891400984207D02B78013052
:107D600000976A6880B2FFF78BFE060002212B782D
:107D700018486A68FEF79EFB00280FD06C89200027
:107D8000FFF7D0FF002802D0013C0419A4B2039BE6
:107D9000002B00D01C80300007B0F0BD02212B78F2
:107DA0000D486A68FEF786FB0028E7D102212B7890
:107DB0000A486A68FEF77EFB002807D0002EDED056
:107DC0003B88A342DBD17489013CDFE76C89DEE7A5
:107DD000FFFF00000EC100110CC100110AC100110B
:107DE00010B50C00FFF7D8FC03000220002B0AD0CE
:107DF000002C00D023609B781720FE2B03D0013885
:107E0000FF2B00D1002010BD73B50D0001A90400A7
:107E10001600FFF7E5FF172805D0002E04D1290032
:107E20002000FEF725F976BD01221021200000F088
:107E300045FE0028F3D0F6E7014B18607047C046B6
:107E4000D864FF1F37B56B469D1D01000400022258
:107E5000280003F075FF2B88B02B0ED12379122B4D
:107E600009D12300FA331B78012B06D10121608848
:107E700000F0E0F801E01B2BF8D037BD10B5054B42
:107E80000421187000F098F8FFF746FDFEF76CFB30
:107E900010BDC046DC64FF1F0020F0B50BB20F0020
:107EA00087B0834234DA274B187803F041FF051E70
:107EB0002BD00378A02B25D103AE3100FEF7E2F8DA
:107EC000041E0BD1B378DB0724D51F4B06341B6887
:107ED000002B03D03100688898470400A868002868
:107EE00001D003F02DFE002C08D1184A039B13404B
:107EF000174A934206D0B3781B2B03D00121688820
:107F000000F098F8280003F05BFF80200002784022
:107F100007B0F0BD0F4B1B68002B10D031006888F4
:107F20009847041EDAD07378002BD7D1B27801A914
:107F30000A704B800C716888FDF7F4FFCEE70624C9
:107F4000F1E7C046DC64FF1FD464FF1F00FFFF00A1
:107F500000011200D864FF1FF7B50190FC200D004E
:107F600017001E0003F0A4FD04001320002C12D003
:107F7000B02320002370089BF4226770658026716F
:107F80000830002B08D0190003F0D2FD2100019821
:107F900003F06EFF0020FEBD089903F079FCF5E7C1
:107FA00010B5041E06D00078FD2803D803F0A0FD0C
:107FB000FF23237010BD00000A1F93B210B5040008
:107FC0000220032B05D882400020024BD1529B187F
:107FD0009C7010BDFC64FF1F0B8870B5043B04004F
:107FE0000D000220032B0BD80121200000F04AFDD8
:107FF00003001420002B03D02900200000F0DEFB3A
:1080000070BD000007B51300034A00920A00012169
:1080100000F02CFC0EBDC0464182001107B5019254
:1080200003220092024B0A00122100F047FC0EBD11
:10803000BF82001107B56B4601AA11800449D880A0
:1080400008780633012802D1190003F001FD07BDAD
:10805000DD64FF1F0C4B10B518700023FF210B4A85
:108060001380138193819380094A53801370517256
:1080700093819372D174D3821375517703F000FC0E
:1080800000F0FCF910BDC0460C65FF1FFC64FF1F2B
:10809000DE64FF1FF0B58DB06B46002003910C220B
:1080A0009B5E834200DBB1E05D4B187803F040FE3D
:1080B000051E00D1A5E00378902B00D09EE006AF0E
:1080C00001004688380000F013FA7968040000299E
:1080D00000D19DE03B88052B6FD13B89032B1CD938
:1080E00005AC200000F0A2F86288172A60D8398910
:1080F000131D994231D17968237804310291D9074F
:1081000038D5607800F08EF9071E06D00023037181
:108110002378012B08D0132B23D0A868002800D186
:1081200079E003F00DFD76E06288029909A800F07D
:10813000A6F80290380000F08BF909AA2378387A63
:108140000192002231000092029A00F012F93800E8
:1081500000F064F9029B002BDFD0300000F080F9C2
:10816000DBE70378032BD8D16288029909A800F0D5
:10817000D6F8DEE709AF122B12D13800029900F0D1
:10818000B4F8021EE9D127498B88002BC5D0887925
:108190002378019761780091310000F0EAF8BCE79C
:1081A00000233A003B8061783000FFF72BFFB4E7F3
:1081B0001D4B09AA09936178F6E7042B02D09A1F98
:1081C000012AAAD8174A043B9B00995A0029A4D037
:1081D000D218907831003A0000F0ADF800289CD118
:1081E0003B88042B03D001213000FFF723FF012C33
:1081F00004D1A868002801D003F0A2FC280003F0F5
:10820000DFFD8020039B0002434018000DB0F0BD4D
:10821000012800D181E701213000FFF70BFFEDE7D6
:108220000C65FF1FFC64FF1F010017000B78037033
:108230004B784370CB788A781B0213434380704796
:108240000A88030002700A88120A42700A88012A0A
:1082500006D14A8882704A88120AC2700420704788
:1082600002208242FBD14A8804309A704A88120A5E
:10827000DA708A881A718A88120A5A71EFE710B583
:108280000400012082420CD94B780A781B02134368
:108290002380834206D1CB788A781B021343638004
:1082A000002010BD022BFBD1CB788A781B02134330
:1082B00063804B790A791B021343A380F0E70B8894
:1082C00003700B881B0A43704B8883704B881B0A12
:1082D000C3708B8803718B881B0A4371CB888371B1
:1082E000CB881B0AC3710820704703000120082AAD
:1082F00014D14A780878120202431A80CA78887822
:10830000120202435A804A790879120202439A8083
:10831000CA798879120202430020DA80704710B5CA
:1083200004000120022A05D100204B780A781B02A4
:108330001343238010BDF8B5060010200F00150070
:1083400003F0B6FB04000120002C0ED0A0230C2269
:10835000290023806780201D002D07D003F0E8FB53
:108360002100300003F084FD0020F8BD03F090FAF6
:10837000F6E7F7B51E00009008AB142017001D7833
:10838000019103F095FB041E12D0A2230370019B00
:1083900047704380099B057146710C220830002B01
:1083A00007D0190003F0C4FB2100009803F060FD22
:1083B000F7BD099903F06CFAF6E737B5041E0FD044
:1083C0004388002B0CD00025C1881323007A172284
:1083D00001950095FFF7CDFFFF236580637225703F
:1083E00037BD000010B50C4904004A88002A09D0A6
:1083F0008B89002B05D00020CB8A0222834201D03A
:1084000010BD012213000A20434300204032C8540B
:10841000C81842800472F3E7DE64FF1F0023438024
:1084200003707047094B00211A0010B55C88002CBE
:1084300006D01C79844203D10A234B43D01810BDC7
:1084400001310A330329F1D10020F8E7DE64FF1F70
:1084500010B50400407A03F04BFBFF23637210BD9C
:108460007047043010B580B203F0B2FB002803D08F
:108470000421494203F0C4FB10BD000070B5002583
:10848000104CA0682580A581A580A84202D003F0E9
:1084900057FBA56000250C4C0C4B606D1D80230024
:1084A00058331D70A84202D003F04AFB65650025D1
:1084B0006068002801D003F043FB013508340A2D21
:1084C000F6D170BDA465FF1F4865FF1F9865FF1FAB
:1084D00070B5041E09D1054D2880A881A880A86820
:1084E000002802D003F02CFBAC6070BDA465FF1F18
:1084F000F0B54B8885B00193002343600A790500ED
:108500000F00022A00D07BE0CA88032A17D98B68A3
:108510005E7819783602DC78D8790E4399781B7A20
:1085200024021B020C43034353495BBA0B80331DE7
:1085300093421ED1042C04D0631F022B0ED90120BC
:1085400015E0019A4D4B1201D35A002B06D0019829
:10855000FFF7BEFF4A4A1369013313610421B8686B
:108560002E812C80494203F04BFB6860002005B04F
:10857000F0BD434D042C06D0631F022B0FD9EB68CE
:108580000133EB60DBE7019A3C4B1201D35A002B1D
:1085900005D00198FFF79CFF2B6901332B61374B06
:1085A00030000293019B029A1B0101930023019961
:1085B0008C468B52130063449C8003939E81FFF78B
:1085C00050FF039B041E986016D00421B8684942EE
:1085D00003F016FBFA880100043A200003F0A8FA21
:1085E0000199029AFB888A5A043B9B18029A8B5283
:1085F0002B6801332B60A2E7AB690133AB619EE7C7
:108600001E4B0293019B1E01029BF35A002B2DD09F
:1086100002998C19A068002828D0012A26D1FA884E
:108620009B189BB27352A189994217D39B1AC01809
:10863000B96803F07DFA029BA289F35A934200D0F5
:108640007DE700222B81A3882B80A3686B60029BAF
:10865000F2520B4A53680133536070E7084A93683B
:10866000013393600198FFF733FF68E7044A5369C9
:1086700001335361F6E7C0460E65FF1FA465FF1F77
:108680001465FF1F70B5051E15D10B4C0B4B1880E0
:10869000230058331870606D002802D003F050FAA0
:1086A0006565250050356068002801D003F048FA60
:1086B0000834AC42F7D170BD4865FF1F9865FF1FB5
:1086C000F0B51700A12285B0920001934243394BC7
:1086D00006001B680C009B18D933FF331D78FDF78B
:1086E0003DFF0430854204DD3000FDF737FF0430E4
:1086F000C5B2BD4207D33A0000213000019B03F010
:10870000BFF905B0F0BD2900380003F041FA23009D
:10871000C6B250331E700393019B29006365380075
:1087200003F0DEFACBB20293002B02D0039B01369A
:108730001E7000262300503303931B78B34204D8E5
:10874000606D002831D10020DBE7029A2800002A62
:1087500004D0013B1000B34200D02800F700E71915
:10876000387003F06DF9786000280ED03A780199DE
:1087700003F0DEF9019A3B780136D3180E4A0193D3
:10878000D369F6B20133D361D4E7039B18706065F7
:10879000A74205D1084A1320D36A0133D362B0E758
:1087A000606803F0CDF90834F2E703F0C9F900235B
:1087B0006365C8E73409FF1F1465FF1FF7B50D0097
:1087C00007000421686803F01BFA2B89040003707A
:1087D0002B891B0A43702B8883702B881B0AC3705C
:1087E0002E8902250436F6B2F42E15D81B4B9F4273
:1087F00014D10C2003F05CF91135011E0CD090232C
:1088000003708E3B0371043B4380154B8460C6802C
:10881000187803F02DFB00252800FEBD5C237B4368
:10882000104AD3180093583301931B78002B0FD1B3
:108830000300320038000099FFF742FF019B05005A
:108840001B78002BE8D13800009903F091F8E3E79A
:10885000054A0725536A01335362DDE7FEFF000036
:108860000C65FF1F4865FF1F1465FF1FF0B587B03B
:10887000009017200F0016000193FFF7F2FD13255B
:10888000041E18D00C98031E02D00199201D984791
:10889000030AE370052303A9A07004300881277040
:1088A000009866700B804C60FFF788FF051E02D0B1
:1088B000200003F045F9280007B0F0BDF0B587B0FF
:1088C0001F000CAB1B780391059301210DAB060033
:1088D0001C78049200F0D6F81425002821D020003E
:1088E000FFF780FD0135041E1BD01149059B0A7856
:1088F00003700132D2B2131EC68001D101231A00C7
:108900000B7022713000049B03990097FFF7AEFFB4
:10891000051E09D1230021000648074A093302F049
:10892000D7FF280007B0F0BD002363802370F8E76D
:108930001065FF1FBB83001130750000F8B50500FE
:108940000E00064C064F2368002B02D03100280091
:1089500098470434BC42F6D1F8BDC046B465FF1F49
:10896000C865FF1F0123064A5B4253800023137131
:108970005362044A136053609360D360136170477D
:10898000C865FF1FB465FF1F0200002310B506492C
:108990009C000859002801D1625010BD0133052BFD
:1089A000F6D11320F9E7C046B465FF1F034A538888
:1089B000181A43425841404210407047C865FF1F93
:1089C000F0B585B002930AAB1F780CAB1B88009002
:1089D00008000E0001920393FFF7E8FF0500112045
:1089E000002D1BD10E48FFF7E1FF04001520002CDD
:1089F00014D006220B99A771E01D03F099F8019B92
:108A000030002371029B29006371009B66802370F4
:108A1000039B6562E381FFF791FF280005B0F0BD7D
:108A2000FFFF000010B5FFF7C1FF04000220002C7B
:108A300012D060880121FFF781FF606A002801D011
:108A400002F066FF28220021200002F021FF01230E
:108A500000205B426380207110BD000030B5074AE2
:108A6000074C5588010013780020A54204D05B1AFA
:108A700059424B415842104030BDC046C865FF1FA7
:108A8000FFFF0000084A10B501230C00904208D0F7
:108A9000FFF78CFF031E04D0037923405A1E934135
:108AA000DBB2180010BDC046FEFF0000024B187973
:108AB000431E9841C0B27047C865FF1F70B50400DF
:108AC0000D001600FFF772FF002804D10F4B9C42E7
:108AD00000D0143070BD10230279416A1340002980
:108AE0000AD10520002BF5D0897E0C20A9428941AE
:108AF000494249420840EDE70F20002BEAD0920797
:108B0000F2D40A38002EEFD0E4E7C046FEFF0000A2
:108B1000030010B5002800D110BD0348034A418866
:108B20009142F9D09847F7E7C865FF1FFFFF0000A3
:108B3000002330B5C45CCD5C6C40D4540133102BA1
:108B4000F8D130BD0F23002210B5C45C640022436D
:108B5000CA54C25CD209013BF7D210BD0200010029
:108B600010B52032103103F0A3F810BDF0B58DB070
:108B70000590102007931700069103F031F801903B
:108B8000102003F02DF8019B13240290002B05D038
:108B900000280CD11324019802F0BAFE029B002B8E
:108BA00002D0180002F0B4FE20000DB0F0BD10207D
:108BB00003F016F80600102003F012F81324050045
:108BC000002E00D1B3E0002819D01022002102F0BD
:108BD0005FFE32002900059803F06AF8041E0ED1EA
:108BE00033787F2B56D830000199FFF7ABFF019BFC
:108BF0001B787F2B58D802990198FFF7A3FF30000C
:108C000002F086FE002D02D0280002F081FE002C2A
:108C1000C1D1102002F0E4FF0600102002F0E0FFB6
:108C20000390002E00D180E000287CD03A00012182
:108C30000F3223001211049106D013B204930F23B4
:108C40003B405A4253411BB2049A013A1201002B95
:108C500034D0069BD2B298180199039AFFF768FFA7
:108C600010220021300002F013FE049D069F013DFA
:108C7000ADB22D017D19AF4242D0002C33D030006F
:108C800002F046FE039B002B00D184E7180002F09F
:108C90003FFE80E729003000FFF754FF28002649F7
:108CA000019AFFF745FFA2E729000198FFF74AFF65
:108CB00028002149029AFFF73BFFA0E70F250699FC
:108CC0003D408A1808A8D9B28D4207D9D15C195401
:108CD0000133102BF7D1039A0299BFE7691A4F426B
:108CE0007941C901F3E73900300008AAFFF720FFF6
:108CF0003200059808A902F0DBFF10370400BAE73C
:108D0000002CBCD13000039908AAFFF711FF3200F4
:108D100008A9059802F0CCFF08220400310007984A
:108D200002F006FFABE71324A9E71324AAE7002803
:108D300000D069E72EE7C04614C10011F0B58BB032
:108D40000F0016000225009000283FD0002A3DD0D9
:108D50000B1DDBB21800029302F042FF1135041E16
:108D600034D0FDF73BFD05003A000099201D02F0CC
:108D70000FFEEBB20393E3702B0CDBB22F0A0093D0
:108D80006370FFB22B0E2370A7700193FDF720FDD7
:108D90001022010006A802F0FBFD2100029A04AB9C
:108DA00006A8FFF7E3FE051E0DD1039B08223370D2
:108DB000009B04A9B370019B7770F370301D02F023
:108DC000E7FDFDF711FD200002F0A2FD28000BB029
:108DD000F0BDF0B58FB00D00149E03900492059382
:108DE000002A03D1022420000FB0F0BD002EF9D0DC
:108DF0000398FFF7DBFD1424071EF4D07278337854
:108E000012021A43B3781B041343F27812061A4372
:108E1000036A0192934201D30133E3D1002D03D0C1
:108E20003B7901249B07DED50822002106A802F029
:108E30002FFD059B13240433DBB21800029302F0CC
:108E4000CFFE051ECFD0059A0499043002F0A0FD94
:108E500004223100280002F09BFD3900102210315D
:108E60000AA802F095FD2900029A06AB0AA8FFF7AE
:108E70007DFE041E0FD1082206A908A802F088FD75
:108E80000822311D08A802F003FE012807D101992C
:108E90000398FDF7BDFC280002F03AFDA3E701248A
:108EA000F9E7000070B51C4C05002368181E10D0AF
:108EB000002D14D11A78002A0CD1981C083202F027
:108EC00037FE02F0E5FE0135002808D123681D7049
:108ED000012070BD0A331800082202F029FE236821
:108EE000002BF5D0122002F0E3FD061E0DD0C123A9
:108EF00021680370457002311022023002F018FE22
:108F000023683100587802F0B3FF206802F000FDBA
:108F100000232360DCE7C046F065FF1FF8B50400BE
:108F20002020FDF749FB0D4EA700BB590500002B83
:108F30000DD000280BD0D878FF2809D108492A0085
:108F40000C55F35907480333611802F0C1FCF8BD12
:108F5000290002F025FE0028F0D1F8E70C66FF1F7B
:108F6000F465FF1F6DA1001170B5064D84006359B3
:108F7000002B05D0D87802F0BBFDFF226359DA70D0
:108F800070BDC0460C66FF1F70B506008CB00C00AB
:108F9000150000213022684602F07AFC31001022D0
:108FA000684602F0F5FC1D2021000322684402F00F
:108FB000EFFC6846FFF7D2FD2D21040003222800B4
:108FC000694402F0E5FC20000CB070BDF0B504006F
:108FD000170097B001931CAB1D7830221EAB009197
:108FE0000AA800211E7802F053FC2100102202ACD6
:108FF0000AA802F0CDFC10220021200002F048FC5B
:1090000007223900200002F0C3FC07220199A018B2
:1090100002F0BEFC33005A1E9341A3732B005A1E6C
:1090200093410021102206A8E37302F031FC0622CE
:109030001D9907A802F0ACFC1A2006221F990019FE
:1090400002F0A6FC102200990EA802F0A1FC102349
:109050000EAA11782078013B4140DBB21170013437
:109060000132002BF5D10AA8FFF778FD102212A9D2
:1090700004000EA802F05CFD102206AB0EA90878D1
:109080001D78013A6840D2B2087001330131002ADC
:10909000F5D10AA8FFF762FD044310222098E4B23C
:1090A00012A902F075FC200017B0F0BD70B50E00DB
:1090B00014008CB00100102268461D0002F068FC0C
:1090C0003100082204A802F063FC2100082206A84F
:1090D00002F05EFC6846FFF741FD04001022280004
:1090E00008A902F055FC20000CB070BDF8B50600D0
:1090F0000D0000243719AC4200D3F8BD02F000FD8A
:10910000030A3B70631CDBB201379D4203D9023472
:10911000F054E4B2EEE71C00EDE7F7B507000C00F1
:109120000225002818D0002916D001AE03213000F6
:10913000FFF7DCFF3F23B27831001A4001331343BD
:1091400038002200B370FFF71FFF051E04D1032271
:109150003100E01C02F0ECFC2800FEBD037858074B
:10916000DA08C00FD20080009B0710439B0F184302
:10917000C0B2704707230B40C908C9000B430370F6
:109180007047000070B50400FFF7EEFE134DA40019
:109190006359002B21D0186A002801D002F0B8FBD7
:1091A0002B59986E002801D002F0B2FB2B59D86ED3
:1091B000002801D002F0ACFB2B59186F002801D019
:1091C00002F0A6FB2B59586F002801D002F0A0FB3B
:1091D000285902F09DFB00232B5170BD0C66FF1F28
:1091E0000E4B8000C35870B50C00002B0FD09D684B
:1091F000002D0CD02B78201D0B706B784B70A97C48
:10920000FFF7B8FF2B7E23726B69E36070BD1022FD
:109210000021200002F03CFBF8E7C0460C66FF1F6F
:10922000014B18607047C0460866FF1F074A0300DD
:109230008000825810B5002A06D0D088984203D109
:10924000012901D1FFF79EFF10BDC0460C66FF1F2C
:10925000F0B5254E95B087000B93BB5905000991D9
:1092600012200A92002B2FD0D888FFF79FFB040012
:109270001420002C28D0280010A9FFF7B1FFBB59FB
:109280001E781F6A002E21D0FDF7E8FA0790002013
:10929000FDF7EAFA0890A5793800E61D10AF0CA991
:1092A00000F0E2FA0EA9380000F0D7FA0B9B0A99F9
:1092B0000493089B09980193079B039600930295DA
:1092C0000EAB0CAAFFF782FE15B0F0BDFDF7C6FA93
:1092D00005003000FDF7C8FAA37906000793E31DE7
:1092E000089310A8DBE7C0460C66FF1F30B50D4C95
:1092F00085002A59030085B00120002A0DD01800EE
:109300006946FFF76DFF2B59D8881B78002B06D0D4
:10931000054B6A46072100F0DAFB05B030BD034B70
:10932000F7E7C0460C66FF1F5B98001169980011B3
:1093300030B5094C8500295985B010226846253181
:1093400002F0F6FB2A591121044BD0886A4600F03E
:10935000BEFB05B030BDC0460C66FF1F059900116D
:1093600030B5094C8500295985B010226846353141
:1093700002F0DEFB2A591121044BD0886A4600F026
:10938000A6FB05B030BDC0460C66FF1F4399001117
:10939000F8B54D4F86001020F4590D0002F020FC66
:1093A000F3592062186A132200286DD02900033A6D
:1093B0009C6802F0BDFBF359197800295AD1227D2F
:1093C000186A94466646027B0F00724001263242BC
:1093D00001D167463740227DB2433A432275077B6D
:1093E000D6B27A400027920701D4B607F70F0226BB
:1093F000227D7F00B2433A432275067BD7B272408A
:109400000026B446520702D47F07FA0F94466246FC
:1094100004269700227DB2433A432275627D0027DD
:1094200094466646427B72400126324201D167462D
:1094300037400126627DB2433A436275477BD6B21C
:109440007A400027920701D4B607F70F0226627D03
:109450007F00B2433A436275407BD6B2424000205F
:10946000520701D47607F00F0426627D8000B243D4
:10947000024362756A78002A08D06278002A05D013
:1094800005220533DA7700221000F8BD042228797E
:10949000104205D1A07C104202D10533033AF1E716
:1094A00020782C78002902D1020020001400182214
:1094B0000428E9D8042CE7D805216143034A053381
:1094C0005218125CDEE7C0460C66FF1F24C1001173
:1094D00010B50A001121024B00F0F9FA10BDC04688
:1094E0009F9900110B0030B587B001AD2B806B4602
:1094F00004001100981D082202F01AFB2A000B211B
:109500002000024B00F0E3FA07B030BDC79900110C
:1095100010B50A001121024B00F0D9FA10BDC04667
:109520001B9A001137B56D460B0004001100681C32
:1095300006222B7002F0FCFA6A4608212000024B3A
:1095400000F0C5FA37BDC0463B9A001110B50A00BD
:109550001121024B00F0BBFA10BDC0468B9A0011DE
:109560007FB505000B4BAA00D4580800002C0FD083
:10957000666F237FE28821780396266F0296E66E57
:109580000196A46E0094FDF7FFFB2800FFF7FAFD9B
:109590007FBDC0460C66FF1F10B51721FFF7E0FF27
:1095A00010BD000070B50A000D00064B022104003A
:1095B00000F08DFA060029782000FFF7D1FF300077
:1095C00070BDC0466B990011F0B587B000236C46A2
:1095D0002370836805001E78701E0A2857D801A9D9
:1095E00002F056FC06063135393D4145494D5100E2
:1095F000180000F040F90623122849D000281AD19B
:109600006888FFF7D3F90823002813D04279002A8D
:1096100044D1254B1A78072312070BD5234B1A6820
:109620000723002A06D01768002F03D0310001AAB3
:10963000B847030023702378002B2AD16888FFF7EE
:109640006DFC07B0F0BD180000F06CF9D6E718000B
:1096500000F087F9D2E7180000F093F9CEE7180080
:1096600000F0ADF9CAE7180000F0C3F9C6E718002A
:1096700000F0F6F9C2E7180000F0F6F9BEE71800AE
:1096800000F013FABAE7180000F013FAB6E7072360
:10969000237021006888FFF785FFD2E70523012AA0
:1096A000C8D1034BBBE7C0469964FF1F0466FF1F88
:1096B0000866FF1FF8B52C4F8600F35904000D0013
:1096C000002B40D0DA8882423DD15A78062A33D125
:1096D0001A78002A2ED0012099681A6A097D014261
:1096E00006D0157B054203D007225A700120F8BD31
:1096F0000220014204D0157B054201D00922F4E783
:109700000420014204D0127B024201D00B22ECE77C
:10971000164B1B68002BE9D05B68002BE6D02000BD
:109720009847BB5900215B78122BDFD12000FFF74F
:1097300017FFDBE70E4BECE7112A04D1002900D01C
:1097400032252900F2E7002D08D12000FFF72EF97D
:10975000002803D01023027913430371210028004D
:10976000FDF792FAC2E7C0460C66FF1F0466FF1FB2
:109770000866FF1F70B50E4E8500AB590400002B24
:1097800013D01B78002B11D10A4B1B68002B04D07F
:109790005B68002B01D02000984773595B78122B2F
:1097A00003D100212000FFF7DBFE70BD024BECE788
:1097B0000C66FF1F0866FF1F0466FF1F094B800031
:1097C000C3581020002B0CD01A6A002A09D09B68BD
:1097D000002B06D0127A1B7E101C9A4200D9181C4E
:1097E000C0B270470C66FF1F70B503000D00140077
:1097F0000220002A30D000292ED013700B78081DCB
:1098000053704B789370FFF7A9FCE07001200221A0
:109810002B7A23716B7B034063716A7B0A4013438D
:10982000042263716E7B1640334363716E7BF608CE
:10983000F600334363712B7B0340A371287B014007
:1098400000200B43A371297B0A401343A3712A7B99
:10985000D208D2001343A37170BD10B50A000100F5
:109860000120FFF7C1FF10BD10B50A000100022062
:10987000FFF7BAFF10BD70B506000C000220002EE5
:1098800030D000292ED07378201D0B70B3784B7028
:10989000F178FFF76FFC01223579257271794B1051
:1098A000080013409340104003438810104080008C
:1098B000C9080343C9000B436373B1794B10080017
:1098C0001340934010400343881002409200C9089F
:1098D0001343C9000B4321202373FCF76DFE85421F
:1098E00001D2122070BD2220257AFCF765FE854248
:1098F000F7D823781820042BF4D86378012BF1D8FB
:109900000020EFE7030010B50220002909D0002B4A
:1099100007D00322481C0A7019000D3202F008F922
:10992000002010BD03000222080010B5002B06D055
:10993000002904D00E32591C02F0FAF8002210005F
:1099400010BD030010B50220002909D0002B07D05C
:109950000422481C0A7019000C3202F0E9F80020B9
:1099600010BD10B5FFF7DEFF10BD03000220002977
:1099700006D0002B04D0052200200A701B784B7003
:10998000704703000220002B08D0002906D05B7826
:1099900000200B70013B082B00D9183070470300E2
:1099A00010B50220002909D0002B07D00622481C40
:1099B0000A7019000A3202F0BBF8002010BD10B581
:1099C000FFF7B0FF10BD02000B00022010B5002908
:1099D0000ED0002A0CD007211970118859701188F7
:1099E000090A997011180822D81C02F0A1F8002069
:1099F00010BD03000A00022010B5002B0CD0002976
:109A00000AD099785878090201431180901CD91C1A
:109A1000082202F08DF8002010BD030010B50220CE
:109A2000002909D0002B07D00822481C0A70190011
:109A3000921802F07DF8002010BD02000B000220F9
:109A400010B500290BD0002A09D00921197011780E
:109A500018185970511C062202F06AF8002010BD37
:109A600010B5FFF75FFF10BD02000B00022010B51C
:109A7000002A09D0002907D0517819701118062240
:109A8000581C02F055F8002010BD030010B502204C
:109A9000002909D0002B07D00A22481C0A7019009F
:109AA000063202F045F8002010BD10B5FFF73AFF6E
:109AB00010BD02000B00022010B5002A06D00029BC
:109AC00004D018005178FFF755FB002010BDF0B509
:109AD0001F00062387B003AD06000800298101920C
:109AE0002B80FEF7BEFC1324011E68600CD0019889
:109AF000B847041E05D129003000FEF76DFA041E98
:109B000002D0686802F01CF83000FFF707FA200066
:109B100007B0F0BDF0B504008BB001911500002135
:109B2000102202A801F0B4FE334EA700B859002855
:109B30003CD0C388A34239D10378002B36D1427878
:109B4000062A18D102000100553235310C3006AB1F
:109B5000FFF7ACFA002829D12000FFF72FFE020002
:109B600006A902A801F0E4FF200002A902F050F8C3
:109B700001200BB0F0BD816E002917D00B8A112A8D
:109B800028D19D420ED101981231093A01F080FF8F
:109B9000012807D1BB5920009D6EFFF70FFE290059
:109BA0000200DEE732212000FFF7DAFC2000FEF79A
:109BB000FDFE061E1BD0416A002918D00B8AAB425D
:109BC00015D108220198123101F062FF01280ED14F
:109BD000716A0AE09D42E9D108220198123101F030
:109BE00057FF0128E2D1BB59996E8A7EB9E7200060
:109BF00002F07EF8BCE7C0460C66FF1FF0B56E4D64
:109C000087007E5985B0337802900393002B00D0F3
:109C100085E0B368346A01937078062817D1012271
:109C20001B7D134202D0217B114218D10222134224
:109C300002D0217B114251D10422134203D0237B55
:109C4000134200D08EE0019B5A7DEB5982E0073829
:109C50000428F8D802F01CF9032E42658600B36E82
:109C6000002B03D11C2001F0BBFFB066EB599C6EAA
:109C7000002C1CD010220021200001F009FE0298C7
:109C8000FFF79CFD01002000FFF730FA01F038FFDC
:109C90002082200008211230FFF728FA0298FFF7EF
:109CA0008DFDA076EB592100D888FFF711FC082222
:109CB000EB591CE0B36E002B05D01A00198AF0880E
:109CC0001232FFF70FFC0222019B197DEB59114262
:109CD00050D0207B10424DD0073208E0F488FCF7CA
:109CE000D5FD01002000FFF713FC0A22EB595A7042
:109CF0005A78073A042A12D8D888FEF757FE002867
:109D000056D0C3895A08D2182C49029B0298CB54CA
:109D10009B00EB5841180433294801F0D9FD05B0E8
:109D2000F0BDFCF79BFD03000120834201D1002020
:109D30000393EB59DE88FCF797FD0399020030008E
:109D4000FFF7F0FB019AEB59117D0422114218D163
:109D5000019A527D01210A4218D0607B084215D039
:109D60000C22C4E7F688FCF733FD01003000FFF752
:109D7000EDFB68E704221142EAD0217B1142E7D0D3
:109D8000AAE7217B1142E3D00B22B0E702210A426D
:109D900004D0607B084201D00E22A8E704210A42C9
:109DA00004D0627B0A4201D01022A0E712229EE773
:109DB000FA225200A8E7C0460C66FF1F1066FF1F7C
:109DC00077A1001110B5064B1A7804231000184033
:109DD0001A4200D00348FFF723FA002010BDC04606
:109DE0009964FF1FE442FF1F70B50400FFF7D0FA2B
:109DF000051E43D12000FFF779FA234EA400A05995
:109E00008268937CDB0708D50321036A1B790B402A
:109E1000012B02D1017F0B430377431DD97F8B1E9A
:109E2000022B0DD8022900D00121C088FCF784FF45
:109E3000042133591A7F59700A431A77280070BDDC
:109E400001290CD102231022437000210C3001F0B3
:109E50001FFD305910213530FFF748F9EEE705298D
:109E6000ECD10223D118437010220C3001F060FEB7
:109E700004233259117F0B431377EAE7082518288A
:109E8000DCD1053DDAE7C0460C66FF1FF0B58BB0AC
:109E9000059143887C4F9E00F45915000493002CD3
:109EA00015D1012902D000200BB0F0BD101D57784C
:109EB0001678FFF753F9EB68320002932B7A049976
:109EC000019300903B002000FCF700FFEBE7E388E4
:109ED000049A934201D00820E6E72378012B00D1B1
:109EE000D0E0059B581E092800D9CBE001F0D0FF37
:109EF00005CA0A29C8506C859AB229000498FFF750
:109F000073FFD1E7200029001022453001F010FE38
:109F1000B9594B78042B02D1013B4B70C3E70B00BE
:109F20000A00253335320C310498FFF791F9049873
:109F3000FFF7FEF90522431E9841BB59C0005A7035
:109F4000B2E7200029001022553001F0F1FD049BFA
:109F50004D4C9D00295904980A0006AB55320C312E
:109F6000FFF776F929591022453106A801F090FD36
:109F7000012808D10498FFF7F3F90590002804D1CF
:109F800006222B595A7005988EE708230593FAE7A5
:109F900063780C2B76D1E36E002B03D11C2001F0EB
:109FA0001FFEE066BB59D86E00286BD01022290036
:109FB00001F0BEFDBB590498DC6EFFF7FFFB0D22DC
:109FC000A076BB595A706EE7E06E00285AD06378CD
:109FD0000D2B57D12B8808220382A91C123001F0C7
:109FE000A7FDBB599A68517D0222114226D0186AFA
:109FF000407B104222D00C32E4E763780E2B41D133
:10A00000236F002B03D1162001F0EAFD2067BB5916
:10A01000186F002803D01022290001F089FD0F22BB
:10A02000BB59CFE763780F2B2CD1206F0622691C18
:10A03000103001F07DFDBB599A68517D0422114218
:10A0400003D0196A497B1142D5D100210498FFF74A
:10A0500087FA28E7606F002808D1143001F0C0FDAE
:10A06000BB596067586F002800D134E710222900DF
:10A0700001F05EFD0122BB5952425B6F1A61E4E7B9
:10A080002978E3E707200FE70C66FF1F10B5064CA1
:10A09000207001F065FC06212078FDF78DFF034854
:10A0A000FEF772FC10BDC0461F66FF1F2D92001107
:10A0B00000200BB270B50D00834216DA264B1878DB
:10A0C00001F036FE041E0DD00378922B0ED0A02B8B
:10A0D00037D0224B1878FF283AD0210001F0C8FE73
:10A0E000002835D180200002684070BD43780E2BD7
:10A0F0000BD03E2BEDD18378052B12D0082BE8D165
:10A1000081798088FFF7D6FA08E0154B82889A4259
:10A11000DFD183681878591CFEF7C4FE0028D8D018
:10A1200016E0104B1B785B0712D50F4B1B68002BFA
:10A130000ED09B68002B0BD0C289811D8088984768
:10A14000ECE7FFF741FAA068002801D001F0F8FC25
:10A15000200001F035FEC5E71F66FF1FDD42FF1F2F
:10A16000182000009964FF1F0866FF1F10B50078D3
:10A17000FFF712FA10BD10B50078FFF7FBFA10BD1B
:10A180000C234343084A10B59B185A68002A03D091
:10A19000012901D1904710BD9B68002BFBD00029FD
:10A1A000F9D19847F7E7C0463C66FF1F012383407B
:10A1B000094A10B5946B1C439463506B98435063E9
:10A1C000D46B20009843012901D120001843D063AB
:10A1D000116B0B43136310BD00800040F0B50024E9
:10A1E0000127154B85B0DA6B144E03921A6C01925D
:10A1F000DA64019BE3403B4217D0039DE5403D40BC
:10A200000295E5B202992800FFF7BAFF316A736A36
:10A21000002908D03900002B01D00299794028008C
:10A22000FFF7C4FF01E0002BF9D101340C36172CE5
:10A23000DFD105B0F0BDC046008000402066FF1FA2
:10A24000064B01215A68C2400A4204D01B68C34031
:10A250001800084070471B6DF9E7C04600800040B9
:10A260000122064B8240002903D0D9680A43DA60F4
:10A270007047D9689143D960FAE7C046003800407A
:10A280000322424370B50F4DAB189C785E780123D2
:10A29000361B0136B340013BA340A140DB430C0019
:10A2A000122808D8525D08499200521811681940C6
:10A2B0002143116070BD054A11680B4023431360B0
:10A2C000F8E7C0466BC1001108F0004014F00040F0
:10A2D000C21F70B5D4B20623092C0BD80125084C37
:10A2E0009540002908D00021FFF7CAFF23682B43BF
:10A2F00023600023180070BD2368AB43F8E7C04615
:10A3000000380040214BF0B51B185B78022B21D19F
:10A31000032444431E4A1F4EA35C12199478012261
:10A3200015008540B76B013CE4B23D43A240B563E4
:10A33000194C122815D89B0000290CD117495B181D
:10A3400099680A439A600123205C154A834011688A
:10A350000B431360F0BD11495B18996891439960F4
:10A36000F1E70E4B00290DD159690A435A61225C6D
:10A370001328E8D00123203A93400A490868034390
:10A380000B60E7E7596991435961F0E72066FF1FC9
:10A390006BC1001100800040B0C1001100F000400E
:10A3A000A0F00040A4F00040F8B500241B4E1C4D66
:10A3B0001C4B1B5D012B1FD1194A9269E2401A42C6
:10A3C0000BD00122B25693402200143AD2B2022A94
:10A3D00009D815494A6913434B61013402360C35DB
:10A3E000172CE5D1F8BD0022B2560F499200521841
:10A3F00091680B439360F0E7022BEED1E7B238008F
:10A40000FFF71EFF01235840C1B23800FFF77AFF63
:10A410003800FFF715FF6877DFE7C0463DC1001140
:10A420002066FF1F2166FF1F00F000400122023856
:10A430008240054B002903D059690A435A6170478D
:10A44000596991435961FAE700380040F8B50E00A8
:10A4500001210F008740114A0400D368FD43BB432C
:10A46000D360831E8B4201D8FFF7E0FF002120005C
:10A47000FFF72EFF0A4A0B4B5168012E05D13943D5
:10A480001B1951605E700020F8BD29405160022206
:10A490001C1962709A6915409D61F4E7003800400C
:10A4A000008000402066FF1F012210B58240074B4C
:10A4B000002906D019680A431A600121FFF7C6FF78
:10A4C00010BD196891431960F7E7C046008000404D
:10A4D0000C2370B5002543430A4A29009B181D70C0
:10A4E000094B04001B185D70FFF7B0FF0123A34068
:10A4F000064928000A681A430A6005490A689A430F
:10A500000A6070BD3C66FF1F2066FF1F348000405C
:10A510003080004070B504000E00FF2813D00325E2
:10A520000540FFF7D5FF084AA3089B009B183F2270
:10A53000ED00AA40AE4019682000914331431960F4
:10A540000121FFF78DFE70BD18380040F8B50C24CE
:10A550004443134B0500E4186368002B03D1A36840
:10A560001220002B1AD0022201270E4B00215B196A
:10A570005A7028002770FFF769FF63681E1E08D015
:10A58000A3683E00002B04D02800FFF759FE464088
:10A59000F6B228003100FFF709FE0020F8BDC046E2
:10A5A0003C66FF1F2066FF1FF7B5C420FF222A4B21
:10A5B00080001958002591433F3A0A431A508022DF
:10A5C000264E5202264F1A60264B5C5D002C22D08C
:10A5D000AB1E012B03D80121E8B2FFF727FF012CA6
:10A5E00019D11E4B9B69EB40234214D0EBB21800EB
:10A5F0000193FFF725FE01000198FFF755FF0123A6
:10A60000FB569C40EBB2143BE443022B1AD8164A8B
:10A61000536923405361337F002B0DD0ECB22000EF
:10A62000FFF794FF2000FFF70BFE737F01008342CA
:10A6300002D02000FFF7A4FD01350C360237172D9C
:10A64000C2D1F7BD0023FB56074A9B009B189A68AE
:10A6500014409C60DFE7C04600E100E02066FF1F79
:10A660003DC100112166FF1F00F0004070B50E00D3
:10A6700015000400FFF72CFF0C236343094A200058
:10A680009B189D605E60FFF761FFF021064B074A53
:10A690008900051E5A5002D02000FFF719FF28003C
:10A6A00070BDC0463C66FF1F0000FF1FDDA100110A
:10A6B00070B5134D07202C78002C1FD19822210053
:10A6C0005200280001F044FA0123C420FF222B701D
:10A6D0000C4B80001C635C630B4B1C605C600B4B81
:10A6E000195891433F3A0A431A50802252021A6085
:10A6F0000D20074A074901F0D3FA200070BDC0467B
:10A700002066FF1F00800040A0F0004000E100E054
:10A71000A9A50011A9A30011F8B50600012826D0AB
:10A720000B220827164C01239340164A164DD36777
:10A730007301ED18287C0021FFF792FD0021687C51
:10A74000FFF78EFD002580233800237325712570C7
:10A7500025732572656001F0A3F9380001F0B0F9A6
:10A760000A4BAE4207D1EB2292009E50F8BD112257
:10A770001927074CD7E7F12292009D50F6E7C04613
:10A780000040004004E100E0D467FF1F0000FF1F0D
:10A7900000900040F0B587B0050001F0A1F80490EA
:10A7A0002800FFF7B9FF012D00D17DE00523042724
:10A7B00008260393444C06330193444B6A019B18CB
:10A7C0001A7CFF2A02D15B7CFF2B6BD0300001F09A
:10A7D0004FF8300001F064F93C4B6A0102936B01C1
:10A7E0000593029B02219E18307CFFF749FD022150
:10A7F000707CFFF745FD39000027307CFFF78AFEAB
:10A80000707C0399FFF786FE27737169049B18110A
:10A810004B08C01801F0BCF9802327612373030A99
:10A82000DBB22371F37EC0B22070BB4244D01B2345
:10A830002373029B6A019B181A7E0123002A3DD0D4
:10A8400087222272636062687F3313436A019446F1
:10A850006360029B63449B7E002B03D002236268EB
:10A86000134363601A4A002D2AD1EB21194B89004A
:10A870005350019B184A9B089B009B180322019C84
:10A88000C0202240FF24D200944080001958A143E8
:10A890008024944022000A431A500123019A9340D5
:10A8A0000D4A136007B0F0BD092308270393DB1995
:10A8B00019260A4C019380E70323B9E72272C5E702
:10A8C000F121074BD3E7C04600400040D467FF1F8B
:10A8D0000000FF1F411BFF1F00E100E0009000404F
:10A8E000811BFF1F10B50020FFF754FF10BD10B5EE
:10A8F0000120FFF74FFF10BDF0B587B005930CABFB
:10A900001D78174F6E01F35D029002AC1120039188
:10A910000492002B1ED1637A0C380193002B19D1BD
:10A9200019002022F01901F013F90E4BF31807CC8F
:10A9300007C39C466246236828001360FFF72AFF7E
:10A940000123F355002D07D129000820064A01F004
:10A95000A7F9002007B0F0BD1920044A0199F6E7D5
:10A96000D467FF1FE467FF1FE5A80011EFA80011DF
:10A9700070B50400FFF7D0FE084D660120220021CB
:10A98000701901F0E5F80023082073559C4200D0AF
:10A99000192001F025FA002070BDC046D467FF1FC2
:10A9A00070B51D0002240C2910D8094ACA40D207EC
:10A9B0000CD5FBF70DFE041E08D1059A049928005A
:10A9C000FBF722FEFCF78EFCFFF7FCF9200070BDC0
:10A9D0001210000030B50D7802232C009C43184261
:10A9E00001D02B431C0008252300AB43284201D093
:10A9F0002B00234320241D00A543204201D01C43EB
:10AA000025002A230D70184204D011781E3B0B43F9
:10AA1000137030BD0028FCD10C2113788B43F7E76D
:10AA2000F8B51D0006AB1B88140007AA0E000B200A
:10AA30001778002B27D10A78022A49D14A68507822
:10AA400011780002244A08438018042840D801F0F5
:10AA50001FFA03121D1B2300F06801F009F8021C05
:10AA6000C0B2B84200D93A1CD2B22000F1682A80A4
:10AA700001F05EF806E00222F3681B882A8023704A
:10AA80001B0A63700020F8BD0622EEE701232B802D
:10AA9000F3681B782370F5E7F368002B16D00822C3
:10AAA0002A801A8822701A88120A62705A88A27044
:10AAB0005A88120AE2709A8822719A88120A627180
:10AAC000DA88A271DB881B0AE371DBE72B80D9E708
:10AAD00001202B80D7E7C04600D6FFFFF7B5160050
:10AAE0000A781D0008AB1F880C000123022A18D128
:10AAF0004A685078117800022B4A084380180328CE
:10AB00000FD801F0C5F902254439E06800F0B0FF24
:10AB1000C0B20723B84204D37B190193152B02DD81
:10AB20000D231800FEBDE0682A003100C01900F0B6
:10AB3000FFFF6B4600209B88E268D0541B4B1B68CC
:10AB4000834203D01B68834200D098470023E8E784
:10AB50000B23002FE5D1022DE2D1737832781B024E
:10AB60001343E2681380114B1B68002BEED01B6867
:10AB7000002BEBD00120E8E70B23002FD1D1062DCD
:10AB8000CED12A003100E06800F0D2FFDEE70B23CF
:10AB9000002FC6D1012DC3D132787533012AC0D818
:10ABA000E3681A70D2E7C04600D6FFFF2C68FF1F8B
:10ABB00070B50C001500072837D801F069F90414A6
:10ABC00036361B36242E182015290BD8184E16227F
:10ABD0000021300000F05CFE22002900300000F06F
:10ABE000A7FF002070BD18200229FBD11288114B4D
:10ABF0001A80F6E718200829F4D10A000E48290027
:10AC000001F09EF8EDE718200129EBD10B4B1078ED
:10AC10000B49DA69FFF7DEFEE3E718200129E1D1ED
:10AC2000064B10780749DA6BF4E70220DAE7C046F2
:10AC30001468FF1F8643FF1F7C43FF1F0C43FF1F49
:10AC40003443FF1F5443FF1F030010B50020DB07F0
:10AC500004D50721024A034800F08CF810BDC04615
:10AC6000C8C100110C43FF1F054A030010680028EB
:10AC700003D082889A4201D1806870470068F6E765
:10AC8000246AFF1F0A88030008009A4204D08A88B9
:10AC900004309A4200D000207047000073B50600CF
:10ACA0006846150001960180FCF74EFE041E11D186
:10ACB000002D0FD07689002E11D00C2000F090FFCF
:10ACC00000280ED0084A0460136886808560002B37
:10ACD00002D11060200076BD1A001B68F7E702243D
:10ACE000F8E71324F6E7C046246AFF1FF8B5F222FE
:10ACF00000230D4F0D4E7968050042433370994291
:10AD000000D07B600A4C0021200000F0C1FD002330
:10AD10001A007C609D4201D13570F8BD013322805C
:10AD2000DBB2F234F6E7C0461C6BFF1F1A6BFF1F45
:10AD3000286AFF1F012100220A4B10B549420A4C24
:10AD4000198099809A719A70084B2070012019809F
:10AD50005A60FFF7CBFF2078FCF754FE0448FDF75C
:10AD600013FE10BD3468FF1F246BFF1F1C6BFF1FF9
:10AD700021AE0011022310B5002802D0FFF78EFF8C
:10AD80000300180010BD0000030010B50020DB0711
:10AD900004D50421024A0348FFF780FF10BDC046D6
:10ADA000DCC100118C43FF1FF0B50E2687B0039362
:10ADB0000CAB1F8802ABF6180500080031000292A8
:10ADC000FCF74AFF04000120002C0FD03088FFF769
:10ADD0004BFF03000E20002B08D05E68002E05D02C
:10ADE00021002800039B029A0097B04707B0F0BDEE
:10ADF0000A4B10B5984207D10122002352420A8023
:10AE00008B708A808B7110BDFFF73CFF0028FAD051
:10AE100001235B42038000238370F4E7FFFF0000FF
:10AE2000F8B5050001290AD1134E00243388F22712
:10AE3000AB4219D028001149FFF7DAFF06E00229DA
:10AE400004D10139FDF71EFE0028EDD0F8BD3B000E
:10AE500063437268D018D35A002B09D03A000021FE
:10AE600000F016FD0134E4B2054B1B78A342EED886
:10AE700001235B423380DDE71C6BFF1F3468FF1F3B
:10AE80001A6BFF1F10B5FFF7FDFE03000020834281
:10AE900000D0987810BD0000F0B589B01C000EAB52
:10AEA00080CB03901E8810AB1B78049202930B7A20
:10AEB0000D00DB0616D42B780593022B24D00498C2
:10AEC000FFF7D2FE002812D003689C46002B0ED05C
:10AED000029B2200019329003B00644603980096E0
:10AEE000A04705E00498FFF7BFFE002802D10E201E
:10AEF00009B0F0BD8368002BF9D00A22290003981D
:10AF000098470028D7D0F3E76B6858781A786A4BCF
:10AF1000000210439842D2D8043B984210D2674BAB
:10AF2000984242D015D8664BC0180128C7D80B20CC
:10AF3000002EDDD1EB681A7859683A80200028E0AD
:10AF4000604BC018032800D978E000F0A1FF836AA5
:10AF5000779D5D4B9842B2D10B20002EC8D10123C2
:10AF60003B80EB6831001B7823706889013080B228
:10AF7000FCF772FE3A88031E0ED0017802328A185E
:10AF80003A80428962704289120AA2705968027836
:10AF9000E01C00F0CDFD06E004323A8031000422CE
:10AFA000601C00F075FC0020A2E70B20002E9FD152
:10AFB000EB6807A91E8804233B80330A3000267003
:10AFC0006370FCF749FE051E28D004AB9A890E2356
:10AFD00004A95B183D49C668FCF7B2FE00280BD1F6
:10AFE0002B783B486A680599FBF764FA002803D17F
:10AFF000012304AA5B42D3813278022A06D1716808
:10B00000201D00F095FD3B8802333B800E2304AAEF
:10B010009B181B88A3701B0AE370C4E704ABDE8196
:10B02000F4E70B20002E00D062E7E9680398FFF7F1
:10B0300029FF02233B8020706670B4E70B20002EAE
:10B0400000D055E70222EB681B883A8023701B0A68
:10B050006370A8E7E86800F00BFDC2B203000720A8
:10B06000B24200D244E70DD00299DBB27118994286
:10B0700002DB921BD3B20293029BE9681A003B8069
:10B0800089195BE70023F6E70B20002E00D02FE79D
:10B090000722EB683A801A7822705A7862705A88D0
:10B0A000A2705A88120AE2701A792271DA886271E3
:10B0B000DB881B0AA37176E7042900000228000040
:10B0C00000D8FFFFFFD6FFFF03280000FFFF0000AE
:10B0D0000CC10011F0B58DB06B4600200891202204
:10B0E0009B5E83423DDAA54B187800F021FE071ED7
:10B0F00032D00378B02B2CD10079023816281FD813
:10B1000000F0EEFE17001E001E001E0031001E00A3
:10B1100094001E001B011E0050011E0071011E0044
:10B12000CB011E0050021E001E001E008E021E00DB
:10B13000B902934B93491B8878880B80FAF7FCFE81
:10B140003800FCF77FFE904B1B68002B01D03800C5
:10B150009847380000F034FE8020089B00024340EE
:10B1600018000DB0F0BDEE220021864800F090FBE3
:10B170000BAA3B7B7989388900923A000D32FCF7A3
:10B180007FFC04007F4B1B78002C3DD144E07F4BBB
:10B190007888059306AB9A8A7D4B4100CB5A7D4E49
:10B1A000073BDBB202930023210001930096059B2D
:10B1B000FFF772FE734D00280FD133883A8A9A4206
:10B1C0000BD138000599123000F062FC002804D041
:10B1D0002B7862899B00EB185A80162606ABF6186E
:10B1E0009A8A200033007989FCF7AAFD2B780400A5
:10B1F0009A00AA1851880029C4D00133DBB22B7001
:10B20000002806D031889180634A12889A42BED8BD
:10B2100002E0012149429180002B04D059497888ED
:10B22000FAF7BEFE8CE73E890A2479E000253E89C4
:10B23000574B06937B88069A5B009B5A033B9D42C3
:10B2400002DB002DF0D05BE0162206A812183B7B33
:10B25000798900923A0030000D32FCF711FC05901C
:10B26000002858D04689017A7888FCF7D1FB041E63
:10B2700044D1464B78880793069B4100C95A454BF9
:10B280000439C9B206AAD28A0693029101940093A6
:10B290000599079BFFF700FE041E2FD1069B394935
:10B2A0001A88931C002D26D14B807988384B490091
:10B2B000CB5A5119033B8B4220DD059B31485B89FA
:10B2C00041190B71A91C0135C9B2EDB2059145199F
:10B2D0001B0A2B71059B2D490433181800F028FC1C
:10B2E0002C4B059A1B88D318DDB22C4B9E4205D0FF
:10B2F0000136B6B29CE749889942D6D0002D0CD0D1
:10B30000204C2800618800F04BFB207021007888D9
:10B31000FAF756FE14E7059CF0E7002C00D183E70E
:10B320007B78142B00D10BE716493B794E800B70CC
:10B330000C717888FAF7F6FD02E7162406ABE418DC
:10B3400021003889FCF788FC011E00D18FE1788844
:10B3500022880F4C45002C5B0A4D013CE4B202945C
:10B3600000240F4B01940095FFF796FD041E00D0BA
:10B3700016E129007888FAF733FEE1E6246BFF1F17
:10B380007C42FF1F3C68FF1F3068FF1F3069FF1FB2
:10B390006C64FF1F206AFF1F7A42FF1FFFFF00003F
:10B3A0003E68FF1F162406ABE41821003889FCF71D
:10B3B00053FC011E00D15AE178882288B24C450026
:10B3C0002C5BB24D013CE4B202947C89B04B0194F9
:10B3D0000095FFF761FD041E00D0E1E029007888A8
:10B3E000FAF708FEACE60025A84B1D803B00F633BB
:10B3F0001B78A64A78880792AB4208D9A24B1288DC
:10B400000693069943005B5A013B9A4203DB079976
:10B41000FAF7FAFD94E616246B00FB18059306ABC9
:10B42000E418059B21001889FCF716FC011E03D1C6
:10B43000059B01241E8973E77888964B2288069C19
:10B44000099343001B5B944E013BDBB20293002344
:10B4500000960193099BFFF71FFD041E02D0059B78
:10B460001E895DE77B88069A5B009B5A079A1088C5
:10B47000328881188B4203DC1B1A013B9AB232805E
:10B48000824C02300999001900F052FB238832885F
:10B4900001359B182380EDB2A8E70BAA3B7B798985
:10B4A000388900923A000D32FCF7EAFA00250600CE
:10B4B000002E04D10A24002D00D171E063E0317A1E
:10B4C0007888FCF7A5FA0100041E67D16E4C714B19
:10B4D000788805940793059B4400E45A6E4B063C1C
:10B4E000E4B206AA928A0693029401910093310075
:10B4F000079BFFF7D1FC041E50D1069B634A1B88B3
:10B50000002D34D104335380604C728963191A7151
:10B510006B1C9BB2E318120A1A7106AB9A8A1623A7
:10B5200006A81B1879893000FCF70AFCFF212B1DA7
:10B53000AA1C9BB20335059306000B0092B2ADB274
:10B54000002803D006ABDB8AD9B21B0AA218651902
:10B5500011712B71059B504D181D2A884D492018DB
:10B5600000F0E6FA2B88059AD3189DB2A0E751881F
:10B570001A1D914207D17A8805995200525AEB1848
:10B58000053A9A42C0DC414C2800618800F000FB7B
:10B59000207021007888FAF741FDD1E5002DF2D125
:10B5A0003E89BDE6162606ABF61831003889FCF751
:10B5B00053FB3D000400FA3500282DD0037A9B068A
:10B5C0000CD400227B893989788800923A000C32A9
:10B5D000FFF7EAFB041E10D03E8915E03088FFF724
:10B5E00043FB00281AD08368002B17D021001222B9
:10B5F00078889847041EE4D0EEE72B78002B02D120
:10B600007888FAF71BFD00262B78002B00D097E5F1
:10B61000002C00D194E583E60124DDE70E24DBE76E
:10B62000162506ABED1829003889FCF715FB041E1A
:10B630001DD0037A9B0609D4184B7A8819888A4250
:10B6400063D0174881425FD00924A9E72888FFF713
:10B650000BFB00280DD08368002B0AD0210012229A
:10B6600078889847041EE7D09AE7100053E0012439
:10B6700096E70E2494E7094B7A881B889A423FD0BC
:10B680007888FAF7EDFC5BE56C64FF1F3C68FF1FF0
:10B690003E68FF1F3069FF1F206AFF1F1C6BFF1FE2
:10B6A000FFFF0000F223059851684343CD18C95AA3
:10B6B00000291FD03B7A012B0BD16C88AB8878888E
:10B6C000AA1D0094FFF770FB041E02D000233B72FA
:10B6D0002E88F2220021280000F0DAF800232B80C7
:10B6E000059B0133DBB20593144B05991B78144A73
:10B6F0008B42D7D801235B421380002CC0D00FE6C9
:10B70000002634000596EFE71A8058680B4B1A782C
:10B71000F22353431B18984296D002000188F2325C
:10B720000029A2D13C0008342100F22200F000FAE6
:10B7300021007888FAF78AFC02E5C0461A6BFF1FE1
:10B740001C6BFF1F70B504000E001500FFF79AFA7E
:10B75000031E08D131000548FFF794FA03001120B9
:10B76000002B02D01C8000209D7070BDFFFF0000E8
:10B77000F8B50B4F06003B780D001400FF2B0ED0E0
:10B780000A2000F095F9011E09D0B123038000239F
:10B7900046800371C5800481387800F069FBF8BDEC
:10B7A000CD43FF1FF8B50F0006A90600088807A9BA
:10B7B0000B25098800281FD10235022B1CD1547893
:10B7C000137824021C43230073358B4314D1FD6886
:10B7D00030002900FFF756FB84420CD029002200DC
:10B7E0003000FFF7AFFF1125002805D122003000FF
:10B7F0007989FFF7BDFF00252800F8BDF0B50E7868
:10B8000085B003900AA805880120022E0DD14C684E
:10B810002778647824023C43054FBC4205D1039845
:10B82000DBB201960095FFF7BDFF05B0F0BDC04645
:10B8300002290000034B10B51B68002B00D098476D
:10B84000FEE7C046286BFF1F07B501A8FFF7F2FF10
:10B85000044A05480021121A00F07AF9F8F718F89E
:10B86000FEE7C0462C6BFF1FD043FF1F0000000007
:10B8700001B40248844601BC604700BFE538FF1FA1
:10B8800001B40248844601BC604700BF791800003B
:10B8900001B40248844601BC604700BF154D010059
:10B8A00001B40248844601BC604700BF291C000067
:10B8B00001B40248844601BC604700BFC51D0000BA
:10B8C00001B40248844601BC604700BFED4A010054
:10B8D00001B40248844601BC604700BFA94601008C
:10B8E00001B40248844601BC604700BFD1A50000F6
:10B8F00001B40248844601BC604700BF056A0000ED
:10B9000001B40248844601BC604700BF35550000C1
:10B9100001B40248844601BC604700BF014C0100ED
:10B9200001B40248844601BC604700BFC9A90000B9
:10B9300001B40248844601BC604700BFF136FF1FD6
:10B9400001B40248844601BC604700BF25260000C0
:10B9500001B40248844601BC604700BF8D1200005C
:10B9600001B40248844601BC604700BFC9260000FC
:10B9700001B40248844601BC604700BF3119FF1F73
:10B9800001B40248844601BC604700BFF135FF1F87
:10B9900001B40248844601BC604700BF4551010024
:10B9A00001B40248844601BC604700BF350E000068
:10B9B00001B40248844601BC604700BF8932FF1FC2
:10B9C00001B40248844601BC604700BF5D17000017
:10B9D00001B40248844601BC604700BFADAE000020
:10B9E00001B40248844601BC604700BFA54F010076
:10B9F00001B40248844601BC604700BFBD3AFF1F46
:10BA000001B40248844601BC604700BFBD2FFF1F40
:10BA100001B40248844601BC604700BFA537FF1F40
:10BA200001B40248844601BC604700BFF94C0100E4
:10BA300001B40248844601BC604700BF055E0000B7
:10BA400001B40248844601BC604700BF017F00008A
:10BA500001B40248844601BC604700BFE117000002
:10BA600001B40248844601BC604700BF2146010082
:10BA700001B40248844601BC604700BFDD520100AA
:10BA800001B40248844601BC604700BF0519FF1F8E
:10BA900001B40248844601BC604700BFCD4C0100A0
:10BAA00001B40248844601BC604700BF6539FF1FEE
:10BAB00001B40248844601BC604700BF1D4D01002F
:10BAC00001B40248844601BC604700BF2539FF1F0E
:10BAD00001B40248844601BC604700BF1D4B010011
:10BAE00001B40248844601BC604700BF4932FF1FD1
:10BAF00001B40248844601BC604700BF1147010001
:10BB000001B40248844601BC604700BF29510100CE
:10BB100001B40248844601BC604700BF8B5201005B
:10BB200001B40248844601BC604700BF4550000094
:10BB300001B40248844601BC604700BFE94C0100E3
:10BB400001B40248844601BC604700BFD9490100E6
:10BB500001B40248844601BC604700BFB70E000034
:10BB600001B40248844601BC604700BF3D18000094
:10BB700001B40248844601BC604700BFC56D0100A6
:10BB800001B40248844601BC604700BF156B010048
:10BB900001B40248844601BC604700BF090E0000A2
:10BBA00001B40248844601BC604700BF5147010010
:10BBB00001B40248844601BC604700BF6DBC000070
:10BBC00001B40248844601BC604700BF59520100DD
:10BBD00001B40248844601BC604700BFE928000068
:10BBE00001B40248844601BC604700BF3D4B0100E0
:10BBF00001B40248844601BC604700BFAD38FF1F56
:10BC000001B40248844601BC604700BF55490100A9
:10BC100001B40248844601BC604700BF311B0000EC
:10BC200001B40248844601BC604700BFEDA5000096
:10BC300001B40248844601BC604700BFB14E000019
:10BC400001B40248844601BC604700BF5125000092
:10BC500001B40248844601BC604700BF851F000054
:10BC600001B40248844601BC604700BF01240000C3
:10BC700001B40248844601BC604700BFF919FF1FA8
:10BC800001B40248844601BC604700BF2124000083
:10BC900001B40248844601BC604700BFD91B0000C4
:10BCA00001B40248844601BC604700BF5930FF1F01
:10BCB00001B40248844601BC604700BFE54800006B
:10BCC00001B40248844601BC604700BFB352010082
:10BCD00001B40248844601BC604700BFA13AFF1F7F
:10BCE00001B40248844601BC604700BF090E000051
:10BCF00001B40248844601BC604700BF091B000034
:10BD000001B40248844601BC604700BFC521000061
:10BD100001B40248844601BC604700BF793AFF1F66
:10BD200001B40248844601BC604700BF9938FF1F38
:10BD300001B40248844601BC604700BFF54E0100D3
:10BD400001B40248844601BC604700BF810E000078
:10BD500001B40248844601BC604700BFDD660100B3
:10BD600001B40248844601BC604700BF5522000070
:10BD700001B40248844601BC604700BF85520100FF
:10BD800001B40248844601BC604700BF456B010016
:10BD900001B40248844601BC604700BF65710100E0
:10BDA00001B40248844601BC604700BF4D3AFF1F02
:10BDB00001B40248844601BC604700BF2136FF1F22
:10BDC00001B40248844601BC604700BF434D0100F6
:10BDD00001B40248844601BC604700BFD52FFF1F55
:10BDE00001B40248844601BC604700BFA530FF1F74
:10BDF00001B40248844601BC604700BF75A9000039
:10BE000001B40248844601BC604700BFD139FF1F1E
:10BE100001B40248844601BC604700BF7D2DFF1F6E
:10BE200001B40248844601BC604700BFF30E000025
:10BE300001B40248844601BC604700BF691F00008E
:10BE400001B40248844601BC604700BF0D520100A6
:10BE500001B40248844601BC604700BF4D1F00008A
:10BE600001B40248844601BC604700BFB933FF1FDC
:10BE700001B40248844601BC604700BF594F01002D
:10BE800001B40248844601BC604700BFB54C0100C4
:10BE900001B40248844601BC604700BFD13AFF1F8D
:10BEA00001B40248844601BC604700BF1530FF1F43
:10BEB00001B40248844601BC604700BFFD35FF1F46
:10BEC00001B40248844601BC604700BFC94A010072
:10BED00001B40248844601BC604700BF9DA9000030
:10BEE00001B40248844601BC604700BFE53AFF1F29
:10BEF0000003010302030303040305030602070210
:10BF0000080309030A030B030C030D030E030F03BD
:10BF1000100311031303140315031603013C00114E
:10BF2000353C0011000000000200000032BF00118B
:10BF3000192A0F180A000000F1590000FD24000022
:10BF40004146010095800011B1A00011F17400116B
:10BF5000997E0011A5560011D5B000117152001143
:10BF6000353E00115D3F0011000000001616000074
:10BF7000020000007CBF0011F4FFF3FFD2FC0000C0
:10BF80009D4000110000000000000000496E6B623F
:10BF9000697264004942532D5632300030303031DE
:10BFA000006769746875622E636F6D2F707676789E
:10BFB0000049425354483250000000000200000083
:10BFC000D0BF0011292A282A272A262A252A242AEE
:10BFD0000A180000744000001027000060F0000004
:10BFE0000400000006640000204E00000000000075
:10BFF000060000005C440000102700006CEE00000A
:10C0000007000000050000001F501D10023CB40096
:10C0100000012C0021000000810200003031323389
:10C020003435363738394142434445460000000034
:10C03000A95A0011FD5A0011000000000200000082
:10C0400048C000116F2A6E2A1A18000001A00000D3
:10C05000000000006410B71DC8206E3BAC30D9262C
:10C060009041DC76F4516B6B5861B24D3C710550D8
:10C070002083B8ED44930FF0E8A3D6D68CB361CB00
:10C08000B0C2649BD4D2D38678E20AA01CF2BDBDB4
:10C09000FB349B5F80000080001000000000000067
:10C0A000FB6000117D7700111F610011897B001179
:10C0B000A36100115F7B001119620011357B001133
:10C0C0006B620011057D0011D3620011057D001126
:10C0D00005630011BF7C001119620011ED7A001197
:10C0E000916200119D7C0011000000000000000022
:10C0F000776300119D7C0011D963001195770011C1
:10C10000052A042A012A002A0229032801280028D6
:10C1100001180018000000000000000000000000EE
:10C120000000008701010201020101020102030374
:10C1300004010301010101010303020103000D00D9
:10C140000E001000110013001401070108010A017C
:10C150000B011C011D02040205020702080219025C
:10C160001A021C021D03010302031700020100054D
:10C1700004000807000B0A001716001D1C0102012D
:10C18000010504010E0D0111100114130117160110
:10C190001A19020201020B0A020E0D0211100214FA
:10C1A00013021716030504030807030B0A030E0DF9
:10C1B0000001020307090A0B0E0F101112141718C1
:10C1C000191A1B1F2021220021AA0011DDAA00112B
:10C1D000000000000200000012C100110000000079
:10C1E000FDB70011000000000200000010C10011A6
:020000041FFFDC
:10000000000000009D3D001138BF001134BF0011F9
:10001000E460FF1F0000000000000000000000007E
:1000200000000000000000000000000000000000D0
:1000300000000000000000000000000000000000C0
:1000400000000000000000000000000000000000B0
:1000500000000000000000000000000000000000A0
:100060000000000000000000000000000000000090
:100070000000000000000000000000000000000080
:100080000000000000000000000000000000000070
:100090000000000000000000000000000000000060
:1000A0000000000000000000000000000000000050
:1000B0000000000000000000000000000000000040
:1000C0000000000000000000000000000000000030
:1000D0000000000000000000000000000000000020
:1000E0000000000000000000000000000000000010
:1000F0000000000000000000000000000000000000
:1001000000000000000000000000000000000000EF
:1001100000000000000000000000000000000000DF
:1001200000000000000000000000000000000000CF
:1001300000000000000000000000000000000000BF
:1001400000000000000000000000000000000000AF
:10015000000000000000000000000000000000009F
:10016000000000000000000000000000000000008F
:10017000000000000000000000000000000000007F
:10018000000000000000000000000000000000006F
:10019000AD32FF1FF530FF1FC166010000000000F7
:1001A000000000000000000000000000000000004F
:1001B000000000000000000000000000000000003F
:1001C000000000000000000000000000000000002F
:1001D000000000000000000000000000000000001F
:1001E000000000000000000000000000000000000F
:1001F00000000000000000000000000000000000FF
:1002000000000000000000000000000000000000EE
:1002100000000000000000000000000000000000DE
:1002200000000000000000000000000000000000CE
:1002300000000000000000000000000000000000BE
:1002400000000000000000000000000000000000AE
:10025000000000000000000000000000000000009E
:10026000000000000000000000000000000000008E
:10027000000000000000000000000000000000007E
:10028000000000000000000000000000000000006E
:10029000000000000000000000000000000000005E
:1002A000000000000000000000000000000000004E
:1002B000000000000000000000000000000000003E
:1002C000000000000000000000000000000000002E
:1002D000000000000000000000000000000000001E
:1002E000000000000000000000000000000000000E
:1002F00000000000000000000000000000000000FE
:1003000000000000000000000000000000000000ED
:1003100000000000000000000000000000000000DD
:1003200000000000000000000000000000000000CD
:1003300000000000000000000000000000000000BD
:1003400000000000000000000000000000000000AD
:10035000000000000000000000000000000000009D
:10036000000000000000000000000000000000008D
:1003700049B800110000000000000000000000006B
:10038000000000000000000000000000000000006D
:10039000000000000000000000000000000000005D
:1003A000000000000000000000000000411BFF1FD3
:1003B000000000000000000000000000000000003D
:1003C000000000000000000000000000000000002D
:1003D000000000000000000000000000000000001D
:1003E000000000000000000000000000000000000D
:1003F00000000000000000000000000000000000FD
:08183800306FFF1F4118FF1F74
:10184000024981F3088802F087FA0000306FFF1F19
:1018500070B500241E491F4A1F484C6308CA1B0567
:101860001B0DE4188242F9D11C4B80228B630021AE
:1018700009201B4B920519621A4B1B4DDA671B4B53
:10188000DA688243DA609A68194802409A60112047
:10189000296002F067F8112002F044F880226B6C96
:1018A000112093436B64EE23DB006343114A1B0C4E
:1018B000D3800122104B9A7201F0ACFB0F4B1B78C6
:1018C000002B04D10E4B1021187802F025F970BDC1
:1018D000000005408805054000060540FF010000A6
:1018E00000F0004004E100E0003800403CF000401F
:1018F000FFDFFFFFD060FF1F6861FF1F1E64FF1F37
:101900001E62FF1F10B502F067FA072804D01228E4
:1019100008D0022808D010BD044A0420136B0133FC
:101920001363F8E70220F6E71420F4E71465FF1FBD
:10193000F8B507000C0026002500503630785135E8
:10194000002804D10300287058342370F8BD29788A
:10195000CA00481E8141A3183800A25C5B68C9B266
:10196000FFF7D0FF00280DD12B78DA00A218013341
:1019700050602B703378044A013B3370136A013393
:101980001362D8E70123DFE71465FF1F5C2343439D
:10199000074910B5C9180B0058331B78012B05D126
:1019A000FFF7C6FF034A936A0133936210BDC04636
:1019B0004865FF1F1465FF1F10B502F0DDF9064AE8
:1019C0000121130010CB4942D967044B136002F088
:1019D0003BFA200010BDC04600E100E010001000FE
:1019E00010B5040002F0C8F9024B1C6002F02CFA9A
:1019F00010BDC04600E100E010B5040002F0BCF9E3
:101A00004021094A200013688B43136000F07EFADE
:101A100001F02EFC0022054B01201A60044B043219
:101A20001A6002F0B9F8FEE71CF00040C4F0004074
:101A3000C0F00040431E5A425341A022F0B5D201EB
:101A40005B421340144E154A40019B183218127E17
:101A50008BB00191002A19D01A000832D46F0022ED
:101A6000E5B206AFE4B294420CDC3018C369002B37
:101A700006D0019A03A8027006AA42600572984730
:101A80000BB0F0BD1978B9540132ECE71A7D1A7821
:101A900006AB01251A70E8E7D467FF1F004000403D
:101AA0007FB5244B4101CA5C0400002A2AD05A1891
:101AB000107E002826D0907E002823D0107902289E
:101AC00020D11689D588701B80B2021C102800D93D
:101AD000102292B2AE4216D1591801230B71002385
:101AE000CA69CB800B819A4206D0684603210373F2
:101AF0000171029301A890470820002C00D0192002
:101B000001F088FA7FBD013C60424441A02064425C
:101B1000C001044008485B1824180848DD680633F3
:101B2000013A92B28242EDD019884E1C1E80695C47
:101B30002170F5E7D467FF1F00400040FFFF000061
:101B40000F220E4B10B59868104002380A280BD8A7
:101B500001F0BEFF0D0A0B0A0A110A0A0A0A060062
:101B600002210020FFF766FF10BD0121F9E70020E8
:101B7000FFF796FFF8E7DB6FF6E7C046004000404E
:101B80000F220E4B10B59868104002380A280BD867
:101B900001F09EFF0E0A0B0A0A120A0A0A0A060040
:101BA00002210120FFF746FF10BD01210800F9E7DF
:101BB0000120FFF775FFF7E7DB6FF5E700900040C6
:101BC000564B70B51B68012B03D1554A936D0133F9
:101BD000936501F0A9FF534B534A1860534B544C83
:101BE0001A600123534A1360534A13602378002B71
:101BF00006D006225149524802F096F8002323707D
:101C0000504A514B10681B78C1B2002B0ED14F4C7B
:101C1000C0B223785BB2002B4FDB237824785BB211
:101C200064B21B0424021B191B1813600B1C5029DF
:101C30004ED95023464A47491078DBB2FF2202288A
:101C40004BD10868444C454D267890432A789642FB
:101C500054D9227824782E785D10013DA31B6B4364
:101C60005201D31A10335B111843086002F0ACF82C
:101C7000031F012B45D83A4B1B78002B06D0394B5C
:101C80001B78002B02D0002001F0BEFFA122364BB2
:101C900092009978354B4A431B689B188322920027
:101CA0009B181B78033B012B03D8AF20400002F0A8
:101CB00043F801222E4BDA8270BD237824785BB280
:101CC00064B2FF33FF341B0424021B190138ABE755
:101CD000CAB2022AAED20223ACE70868254C264DD0
:101CE000267890432A78964208D9227824782D784D
:101CF0005B10013B641B63435201B2E72378DBB204
:101D0000B2E70228D5D11D4B1B78013B022B03D92A
:101D10001B4B1B78022BCCD16C20C8E79809FF1F06
:101D2000FC0FFF1F6064FF1FFF3F00001410034003
:101D30006464FF1F0C10034000100340D50BFF1F0D
:101D40007211FF1FB40003408C09FF1F680AFF1FB8
:101D5000490AFF1F94000340460AFF1F470AFF1F5E
:101D6000F908FF1F2209FF1F300DFF1F3409FF1F55
:101D7000BC0BFF1F440AFF1F450AFF1F1C09FF1F62
:101D80002309FF1F10B501F0EFFE0022014B1A805E
:101D900010BDC0465C64FF1F10B502F045F8A121DC
:101DA000054A89009478054A61431268044B521829
:101DB000528C1A8010BDC046300DFF1F3409FF1F22
:101DC0005C64FF1F10B50D4B0D4A9978A1239B0051
:101DD0004B431268D218531DD97F0A4B1B88994276
:101DE00009D2441C07D0C82805D0D2695B1A5A43CF
:101DF000054B5343C01802F0FFF810BD300DFF1F14
:101E00003409FF1F5C64FF1F7102000070B5244D90
:101E10002B68002B28D002F01FF82B68D8402B68C5
:101E20000400002B27D001F037FF2B68D8401D4B52
:101E30001D4A9978A1239B004B431268D118D25CAC
:101E400091239B00002A20D0CA580132CA50174B58
:101E500017491B680868834214D3D23B181A012A19
:101E60001AD0144B186070BD01F0F6FF124B1968C0
:101E700001F04AFFD3E701F00FFF0F4B196801F0A3
:101E800043FFD4E70D495B18E8E7CA500C4B1B68C9
:101E9000DB68E418201AE4E7F530FF30E1E7C046DC
:101EA0001C08FF1F300DFF1F3409FF1F9C09FF1F77
:101EB0006064FF1FA009FF1F1808FF1F2DFF3F00D0
:101EC0006864FF1F70B504000D00282916D10300B7
:101ED000A433C2881B889B1A0B4A9BB293420DD92C
:101EE00006006A3605223100653001F09DFE0028AB
:101EF00004D13100200001F077FF70BD29002000DF
:101F000001F042FFF9E7C046FE7F0000F8B505008A
:101F1000012001F0F1FE134CA36AA26A9342FBD1A7
:101F2000114E336002F070F8104903000860104849
:101F3000426894460F4A17680022BC4501D24268A5
:101F4000BA1A0D4802603268AD18A422E562606AD0
:101F5000520302436262094A1278002A01D00F3B01
:101F60000B60F8BD00F00040340AFF1FE408FF1FBB
:101F700028100040180AFF1F1C0AFF1F1C09FF1F22
:101F800070B580241025E405A3682B43A36001F0FD
:101F9000B3FDA368AB43A36070BD0000F7B51600A6
:101FA00080221C001023D2050191916805000B438B
:101FB000936000225B4BD7301A6001F045FE9D23F1
:101FC0002F002A009B00EB58FC37CA3201213868E9
:101FD0000092002B01D00021009A01F08DFF290012
:101FE000009BCB311A78504BD3351A604B780A7866
:101FF0001B0213438A7812041A43CB781B0613433F
:102000004A4A1BBA13604B790A791B0213438A7937
:1020100012041A43CB7931001B061343444A1BBAFE
:1020200013606B782A781B021343AA7812041A43B0
:10203000EB781B0613433F4A1BBA1360019A330225
:1020400013433D4A13603D4B22001B1B9C46032952
:102050003FDC032332009A43B3089B00F11A9BB282
:10206000032946D13549E01852188178407809048F
:1020700000020143E05C0433014311600022FF2BA6
:102080004ADDF0222E4B12011A600F222D4B1A60EE
:102090002D4A1368002BFCD00023224A27491360E5
:1020A000091B321D0B191B68043A180A2370607053
:1020B000180C1B0EA070E3700434002AF2DC80229E
:1020C00010213B68D20501333B6093688B439360DA
:1020D000F7BD6346D578981893782D061B042B43DB
:1020E000157804392B43557804322D022B430360B5
:1020F000ADE702290AD11149E05C5218E11849788C
:1021000009020143043311609BB2B7E70129B5D13D
:102110000A495218E15CF5E7084959180A60043386
:10212000ADE7C046000004403C00044038000440D5
:1021300034000440300004400C000440000104401E
:10214000040004401000044014000440F0B51400E2
:1021500080221D00102385B0D205019191680600F0
:102160000B4393600023684AD730136001F06CFD85
:102170003300FC3358689D2337009B00F158CA3761
:102180003A00002900D083E001F0B6FE31003A7831
:102190005E4BCB311A604B780A781B0213438A7866
:1021A000A44612041A43CB781B061343584A1BBAA1
:1021B00013604B790A791B0213438A7912041A437C
:1021C000CB791B061343534A1BBA13604B7A0A7A26
:1021D0001B0213438A7A12041A43CB7A29001B0686
:1021E00013434D4A1BBA1360019A230213434B4A0F
:1021F00013602A00231D18000393494B5B1B0193B6
:10220000019BCF785B1802938B783F061B043B43FE
:102210000F7804383B434F7804313F023B43029F21
:102220003B600328ECDCA3081C0003989900431AC8
:102230000134181FA400072B2CD1394B2819E7189B
:10224000837840781B0400020343285D03433B600E
:1022500008310C000023FF2C2EDD324B324919606F
:102260000F21324B1960012327490B60304B19684D
:102270000029FCD006211B680B40042B21D08022B2
:102280000020D20593680A318B43936005B0F0BDFE
:10229000012179E7022808D1214BE0182B195B783E
:1022A0002C5D1B0223430360D2E70128D2D11C4BD3
:1022B000285DE3181860CBE7194961180B600434F6
:1022C000C9E7002310490B606346002B0CDC330088
:1022D000FC335A68102101325A608022D20593687B
:1022E00001208B439360D1E7019B9B181B68190A5F
:1022F00013705170190C1B0ED37004235B42917044
:102300009C440432E0E7C046000004403C00044026
:102310003800044034000440300004400C00044005
:102320000001044004000440080F000010000440B5
:102330001400044070B5061E19D002225A4B9B7936
:102340009343012B13D1594B1A78FF2A0FD15A7896
:10235000FF2A0CD19A78FF2A09D1DA78FF2A06D110
:102360001A79FF2A03D15B79FF2B00D199E0504BFA
:102370000C201A78012A08D000224E4D1A702978B4
:102380000B00093B042B01D8212070BD4B1F012BF2
:10239000FAD9454CA37B042B00D982E0A279032A09
:1023A00000D97EE09A1ED2B2012A02D860881F2886
:1023B00077D9002E56D0012E73D1A0880128E3D002
:1023C000002907D1581E032803D801F081FB1217FA
:1023D00015122E702978481E032811D80025364B77
:1023E0001D602823237501F0AFFCA84227D0A580EB
:1023F000CAE702212970EDE70421FBE70321F9E791
:1024000007390129C0D82D490968C96A8906BBD591
:102410002B4908780028B7D1012A01D9002BB3D164
:1024200002230B708021274D2633890128782375DC
:1024300001F04AFD80212878890101F06DFB01231C
:10244000A380214B1B78002B0AD0FA2280211F4B3E
:1024500092001B8809025A431A4B187801F03CFD80
:10246000002092E701F088FC2B78A680073B012B27
:1024700003D917482E7001F027FC114B114C1A7824
:10248000002A06D080210022207889011A7001F0EC
:102490001BFD01F0D9FC80212078090201F014FD18
:1024A000DEE7122071E7C046A60BFF1F6B09FF1F76
:1024B0001A09FF1F1C09FF1F4809FF1F6864FF1F3F
:1024C0002309FF1F1B09FF1F2109FF1F2C09FF1FE5
:1024D0000010004010B5002901D001F035FB10BDFF
:1024E000F7B55E4B01919978A1239B004B435C4A61
:1024F000060014681022E418D6235B00E058362347
:10250000FF33E35C00279343222B3ED1554B0F3A18
:102510001A600760012501F0B7FC019B1880E823D1
:102520005B00E35C002B01D0B34255DD00224E4F2F
:10253000FA70AD32FF32A2581168002903D0928898
:10254000D24392071AD03822FF32A25C002A15D05B
:102550009B225200A25C002A10D1B3420EDAA423BF
:102560005B00E15AE018090A023101F005FD230081
:102570000122FE33013E01351A87FA70E8235B0021
:10258000E35C002B2AD0A8B2FEBD03683D00002BFF
:10259000C1D081880430090A023101F0EDFCD62354
:1025A0005B00E3581F60B5E72300B133BA00FF3387
:1025B0009858013781880430090A023101F0DCFCA7
:1025C000E8235B00E35CBB42EEDCE822F61AED1880
:1025D00000235200A354A9E70027F1E7200001F0EF
:1025E00013FC00281FD0002E1DDD73198826471903
:1025F0000193B600200001F037FC5A30800020180B
:102600004068013581880430090A023101F0B4FCC8
:10261000200001F0C1FCA3590133A351BD4202D0F7
:10262000019B9D42E6D1114BE35C002BABD095237F
:102630009B00E35C002BA6D00D4BE15A0029A2D0F1
:102640000C4AA35C994202D90133A3549BE70023AF
:102650001A212000A35401F0B7FA94E7300DFF1FB0
:102660003409FF1F00140340E010FF1F5A0200004E
:10267000720200005E0200000D4970B54A6E0D4CFA
:10268000D2038B69D20BA24206D80B4D0224AA4278
:1026900004D901F059FC70BD02246442E21815000F
:1026A0007E2425402242F4D0A3432B438B61F0E7E4
:1026B00000F000400A200000FC1C0000F8B51D4B93
:1026C0001D4F1A78002A10D1BA7B002A02D101329C
:1026D0001A7003E0032AFAD0022AF8D001F034FB82
:1026E00000220120154B1A70F8BD154B154D1C68C2
:1026F000154B9E7801232B702878C0B200F09CFB0C
:10270000BB7B002B0BD101F0AFFAA1239B007343DD
:10271000E41883239B00E41823782B70E4E7032B51
:1027200002D101F069FBF0E70020022BDCD101F0BF
:102730001BFCEAE71C09FF1FA60BFF1F2309FF1F55
:102740003409FF1F490AFF1F300DFF1FF0B587B086
:102750000EAD2F780FAD2D780593AC46634614006F
:102760000E4D0CAA12782E7803930D9B00920193C4
:102770002200059B029701F037FA2E70012C01D040
:10278000042C08D1802206498B889343054A12788D
:10279000D20113438B8007B0F0BDC0461C09FF1F58
:1027A0006C11FF1F7809FF1F0B001B3B70B5040065
:1027B0003020E02B0DD81300E025493BFF3B9BB2B6
:1027C000ED00AB4205D8034B200019825A8201F07C
:1027D000B3F970BD8410FF1F10B501F0A5F9054BCA
:1027E00000205B68052B04D9034A5268D20200D44A
:1027F000980810BD00100040FCE100E070B501F049
:10280000BBFA0D4B1B68FC33DC691D6AFFF7E4FF64
:102810006419844204D2094B01241B68002B07D0A1
:1028200004220024064B1A70064A9369013393610F
:1028300001F00AFB200070BD6864FF1F9809FF1FAC
:102840002309FF1FFC0FFF1F70B50C4D2B68FC33D5
:102850005C6A01F091FAFFF7BFFF2B680025FC339B
:102860009B6AE318834204D2054B1B68AB4200D13C
:10287000051B01F0E9FA280070BDC0466864FF1F1F
:102880009809FF1FD722044B92009B5810B5002BCC
:1028900000D0984710BDC0460000FF1F10B501F0E2
:1028A000FFF8FFF7EFFF2749274BCA6D1A40842333
:1028B0005B001343CB65254B1B68186A01F01CFABB
:1028C000234B244A1A60244B244A1A60A022244B2A
:1028D00052001A60234B187801F016F92249234858
:1028E00001F0AAF90023214A214993600233936041
:1028F000204B214813600323936001F09DF91022BF
:102900001E4BFF201A60802252031A60802292031D
:102910001A60802212041A6001F076F9012001F099
:10292000E3FAFA20400001F0A7F9582001F004FA78
:10293000134801F011F9012001F06EF9072001F0B0
:102940003BFA10BD00F0004000FEFEFF6864FF1F70
:10295000000003400180063DBC0003403408000035
:10296000A40003404A0AFF1F710200001410004037
:10297000FFFF3F00C30900002810004000E100E015
:1029800030750000664F3B6888331B6883F3088806
:1029900001F002FA634A6449136800200B40136097
:1029A000624B634A1B68934200D1A4E001F044FAF1
:1029B0000221604A13688B431360FFF76FFF5E4B81
:1029C000002418785D4DC0B201F0F6FA0223AC6025
:1029D000AB605B4B01202B6001F08EF90323AB60F1
:1029E00001F0E2F8050001F09FF8060001F0DCF8C4
:1029F000544B186001F050FA534B1A68AA426441D4
:102A0000AB1A80221B1BD203934201D39B029B0A69
:102A10003A68D16AC90700D470E04C491C0C0968B7
:102A20009BB24C4359432402090A64184849FC32BA
:102A300093680A6803219B1A464A474812689B1804
:102A4000464A9D18464A0B401768AD08DB190560D9
:102A50001360042B03D901350B40056013602D1959
:102A60002800404901F050F93F4F3E493B68C318E8
:102A70003B602800019301F017F93C4D28680818C5
:102A800038492860884205D9019B01333B6001F039
:102A90000BF9296001F010FA354B1B78002B0DD093
:102AA00001F042F8334BA21B196812188A4232D245
:102AB0008919091B091A304801F0BEF82F4D2B7AED
:102AC000002B0ED001F030F8A21BE96812189142D9
:102AD00024D98919091B091A294801F0ADF80023E6
:102AE0002B72284B83F3088801F0C6F9002001F00F
:102AF000A3F901F0E1F801F09FF95EE7DC0199002C
:102B00000234641A5900641A09214B438033CB40C4
:102B1000A408E4188AE7FA218900CCE71A49DBE720
:102B20006864FF1F1CF00040FFFFC1FF0C0AFF1F7D
:102B3000B641210310000040490AFF1F1410004055
:102B4000C3090000100AFF1F340AFF1F380AFF1FC5
:102B5000200AFF1F1C0AFF1F240AFF1FC4090000D0
:102B6000280AFF1F710200006008FF1F2C0AFF1FC8
:102B70001C09FF1FE408FF1F00100040740BFF1F1B
:102B80003C10004000000020DC050000A022054BA6
:102B900092009B5810B5002B01D0984710BD01F052
:102BA000E3F8FBE70000FF1FA122054B92009B58B2
:102BB00010B5002B01D0984710BD01F0D5F8FBE708
:102BC0000000FF1FA222054B92009B5810B5002B5E
:102BD00001D0984710BD01F0C7F8FBE70000FF1FC8
:102BE000A322054B92009B5810B5002B01D09847AB
:102BF00010BD01F0B9F8FBE70000FF1FA422054B50
:102C000092009B5810B5002B01D0984710BD01F0E1
:102C1000ABF8FBE70000FF1F70B500F085FF4F4BDE
:102C2000186001F061F80400C30702D401F0D4F980
:102C300070BD00224A4B1A604A4B187801380428AC
:102C400029D800F045FF0320181C2400200001F0C3
:102C500043F80128ECD0444C2378042B6ED101F0CA
:102C6000DBF80028E4D001F077F9582001F064F88F
:102C700002232370DCE7200001F086F9E9E7200059
:102C800000F09AFFE5E7200001F056F9E1E72000A7
:102C900000F07AFFDDE701F097F80500012808D180
:102CA000324B1B78053B012B03D82000FFF76EFF4A
:102CB000D1E72D4B1B78022B01D0052B20D1022D03
:102CC00028D12B4B9B7BAB431CD12000FFF76CFF23
:102CD000264B18780128BED16405BCD4244925228E
:102CE0004B7B034205D1233A13405A4253412633CA
:102CF0001A000B7D9342AED9322000F06DFFAAE797
:102D0000022D07D1194B1B78052B11D12000FFF79D
:102D100059FFDDE7012D0BD1012B03D12000FFF777
:102D20005FFF98E7062B03D12000FFF767FF92E7CC
:102D3000200001F019F8022D8DD1C9E7032B04D131
:102D40000C4B987C01F050F972E7072B00D06FE72D
:102D5000094B987B00F0E0FF6AE7C0469C09FF1F23
:102D60009809FF1F9009FF1F2309FF1F1C09FF1F60
:102D7000A60BFF1FBC0BFF1FD40BFF1FFA210A4B32
:102D80000A4A49001A640A4A5A500A4A04395A50EF
:102D9000094A08319A64094A5A50094A5C315A5022
:102DA000084ADA667047C0460000FF1F4D27FF1F24
:102DB0004928FF1FFD27FF1F3523FF1FBD26FF1FCB
:102DC000C51DFF1F991DFF1FF7B50B0CFF27012223
:102DD000009300233C001E001D009446019089B220
:102DE00062469A401000084018413618B6B2FF2FCC
:102DF00002D1012E00D19FB2009802401A41AD18B5
:102E0000ADB2FF2C02D1012D00D19CB20133102BA9
:102E1000E6D10320012E07D1012D04D1019B24010D
:102E2000E4191C700138FEBD102EFCD10238102DA3
:102E3000F9D00230F7E700008023F7B59C46264B17
:102E4000264F01932649274A274D284C284B022814
:102E50001AD1604638600868264E30408026360316
:102E60003043086001990978002909D11660224A87
:102E70002A60224A2260E02219689143A03A1BE0AE
:102E80008021C9021160F2E766463E600F68194E64
:102E90003E408027FF023E430E60019909780029D9
:102EA0000DD1176001280ED1154A2A60154A2260FB
:102EB000E02219689143C03A0A431A60F7BD8021A5
:102EC00089021160EEE7E0210F4A02432A600F4AAF
:102ED00022601A688A43F0E74B0AFF1FE0000340B4
:102EE000D80003409000034000000340500003401E
:102EF00040000340FFFFE3FF0280063D80450822BB
:102F00000180063D806608220080069880550822D0
:102F1000F8B51E4B80261A68002014003440324257
:102F200032D11A681A4F32431A6001223B680630C8
:102F300093433B6000F0E0FE0122164D2B681E43D8
:102F40002E603B680A2613433B608027BF00124B6C
:102F50001B683B4211D1013EF6B2FF2E09D17E2201
:102F60000E4B1C682B68E40B1440934323432B60E7
:102F700005E0082000F0C0FEE9E7002EEFD1802236
:102F80002B68600893432B60F8BDC046C4F0004036
:102F90005CF0004018F0004068F0004060F0004035
:102FA00010B501F001F801215820034A01F00CF896
:102FB000FFF7AEFF10BDC046600AFF1F10B57822B4
:102FC0000021034800F0F0FE00F06EFF002010BD6D
:102FD0005C67FF1F70B5040000F0CEFE00230C20DC
:102FE0000B4A010059438D18515C00290DD0A142B4
:102FF00008D1012300246B7000F02EFE00F024FFA6
:10300000200070BD01330A2BEBD11224F6E7C04635
:103010005C67FF1F70B5040000F0AEFE00231900CE
:103020001D000C4A1078002808D0A04200D155702D
:10303000507801311B180C320A29F3D1002B05D12D
:1030400000F032FF00F000FF002070BD00F004FE31
:10305000F8E7C0465C67FF1FF7B504000C200023AB
:1030600084460E4D019267465F43E85D7E19A0429B
:1030700012D000280BD10A4B9C4662461B780833BD
:103080001370019B70707C557160B360FEBD01339D
:103090000A2BE8D10320F9E70720F7E75C67FF1F59
:1030A0005867FF1F70B500240C26104B3200624396
:1030B000D5189A5C824211D10D4A1378F8331370F7
:1030C00000F05AFE09222900121B72430C3128001D
:1030D00000F052FD00F0B8FE002070BD002A02D0C2
:1030E00001340A2CE2D11220F7E7C0465C67FF1FCB
:1030F0005867FF1F8020F8B5484BC0051B68C124E6
:103100008360474BFF251A68012313434361454BF6
:10311000A4001A68444B40211A60444B1A68444B7F
:103120001A60444B1A59AA431A51C52292009E585C
:10313000AE433143802699509F583F49F6010F40D6
:103140003E439E509E5880273602360A30439850A0
:1031500080201A5900020A4002431A5104341A59B5
:10316000364E3F04324080263A431A511A593606E9
:103170001202120A32431A5108341A5980260A40A0
:1031800002431A51C32292009F58B446AF433743BB
:103190009F509F58294E0F4007439F509F583740DC
:1031A00080263604374380269F509F5836063F02BC
:1031B0003F0A37439F50C0221F59AF433A431A5129
:1031C0001A591202120A1643C6221E5192009C5826
:1031D000AC4365462C439C509C5800250C40204332
:1031E0009850C72080001A58154C1140C022120276
:1031F0000A431A50134B1B78DB08AB4201DC00205A
:10320000F8BD2378002B06D0A368002B00D0984788
:1032100001350C34EEE71220F2E7C0460843FF1FE9
:103220000443FF1FB0F000405467FF1FB4F000409C
:103230005067FF1F00E100E0FF00FFFFFFFF00FFFE
:103240005C67FF1F5867FF1F030010B51F2809D8D0
:10325000072200201340072404490A78A24313439D
:103260000B7010BD00230620F5E7C0465867FF1F0E
:10327000034A0449136800200B4013607047C0469E
:103280001CF00040FFFFC1FF054B06491B780A6890
:1032900005485B0702401B0B134300200B6070477F
:1032A0005867FF1F1CF00040FFFFC1FF70B50C25E1
:1032B000FFF7EAFF0A4B1C780A4BE4086543ED1858
:1032C000002C01D1200070BD2B78002B06D06B683C
:1032D000002B00D09847013C0C3DF1E71220F2E7AB
:1032E0005867FF1F5067FF1F1FB5002102220B0008
:1032F00001910091052000F017FE02230B490A6896
:103300001A42FCD120230393039B5A1E0392002BE5
:10331000FAD1074A1368002BFCDA0B246C44200016
:10332000012100F0F9FD207804B010BD90C80040E4
:1033300000C8004013B504000A4B0193019B002B09
:1033400001D1112016BDFFF7CFFF23000340044237
:1033500005D0052000F0D0FC019B013BEDE71800F3
:10336000F0E7C046FFFFFF0707B500F005FD80222C
:103370000821D205936A0191002B01D1073991628E
:1033800002210C4A11600199481E01900029FAD1CE
:1033900003311160053101910199481E0190002906
:1033A000FAD11160002B02D18022D205936200F085
:1033B0004BFD07BD00C00040F0B52D4C89B023780F
:1033C000002B4FD1FEF7F8FA02232A4F03903A68F8
:1033D0001A42FCD120230693069B5A1E0692002B0C
:1033E000FAD1254E3368002BFCDA0120FFF7A2FF4B
:1033F000011E02D0112009B0F0BD0300032201908C
:10340000009005AD9F2000F08FFD0321280000F003
:1034100083FD02233A681A42FCD120230793079BBD
:103420005A1E0792002BFAD13368002BFCDA0120D8
:10343000FFF780FF0028DDD10398FEF7D1FAAA78C4
:103440006B7811041B020B4329780B436360130054
:10345000113B0A49052B07D801239340A3600B6059
:10346000012323700020C6E780231B03F6E7C04634
:10347000F042FF1F90C8004000C800409808FF1F9E
:103480001E4B30B55A6818781D4B85B0D318594279
:103490004B4101210093002300F036FD194B1A4ADD
:1034A00002259A6300221A6510325A658022C421CF
:1034B0009D65164B1648D202DA6789004258154BB3
:1034C00080241A4080231B0413434350642341206B
:1034D0000393E40500F006FA402000F003FA656269
:1034E000039D6B1E0393002DFAD103236362FFF744
:1034F0003BFFA562FFF760FF05B030BDFC42FF1F38
:1035000095FFFEF700C80040050001FF04E100E060
:1035100000E100E0FFFF00FFF0B585B00700FEF717
:103520004BFA022305002D4C22681A42FCD12023BD
:103530000093009B5A1E0092002BFAD1284E33684C
:10354000002BFCDA0120FFF7F5FE002803D0112440
:10355000200005B0F0BD234B2360022322681A42ED
:10356000FCD120230193019B5A1E0192002BFAD11A
:103570003368002BFCDA0120FFF7DCFE0028E6D1DF
:10358000194B1F60022322681A42FCD120230293A8
:10359000029B5A1E0292002BFAD13368002BFCDAF0
:1035A0000120FFF7C7FE0028D1D1104B2360022372
:1035B00022681A42FCD120230393039B5A1E0392D4
:1035C000002BFAD13368002BFCDA0120FFF7B2FEA2
:1035D000041EBCD12800FEF703FAB9E790C80040EA
:1035E00000C8004001000006A8C80040018000019A
:1035F00010B50020FFF790FF10BD000010B5064B7E
:1036000018705960FFF73CFF00211320034AFFF7B1
:1036100023FD002010BDC046FC42FF1F8134FF1F68
:10362000F0B5040085B003920291FEF7C5F9882237
:1036300063035B0B52051A438023DB059D6A8023DD
:10364000274F0092BA68002601901B039A420CD9BA
:10365000F82326001B041E401C4206D08022214B6A
:1036600052025E6219680A431A60002D0BD100F005
:1036700083FB02221C4B1A608023DB055A62013A4D
:103680009A6200F0E1FB0023039A934220D1002DBF
:103690000AD100F071FB144B03221D608023DB056F
:1036A0005A629D6200F0D0FB8023BA681B039A42E5
:1036B00008D9002E06D000220A4B0C495A621A681B
:1036C0000A401A600198FEF78BF9002005B0F0BDA2
:1036D000009A0299D2181278CA540133D4E7C0462E
:1036E000F042FF1F00C8004000C00040FFFFFEFF87
:1036F000F0B587B0029103920400FEF75DF90190E6
:1037000000F03AFB802302250122234EDB053560C1
:103710005D629A6200F098FB204F3B682B42FCD11F
:1037200020230493049B5A1E0492002BFAD11C4DB3
:103730002B68002BFCDA0120FFF7FCFD002802D0EB
:10374000112007B0F0BD2000039A029900F09CFA06
:10375000022304003A681A42FCD120230593059BFA
:103760005A1E0592002BFAD12B68002BFCDA01209F
:10377000FFF7E0FD051EE3D100F0FEFA80230322EF
:10378000DB0535605A629D6200F05EFB0198FEF732
:1037900027F9E0B2D5E7C04600C0004090C800401D
:1037A00000C80040F0B5802489B00600FEF704F997
:1037B000E405A36A02250393029000F0DDFA0123D9
:1037C000304F3D606562A36200F03EFB2E4C2368E3
:1037D0002B42FCD120230593059B5A1E0592002BFA
:1037E000FAD12A4D2B68002BFCDA0120FFF7A2FD4D
:1037F000002803D01124200009B0F0BD244B236021
:10380000022322681A42FCD120230693069B5A1EEB
:103810000692002BFAD12B68002BFCDA0120FFF76F
:1038200089FD021EE6D11B4B03211E60030001909F
:103830000090202000F078FB022322681A42FCD17D
:1038400020230793079B5A1E0792002BFAD12B685F
:10385000002BFCDA0320FFF76DFD041ECAD100F037
:103860008BFA80230322DB053C605A629C6200F0E5
:10387000EBFA039B002B01D1FFF776FD0298FEF7D0
:10388000AFF8B8E700C0004090C8004000C8004052
:103890000100000694C8004007B50002019104220F
:1038A000000A01A9FFF724FF0EBD000073B5050053
:1038B00005240B4AA3005B429B1819686B46DE1D6A
:1038C0003000FFF781FA022804D133782B55013CF0
:1038D000EFD276BD052CFCD00128FAD10230F8E7F2
:1038E000140900111F2807D8012380228340D20524
:1038F00091680B43936070473F2808D801238022CA
:1039000020388340D20551690B435361F3E75F28A8
:10391000F1D80123802240388340D205116A0B433D
:103920001362E8E71F2807D8012280218240C905D9
:103930008B6893438B6070473F2808D80122802111
:1039400020388240C9054B6993434B61F3E75F28F8
:10395000F1D80122802140388240C9050B6A934387
:103960000B62E8E71F2810D880230200DB05153A18
:103970001968012A06D820229143196019680A4360
:103980001A60704701228240F6E73F2811D8802351
:103990000200DB05353AD968032A06D81022914384
:1039A000D960D9680A43DA60EBE701222038824007
:1039B000F5E75F28E5D842238022181A413B83406F
:1039C000D205516A99435162516A0B435362D8E759
:1039D00010B50400012813D1A022184992050B68E4
:1039E0005B015B0913430B60154B164A19681140C4
:1039F000154A0A431A60402219680A431A6010BD2A
:103A00000028FCD101000A2000F0F6F821000B206C
:103A100000F0F2F8C0220A4B920019680A434021D4
:103A20001A601A688A431A60B022044912060B68A9
:103A30005B015B0913430B60E1E7C04614F00040F3
:103A40001CF000407F00FEFF80FD010072B6074AB7
:103A50001368013313600422054B1A600023054AE2
:103A600013608022D2055360FEE7C0467808FF1F2E
:103A7000C0F00040C4F0004005490B68002B05D1A0
:103A8000044A0A6004490A60044A13607047C04649
:103A9000140AFF1F841E0000380AFF1FC4F00040F4
:103AA0000023034A1360034A1360034A13607047FC
:103AB00054F0004040F1004044F1004002B471462F
:103AC00049084900095649008E4402BC7047C04667
:103AD00002B4714649084900095C49008E4402BCA1
:103AE0007047C04603B47146490840004900095A6E
:103AF00049008E4403BC704701B40248844601BCAF
:103B0000604700BFDD3F000001B40248844601BCAD
:103B1000604700BFEDA5000001B40248844601BC27
:103B2000604700BF0D52010001B40248844601BC49
:103B3000604700BFC95C010001B40248844601BC73
:103B4000604700BF116E000001B40248844601BC0A
:103B5000604700BFE9D4000001B40248844601BCBC
:103B6000604700BF8D11010001B40248844601BCCA
:103B7000604700BF8D82000001B40248844601BC4A
:103B8000604700BF810E000001B40248844601BCBA
:103B9000604700BFF935010001B40248844601BC0A
:103BA000604700BFA1AF000001B40248844601BCD9
:103BB000604700BF156B010001B40248844601BC98
:103BC000604700BF0534010001B40248844601BCCF
:103BD000604700BF53B9000001B40248844601BCED
:103BE000604700BF6137010001B40248844601BC50
:103BF000604700BF9D6A000001B40248844601BCD2
:103C0000604700BF81A2001101B40248844601BC94
:103C1000604700BFED6B010001B40248844601BC5F
:103C2000604700BFE512010001B40248844601BCB0
:103C3000604700BFCD4C010001B40248844601BC7E
:103C4000604700BF2D6C010001B40248844601BCEE
:103C5000604700BF8944000001B40248844601BCAB
:103C6000604700BF21A9000001B40248844601BC9E
:103C7000604700BFE9F6000001B40248844601BC79
:103C8000604700BF8512010001B40248844601BCB0
:103C9000604700BF9573010001B40248844601BC2F
:103CA000604700BF6D0B010001B40248844601BCAF
:103CB000604700BF090E000001B40248844601BC01
:103CC000604700BF8552010001B40248844601BC30
:103CD000604700BFC1A5000001B40248844601BC92
:103CE000604700BF0134010001B40248844601BCB2
:103CF000604700BFBD0B010001B40248844601BC0F
:103D0000604700BF0189000001B40248844601BC3D
:103D1000604700BF090E000001B40248844601BCA0
:103D2000604700BFC1F7000001B40248844601BCEF
:103D3000604700BFE94C010001B40248844601BC61
:103D4000604700BF7912010001B40248844601BCFB
:103D5000604700BFA9D8000001B40248844601BCF6
:103D6000604700BF51B8001101B40248844601BC4D
:103D7000604700BFE917010001B40248844601BC56
:103D8000604700BF75A9000001B40248844601BC29
:103D9000604700BF51B8000001B40248844601BC2E
:103DA000604700BFC9A9000001B40248844601BCB5
:103DB000604700BFB70E000001B40248844601BC52
:103DC000604700BFF90D010001B40248844601BC00
:103DD000604700BFDD0C010001B40248844601BC0D
:103DE000604700BFE927000001B40248844601BCD7
:103DF000604700BF85C1000001B40248844601BC91
:103E0000604700BF75F8000001B40248844601BC59
:103E1000604700BF71B0000001B40248844601BC95
:103E2000604700BF01D7000001B40248844601BCCE
:103E3000604700BFF9ED000001B40248844601BCB0
:103E4000604700BF016C010001B40248844601BC18
:103E5000604700BF9DA9000001B40248844601BC30
:103E6000604700BFE90B010001B40248844601BC71
:103E7000604700BFD9B0000001B40248844601BCCD
:103E8000604700BF7997000001B40248844601BC36
:103E9000604700BFCD0C010001B40248844601BC5C
:103EA000604700BFC166010001B40248844601BCFE
:103EB000604700BFADAE000001B40248844601BCBB
:103EC000604700BFD544010001B40248844601BCEC
:103ED000604700BFB352010001B40248844601BCF0
:103EE000604700BF8B52010001B40248844601BC08
:103EF000604700BF6911010001B40248844601BC5B
:103F0000604700BF2144000001B40248844601BC60
:103F1000604700BFC56D010001B40248844601BC82
:103F2000604700BF3D71010001B40248844601BCF6
:103F3000604700BF496D010001B40248844601BCDE
:103F4000604700BFF535010001B40248844601BC5A
:103F5000604700BFD1AE000001B40248844601BCF6
:103F6000604700BF6DF6000001B40248844601BC02
:103F7000604700BF19FA000001B40248844601BC42
:103F8000604700BFC115010001B40248844601BC6E
:103F9000604700BF0934010001B40248844601BCF7
:103FA000604700BF5976010001B40248844601BC55
:103FB000604700BFED68010001B40248844601BCBF
:103FC000604700BF8914010001B40248844601BC67
:103FD000604700BF0167010001B40248844601BC8C
:103FE000604700BFDD0A010001B40248844601BCFD
:103FF000604700BF4DF9000001B40248844601BC8F
:10400000604700BF8937010001B40248844601BC03
:08401000604700BFBD5C010028
:10401800020000000EC100110100000028BF0011BD
:10402800020000000AC10011010000005840FF1FF3
:104038000200000030BF0011010000006461FF1F92
:104048000200000008C1001103000000D860FF1F33
:1040580012000000020000000EC100110100000063
:1040680070BF0011020000000AC100110100000029
:104078006DBF0011020000007ABF001103000000AC
:104088001361FF1F0200000008C1001103000000B7
:104098002861FF1F020000000AC100110100000092
:1040A8006CBF00110200000078BF0011030000007F
:1040B800E960FF1F0200000008C1001103000000B2
:1040C8000A61FF1F020000000EC10011010000007C
:1040D800BCBF0011020000000AC10011010000006D
:1040E800A141FF1F02000000CEBF00110100000027
:1040F800B1BF0011020000000AC100110100000058
:10410800A041FF1F02000000CCBF00110100000009
:104118003061FF1F020000000AC100110100000009
:104128009F41FF1F02000000CABF001101000000EC
:10413800A1BF0011020000000AC100110100000027
:104148009E41FF1F02000000C8BF001101000000CF
:104158009CBF0011020000000AC10011010000000C
:104168009D41FF1F02000000C6BF001101000000B2
:1041780094BF0011020000000AC1001101000000F4
:104188009C41FF1F02000000C4BF00110100000095
:104198008CBF0011020202020202000000000000AF
:1041A80016150000954E0011594E00111CC0001143
:1041B80090011D0018001800FFFF07010203040505
:1041C80006020106000000000000000000000000D8
:1041D80000000000000000000000000000000000D7
:1041E80003000000020000000EC1001101000000E1
:1041F8003CC00011020000000AC1001101000000CB
:104208005C42FF1F0200000046C0001101000000D0
:104218005E61FF1F0200000008C1001103000000DA
:104228005064FF1F020000000AC1001101000000D5
:104238005C42FF1F0200000044C0001101000000A2
:104248006061FF1F0200000008C1001103000000A8
:104258004864FF1F12000000000100000000011167
:10426800FFFF000050485936000000000000000021
:104278000B000500F0000000B4000028002800280A
:104288003075A000A000A000A00000080008E00110
:10429800F000100010001000100010001000500076
:1042A8005000500010001000D0070000000000006F
:1042B8000F0001000500307507001000010081FFA4
:1042C80000000000FF000000557400115D7200112D
:1042D800ED6F0011FFFF0100FF0000008D9E00112F
:1042E800FD9B0011159B001100000000000000005C
:1042F80000000800040000003B0001085902E0012A
:1043080088212800020000000EC1001101000000F1
:10431800D4C10011020000000AC100110100000010
:104328008943FF1F0200000006C1001101000000C0
:104338001468FF1F020000000AC1001101000000FC
:104348008843FF1F0200000004C1001101000000A3
:104358008643FF1F020000000AC10011010000008F
:104368008443FF1F0200000002C100110100000089
:104378007C43FF1F180018001D0090010200000375
:1043880002020000020000000EC10011010000003E
:10439800E8C10011020000000AC10011010000007C
:1043A800CC43FF1F0200000000C100110000000004
:1043B800000000000200000008C100110300000016
:0643C8003468FF1F20FF16
:040000051FFF184180
:00000001FF
