:020000041100E9
:103000007FB50023284C294D03932800217C284AB2
:1030100001F025FA002812D103232800217C03AAFD
:1030200001F0C4F900280AD1224B039A9A4206D132
:10303000214B2248E360224B636104B070BD02263D
:10304000217CFE2228001F4B009601F081F9002808
:1030500001D00020F1E71C4BA2899A42F9D1217CD2
:10306000FF222800194B009601F072F90028F0D1D8
:10307000E389174A934203D1164B17486361DCE793
:10308000164A9342E5D1164B164A1B68934206D95D
:10309000C02304222800217C9B0001F0C2F9124BBE
:1030A00012486361C9E7C0464461FF1FA441FF1F86
:1030B000813700005959530059598320DCBE001153
:1030C000B14100115061FF1F595900005261FF1FAB
:1030D0008305000069410011BCBE0011821500008B
:1030E0006861FF1F8713000005420011CCBE00116C
:1030F00070B5134D2B7C002B0DD0124C200001F02D
:10310000D5F8297C382907D1BA22200001F078F9B6
:10311000200001F009F970BDEB890B4A934206D1FA
:103120009023022220001B0201F07BF9F0E7074AFE
:103130009342EDD12000064A01F091F9E8E7C0463C
:103140004461FF1FA441FF1F83050000832000008E
:10315000A23000000022024B1A825A617047C0461A
:103160004461FF1FF7B5164B0192C318021D0020E2
:10317000009388235B05D3181B685C1C1AD09CB293
:10318000402C18D88D781E0CAC466746CD782D02A1
:103190003D43AE4206D1019800280ED110000C70BC
:1031A000240A4C7003249BB20733A343D218009B1C
:1031B0009A42DED3FEBD4432F9E71000FAE7C0467A
:1031C000FC0F0000802213B503000324019189B293
:1031D000520107319B18A14304305A1A88235B051A
:1031E000C3181B68591C03D190429241104016BD70
:1031F00099B2402907D80B000733A343C018904267
:10320000ECD30020F3E74430F9E7134B134A1B6873
:10321000126810B5FA24934201D81A00F824104B12
:10322000E4021B689A4210D813000E4A12689A42B0
:103230000ED3013307D1F823DB029C4203D10A49A4
:10324000054808F0F1FB200010BDFC24E402ECE787
:10325000FE24E402F7E7C04600C0071100D00711C2
:1032600000E0071100F00711FFFFFF7FF0B59BB0F2
:10327000150003900491402A5CD806AC618022803E
:10328000FFF7C3FF002221000600FFF76BFF0528B0
:103290000FD92388AB420CD1002D07D0504B2A0008
:1032A0000399C01808F0F0FC002802D101201BB0DF
:1032B000F0BD258030000699FFF784FF041E79D108
:1032C000069B0793FFF7A1FF80235B01C6188023AD
:1032D00007001B039E4201D1F826F60288235B05F6
:1032E000F31801931B68013302D0019808F04CFADF
:1032F0003C49019808F098FB3B1D0293331D059350
:103300008822029B52059B181B6808935A1C13D1F4
:1033100088235B05FF1839680198013908F084FBA0
:10332000380008F031FA30000799FFF74BFF04002E
:10333000002C41D10020BAE744219AB20091402AE2
:1033400004D80320D11D814389B2009104991B0C3C
:103350008B4224D0402A22D80122300008A9FFF74E
:1033600001FF021E1BD1380008A9FFF7FBFE040075
:103370000428DDD9009A059B9B1880225201B218BF
:1033800093422AD288235B05C118009A09A808F045
:103390002BFA134B009A09A9F01808F03DFC009A8B
:1033A000029B9446634402930F4B029AFB189A4285
:1033B000A6D3ADE70428BDD088235B05E0180699A5
:1033C00008F032FB0323EA1C9A4300D16EE7044B5A
:1033D0000399E01808F020FC68E70424ECE7C046F5
:1033E00004000011FFFFFF7FF80F000073B5040019
:1033F0001600402A1ED801AD6980FFF706FF0022A3
:1034000029002A80FFF7AEFE042810D92D88002E4F
:103410000BD0002C09D0321CAE4200D92A1C074B1D
:1034200092B2C118200008F0DFF928B276BDC0437F
:1034300000B2FBE703204042F8E7C0460400001159
:1034400037B5042204000D0001A81649FFF7CEFF8E
:10345000020004280BD1019BA34208D3AB4204D045
:10346000104901A80195FFF701FF01203EBD0E4C58
:1034700023682000019308F087F9019920000139A1
:10348000019108F0D1FA80235B01E418074B9C42BC
:10349000EED10422034901A80195FFF7E7FE0020C1
:1034A000E4E7C0465555000000C0071100000811B0
:1034B000F0B589B010226946234808F015FB234B6C
:1034C000009A6C469A4211D1019B0F2B35D8069970
:1034D000029A8C4618001100002604AD013808D26B
:1034E000002E01D00A00A160013229D10023A3607F
:1034F00023E04F1CF2D161460126EFE7103610227F
:103500002900300008F0F0FAA368A868013300D160
:10351000A060882329685B05C9186B6829601A03B5
:10352000120B6A60814203D03B4201D108F05CF982
:103530006368013B6360002BE0D1A06809B0F0BD77
:10354000E027014E3F03F6E70000011150485936CD
:1035500007B508F0F1FBFFF7ABFF002803D001909F
:1035600001984168084707BD10B508F0E5FBFFF773
:103570009FFF040008F0F8FA200010BD13B5040006
:1035800008F0DAFB002C03D0019401984168084749
:1035900013BDC0468022F8B5964C974BD20000214F
:1035A00020001C6008F0A8FB2300944A88331A60AE
:1035B000934B1A786A23002A00D01133E3620A235E
:1035C0002365904B37221B780820A3638E4B21186C
:1035D000E361102323628D4B3B256361C823DB002D
:1035E000A36123008C331A602823013AE26320642C
:1035F0006364CA67043A211DCA672100BC310D60AB
:103600002100C03108602100C4310B602100063563
:10361000CC310D602100083DC8310D602100D03152
:103620000A602200D43210602200D83213602200D7
:103630000227E032210017604222DC310A602100BB
:103640001B3DE4310D602100E83108602100EC31C0
:103650000B6023000521F43319602300F0331A6056
:103660002300183290331A6023009433186023002B
:103670001E3A98331A60AF23DB002360644BFA26AE
:103680002363644B644DE360644BF031A364230017
:10369000FF31FC33B600A16021611E60A562732575
:1036A000E5656D3D6565A56596255D4AAD00E264FD
:1036B000666258606766A56600270925A767E56604
:1036C000584F594D606720002567E2673A6015271B
:1036D0009C30676007001A2038602000A030070087
:1036E000212038602000A83007004C4838602000B6
:1036F000F830066026006427A436376026005F3F56
:10370000AC3637602600033FB03637602600C63738
:10371000B436376026000027B836376038269E60FA
:10372000424E96205E64424E5A66DE61414E9A6475
:103730005E62F53EFF3E9E621E269A67354A800015
:10374000DE661F675F67DD651D661862DA67BE2388
:10375000394A5B00E250394BD838235004302250AC
:10376000C4225200A350C623E4205B00E15004337E
:10377000334AE1503349344BD16034498000195009
:103780003349E938FF381950324904301950324969
:103790003248D16132491163324951631900F43121
:1037A0000860CE203049400011603049195019009E
:1037B0002F48F83108602F49D16582212E4A8900AF
:1037C0005A501A002D490832D1671A002C49B432D8
:1037D000116088212B4A89005A501A002A498832E0
:1037E00011602A4ADA6408F0BFF8012008F09CFA58
:1037F000F8BDC0460004FF1F5464FF1F206FFF1F69
:10380000D043FF1F4A0AFF1F3A07000080C3C901C7
:103810009A020000DC0500006A18000050C3000096
:1038200088130000F009FF1F204E00006509FF1FEC
:1038300068100000C409000040420F00102700007B
:10384000FC00FF1FC11BFF1F0000FF1F192CFF1FE3
:10385000A12FFF1F392EFF1F811FFF1F7926FF1F7A
:103860009D1FFF1F4D21FF1F0D1FFF1F9D28FF1FC5
:103870008529FF1F8D19FF1FA927FF1FD524FF1FB3
:10388000E124FF1F0D1EFF1FC51EFF1F851DFF1F0B
:103890000223F0B501250024594E91B03370594BE5
:1038A000594F1D703A680393584B29009A700420B1
:1038B000574A2300009408F037F98023DB059D6206
:1038C000FFF752FE534BC218C0239B029A4201D20B
:1038D000FFF754FE3C6008F087F9FFF75BFE08F045
:1038E00063F81F2201254C4B1A704C4B1D704C4B3A
:1038F0001C704C4B05AC19689143163A0A431A6088
:10390000602219689143403A0A431A6008F064F84B
:1039100008F062F9444B9847C120FF21434B8000D7
:103920001A588A431A50C522920098588843BF39C2
:103930000143995098583E4908408021C9010143EC
:10394000802099509958C0050902090A01439950ED
:1039500080213848490107F067FF03232A003649D0
:1039600000933648019508F067F82C22344905A8E1
:1039700007F03AFF6178207806F0F8FB023410ABCC
:10398000A342F7D12F4C304B226803201A40A023CA
:10399000DB0213432360802322689B0413432360CC
:1039A00022682A4B1A4080239B0313432360284A32
:1039B000284B934200D8012008F04EF908F08CF80B
:1039C00080232268DB0413432360307807F0DCFF98
:1039D000039B1878C0B207F06FFF08F025F90C4977
:1039E000042007F039FF06F0D9FD00F035F800F0AB
:1039F0004FFD00F0EBFD00F0E9F9002011B0F0BD43
:103A00004A0AFF1FD043FF1F34F000407461FF1FBC
:103A10003B000108000001E0480AFF1F490AFF1FA0
:103A2000680AFF1FBCF00040E1A2000000E100E0D6
:103A3000FF00FFFFD443FF1F5856FF1FD453FF1F43
:103A4000D8BD001114F00040FF7FF8FFFFFF9FFF7B
:103A50000080FF1F206FFF1F002210B511001120F2
:103A600007F09AFF10BD0000F8B500230926374F74
:103A7000374C3B62E3681120B343E36008F09CF8E5
:103A8000112008F081F9112008F00EF84023226877
:103A900080251343236080236268DB021343636045
:103AA000A3682C4A2B43A360A36802211340A360A0
:103AB0008023A2689B0113431022A360236C07207C
:103AC00093432364236C0F3A1343236480235B00E6
:103AD0003B62226B204B1A402263626B1A40626386
:103AE000A26B1A40A263E26B1340E363E3681B4AD4
:103AF0001340E36006F03AFB0121072006F04AFC80
:103B0000174B11205A6C15435D6408F0FDF8FD2138
:103B1000144B154A89005A508023C720626B5B03FF
:103B200013436363E36880003343E3600F4B104A41
:103B300019581140802212020A431A50802292051D
:103B40001A6008220B4B5A63F8BDC04600F00040D3
:103B50003CF00040FFFFDFFFEFFFEFFFFFFF7FFFC5
:103B6000003800400000FF1F5118FF1F00E100E077
:103B7000FF00FFFF0000054010B5FFF7B9FAE12094
:103B8000C00407F029FE10BD70B51A4CE388002B65
:103B90002AD0FA22D200934201D2FFF7EDFF236828
:103BA000E088A688C0188023711C89B2124D20605D
:103BB000A1809B00994218D3420A93B2C21AEB80AB
:103BC0002260A6800D4A642093420AD8FA2200207F
:103BD000D200934205D90A21180007F015FEC83813
:103BE000C0B200232872E38070BD07F0DDFF83B20E
:103BF000EB80E7E7D060FF1F5C61FF1FB70B0000A1
:103C000030B503A804880B20002C0ED14968074D5D
:103C100008784978090201430A20A94205D1012107
:103C200020001980024B1B7A137030BD192A000046
:103C30005C61FF1FF7B5150008AA16884A680F4F88
:103C400014785278120222430A24BA4214D1012273
:103C5000DBB2019200962A0007F01AFD041E0BD178
:103C6000074B1B68002B07D068782A7800021043A6
:103C700042425041013098472000FEBD0229000019
:103C8000E060FF1F30B5012503790400BFB02B426F
:103C900011D00A49408807F06BF828420BD0084B36
:103CA00001A95B8D4D800B80064B00221B7A60883A
:103CB0000B7104F01FF83FB030BDC046D860FF1F45
:103CC0001840FF1F5C61FF1F10B50549054807F04C
:103CD00005F80421044A054806F0C2FF10BDC0469D
:103CE000D860FF1FFFFF000004BE00111840FF1F37
:103CF00010B5024804F082FE10BDC046853C00119C
:103D0000012303700B4B1A7A4270022282709A7858
:103D1000C270DA780271032242711A7982715A797B
:103D2000C2710C2202729A794272DB7983720B2083
:103D30007047C0465C61FF1F022310B50370013B52
:103D400043700533837010330371443B43712A334E
:103D500083714433C37100230372054B04001B8835
:103D600043720A30FFF7CCFF11231520E37010BD1A
:103D70005C61FF1F10B5142007F0F6FF124B1422F0
:103D80000021186007F0B8FF002007F015FD0120A2
:103D900007F002FD022007F097FD032004F0D0F8A1
:103DA000042006F0E9F8052003F008FB062003F0E4
:103DB000DBFF072001F070FB082006F031FF09202F
:103DC00001F032F910BDC046E460FF1F07F0B4FEF9
:103DD000012007F0F9FD07F02FFF0000094B10B597
:103DE0000400984205D0012904D12000064906F0BC
:103DF00075FF10BD0229FCD1013904F0B9FD00287E
:103E0000F3D0F6E7FEFF00000A61FF1F70B50D7AE0
:103E1000100004AA2C00168810221440154220D14C
:103E2000002E20D10A78022A18D14A6851781578D4
:103E30000E4A09022943914205D00D4A914209D008
:103E40001C800A2404E014220A491A8007F0CCFCE2
:103E5000200070BD0C2208491A80F7E71C8001245D
:103E6000F6E70824F4E70B24F2E7C046F3FF00006E
:103E7000F4FF00006042FF1FF8BE001110B50400FF
:103E80000749084806F02AFF074804F0F3FC002021
:103E9000E40704D50721054A054806F0E1FE10BDF8
:103EA0000A61FF1FFFFF0000DD3D001148BE001149
:103EB0005C40FF1F10B50B4BBEB01A780A4902A830
:103EC00000F04AFD01AC80B26080002808D0074BAA
:103ED00000221B8821002380054B188803F00AFF6D
:103EE0003EB010BDE860FF1FE960FF1FB640FF1F36
:103EF000C041FF1F10B50B4BBEB01A780A4902A88B
:103F000001F03CFE01AC80B26080002808D0074B75
:103F100000225B8D21002380054B188803F0EAFE08
:103F20003EB010BD1261FF1F1361FF1F5C40FF1FF9
:103F3000C041FF1FF7B50E00377A1C0008AB110017
:103F40003D001A8820231D401F423CD13378022BAC
:103F50003BD173681F785B781B023B431E4FBB420B
:103F600008D01E4FBB4214D01D4DAB4221D00A25B4
:103F70002800FEBD002A2AD1142C2AD82200F0687D
:103F800007F032FC174B1C70012CF1D9FFF7B2FF80
:103F9000EEE7002A1BD1202C1BD82200F06807F086
:103FA00023FC114B04211C70104B187807F094FE71
:103FB000DEE7E3B20124009201940A00310007F029
:103FC00067FB0500D4E70825D2E70125D0E70B25DC
:103FD000CEE70D25CCE7C046F3FF0000F4FF00005C
:103FE000022900001261FF1FE860FF1F0962FF1F26
:103FF000332310B5040003700A220749013007F08B
:10400000F3FB064B0F201B681A0AE37222731A0C8B
:104010001B0E6273A37310BD5C61FF1F8461FF1FE1
:1040200030B5012503790400BFB02B4213D00B49F2
:10403000408806F09DFE28420DD0094B01AD1B883B
:1040400002A82B80FFF7D4FF0F236B8000222900EA
:10405000608803F04FFE3FB030BDC0460A61FF1FCD
:10406000B640FF1F10B5024804F0C8FC10BDC046A2
:104070002140001170B5160004AA148805AA15780D
:104080004A685078117800022A4A084380180528A7
:104090004BD807F0D9FC03131E29343F0722100028
:1040A000062C0AD8121BAA4200D92A0022491A80DB
:1040B0003000091907F098FB002070BD0720112C73
:1040C000FBD81222121BAA4200D92A001B491A80CF
:1040D000EEE707200E2CF0D80F22121BAA4200D9BF
:1040E0002A0017491A80E3E70720032CE5D80422A9
:1040F000121BAA4200D92A0012491A80D8E70722C7
:104100001000062CD9D8121BAA4200D92A000E4949
:104110001A80CDE707221000062CCED8121BAA4227
:1041200000D92A0009491A80C2E700220A201A8011
:10413000C3E7C046DCD5FFFF99BE00113061FF1F09
:1041400089BE001184BE00117CBE001174BE001136
:1041500010B50D21024A034806F082FD10BDC0468D
:1041600068BE0011CC40FF1F37B50F4C01AD0423D2
:104170002A00217C00F01AF9002813D1298823682D
:1041800049BA89B24B4321891B0C5B18074A6988DD
:10419000538049BA636889B24B4361891B0C5B1831
:1041A00093803EBD0120FCE74461FF1F5C61FF1F5F
:1041B00037B5124C06236A46217C6D4600F0F6F8AE
:1041C000002818D12988236849BA89B24B4321892C
:1041D0000B4A1B0C5B1853806B4603335B78E97802
:1041E0001B020B435BBA61689BB24B4361891B0C9A
:1041F0005B1893803EBD0120FCE7C0464461FF1F71
:104200005C61FF1FF0B5022785B0154C03AD217C22
:104210002B0000220097060000F09AF8002802D038
:10422000012005B0F0BD0E23217C01223000009753
:104230006B4400F08DF80028F2D129882368C9BAB0
:104240004B4321891B145B18064A6988538049BA7D
:10425000636889B24B4361891B0C5B189380E0E76C
:104260004461FF1F5C61FF1F10B500F0FFFA034AB5
:10427000002013880133138010BDC0465C61FF1F0E
:1042800010B500F0D7FA10BD10B58024064AA4007E
:104290001168436B234205D113685B1A032BF8D9CD
:1042A000012010BD0020FCE76008FF1F70B5C17938
:1042B00005000C00631E9C411A4BE402E4184900FF
:1042C0000460C9B2007906F09BF8E9796879490081
:1042D0000131C9B206F094F8E8790930C0B207F0AC
:1042E000E3FB0023E36661332360AA795B3B002A8A
:1042F0000ED022689A43023B134323600A23E361F2
:104300000733236200232363A3630133E36370BD98
:1043100022689A43022313432360462363610633D2
:10432000A361EFE70050004070B50025040003686A
:10433000DD66C0790930C0B207F03EFC2900207963
:1043400005F0FAFF2900607905F0F6FF70BD000066
:10435000F8B51E0006AB1D78002304681700E3665D
:10436000616007F0E9FC01238022E3662B002761EE
:104370005200013B08D207F0F7FB08200A4A1168F7
:10438000002D03D12800F8BD2261F2E7236F03421C
:1043900003D02369013D3370013613685B1A032B88
:1043A000EED90125EEE7C0466008FF1F70B51C007E
:1043B000002305681600EB66696007F0BDFC012369
:1043C0008022EB6623005200013B08D207F0CCFBB1
:1043D00008200A4A1168002C03D1200070BD2A6110
:1043E000F2E72B6F034203D02B69013C3370013697
:1043F00013685B1A032BEED90124EEE76008FF1F58
:10440000002370B504681500E366616007F094FC52
:104410000123E366256107F0A7FB2000FFF734FFC7
:1044200070BD70B51D00002304681600E36661606E
:1044300007F082FC0123E36626610F33626B1A42A8
:10444000FCD02B0A23611023626B1A42FCD0EDB220
:10445000256107F089FB2000FFF716FF70BD0023E0
:1044600070B504681500E366616007F065FC012320
:10447000E3662B0A23611023626B1A42FCD0EDB273
:10448000256107F071FB2000FFF7FEFE70BD000004
:1044900010B5084CE368002B08D18022064B52026D
:1044A0001B689B186360054B1B68236007F04CFB7F
:1044B000A06010BD8461FF1FC8F00040CCF0004038
:1044C000F0B5184A936A916A9942FBD116498A68F5
:1044D0009A421FD39A1A8B60144B4C68186893B297
:1044E000D2024343D20E42431B0A08681B19120230
:1044F0009B180024020001270D4D4B60561CAB4257
:104500000BD8002C01D010000CC10A4A13600A4BD2
:104510001860F0BD581E821ADDE7084A3C009B185F
:104520003200EBE700F000408461FF1F140AFF1F18
:1045300040420F00C8F00040CCF00040C0BDF0FF8A
:1045400070B5194C23793F2B01D93F232371174AAA
:1045500013701078C0B207F04FF91823144A1549A8
:104560001380154A0B8013804B80A0790C3B421CB2
:10457000534380221201934213D81A00CB80A02308
:104580000E4D888028800E486371823B0280237222
:104590000C4A0D4B1A60E379052B01D81023E37107
:1045A00070BD1300EAE7C0467861FF1F480AFF1F8D
:1045B000BE41FF1F7C43FF1FBC41FF1FBA41FF1FCD
:1045C000B841FF1FE09304006861FF1FF8B5212187
:1045D0000020FEF735FF114C011E114D09D10C22B0
:1045E000104BC1CBC1C4280007F086FBFFF7A8FF22
:1045F000F8BD0C2220000C49FEF7F8FE0C2802D072
:10460000084B43CB43C40C2228000849FEF7EEFEBA
:104610000C28EBD00C220021E5E7C0467861FF1F93
:104620004461FF1FECBE0011FC0C0000F50C000003
:1046300010B50C2202480349FEF718FE10BDC04613
:104640007861FF1FFC0C0000F0B51D4C8022A544D2
:104650000400882069465201400507F00DFA9022B7
:1046600012016A441300200032C832C316C816C3B0
:104670008023144C144FA6689B033343A3603B6014
:1046800007F082FA8823A0685B05C01807F07CF861
:104690000025882329008022A0685B05C0184019E6
:1046A0006944520007F0B8FA80230135FF355B01F9
:1046B0009D42EED1A6603E60044B9D44F0BDC046D5
:1046C000FCEFFFFFF042FF1F9808FF1F04100000DF
:1046D000F8B5012703780500013B0026BB4216D937
:1046E000F8BD6B682C4C9A5D2369013323612B4B19
:1046F00019783F2905D81878411CC9B21970284B80
:104700001A54522A07D122706773A77301362B7A85
:104710009E42E6DBE4E7A37B002B38D0617B4B1C99
:10472000DBB2637362540C2BF0D9237B452B06D08C
:10473000E38A01339BB2E3820023A373E6E70122FD
:10474000A38AE17801339BB2A382A31CDA77237991
:10475000E21C1B020B431BB22383A37961791B026A
:104760000B431BB263836378217A2377A378637743
:10477000637AA377E379E377631CD977D37F002B40
:10478000DAD000230820D37707F076F8D4E7E38A5D
:1047900001339BB2E382B9E7A461FF1FC861FF1F29
:1047A000C961FF1FF0B51D4F89B0242200213800D8
:1047B00007F0A2FA40220021194807F09DFA0022D2
:1047C000184B00211A700A3202ABD01807F094FA85
:1047D000154B04AC238096239B01059301232100F4
:1047E0002372124B124A079361C961C213600022FF
:1047F000049800920599069A05F0F4FF04006242BD
:1048000062413B1DDA77002805D1082007F07CFAC9
:104810000122FB1CDA77200009B0F0BDA461FF1F64
:10482000C961FF1FC861FF1FFF060000D1460011CC
:104830009461FF1F13B50A4B0A4CDB7F002B0ED08F
:10484000002006F00BF80022074B00920FCB05F07A
:10485000C9FF082007F058FA01230334E37713BD9A
:10486000A861FF1FA461FF1F9461FF1F10B5144BC7
:10487000144ADB7F1449002B0FD0138B4B80538BD2
:104880001BB28B80131DDB7F002B05D0002303326E
:104890000820D37706F0F0FF10BD938A002B0AD0D2
:1048A000938A5B429BB24B80D38A002B05D0D38A7C
:1048B0005B429BB2E4E7054BF5E7044BE0E7C046FB
:1048C000A661FF1FA461FF1F5C61FF1FFFFF0000C7
:1048D000F0B587B0051E6C4627D0684606F04CFF41
:1048E0001B4D022806D106226946280007F0CCF9A4
:1048F000002818D00F222100002301209446060032
:10490000EA5C013317091037BE4037006646324073
:104910000600964032003A434A610439062BEED134
:104920002000FFF791FE07B0F0BD18226946094844
:1049300007F0A2F8AB00E358013305D01822FF219D
:10494000200007F0D9F9EBE70135062DF2D1EAE7AF
:104950006509FF1F00090011F0B5002604000F00D3
:10496000150085B0B24200D184E08A784B1C0193D7
:104970004B7812021A43CB7808781B0413430A7948
:10498000207012061A43009203926670252800D107
:1049900090E033D8112813D807F0BEF8660015014F
:1049A000150115011501A400B200AB001501150198
:1049B000150115011501150115011501EF000F0174
:1049C000232800D1C7E0DB2800D0C3E1042D00D8A4
:1049D000ABE0052D00D18FE16E1F32000098791DEC
:1049E00006F002FF05223900200006F0FDFE32002D
:1049F0000099601D06F0F8FE2E003BE0562853D0CB
:104A00000FD8332800D1A1E0552836D02628DAD196
:104A1000BB4D13223100280007F06EF9FEF79AFB18
:104A200057E0712800D172E0722800D184E0DC28C0
:104A3000C9D1022D00D878E04B7863708B78A370D1
:104A40006B461E88032D05D0033DC81CAAB2310059
:104A5000FEF70CFC31001022E01CFEF7C7FCC61C60
:104A6000002807DA60706DE00C222000A54906F0EE
:104A7000BBFE0C26300005B0F0BD6A1EA24D0C2A0C
:104A800010D8002A07D02800019906F0ADFEFFF7E4
:104A900057FDFFF7CDFD0C222900601C06F0A4FE97
:104AA0000D26E7E70C22EEE7974D984B2A0043CB03
:104AB00043C2ECE76A1E924D0C2A11D8002A08D096
:104AC0000199280006F090FE0C2228009049FEF77C
:104AD000CDFB13222900601C06F086FE1426C9E7D0
:104AE0000C22EDE706228B49601C06F07DFE0626AF
:104AF000C0E712228849601C06F076FE1326B9E74B
:104B000008228649601C06F06FFE0926B2E7012DD7
:104B10000ED04978F02908D8814D288801F088FC0A
:104B2000804B2A885200D35A00E0FF23637009E0CB
:104B30007B4A7C4B1288F5E77B4B012D04D04A78E9
:104B40005A706270022695E75B78EFE72000FFF766
:104B50004FFA06008EE7042D05D9744D009B2B609B
:104B600006F0F2FFA860FFF7ABFC0422039003A954
:104B7000601C06F039FE05267CE76D4E062D15D922
:104B800006223000019907F07FF800280ED0062297
:104B90000199300006F028FE062266493000FEF733
:104BA00065FB0123604A51780B43537031000622A4
:104BB000601C06F019FE07265CE7012DB5D0487889
:104BC000FFF786FEBEE701281FD15B4AAB1E0092AD
:104BD000132B06D84B78002B0BD100F093F900F083
:104BE000C9F9564B00991E78601C721E06F0FCFD38
:104BF00040E7013D2A000199009806F0F5FD504973
:104C00000098AAB2FEF732FBE9E7032800D0DAE603
:104C1000012D2CD120700C234A4A6370D27F4A4B5D
:104C2000A2709A1CD27F1026E2701A6922711A694A
:104C3000120A62711A69120CA2711A69120EE271DB
:104C40009A8A22729A8A120A6272DA8AA272DA8ABC
:104C5000120AE2721A8B22731A8B12B21212627348
:104C60005A8BA2735B8B1BB21B12E37302E74B7868
:104C70002070002BCFD0012B1BD10B336370324B34
:104C80000B261A8BA2701A8B12B21212E2705A8B78
:104C900022715A8B013312B212126271DA7EA27142
:104CA0001A7FE2715A7F22729A7F6272DB7FA3724F
:104CB000E0E6032B00D038E7022D00D135E70C22C7
:104CC000224B897818780426A07018786270E170F9
:104CD000884200D8CEE61B785B1A1E1CDBB29342DA
:104CE00000D9161C1A4BF6B23200201DC918043622
:104CF00006F07AFDF6B2BDE61525102672E6C0462E
:104D00004461FF1FF8BE00117861FF1FECBE001167
:104D1000F50C00005061FF1F3061FF1FF442FF1FC0
:104D2000C041FF1F5864FF1F7461FF1F8461FF1F94
:104D30006509FF1FADAC0000E963FF1FE763FF1FBC
:104D4000AEDE0000A861FF1FA461FF1FC861FF1F46
:104D5000C961FF1FDA2800D0E7E6042D00D8E4E699
:104D6000082D17D9BB797A791B021343FA791204FB
:104D70001A433B7A1B061343009A1360009B0522DB
:104D80001B6839002000039306F02EFD0422601DED
:104D900003A9B8E6FE236370F0E7C0467047000041
:104DA000020010B5094B0A32094C92B2DA815A82DC
:104DB00098811882207802F09FF90422054B012186
:104DC00020781A7006F088FF10BDC0467E42FF1F93
:104DD0003264FF1F3164FF1F013870B5042809D801
:104DE00006F032FE030928081200224B022118782F
:104DF00006F072FF70BD1F4B0821187806F0E4FF23
:104E000000221D4B1A72F5E7802200241A4B520033
:104E100060201A81DC7206F077FFFFF70BFD154D5D
:104E200008212878154A06F0A7FE2100287806F008
:104E300003FDDFE70F4B0821187806F0C5FF60205F
:104E400006F01AFD0E48FEF777FF0E4B0E4A9B79CF
:104E500093800E4A13800022074BDA720132FF3230
:104E60001A810B4B5B78002BC4D00A4A136006F002
:104E7000ABFEBFE70962FF1F6861FF1F102700003C
:104E8000C941FF1F7861FF1F7C43FF1FBA41FF1F0D
:104E90007461FF1F34F0004010B5012907D10428C8
:104EA00005D18021024B8900187806F015FF10BD4E
:104EB0000962FF1F10B5002907D1042805D1802100
:104EC000024B8900187806F007FF10BD0962FF1F2A
:104ED0000300F0B50A4D8E18B14202D1520080187D
:104EE000F0BD0C782F6824093C5D0F271C700C78EE
:104EF00001313C402F683C5D5C700233ECE7C046FA
:104F0000B441FF1F1022124B10B51A700F23114C21
:104F100011492370093A063B1048637006F064FC9F
:104F20002D2301220E490F486372FFF7D1FF0122A2
:104F30000D49FFF7CDFF01220C49FFF7C9FF030020
:104F400000200B4902001870FEF790F910BDC04612
:104F50000664FF1FE763FF1F99BE0011E963FF1F8F
:104F60006709FF1FF163FF1F6609FF1F6509FF1F28
:104F7000AEDE000070B5134C142220001249FEF77B
:104F800035FA431E114D132B19D8AB78002B16D0D0
:104F9000431C2B7009236B700023001903702878C1
:104FA0000B4B01302900C0B2187006F0D5FB2978F0
:104FB00022000139C9B2002005F070FD70BDFFF775
:104FC000A1FFECE7E963FF1FAEDE0000E763FF1F10
:104FD0000664FF1F10B5114B1A781870002A0ED006
:104FE00000280BD10E4B1A78062A07D85423D34039
:104FF000DB0703D50B4B187802F07EF810BD0028B4
:10500000FCD0074B1B78012B02D0033B022BF5D8B9
:10501000044B0121187806F05FFEEFE70A64FF1FDA
:105020003164FF1F3264FF1F70B54D4E4D4A4E492B
:105030003070042005F090FAFEF78CF8FFF7B2FB11
:1050400006F022FC032249494948FFF741FF2D247D
:10505000030004221C7047490130FFF739FF302359
:105060000470454D454C437083702E3B0622200052
:105070004349EB87FEF7BAF9062813D0200006F063
:105080007BFB022809D00321200006F01DFE8D23A2
:10509000E3706E3B23711933637106222000384997
:1050A000FEF7E4F8374B1B68FC335C64FFF762FFE4
:1050B0000020FFF78FFF344C344A0121344B127823
:1050C000207801F0DBFF334A334B1278002120783F
:1050D00001F0D4FF0122314B1A70314B9B78552BD4
:1050E00036D1304B3B325A722F4B304AAB81EA817A
:1050F0002B826A822021307806F03EFC012040425B
:1051000005F018FD0120404205F0B4FDFFF720F83E
:10511000FEF7DAFD00F0CAFC01204042FEF7AEFEC9
:10512000012006F071FDF02001F066F901213078D0
:1051300006F0D2FD307802F03BF91D4806F0ECFB9A
:10514000FEF792FC00226020110006F025FC70BDE5
:105150006422184B5B7953431A000A32C6E7C046F3
:105160000962FF1FB54E0011994E0011F442FF1F56
:105170003061FF1F5061FF1F7E42FF1F6509FF1F47
:10518000ADAC00005464FF1F3264FF1FE841FF1FF5
:10519000C941FF1F0664FF1FE763FF1FD863FF1F9E
:1051A0007461FF1F6861FF1FC4090000CE09000081
:1051B0000A62FF1F7861FF1FF8B50D008B065DD5F1
:1051C000674B1B78002B42D0FFF77AF9654B664C92
:1051D000664E99686268737A8A1ADB039A4202D330
:1051E0006160FEF741FC327A217A531EDBB29942AC
:1051F00030D1FFF745F8637A002B25D0013BDBB2B5
:105200006372002B20D15A4B9B78552B01D106F0AD
:10521000DBFCE37A002B12D00023A27AE3729A42DD
:1052200002D0A372FEF7B0FC524A534F13883800E5
:1052300001331380FEF780FD390006F0B5FA6423D0
:1052400070795843FFF7ACFD237A01332372202095
:105250006840F8BD9142CED300272772FFF704F8CB
:10526000A37ABB4202D0A772FEF78EFC424F3800F1
:10527000FEF762FD390006F097FABCE70BB2002B8F
:105280000ADA3E4B187806F0C7FA002801D006F07B
:1052900033FC80200002DBE70224214209D0334A9C
:1052A000314B127A0120023A1A72FFF793FE200066
:1052B000CEE70B0721D5FFF703F92A4B2A492B4CE0
:1052C00098684A68637A821ADB039A4202D348607C
:1052D000FEF7CAFBFEF7C8FFFEF7D2FF274B0821F7
:1052E0001878274A06F048FC00F0FAFB2368DB0731
:1052F00001D5FEF7B7FE0820AAE7CB0609D5FEF7D1
:1053000043FC174B1B78002B01D1FEF7F1FC10205A
:105310009EE70124214205D01A4800F081F806F0EA
:105320001BFCC4E78024A40021420FD0042004F019
:10533000FDFE0028BBD00A4B1B78002BB7D02622DD
:10534000094B11485A72FFF72BFDB0E704240800FF
:105350002040214200D17CE7FEF7ACFDA7E7C04624
:105360000A64FF1F8461FF1F6861FF1F7861FF1FD0
:105370007461FF1F5C61FF1FC941FF1F0962FF1FAE
:1053800010270000AC41FF1FC4090000F0B51A4B04
:105390001A4F1B883A880400194E1A4D85B09A425C
:1053A0000DD832889A420AD3174B1A882B889A4212
:1053B00005D1164A164B12881B889A421AD005202E
:1053C00001F070F83B8802A90B80338801904B8074
:1053D0002B88104D8B800E4B2A781B88CB800E4B70
:1053E000188802F091FD0D4B08212878019A1C7055
:1053F00006F0C2FB05B0F0BDD663FF1FBE41FF1F24
:10540000BC41FF1FBA41FF1FD463FF1FD263FF1FC0
:10541000B841FF1F3264FF1FC041FF1FD063FF1F51
:1054200013B50C4B1C78002C11D1002801D00A4B6D
:1054300018600A4A0A4B11780A4A10780A4A0192FF
:105440000A4A0092002205F021FA200016BD11241C
:10545000FBE7C0463164FF1FCC63FF1F3064FF1FB2
:105460002064FF1F3264FF1F0C64FF1F1064FF1FC6
:1054700010B5064B12201B78052B06D1044B1322C6
:105480001988044B187801F0E9F910BD3164FF1F49
:10549000C041FF1F3264FF1F10B500240122114BD1
:1054A00052421870104B1C70104B1A8001F080FF94
:1054B00004220F4B21001A700E480C3206F0D4FB68
:1054C000102221000C4806F0CFFB07220B4B1C607A
:1054D0000B4B1C700B4B1C700B4B1A700B4B1C7046
:1054E00010BDC0463264FF1F3164FF1FC041FF1F63
:1054F0003064FF1F2064FF1F1064FF1F0C64FF1F38
:10550000E663FF1FE563FF1FC241FF1FE463FF1F48
:10551000F8B5174C0600257806A814240078052D48
:1055200023D1B41F134FA5B21824BD421DD88D1F1F
:10553000ADB2BD4219D8FA256D00AA4215D21D00A0
:105540000D4F0A3DADB2BD420FD80C4C26800C4C1D
:1055500021800C4900240A800B4A1380FFF716FFB4
:105560000A4B0421187806F02FFC2000F8BDC04635
:105570003164FF1F790C0000750C0000BE41FF1F55
:10558000BC41FF1FBA41FF1FB841FF1F3264FF1F1C
:10559000F0B50BB20D0089B0002B00DB70E1A44E1A
:1055A000307806F039F9041E50D00378A22B00D1D0
:1055B00022E1D02B1AD0912B45D143780E2B42D12A
:1055C0009C4B82889A423ED19B4B1B78052B3AD14B
:1055D0008368032018567F2835D0984B1B68002B12
:1055E00031D05B68002B2ED098472CE080780728BC
:1055F00029D806F029FA0428183F3F74A8D8637800
:10560000002B0CD101218C4B19708D4B1A78002A7C
:105610005BD08C4B307801F031FD002855D007224B
:10562000854B1A7051E061780029F8D1E378002B9E
:1056300011D0854A854B1278307801F01FFD6070DB
:105640006378002BEBD1200006F056FA8020000290
:10565000684009B0F0BD784B1B78022BF3D00121D4
:10566000307806F0F1FA0028EAD10121307806F00E
:1056700033FBE5E76378002BD1D16F4F032807D1C7
:105680003B78052B02D101333B701EE00223FBE780
:105690006F4B1A886F4B0293002A0BD01B78002B9C
:1056A00003D00121307806F067FA3B78062B04D14D
:1056B000013BE9E7029B1A70F7E7042B41D1012176
:1056C000029B3078197006F007FB5C4B1B68002BBF
:1056D000B9D01B68002BB6D0574A107884E763789E
:1056E000554F002B27D10622211D5B4806F07CF880
:1056F00062895A4B5A491A80A2895A4B1A80E38907
:105700000B800521397058490A80584A1380228A33
:10571000574B1A80574B1B78012B09D11F2000F0E3
:10572000C1FEFA22920042430421307806F024FAA6
:105730000022484B75E7312B00D070E70022454B23
:105740001A700323A0E706220021434806F08CFAD2
:105750000023454A04211380444A30781380444A88
:10576000138006F031FB0821307806F02DFBA37979
:10577000083B5A425341304A03331370304B1B7875
:10578000002B06D0334B30781A78002A06D001F06F
:10579000B3FC0122314B52421A8096E70121197065
:1057A00006F09AFAF5E70821307806F00DFB6378E9
:1057B000002B00D047E72C4B2D4F0293E388029A31
:1057C00004211380294B307803932389039A138093
:1057D00063893B8006F038FA002800D033E7264B77
:1057E0001B68002B00D12EE7039902983A8809889C
:1057F00000881B68984726E74379132B00D022E7DF
:105800000389012B0AD11D4B1B78022B06D10821DD
:10581000307806F0D9FAFFF72BFE14E7052000F0E8
:1058200041FE08210200307806F0A6F90BE7C046D9
:105830003264FF1F051400003164FF1FCC63FF1F9B
:10584000E841FF1FC941FF1F0664FF1FE763FF1FF9
:105850000864FF1F0A64FF1FD963FF1FC041FF1FB9
:10586000E063FF1FE263FF1FD663FF1FD463FF1FC8
:10587000D263FF1FD863FF1FC863FF1FD063FF1FE2
:105880008020C001014200D0E2E6CB0731D5324B87
:105890001B78002B1DD0314E05AC3378052B1AD167
:1058A000023B23702E4B21001B7823722D4B1B785B
:1058B00063722D4B187801F085FB002809D0072072
:1058C0002A4B30701B68002B03D01B68002B00D0C4
:1058D00098470120BCE60E20254B06221B7825495F
:1058E0002370254B1B78637002ABC01805F07CFF5A
:1058F000D8E7022308001840194209D0174B1B783B
:10590000052B03D11D4B188806F056F802209FE6A0
:105910000424214203D0FFF739FD200098E6082334
:1059200008001840194200D193E6154B1C78012C51
:1059300003D0022C0DD008208AE6124B124A1349DC
:1059400013481B881288098800880094FFF7E0FD3F
:10595000F1E7FFF78DFDEEE70A64FF1F3164FF1FDB
:10596000C241FF1FE463FF1F3264FF1FCC63FF1FB0
:10597000E663FF1FC341FF1FE563FF1FC041FF1F19
:10598000D063FF1FB841FF1FBA41FF1FBC41FF1F7B
:10599000BE41FF1F10B502A804880B20002C10D1B7
:1059A000496808784978090201430C48814209D1C5
:1059B000022119800A4B59881170DB7800205BB2F4
:1059C000537010BD074C0A20A142FAD10221198060
:1059D000034B998811705B79F0E7C0466E2A00008E
:1059E0005C61FF1F6F2A0000F7B5150008AA168832
:1059F0004A680F4F14785278120222430A24BA429E
:105A000014D10122DBB2019200962A0005F040FE7B
:105A1000041E0BD1074B1B68002B07D068782A782F
:105A20000002104342425041013098472000FEBD21
:105A3000022900004464FF1F30B5012503790400EA
:105A4000BFB02B4225D01449408805F091F9284277
:105A50000CD0124B01A95B8D60880B8002234B8018
:105A60000F4B00225B888B8002F044F90D4960885F
:105A700005F07EF9C0070CD50B4B01A91B8800224D
:105A80000B8002234B80064B9B888B80608802F042
:105A900031F93FB030BDC0463C64FF1FEC41FF1FF1
:105AA0005C61FF1F3464FF1F4642FF1F10B50749AA
:105AB000074805F013F90749054805F00FF90721D4
:105AC000054A064805F0CCF810BDC0463C64FF1FEF
:105AD000FFFF00003464FF1F18BF0011EC41FF1FDF
:105AE00010B5024802F08AFF10BDC046395A0011B5
:105AF0000200F0B501270A480A4E51188B1A002BF4
:105B000000DCF0BD082415784308684038404000A8
:105B1000805B013C58406D08002CF5D10132EDE767
:105B2000FFFF000032BF0011F0B500250F269D4297
:105B300000DBF0BD4C5D070944403440A400A05890
:105B400001357840F3E7000070B50C0088B06B4673
:105B50000F2610340A7801311500120935401D70E6
:105B60005A700233A142F5D120236946024AFFF759
:105B7000DBFF08B070BDC04638BF0011F0B54E78ED
:105B80000B7889B036020C00170001901E43012AE1
:105B900061D9954B9E4200D877E001339E421CD1DB
:105BA000062A17D1CA788B7812021A430B791B0484
:105BB00013434A7912061A438C4B5A6100221A7019
:105BC0005A808B4A5A608B4A9A608B4ADA6000206E
:105BD00009B0F0BD88225205EEE7884B9E423CD1C9
:105BE00082498B78002B00D0F6E00C2A31D10F22AD
:105BF000A3789343E27812021343227912041343E9
:105C00006279120613434B60E279A07912020243D3
:105C1000207A00041043627A12060243CA60E27AD4
:105C2000A07A1202024376484A81834208D80423AC
:105C30006E49142201980B7005F0D6FD1420C7E7B9
:105C40001201D21889235B059A42F0D801238B7088
:105C5000BDE7022AFAD00523EAE76A4A0123964201
:105C6000E6D1FFF705FC052F0CD9E378A2781B02DB
:105C70001343227912041A4363791B061343624AC1
:105C80000393136005F0A0FFA1E7584D2B78002B7C
:105C90009DD1AB78002B00D1A0E02B8901339BB2C2
:105CA0000093B34200D091E0132AD4D9CF7C8B7CEF
:105CB0003F02122120001F43FFF71AFF874200D046
:105CC0008EE0002E3DD1E378A2781B0213432279A7
:105CD000E96812041A4363791B06134303930A22EB
:105CE0008B4212D1FF23A370E370237163716B8920
:105CF000002B09D1E37B227C1B0212041343A27BFD
:105D000013431B0901336B8100226B89002B8ED05A
:105D1000002A67D1686837013818000B6B690003E7
:105D20000390984205D9686105F02EFDEB780133A8
:105D3000EB7068681022A11C381805F06DFF2E81E9
:105D400045E76F89009A7B1E9BB293423AD1E27875
:105D5000A37812021A43237905A81B04134362791E
:105D60006C6812061A43EB6800920392211D0C2204
:105D7000049305F039FD0120260004A940421036A5
:105D8000FFF7E2FE013F012F17D1009A0B23286194
:105D9000824200D04CE704221C49200005F03CFF61
:105DA000042203A9686805F067FEE968039AFF23E7
:105DB000914200D13CE7F73B3AE73100FFF7C4FEE0
:105DC0001036DFE70923B742A4D831E7009BB3427E
:105DD00000D9FCE607232BE7022329E7032327E763
:105DE000062325E70A2323E7FFFE00006042FF1F8A
:105DF00000000111FFFF00005048593601FF00006C
:105E0000FFFF001102FF000034F000406C42FF1F52
:105E100010B5034C0B000122210000F06BFA10BDFD
:105E2000D15F00110B8870B506000D000224162BFF
:105E300011D92B000322094900F05CFA041E0AD193
:105E4000074B2A881B88191C934200D9111C30006B
:105E500089B200F0EDFA200070BDC046FD5F001170
:105E60005A64FF1F10B54A780400013A0B00022063
:105E7000012A07D80A78002A04D005222000024906
:105E800000F038FA10BDC0462B6000110A7810B53A
:105E90000B0004000220002A04D00722200002493F
:105EA00000F028FA10BDC046D76000110A7810B57E
:105EB0000B0004000220002A04D00922200002491D
:105EC00000F018FA10BDC0463D61001110B5034C3A
:105ED0000B000B22210000F00DFA10BD6D610011C6
:105EE00010B5034C0B000D22210000F003FA10BD89
:105EF000DF61001110B5034C0B000F22210000F0F0
:105F0000F9F910BD396200110A7810B50B000400D0
:105F10000220002A04D011222000024900F0EAF9F0
:105F200010BDC04649620011002310B513221900AC
:105F300000F0E0F910BD000010B5034C0B00172273
:105F4000210000F0D7F910BD9B620011002310B5AD
:105F50001922190000F0CEF910BD000010B5034C55
:105F60000B001B22210000F0C5F910BDD562001105
:105F7000F7B584890D0006000121002C22D00023F2
:105F80008268D3561778002B1EDA0C2C1AD90C3CD9
:105F9000A4B2131940880093230002F090FE431E20
:105FA000984101307B06DB0F6B703F23013C1F40A3
:105FB000A4B22870AF70AC80002C07D0B368013356
:105FC000AB6000210800FEBD0020EBE7AC60F8E705
:105FD0000B7803704B8843704B881B0A83700B79D6
:105FE000C370042070470420022B06D10020537890
:105FF00011781B02009A0B43138070470B880370C3
:106000000B881B0A437002207047042000998342CA
:106010000AD1537810781B0203430B80D378907811
:106020001B02034300204B807047F8B50D004B78EE
:1060300001240021461C03702B788B4201D82000DC
:10604000F8BD6B78B01C4F1C012B10D1890069186A
:106050004B88022233704B88B9001B0A7370691891
:1060600005F06AFC04360434A4B2F9B2E4E7122362
:1060700059436B185A88043132705B8810221B0A0E
:106080007370691805F058FC12361234ECE770B5DD
:10609000049D14001E00052B01D8042070BD6378F8
:1060A00012781B0213432B80E378A2781B02134360
:1060B00002226B802A71211D681D063E05F03CFC02
:1060C000B2B22A81E92AE8D82800A11D0A3005F0D9
:1060D00033FC0020E2E7002310B50A789A4201D889
:1060E000900010BD9A008A185488013304705488B7
:1060F000DBB2240A4470948884709288120AC270B9
:106100000430EAE710B51100029C062B04D00420ED
:106110001022142B01D010BD022222714B78087876
:106120001B0203432380CB7888781B0203436380E0
:106130000431601D05F000FC0020ECE710B50C7880
:106140008B7804315C43E4B203702200013005F027
:10615000F3FB601C10BD0420022B06D100205378F5
:1061600011781B02009A0B431380704710B50C0086
:106170000A88023105F0E0FB208810BD70B50400EC
:106180000D0004981100012B01D8042070BD167871
:1061900052781202324302800200F13255701470BC
:1061A000E125002C00D10C35023B9AB24280AA4274
:1061B000EBD80231043005F0BFFB0020E6E70420F5
:1061C000009983420AD1537810781B0203430B8055
:1061D000D37890781B02034300204B80704710B5A2
:1061E0000C000A88023105F0A7FB208810BD0000D2
:1061F00070B501211E000420049C0E400B4218D1F2
:10620000CB40DDB28D4214D90A49DBB209889942EC
:106210000FD32300EE331D70330058001118497856
:10622000165C0902314301332152D9B28D42F4D8B0
:10623000002070BD7842FF1F10B50C000A880231A3
:1062400005F07AFB208810BD10B50C788B780431EE
:106250005C43E4B203702200013005F06DFB601C6A
:1062600010BD10B511000298032B01D8042010BDF9
:1062700014785278043B120222430280CA788C7848
:106280001202224342809AB28280EB2AEED8043175
:10629000063005F051FB0020E9E710B50C000B8833
:1062A00003700B881B0A43704B8883704B881B0A52
:1062B000C3708A880430063105F03EFBA0880430A4
:1062C00080B210BD0420012B03D100201378009A66
:1062D0001370704710B50C000B8803700B881B0AF5
:1062E00043704A880230043105F026FB6088023092
:1062F00080B210BDF0B589B003931D4B02924200ED
:106300000700D05A019102F022F81325061E2CD066
:10631000029B01240370019B002B04D000190399F8
:106320009847001984B26B461B7A5BB2002B0FDAD8
:106330001021380002F01CFB1925002812D1300072
:106340003219E1B202F070FC051E0BD10C34A4B27C
:10635000042305A938000B800C814E6001F0B2FDCA
:10636000051E02D0300005F07FFA280009B0F0BD0C
:106370005864FF1F70B505000C0000280CD00020E9
:10638000814209D010222000044905F0D5FA0120ED
:106390002B7823736B78637370BDC04678BF001190
:1063A000F0B506000D0017001C0085B002291BD0B7
:1063B0000020102907D1022B07D0102B03D115E0A4
:1063C0000020102C08D005B0F0BD69463800FFF75A
:1063D000D1FF2A0069460BE069463000FFF7CAFF8B
:1063E00022006946380004E0022BE9D12A00390076
:1063F000300005F051FBE6E7031CF02800D9F0233C
:10640000032008499AB2013A0B80D317034006498A
:106410009B189B100B80D30F04499B185B100B80BB
:106420007047C0467C42FF1F7A42FF1F7842FF1F21
:10643000034B1B888B4202D3024B4000C152704772
:106440007C42FF1F5864FF1F014B4000185A7047E1
:106450005864FF1F1722014B1A8070475864FF1FB2
:1064600070B505000E2005F03FFA041E13D0D023AE
:10647000037000230622837007494570033005F03E
:106480005BFA064B2100DA8A62811B7E2373044B80
:10649000187805F011FB70BD7464FF1F6464FF1F62
:1064A000CC42FF1F262803D8024B4000C05A704739
:1064B0000148FCE77E42FF1FFFFF000070B50600A9
:1064C0000C00094D1C220021280005F0CDFB074BD4
:1064D0001E70074B1C7005F03FFA0123002801D005
:1064E000002312202B7070BD6464FF1FCC42FF1F7D
:1064F0008564FF1F70B505000D4C0800E260A160C7
:1065000010220021656005F087FA012803D11021CF
:10651000A06802F061FD10220021280005F07CFA3D
:10652000012803D11021606802F056FD70BDC046FD
:106530006464FF1F70B5041E05D1002903D0062234
:106540000D4805F0F9F90D4B1D78012D11D1002CE6
:1065500005D102221A7005F01FFB280070BD002231
:106560001A70074B1B78FF2BF7D02000FFF778FF3E
:10657000F3E70025F1E7C0467464FF1F6464FF1F62
:10658000CC42FF1F030010B5002801D1002010BD30
:1065900000780B4A002803D15988D1821B791376E1
:1065A0001378022BF2D10023984200D103331370E9
:1065B000044B1B78FF2B01D0FFF752FF0120E6E7C9
:1065C0006464FF1FCC42FF1F002911D000280CD0AB
:1065D0004B79012803D140225242134303E03F226A
:1065E0001340032802D001204B7170474022F4E78A
:1065F0000800FAE770B5094D0100287800280BD093
:10660000074C0622200005F097F921002878FFF7B3
:10661000DBFF200005F0C0FB70BDC0468464FF1F97
:106620005E64FF1F00290AD0012808D13F224B7960
:106630009343C02B03D0403B5A425341981C7047B0
:1066400070B5174D06002B78FF2B15D00A2005F0EA
:106650004BF9041E10D0D0230370C83B8370114B3C
:1066600011491B784670C3700622043005F064F9A6
:106670002100287805F020FA0C4B1B78012B0DD156
:106680000B4B1B68002B03D09B68002B00D0984756
:10669000084B04211878084A05F066F870BDC0461A
:1066A000CC42FF1F8464FF1F5E64FF1F8064FF1FD6
:1066B000AC64FF1FB064FF1F60EA0000014B9868E4
:1066C0007047C0466464FF1F014BDB681868704761
:1066D0006464FF1F074B10B5DA6813680133136059
:1066E000054B1878FF2803D08021C90105F0F4FA82
:1066F00010BDC0466464FF1FCC42FF1FF7B50E00FB
:1067000002F0CAF8051E1CD00E4B06621F78002F3F
:1067100000D10778AB791020019305F0E5F8041E4D
:106720000FD0D0230380C73B8370019BE91DC3704A
:106730000622043005F000F921003800E66005F07B
:10674000BBF9F7BDCA42FF1F014B18787047C0461E
:106750008464FF1F054B002805D1054B1A78054BB3
:10676000002A00D1014B18007047C0467464FF1F17
:106770008464FF1F5E64FF1F014B58687047C0466A
:106780006464FF1F024B1868431E9841C0B27047F3
:106790008864FF1F421E03000120152A03D9FF3B16
:1067A0005A425341D8B27047F0B51C0000230E0086
:1067B00085B0039002920B70029A934201D300209D
:1067C00019E0E55C5A1CD2B2002DF8D0029851199C
:1067D0008142F4DC0233DFB2A35C18000193FFF7BF
:1067E000D9FF002807D0013D019A0399EBB233701D
:1067F0008A4202D1E01905B0F0BDDB19DBB2DBE75C
:1068000010B50C0002F0A0F803001220002B03D0FA
:106810002100588805F028F910BD000070B50E4D14
:1068200084006359002B15D0186A002801D005F0A8
:106830005BFA2B59586A002801D005F055FA2B59FC
:10684000986A002801D005F04FFA285905F04CFA53
:1068500000232B5170BDC0469464FF1F1C4B70B5C4
:1068600004000E00150099420AD11A4B1B68002B38
:1068700001D1122070BD1B68002BFAD09847F9E7B0
:10688000154B994215D1134B1B68002B0AD01B687E
:10689000002B07D09847002804D1104B1C70104BD8
:1068A0001D70E7E729002000FFF7AAFF0028E1D1CB
:1068B000F3E7080001F0F0FF0028DAD003780320A6
:1068C000A342D7D12900300005F0CEF8D2E7C04668
:1068D000FEFF00009064FF1FFFFF00008D64FF1F9C
:1068E0008C64FF1FF7B50400808801F0D5FF0025F8
:1068F000A84203D00578A08802F00AF81C4E33782D
:10690000002B1FD0AB421DD11A4B28001978FFF77E
:1069100077FF002818D000233370A3790820A778C8
:10692000A688019304F0E0FF011E0DD0D023037070
:10693000CA3B8370019B477086808371280005F0F5
:10694000BBF801E0002DE8D1A0880B4B8200D358A2
:10695000002B01D0FFF762FF1721A088FFF768FD29
:10696000A08801F02BFDA08801F002FEF7BDC04613
:106970008D64FF1F8C64FF1F9464FF1FF0B587B008
:106980001D000CAB1B88070001930DAB1B88142066
:1069900002930EAB1B88160003930FAB1B8800916C
:1069A000049310AB1B88059304F09EFF041E1AD0BD
:1069B000D0230370CB3B47708370C670062229003A
:1069C0000430002D11D004F0B7FF019B210063813A
:1069D000029B0098A381039BE381049B2382059B78
:1069E000A37405F069F807B0F0BD05F03DF9ECE7D8
:1069F000F7B5009308AB1B8807000C200D001600AC
:106A0000019304F071FF041E13D0280001F044FF2D
:106A100000280FD00078D0232370C93BA370009BBF
:106A200021002381019B6770A580E680638105F0CA
:106A300043F8F7BD014B1878EDE7C046CC42FF1F85
:106A400013B5040064890389C2888188C0780094E2
:106A5000FFF7CEFF13BD000010B5044C20680028DE
:106A600003D005F041F90023236010BD9864FF1F97
:106A7000A122F0B5818892004A43384B384F1B68F9
:106A800089B09B189D2292009B18827904001A609D
:106A90003B68002B5FD01D78324B1B68002B04D065
:106AA0005B68002B01D00020984726000836310093
:106AB000E079FFF7B7FD237DE0710200E0780493F1
:106AC000638A29000393238A0293E3890193A388AD
:106AD00000933300FFF752FFE378002B0BD1E289DC
:106AE000A379A18802920196E279280000920122FE
:106AF00001F0DCFEE0703B68002B20D0FFF7ACFF1C
:106B0000194D287800281AD0184B1978FFF778FE0D
:106B1000002814D02B780820A788E678079304F083
:106B2000E3FE011E09D0D0230370CA3B4670837078
:106B300087808671079804F0BFFF00232B70172110
:106B4000A088FFF775FCA08801F038FCA08801F050
:106B50000FFD09B0F0BD064B9DE7C0463409FF1F8D
:106B60009864FF1FAC64FF1F8D64FF1F8C64FF1FC0
:106B7000CC42FF1FF8B5070008000E0001F08CFEA4
:106B8000041E18D02620FFF78DFC051E00D12578A5
:106B9000062004F0A9FE041E0DD00021062205F0F7
:106BA00063F8D0232370C23B21006770A370A680D6
:106BB000E8B204F081FFF8BDF0B585B001930AABEF
:106BC0001B78070002930BAB1B7808000D000092A6
:106BD000039301F061FE061E22D0102004F084FE13
:106BE000041E1DD01022002105F03EF82620FFF7DC
:106BF00059FC002800D13078D0232370C13BA3700A
:106C0000009B21002372019B67706372029BA58029
:106C1000A372039BC0B2E3720C9BE36004F04CFFD1
:106C200005B0F0BDF7B50D00019001F035FE071E6F
:106C30001FD00E2004F058FE041E1AD02620FFF7A5
:106C400031FC061E00D13E78D0232380C53BA370C3
:106C5000F91D0622E01C04F06FFE019B21006381F8
:106C600001232B40AD07ED0F23736573F0B204F0E1
:106C700023FFF7BDF0B585B0029010000D0017009E
:106C80000A9E039301F008FE041E31D0029B002BE4
:106C90002ED1039B02795B0724D5122313430422D0
:106CA000002E08D10B99002905D10C99002902D199
:106CB0000D9900291AD01A430D9B2271002B00D088
:106CC000C9E0002E00D1CFE0002D00D0CCE0606AFA
:106CD000002801D005F008F81C21300005F03CF830
:106CE000606205E002239A430E33D7E79343237192
:106CF000654BBA00D458002C00D1AAE0002E10D069
:106D0000236A002B03D11C2005F02EF820625E4B75
:106D1000BA00D358186A002803D01C22310004F0AE
:106D20000BFE0C9B002B12D0574CBB001D596B6AFD
:106D3000002B03D1162005F017F86862BB00E3585A
:106D4000586A002803D016220C9904F0F5FD0D9B1B
:106D5000002B11D04C4DBC006659B36A002B03D1F7
:106D6000142005F001F8B0622B59986A002803D06E
:106D700014220D9904F0E0FD380001F08DFD051E90
:106D800067D0414BBA00D358002B62D01A6A342026
:106D9000002A00D11C389A6A002A01D0143080B22F
:106DA0000B9A002A01D01C3080B25B6A002B01D004
:106DB000163080B204F098FD041E4AD0182200213B
:106DC00004F052FF2620FFF76DFB0190002801D14F
:106DD0002B780193D0232370029B200063700A2339
:106DE000294EA370039BBD00A371AB59A780196AFC
:106DF0001830002905D01C22A06004F09DFD200061
:106E000034307359996A002907D0030014221433CF
:106E1000E060029304F090FD02980B9B002B08D0D9
:106E200003001C221C330B992061029304F084FDA3
:106E300002987359596A002903D01622606104F040
:106E40007BFD6B462100187904F036FE3800FFF711
:106E5000E5FC05B0F0BD10220D9B0D991B69A01833
:106E6000236204F069FD2CE70B9B002B00D13FE768
:106E7000012D00D03CE7606A002801D004F034FF07
:106E80001C210B982AE7C0469464FF1F10B5044CE0
:106E90002068002803D004F027FF0023236010BDE2
:106EA0008864FF1F0B4B07B51A68002A01D1002028
:106EB0000EBD6946531C012012780731FFF774FCA0
:106EC0000028F4D002780123100018401A42EED0B6
:106ED000EEE7C046A464FF1FF0B51F4F01203B68DA
:106EE00087B0002B25D09B78059300F0B3FB0028DA
:106EF00021D00A20FFF7D6FA04000B20FFF7D2FAC0
:106F0000164B05001E78731E9E413B68F6B2191D94
:106F1000D878FFF759FB3B682900DA7A04330392EB
:106F20009A7901930292009033002000059A04F0B0
:106F3000B3FC07B0F0BDFFF7B5FF002805D0062071
:106F4000FFF7B0FA04000720D8E70820FFF7AAFAF5
:106F500004000920D2E7C0468864FF1F8464FF1F35
:106F600070B50A4E040033780D00FF2B0DD00420BD
:106F700004F0BAFC011E08D0D0230370CE3B45704C
:106F80008370C470307804F097FD70BDDC42FF1F41
:106F900070B5040006200D0004F0A6FC011E0AD006
:106FA000D0230370CD3B8370054B44701B688580F4
:106FB000187804F081FD002C01D0FFF767FF70BD49
:106FC0008864FF1FF8B5264F06003B680D001124AA
:106FD000002B05D10522234B1B78134202D112242A
:106FE0002000F8BD204A10241268002AF8D0127838
:106FF000002AF5D0DB0719D52B789A1E012A1AD85A
:107000000C2004F0B1FE132438600028E8D00023DF
:107010000A22437029000670023004F08DFCFFF74D
:107020005BFF041E0AD0FFF731FFD9E700F012FB27
:107030000028E1D1E4E7002BE2D0D0E70B4B1B782E
:10704000032BCDD11D20FFF72DFA094B1880002806
:10705000C6D0084B04211878074A04F085FBBFE727
:107060008864FF1F8564FF1FA464FF1F8464FF1FE3
:107070008264FF1FB064FF1F60EA0000F7B5019350
:10708000194B14001A78052306000F0012201A422B
:1070900021D0012920D1154B1D68002D1BD00220C5
:1070A0001F2C18D8002C02D0019B002B13D0104BA2
:1070B0001F221E706E1C0021300004F0D5FD0199C6
:1070C0002200300004F038FC310020002C70002F2A
:1070D00006D004F0F9FCFEBD064B12201D68DCE76B
:1070E00004F03AFBF7E7C0468564FF1FA464FF1F66
:1070F000DC42FF1FA064FF1FF8B50F4E1224336857
:10710000002B17D01B780F3C834213D100250B4F67
:107110000221387804F058FE094B042138781D808C
:1071200004F052FE074B28001D8033685C7004F0A9
:10713000B3FD04002000F8BD8864FF1FB064FF1F8A
:107140009C64FF1F8264FF1F70B5012823D11B4C74
:107150002388002B03D01A4A1578002D07D0194B2D
:107160001B68002B02D01878FFF7C6FF70BD3B2BC1
:1071700002D93C3B2380F9E7134E0221307804F01A
:1071800023FEFA222388920002215A43307804F029
:10719000F3FC2580EAE70B4B1B68002BE6D00B4B7A
:1071A0001B785B07E2D5084B0221187804F00CFE2F
:1071B0000022024B1A80FFF769FED7E79C64FF1F8D
:1071C0008064FF1F8864FF1FB064FF1F8564FF1F7A
:1071D000F8B51E4D2868002803D004F085FD002373
:1071E0002B601B4E3068002803D004F07DFD002387
:1071F0003360184F05243B7818002040234221D0EB
:10720000154800F02BFA3B78234213D0202004F0DD
:10721000ABFD2860002813D02022002104F024FDBB
:10722000202004F0A1FD041E306005D020220021A2
:1072300004F01AFD002004E0286804F055FD2C60DD
:107240001320F8BD00F00AFAF4E7C046A464FF1F5B
:10725000A064FF1F8564FF1FD042FF1F10B50A4CBA
:1072600023681A1E0ED0002808D10130587004F08F
:1072700013FD002805D02368002B02D00021FFF762
:1072800087FE0122100010BD8864FF1FF7B5274E4E
:10729000050033680191181E21D05C78244F012C21
:1072A00030D1FFF7FFFD002825D02000FFF7FAF8C6
:1072B0000400412814D91F4B022118781E4A04F0FB
:1072C00053FA1E4B3C3C1C80022233685A703B78B8
:1072D000002B14D128000199FFF75AFE0120FEBDB2
:1072E000FA2292004243002AEED0124B0221187873
:1072F00004F042FCE8E7FFF7D5F80200F3E70023CB
:107300003B70EBE73B78002BE8D1032004F0ECFA6C
:10731000011E08D0D0230370CC3B457083703368C6
:10732000187804F0C9FBFFF7B1FDD7E78864FF1FA9
:107330008064FF1FB064FF1F60EA00009C64FF1FB1
:1073400010B51749838802008B4220D011D8154907
:107350008B4217D0144900205B1899B2012907D835
:10736000926811785A425341D8B2FFF7F9FD0120D3
:1073700010BD0E4A00209B1807229BB29A42404142
:10738000C0B2F5E783681878FFF768FFF0E7836815
:1073900099785A78090218781143FFF777FFE7E7E1
:1073A0000A20000006200000F8DFFFFFAFDFFFFF2C
:1073B000014B18707047C046DD42FF1F10B5064CE8
:1073C000207001F045FA207804F0D6FC05212078E1
:1073D00000F068FD10BDC046B064FF1F0BB273B56E
:1073E0000D00002B00DBC4E0884B187804F014FA81
:1073F000041E0ED00378912B0FD0A22B00D1A1E058
:10740000834B1878FF2852D0210004F055FB002848
:107410004DD180200002684076BD43780F2B76D096
:1074200013D8052B70D00E2BEAD18088794B984267
:107430002BD8794B98421BD8784B9842E0D1A3685F
:107440001878591CFFF776F838E03E2BD8D18378AE
:10745000032B74D06CD8012B6ED0022BD0D1704B83
:107460001B68002B23D05B68002B20D098471EE0C0
:107470006C4BC0180C28C3D804F0BEFA1DC2C2154C
:107480000BC20B0B0B3223C23C00674BC018072802
:10749000B6D8664B1B68002B09D01B68002B06D0A2
:1074A000200098470AE0A3681878FFF7C9F8200081
:1074B00004F022FBADE7A068FFF764F800289FD036
:1074C000F5E7A3681B78002BF1D0554B1B68002B08
:1074D000EDD01B68002BEAD0210055489847EDE716
:1074E0004F4B1B68002BE2D01B68002BDFD0210024
:1074F0005048F3E7504B1B68002BD8D05B68002B3B
:10750000D5D021004348E9E7FFF7ECF9CFE78088C1
:107510004A4B984203D04A4B984200D070E7464B02
:107520001B68002BC3D05B68002BC0D02100D5E7BF
:10753000153B012BBBD963E7FFF79AFAB7E7FFF7D3
:107540007FFAB4E73F4B1B78042B07D100236A4630
:1075500013800179408800F0CBFCA8E7364B1B680C
:10756000002BA4D05B68002BA1D0010036489847BF
:107570009DE7012421420AD0294B1B68002B04D02F
:107580005B68002B01D000209847012043E78B0760
:107590000AD5264B1B68002B04D05B68002B01D05A
:1075A00020009847022036E70421280008400D42B9
:1075B00000D131E7254E3388002B21D0013B9BB20F
:1075C0003380002B1AD1FFF7DDF800280AD0204BBA
:1075D0001C70164B1B68002B04D05B68002B01D07D
:1075E00020009847FFF7C8F8694601F00CFD68468F
:1075F000FFF700F81D20FEF755FF308004200AE752
:10760000024B187804F0E0FBF8E7C046B064FF1FB7
:10761000DD42FF1F0E2000000120000009100000C5
:10762000A864FF1FFEDFFFFFAFDFFFFFAC64FF1F9B
:107630000C2000000B2000009064FF1F0D200000B4
:10764000132000008564FF1FFFFF00008264FF1FFE
:107650008064FF1F10B501F09FF910BD014B186049
:107660007047C046AC64FF1F0B880020162B01D862
:1076700017230420014A13807047C0465A64FF1F35
:1076800000207047074A03001188814207D0918883
:107690000020994202D1013080001018704700206C
:1076A000FAE7C046B864FF1FF0B58F7806000D00FA
:1076B000C5B01E2F15D1FFF7E5FF051E03D100242D
:1076C000200045B0F0BD00223B003100C0780092A0
:1076D00000F0B8FB0400A81C00F0D8FBFF23EB70FF
:1076E000EEE7264B062403931B78FF2BE8D0182FD8
:1076F000E6D87B08224A013BDB0002929A58944666
:10770000002ADDD0029AD3185B68002BD8D0087805
:10771000002802D14B78012B02D10624122FCFD1A1
:1077200007AFAB88697800976446AA68A047041E33
:10773000C6D1AB78029A5B08013BDB00D318390055
:1077400030005B689847041E0BD1AB78042BB6D091
:10775000039A310010782200009700F073FB0400B8
:10776000AEE76A78002AABD1AA7805A93B880871F0
:1077700030000A704B80FEF74BFBA0E7E042FF1F92
:1077800088BF00111D4B37B5050098420BD000296A
:107790000AD1FFF777FF002805D11948FFF772FFDC
:1077A000002800D0058037BD01291AD1FFF76AFFF4
:1077B000041EF8D001235B420380A378FF2BF2D094
:1077C000FE2B07D00023E0781422009329001E33FB
:1077D00000F038FBA01C00F059FB01235B426380E2
:1077E000E1E70229DFD1013901F0C2F80028DAD13E
:1077F0002800FFF747FF041EDFD1D4E7FEFF00009B
:10780000FFFF0000022210B5074B52421A800748C2
:1078100001325A809A80DA8000F084FA044801F03C
:1078200029F8002010BDC046B864FF1FA9760011DA
:10783000857700110388F7B50400002B02D10225DB
:107840002800FEBD42680221137825485268FEF7E1
:10785000A7FD00282ED0234F01253A88002AEFD01B
:10786000802321885B0201259B1A9942E8DC0C20C9
:1078700004F07AFA061E31D03B8822889C46002309
:107880001800019561469DB2491989B2AA421BD8D8
:10789000002801D062443A8000233000082208C04A
:1078A000210004F049F8104A1368002B13D1002579
:1078B0001660C5E76268022113780C485268FEF72B
:1078C0006FFD0028C7D1BAE760681D0140194181EA
:1078D00001330198D6E71A001B68E6E71325AFE7E6
:1078E000F6BF0011DE42FF1FB464FF1FF4BF00119A
:1078F000014B18707047C046E042FF1F14230A0076
:1079000010B51A40194204D00122102101F04CF8A0
:1079100010BD4B06F9D4C843022340001840F7E7D6
:1079200010B514008B0604D50122102101F03CF89B
:1079300010BD08230A001A40194202D14BB2002B95
:107940000FDA102101F030F8002808D02300F233BC
:107950001B78002BECD0F1342378012BE8D10020E8
:10796000E6E703208907FAD4E2E70000F0B51F003C
:10797000184B85B01C68019002910392002C27D10E
:10798000200005B0F0BDA5683301ED186B89019AA0
:10799000934211D3029A93420ED8002F04D10A9B2E
:1079A000002B10D12C00EBE73B002978039A686884
:1079B000FEF7F6FC0028F2D10136B6B2A388B34236
:1079C000E1D82468DAE7A3680A9A5B891380E9E7BB
:1079D0000026F3E7B464FF1F37B50C000A88498816
:1079E0000123914217D3002A15D0651D23792A005F
:1079F00002210A48FEF7D4FC102300280BD023797B
:107A00006188208800242A000094FFF7AFFF0A2332
:107A1000A04200D0230018003EBDC046F6BF0011B2
:107A200013B50A0008884988012388420BD800282A
:107A300009D00024137905320094FFF797FF0A2339
:107A4000A04200D02300180016BD13B50A00088814
:107A50004988012388420BD8002809D000241379D3
:107A600005320094FFF782FF0A23A04200D02300D2
:107A7000180016BDF0B58BB003904A8808880E0038
:107A80000123824213D3002811D00023012704AC24
:107A900023700022718813000092FFF767FF050032
:107AA0002078002D06D122780A23002A41D118001F
:107AB0000BB0F0BD002835D12B78022B18D16770A0
:107AC0006A8983000130E31880005A8069680222C5
:107AD000201803F031FF23780133DBB22370042B2D
:107AE00019D93B006889013080B2002BD1D0DAE788
:107AF00002236370122358436A89231804305A8082
:107B000069681022201803F017FF23780133DBB2D5
:107B10002370002BE5D10A4A6B899B185A425341C6
:107B2000DBB2DFE76378012BE4D12B78022BC7D0DF
:107B3000B9E721000398FEF795F90023B7E7C0469F
:107B40000100FFFF0F4BF0B504001868002816D0A5
:107B500083685D89A54207D88288AE18B44203DAEB
:107B600012019A18934201D10068EFE71E005F8965
:107B70001036A74204D1002900D00D801800F0BDB6
:107B80003300EFE7B464FF1F70B505000C000888F0
:107B90000021FFF7D7FF03000120002B04D02200B3
:107BA0002800197AFFF7BCFE70BDF7B50C00002560
:107BB00001902300EE331B78AB4201D800200AE08D
:107BC0006B00E65A00213000E718FFF7BBFF0028E2
:107BD00002D126800130FEBD017A0198FFF78EFEAA
:107BE000002802D03B882380F5E70135EDB2E0E7BD
:107BF00010B5040008880021FFF7A4FF030001204E
:107C0000002B03D02000197AFFF778FE10BD00008A
:107C1000054B1B68002B01D1180004E09A685289BB
:107C20008242F6D198887047B464FF1FF0B50E27E2
:107C3000002687B0039302ABFF183E8005001F4B60
:107C400040891400984207D02B78013000976A6869
:107C500080B2FFF78BFE060002212B7818486A6875
:107C6000FEF79EFB00280FD06C892000FFF7D0FFA5
:107C7000002802D0013C0419A4B2039B002B00D0C1
:107C80001C80300007B0F0BD02212B780D486A68D7
:107C9000FEF786FB0028E7D102212B780A486A68A4
:107CA000FEF77EFB002807D0002EDED03B88A342E3
:107CB000DBD17489013CDFE76C89DEE7FFFF000060
:107CC000F6BF0011F4BF0011F2BF001110B50C0097
:107CD000FFF7D8FC03000220002B0AD0002C00D0B4
:107CE00023609B781720FE2B03D00138FF2B00D197
:107CF000002010BD73B50D0001A904001600FFF7A8
:107D0000E5FF172805D0002E04D129002000FEF73A
:107D100025F976BD01221021200000F045FE002843
:107D2000F3D0F6E7014B18607047C046C464FF1FEC
:107D300037B56B469D1D010004000222280003F0A8
:107D400053FD2B88B02B0ED12379122B09D12300A0
:107D5000FA331B78012B06D10121608800F0E0F88E
:107D600001E01B2BF8D037BD10B5054B042118706E
:107D700000F098F8FFF746FDFEF76CFB10BDC0461B
:107D8000C864FF1F0020F0B50BB20F0087B083421C
:107D900034DA274B187803F03FFD051E2BD003780B
:107DA000A02B25D103AE3100FEF7E2F8041E0BD163
:107DB000B378DB0724D51F4B06341B68002B03D098
:107DC0003100688898470400A868002801D003F0B3
:107DD0004BFD002C08D1184A039B1340174A9342CD
:107DE00006D0B3781B2B03D00121688800F098F8E7
:107DF000280003F081FE80200002784007B0F0BD2B
:107E00000F4B1B68002B10D0310068889847041E68
:107E1000DAD07378002BD7D1B27801A90A704B80E1
:107E20000C716888FDF7F4FFCEE70624F1E7C04641
:107E3000C864FF1FC064FF1F00FFFF0000011200A5
:107E4000C464FF1FF7B50190FC200D0017001E0051
:107E500003F04AFD04001320002C12D0B0232000B0
:107E60002370089BF4226770658026710830002B10
:107E700008D0190003F060FD2100019803F01CFEFA
:107E80000020FEBD089903F0EFFEF5E710B5041ED3
:107E900006D00078FD2803D803F0EEFEFF23237000
:107EA00010BD00000A1F93B210B504000220032B7E
:107EB00005D882400020024BD1529B189C7010BD07
:107EC000E864FF1F0B8870B5043B04000D0002201E
:107ED000032B0BD80121200000F04AFD03001420E1
:107EE000002B03D02900200000F0DEFB70BD000055
:107EF00007B51300034A00920A00012100F02CFC90
:107F00000EBDC0462D81001107B5019203220092DB
:107F1000024B0A00122100F047FC0EBDAB8100119C
:107F200007B56B4601AA11800449D880087806334A
:107F3000012802D1190003F007FF07BDC964FF1F24
:107F40000C4B10B518700023FF210B4A13801381CE
:107F500093819380094A5380137051729381937275
:107F6000D174D3821375517703F03EFD00F0FCF914
:107F700010BDC046F864FF1FE864FF1FCA64FF1FFE
:107F8000F0B58DB06B46002003910C229B5E8342BE
:107F900000DBB1E05D4B187803F03EFC051E00D11C
:107FA000A5E00378902B00D09EE006AF0100468844
:107FB000380000F013FA79680400002900D19DE030
:107FC0003B88052B6FD13B89032B1CD905AC2000C6
:107FD00000F0A2F86288172A60D83989131D9942E7
:107FE00031D17968237804310291D90738D5607886
:107FF00000F08EF9071E06D0002303712378012BB1
:1080000008D0132B23D0A868002800D179E003F012
:108010002BFC76E06288029909A800F0A6F802908D
:10802000380000F08BF909AA2378387A01920022EF
:1080300031000092029A00F012F9380000F064F961
:10804000029B002BDFD0300000F080F9DBE70378E3
:10805000032BD8D16288029909A800F0D6F8DEE790
:1080600009AF122B12D13800029900F0B4F8021EA9
:10807000E9D127498B88002BC5D0887923780197CF
:1080800061780091310000F0EAF8BCE700233A0083
:108090003B8061783000FFF72BFFB4E71D4B09AA46
:1080A00009936178F6E7042B02D09A1F012AAAD817
:1080B000174A043B9B00995A0029A4D0D218907803
:1080C00031003A0000F0ADF800289CD13B88042B29
:1080D00003D001213000FFF723FF012C04D1A86851
:1080E000002801D003F0C0FB280003F005FD80202C
:1080F000039B0002434018000DB0F0BD012800D1E1
:1081000081E701213000FFF70BFFEDE7F864FF1F67
:10811000E864FF1F010017000B7803704B78437071
:10812000CB788A781B021343438070470A88030088
:1081300002700A88120A42700A88012A06D14A8807
:1081400082704A88120AC27004207047022082425C
:10815000FBD14A8804309A704A88120ADA708A88F9
:108160001A718A88120A5A71EFE710B504000120CB
:1081700082420CD94B780A781B0213432380834236
:1081800006D1CB788A781B0213436380002010BD90
:10819000022BFBD1CB788A781B02134363804B7987
:1081A0000A791B021343A380F0E70B8803700B8846
:1081B0001B0A43704B8883704B881B0AC3708B88E3
:1081C00003718B881B0A4371CB888371CB881B0A90
:1081D000C3710820704703000120082A14D14A788F
:1081E0000878120202431A80CA7888781202024381
:1081F0005A804A790879120202439A80CA798879AA
:10820000120202430020DA80704710B504000120FA
:10821000022A05D100204B780A781B0213432380E1
:1082200010BDF8B5060010200F00150003F05CFB30
:1082300004000120002C0ED0A0230C222900238052
:108240006780201D002D07D003F076FB2100300051
:1082500003F032FC0020F8BD03F006FDF6E7F7B5A9
:108260001E00009008AB142017001D78019103F048
:108270003BFB041E12D0A2230370019B4770438076
:10828000099B057146710C220830002B07D019009C
:1082900003F052FB2100009803F00EFCF7BD099992
:1082A00003F0E2FCF6E737B5041E0FD04388002B3D
:1082B0000CD00025C1881323007A17220195009560
:1082C000FFF7CDFFFF2365806372257037BD000087
:1082D00010B50C4904004A88002A09D08B89002B6C
:1082E00005D00020CB8A0222834201D010BD01229A
:1082F00013000A20434300204032C854C81842806B
:108300000472F3E7CA64FF1F0023438003707047C1
:10831000094B00211A0010B55C88002C06D01C798E
:10832000844203D10A234B43D01810BD01310A33D4
:108330000329F1D10020F8E7CA64FF1F10B504003B
:10834000407A03F099FCFF23637210BD704704303C
:1083500010B580B203F030FD002803D0042149425B
:1083600003F0A2FC10BD000070B50025104CA06801
:108370002580A581A580A84202D003F075FAA560EA
:1083800000250C4C0C4B606D1D80230058331D7074
:10839000A84202D003F068FA6565002560680028ED
:1083A00001D003F061FA013508340A2DF6D170BD11
:1083B0009065FF1F3465FF1F8465FF1F70B5041EA5
:1083C00009D1054D2880A881A880A868002802D07E
:1083D00003F04AFAAC6070BD9065FF1FF0B54B88A2
:1083E00085B00193002343600A7905000F00022A3B
:1083F00000D07BE0CA88032A17D98B685E78197889
:108400003602DC78D8790E4399781B7A24021B0255
:108410000C43034353495BBA0B80331D93421ED177
:10842000042C04D0631F022B0ED9012015E0019A01
:108430004D4B1201D35A002B06D00198FFF7BEFF17
:108440004A4A1369013313610421B8682E812C80D4
:10845000494203F029FC6860002005B0F0BD434D9F
:10846000042C06D0631F022B0FD9EB680133EB609D
:10847000DBE7019A3C4B1201D35A002B05D001983F
:10848000FFF79CFF2B6901332B61374B30000293C0
:10849000019B029A1B010193002301998C468B5288
:1084A000130063449C8003939E81FFF750FF039B5E
:1084B000041E986016D00421B868494203F0F4FB0A
:1084C000FA880100043A200003F036FA0199029A72
:1084D000FB888A5A043B9B18029A8B522B68013303
:1084E0002B60A2E7AB690133AB619EE71E4B0293A1
:1084F000019B1E01029BF35A002B2DD002998C196F
:10850000A068002828D0012A26D1FA889B189BB29F
:108510007352A189994217D39B1AC018B96803F006
:108520000BFA029BA289F35A934200D07DE7002206
:108530002B81A3882B80A3686B60029BF2520B4AAD
:1085400053680133536070E7084A936801339360BE
:108550000198FFF733FF68E7044A53690133536119
:10856000F6E7C046FA64FF1F9065FF1F0065FF1F16
:1085700070B5051E15D10B4C0B4B188023005833DA
:108580001870606D002802D003F06EF96565250053
:1085900050356068002801D003F066F90834AC4219
:1085A000F7D170BD3465FF1F8465FF1FF0B517005C
:1085B000A12285B0920001934243394B06001B680B
:1085C0000C009B18D933FF331D78FDF73DFF0430B5
:1085D000854204DD3000FDF737FF0430C5B2BD42EF
:1085E00007D33A0000213000019B03F08DF905B05C
:1085F000F0BD2900380003F0D7FA2300C6B250338B
:108600001E700393019B29006365380003F024FA70
:10861000CBB20293002B02D0039B01361E700026C2
:108620002300503303931B78B34204D8606D0028B5
:1086300031D10020DBE7029A2800002A04D0013B58
:108640001000B34200D02800F700E719387003F09B
:10865000D3FA786000280ED03A78019903F06CF9CB
:10866000019A3B780136D3180E4A0193D369F6B2CA
:108670000133D361D4E7039B18706065A74205D12D
:10868000084A1320D36A0133D362B0E7606803F06D
:10869000EBF80834F2E703F0E7F800236365C8E776
:1086A0003409FF1F0065FF1FF7B50D000700042107
:1086B000686803F0F9FA2B89040003702B891B0A00
:1086C00043702B8883702B881B0AC3702E89022568
:1086D0000436F6B2F42E15D81B4B9F4214D10C2051
:1086E00003F002F91135011E0CD0902303708E3B6C
:1086F0000371043B4380154B8460C680187803F0F7
:10870000DBF900252800FEBD5C237B43104AD3180B
:108710000093583301931B78002B0FD103003200D4
:1087200038000099FFF742FF019B05001B78002BE2
:10873000E8D13800009903F0CFF8E3E7054A0725B0
:10874000536A01335362DDE7FEFF0000F864FF1F48
:108750003465FF1F0065FF1FF0B587B0009017203C
:108760000F0016000193FFF7F2FD1325041E18D029
:108770000C98031E02D00199201D9847030AE3704C
:10878000052303A9A0700430088127700098667043
:108790000B804C60FFF788FF051E02D0200003F01D
:1087A00063F8280007B0F0BDF0B587B01F000CAB30
:1087B0001B780391059301210DAB06001C780492F0
:1087C00000F0D6F81425002821D02000FFF780FD06
:1087D0000135041E1BD01149059B0A780370013234
:1087E000D2B2131EC68001D101231A000B70227170
:1087F0003000049B03990097FFF7AEFF051E09D1D7
:10880000230021000648074A093303F055FA2800DF
:1088100007B0F0BD002363802370F8E7FC64FF1FFE
:10882000A782001130750000F8B505000E00064C57
:10883000064F2368002B02D03100280098470434EB
:10884000BC42F6D1F8BDC046A065FF1FB465FF1F4E
:108850000123064A5B425380002313715362044A8A
:10886000136053609360D36013617047B465FF1F5A
:10887000A065FF1F0200002310B506499C0008599F
:10888000002801D1625010BD0133052BF6D1132011
:10889000F9E7C046A065FF1F034A5388181A4342F0
:1088A0005841404210407047B465FF1FF0B585B095
:1088B00002930AAB1F780CAB1B88009008000E00D7
:1088C00001920393FFF7E8FF05001120002D1BD153
:1088D0000E48FFF7E1FF04001520002C14D00622FB
:1088E0000B99A771E01D03F027F8019B300023715D
:1088F000029B29006371009B66802370039B656265
:10890000E381FFF791FF280005B0F0BDFFFF0000F5
:1089100010B5FFF7C1FF04000220002C12D06088C0
:108920000121FFF781FF606A002801D003F0DCF924
:1089300028220021200003F097F9012300205B4248
:108940006380207110BD000030B5074A074C558880
:10895000010013780020A54204D05B1A59424B4114
:108960005842104030BDC046B465FF1FFFFF0000F5
:10897000084A10B501230C00904208D0FFF78CFF85
:10898000031E04D0037923405A1E9341DBB2180022
:1089900010BDC046FEFF0000024B1879431E9841EF
:1089A000C0B27047B465FF1F70B504000D0016001B
:1089B000FFF772FF002804D10F4B9C4200D0143007
:1089C00070BD10230279416A134000290AD10520A5
:1089D000002BF5D0897E0C20A942894149424942A9
:1089E0000840EDE70F20002BEAD09207F2D40A38B6
:1089F000002EEFD0E4E7C046FEFF0000030010B5F4
:108A0000002800D110BD0348034A41889142F9D0A3
:108A10009847F7E7B465FF1FFFFF0000002330B55C
:108A2000C45CCD5C6C40D4540133102BF8D130BD04
:108A30000F23002210B5C45C64002243CA54C25CF8
:108A4000D209013BF7D210BD0200010010B520325F
:108A5000103102F0F9FE10BDF0B58DB00590102078
:108A600007931700069103F07FF90190102003F09F
:108A70007BF9019B13240290002B05D000280CD118
:108A80001324019803F030F9029B002B02D0180048
:108A900003F02AF920000DB0F0BD102003F064F9B6
:108AA0000600102003F060F913240500002E00D109
:108AB000B3E0002819D01022002103F0D5F83200CD
:108AC0002900059802F0C0FE041E0ED133787F2BDA
:108AD00056D830000199FFF7ABFF019B1B787F2B25
:108AE00058D802990198FFF7A3FF300003F0FCF873
:108AF000002D02D0280003F0F7F8002CC1D110207F
:108B000003F032F90600102003F02EF90390002E36
:108B100000D180E000287CD03A0001210F322300F0
:108B20001211049106D013B204930F233B405A4212
:108B300053411BB2049A013A1201002B34D0069B18
:108B4000D2B298180199039AFFF768FF102200210A
:108B5000300003F089F8049D069F013DADB22D0160
:108B60007D19AF4242D0002C33D0300003F0BCF866
:108B7000039B002B00D184E7180003F0B5F880E7D1
:108B800029003000FFF754FF28002649019AFFF71B
:108B900045FFA2E729000198FFF74AFF2800214975
:108BA000029AFFF73BFFA0E70F2506993D408A1880
:108BB00008A8D9B28D4207D9D15C19540133102BC2
:108BC000F7D1039A0299BFE7691A4F427941C90167
:108BD000F3E73900300008AAFFF720FF32000598BC
:108BE00008A902F031FE10370400BAE7002CBCD10E
:108BF0003000039908AAFFF711FF320008A9059871
:108C000002F022FE082204003100079802F094FED0
:108C1000ABE71324A9E71324AAE7002800D069E7EB
:108C20002EE7C046FCBF0011F0B58BB00F00160058
:108C30000225009000283FD0002A3DD00B1DDBB25A
:108C40001800029303F090F81135041E34D0FDF79C
:108C50003BFD05003A000099201D02F0D5FEEBB265
:108C60000393E3702B0CDBB22F0A00936370FFB207
:108C70002B0E2370A7700193FDF720FD1022010039
:108C800006A802F0C1FE2100029A04AB06A8FFF775
:108C9000E3FE051E0DD1039B08223370009B04A93F
:108CA000B370019B7770F370301D02F0ADFEFDF7DD
:108CB00011FD200003F018F828000BB0F0BDF0B54E
:108CC0008FB00D00149E039004920593002A03D1E7
:108CD000022420000FB0F0BD002EF9D00398FFF75A
:108CE000DBFD1424071EF4D07278337812021A4385
:108CF000B3781B041343F27812061A43036A0192F5
:108D0000934201D30133E3D1002D03D03B790124F9
:108D10009B07DED50822002106A802F0A5FF059BCF
:108D200013240433DBB21800029303F01DF8051E70
:108D3000CFD0059A0499043002F066FE0422310077
:108D4000280002F061FE3900102210310AA802F05A
:108D50005BFE2900029A06AB0AA8FFF77DFE041EFF
:108D60000FD1082206A908A802F04EFE0822311DE4
:108D700008A802F091FE012807D101990398FDF798
:108D8000BDFC280002F0B0FFA3E70124F9E70000D2
:108D900070B51C4C05002368181E10D0002D14D18E
:108DA0001A78002A0CD1981C083202F0C5FD02F096
:108DB000A3FD0135002808D123681D70012070BD76
:108DC0000A331800082202F0B7FD2368002BF5D003
:108DD000122002F089FD061E0DD0C1232168037008
:108DE000457002311022023002F0A6FD23683100E6
:108DF000587802F061FE206802F076FF00232360BD
:108E0000DCE7C046DC65FF1FF8B504002020FDF755
:108E100049FB0D4EA700BB590500002B0DD00028C3
:108E20000BD0D878FF2809D108492A000C55F359EE
:108E300007480333611802F03FFFF8BD290002F034
:108E4000C3FC0028F0D1F8E7F865FF1FE065FF1FBD
:108E500059A0001170B5064D84006359002B05D050
:108E6000D87802F009FFFF226359DA7070BDC0465E
:108E7000F865FF1F70B506008CB00C0015000021CE
:108E80003022684602F0F0FE31001022684602F0FF
:108E9000BBFD1D2021000322684402F0B5FD684699
:108EA000FFF7D2FD2D21040003222800694402F0BF
:108EB000ABFD20000CB070BDF0B50400170097B0FA
:108EC00001931CAB1D7830221EAB00910AA8002133
:108ED0001E7802F0C9FE2100102202AC0AA802F09E
:108EE00093FD10220021200002F0BEFE072239006F
:108EF000200002F089FD07220199A01802F084FDEC
:108F000033005A1E9341A3732B005A1E9341002134
:108F1000102206A8E37302F0A7FE06221D9907A8F7
:108F200002F072FD1A2006221F99001902F06CFD52
:108F3000102200990EA802F067FD10230EAA1178E6
:108F40002078013B4140DBB2117001340132002B2B
:108F5000F5D10AA8FFF778FD102212A904000EA887
:108F600002F0EAFC102206AB0EA908781D78013A3F
:108F70006840D2B2087001330131002AF5D10AA845
:108F8000FFF762FD044310222098E4B212A902F018
:108F90003BFD200017B0F0BD70B50E0014008CB082
:108FA0000100102268461D0002F02EFD310008224B
:108FB00004A802F029FD2100082206A802F024FDE1
:108FC0006846FFF741FD04001022280008A902F0BE
:108FD0001BFD20000CB070BDF8B506000D0000248C
:108FE0003719AC4200D3F8BD02F05EFC030A3B70B7
:108FF000631CDBB201379D4203D90234F054E4B262
:10900000EEE71C00EDE7F7B507000C00022500288D
:1090100018D0002916D001AE03213000FFF7DCFF85
:109020003F23B27831001A40013313433800220045
:10903000B370FFF71FFF051E04D103223100E01CAF
:1090400002F07AFC2800FEBD03785807DA08C00F4A
:10905000D20080009B0710439B0F1843C0B270479B
:1090600007230B40C908C9000B4303707047000079
:1090700070B50400FFF7EEFE134DA4006359002BFA
:1090800021D0186A002801D002F02EFE2B59986ECC
:10909000002801D002F028FE2B59D86E002801D0FC
:1090A00002F022FE2B59186F002801D002F01CFE9E
:1090B0002B59586F002801D002F016FE285902F0F3
:1090C00013FE00232B5170BDF865FF1F0E4B80006F
:1090D000C35870B50C00002B0FD09D68002D0CD02C
:1090E0002B78201D0B706B784B70A97CFFF7B8FFB5
:1090F0002B7E23726B69E36070BD1022002120007B
:1091000002F0B2FDF8E7C046F865FF1F014B18609A
:109110007047C046F465FF1F074A0300800082586D
:1091200010B5002A06D0D088984203D1012901D178
:10913000FFF79EFF10BDC046F865FF1FF0B5254E36
:1091400095B087000B93BB590500099112200A9234
:10915000002B2FD0D888FFF79FFB04001420002C91
:1091600028D0280010A9FFF7B1FFBB591E781F6A4D
:10917000002E21D0FDF7E8FA07900020FDF7EAFA6B
:109180000890A5793800E61D10AF0CA900F0E2FAAE
:109190000EA9380000F0D7FA0B9B0A990493089B9C
:1091A00009980193079B0396009302950EAB0CAAB6
:1091B000FFF782FE15B0F0BDFDF7C6FA05003000DE
:1091C000FDF7C8FAA37906000793E31D089310A8DA
:1091D000DBE7C046F865FF1F30B50D4C85002A5906
:1091E000030085B00120002A0DD018006946FFF762
:1091F0006DFF2B59D8881B78002B06D0054B6A468B
:10920000072100F0DAFB05B030BD034BF7E7C0469D
:10921000F865FF1F479700115597001130B5094CAD
:109220008500295985B010226846253102F084FB5B
:109230002A591121044BD0886A4600F0BEFB05B0C4
:1092400030BDC046F865FF1FF197001130B5094CDD
:109250008500295985B010226846353102F06CFB33
:109260002A591121044BD0886A4600F0A6FB05B0AC
:1092700030BDC046F865FF1F2F980011F8B54D4F5F
:1092800086001020F4590D0002F06EFDF3592062A3
:10929000186A132200286DD02900033A9C6802F056
:1092A0004BFBF359197800295AD1227D186A94464C
:1092B0006646027B0F0072400126324201D16746AA
:1092C0003740227DB2433A432275077BD6B27A40BB
:1092D0000027920701D4B607F70F0226227D7F00F0
:1092E000B2433A432275067BD7B272400026B44699
:1092F000520702D47F07FA0F94466246042697006D
:10930000227DB2433A432275627D00279446664629
:10931000427B72400126324201D167463740012626
:10932000627DB2433A436275477BD6B27A400027EA
:10933000920701D4B607F70F0226627D7F00B24381
:109340003A436275407BD6B242400020520701D4B6
:109350007607F00F0426627D8000B24302436275F7
:109360006A78002A08D06278002A05D005220533E1
:10937000DA7700221000F8BD04222879104205D1C6
:10938000A07C104202D10533033AF1E720782C7813
:10939000002902D102002000140018220428E9D874
:1093A000042CE7D805216143034A05335218125CA7
:1093B000DEE7C046F865FF1F0CC0001110B50A00BB
:1093C0001121024B00F0F9FA10BDC0468B98001134
:1093D0000B0030B587B001AD2B806B460400110047
:1093E000981D082202F0A8FA2A000B212000024B47
:1093F00000F0E3FA07B030BDB398001110B50A00D1
:109400001121024B00F0D9FA10BDC0460799001196
:1094100037B56D460B0004001100681C06222B7046
:1094200002F08AFA6A4608212000024B00F0C5FAD1
:1094300037BDC0462799001110B50A001121024B13
:1094400000F0BBFA10BDC046779900117FB505004A
:109450000B4BAA00D4580800002C0FD0666F237F56
:10946000E28821780396266F0296E66E0196A46E36
:109470000094FDF7FFFB2800FFF7FAFD7FBDC04613
:10948000F865FF1F10B51721FFF7E0FF10BD0000C2
:1094900070B50A000D00064B0221040000F08DFAA1
:1094A000060029782000FFF7D1FF300070BDC046CC
:1094B00057980011F0B587B000236C46237083687D
:1094C00005001E78701E0A2857D801A902F0BCFAC0
:1094D00006063135393D4145494D5100180000F02F
:1094E00040F90623122849D000281AD16888FFF7CE
:1094F000D3F90823002813D04279002A44D1254B00
:109500001A78072312070BD5234B1A680723002A62
:1095100006D01768002F03D0310001AAB847030016
:1095200023702378002B2AD16888FFF76DFC07B0E1
:10953000F0BD180000F06CF9D6E7180000F087F9CC
:10954000D2E7180000F093F9CEE7180000F0ADF96B
:10955000CAE7180000F0C3F9C6E7180000F0F6F9F2
:10956000C2E7180000F0F6F9BEE7180000F013FAA1
:10957000BAE7180000F013FAB6E7072323702100BA
:109580006888FFF785FFD2E70523012AC8D1034B7E
:10959000BBE7C0468564FF1FF065FF1FF465FF1F32
:1095A000F8B52C4F8600F35904000D00002B40D075
:1095B000DA8882423DD15A78062A33D11A78002AB5
:1095C0002ED0012099681A6A097D014206D0157BC8
:1095D000054203D007225A700120F8BD0220014243
:1095E00004D0157B054201D00922F4E70420014292
:1095F00004D0127B024201D00B22ECE7164B1B6811
:10960000002BE9D05B68002BE6D020009847BB59BF
:1096100000215B78122BDFD12000FFF717FFDBE77B
:109620000E4BECE7112A04D1002900D03225290085
:10963000F2E7002D08D12000FFF72EF9002803D013
:10964000102302791343037121002800FDF792FAD9
:10965000C2E7C046F865FF1FF065FF1FF465FF1FF6
:1096600070B50E4E8500AB590400002B13D01B784B
:10967000002B11D10A4B1B68002B04D05B68002B18
:1096800001D02000984773595B78122B03D1002139
:109690002000FFF7DBFE70BD024BECE7F865FF1F13
:1096A000F465FF1FF065FF1F094B8000C3581020B1
:1096B000002B0CD01A6A002A09D09B68002B06D018
:1096C000127A1B7E101C9A4200D9181CC0B2704737
:1096D000F865FF1F70B503000D0014000220002A7A
:1096E00030D000292ED013700B78081D53704B78A2
:1096F0009370FFF7A9FCE070012002212B7A2371FF
:109700006B7B034063716A7B0A40134304226371DD
:109710006E7B1640334363716E7BF608F60033436D
:1097200063712B7B0340A371287B014000200B4316
:10973000A371297B0A401343A3712A7BD208D2006C
:109740001343A37170BD10B50A0001000120FFF79B
:10975000C1FF10BD10B50A0001000220FFF7BAFFDB
:1097600010BD70B506000C000220002E30D000297C
:109770002ED07378201D0B70B3784B70F178FFF703
:109780006FFC01223579257271794B100800134066
:10979000934010400343881010408000C9080343E1
:1097A000C9000B436373B1794B1008001340934019
:1097B00010400343881002409200C9081343C900B7
:1097C0000B4321202373FCF76DFE854201D212204A
:1097D00070BD2220257AFCF765FE8542F7D82378F4
:1097E0001820042BF4D86378012BF1D80020EFE780
:1097F000030010B50220002909D0002B07D0032256
:10980000481C0A7019000D3202F096F8002010BDB5
:1098100003000222080010B5002B06D0002904D056
:109820000E32591C02F088F80022100010BD03000F
:1098300010B50220002909D0002B07D00422481CB3
:109840000A7019000C3202F077F8002010BD10B534
:10985000FFF7DEFF10BD03000220002906D0002B19
:1098600004D0052200200A701B784B70704703005B
:109870000220002B08D0002906D05B7800200B7056
:10988000013B082B00D918307047030010B50220A7
:10989000002909D0002B07D00622481C0A701900A5
:1098A0000A3202F049F8002010BD10B5FFF7B0FFF2
:1098B00010BD02000B00022010B500290ED0002AB6
:1098C0000CD007211970118859701188090A9970F4
:1098D00011180822D81C02F02FF8002010BD030038
:1098E0000A00022010B5002B0CD000290AD099786C
:1098F0005878090201431180901CD91C082202F0FB
:109900001BF8002010BD030010B50220002909D06B
:10991000002B07D00822481C0A701900921802F088
:109920000BF8002010BD02000B00022010B500292A
:109930000BD0002A09D00921197011781818597014
:10994000511C062201F0F8FF002010BD10B5FFF7F2
:109950005FFF10BD02000B00022010B5002A09D0E5
:10996000002907D05178197011180622581C01F0EF
:10997000E3FF002010BD030010B50220002909D02C
:10998000002B07D00A22481C0A701900063201F089
:10999000D3FF002010BD10B5FFF73AFF10BD020045
:1099A0000B00022010B5002A06D0002904D01800B0
:1099B0005178FFF755FB002010BDF0B51F000623BE
:1099C00087B003AD06000800298101922B80FEF7C5
:1099D000BEFC1324011E68600CD00198B847041E19
:1099E00005D129003000FEF76DFA041E02D0686828
:1099F00001F03AFF3000FFF707FA200007B0F0BD92
:109A0000F0B504008BB0019115000021102202A8CE
:109A100002F02AF9334EA700B85900283CD0C38879
:109A2000A34239D10378002B36D14278062A18D1C7
:109A300002000100553235310C3006ABFFF7ACFAAD
:109A4000002829D12000FFF72FFE020006A902A856
:109A500001F072FF200002A902F056F801200BB0BD
:109A6000F0BD816E002917D00B8A112A28D19D42A2
:109A70000ED101981231093A02F00EF8012807D1EF
:109A8000BB5920009D6EFFF70FFE29000200DEE7A4
:109A900032212000FFF7DAFC2000FEF7FDFE061E53
:109AA0001BD0416A002918D00B8AAB4215D108227D
:109AB0000198123101F0F0FF01280ED1716A0AE01D
:109AC0009D42E9D108220198123101F0E5FF0128F9
:109AD000E2D1BB59996E8A7EB9E7200002F064F9A1
:109AE000BCE7C046F865FF1FF0B56E4D87007E5994
:109AF00085B0337802900393002B00D085E0B368E3
:109B0000346A01937078062817D101221B7D134215
:109B100002D0217B114218D10222134202D0217BB4
:109B2000114251D10422134203D0237B134200D0AF
:109B30008EE0019B5A7DEB5982E007380428F8D863
:109B400001F082FF032E42658600B36E002B03D125
:109B50001C2002F009F9B066EB599C6E002C1CD059
:109B600010220021200002F07FF80298FFF79CFDF0
:109B700001002000FFF730FA01F096FE208220005D
:109B800008211230FFF728FA0298FFF78DFDA07622
:109B9000EB592100D888FFF711FC0822EB591CE093
:109BA000B36E002B05D01A00198AF0881232FFF725
:109BB0000FFC0222019B197DEB59114250D0207BF2
:109BC00010424DD0073208E0F488FCF7D5FD0100C3
:109BD0002000FFF713FC0A22EB595A705A78073A13
:109BE000042A12D8D888FEF757FE002856D0C38919
:109BF0005A08D2182C49029B0298CB549B00EB5870
:109C000041180433294802F057F805B0F0BDFCF7BD
:109C10009BFD03000120834201D100200393EB59F7
:109C2000DE88FCF797FD039902003000FFF7F0FB98
:109C3000019AEB59117D0422114218D1019A527DEB
:109C400001210A4218D0607B084215D00C22C4E7DB
:109C5000F688FCF733FD01003000FFF7EDFB68E705
:109C600004221142EAD0217B1142E7D0AAE7217BEE
:109C70001142E3D00B22B0E702210A4204D0607BFC
:109C8000084201D00E22A8E704210A4204D0627BD8
:109C90000A4201D01022A0E712229EE7FA225200C7
:109CA000A8E7C046F865FF1FFC65FF1F63A0001111
:109CB00010B5064B1A780423100018401A4200D041
:109CC0000348FFF723FA002010BDC0468564FF1F3C
:109CD000E442FF1F70B50400FFF7D0FA051E43D120
:109CE0002000FFF779FA234EA400A0598268937CE4
:109CF000DB0708D50321036A1B790B40012B02D136
:109D0000017F0B430377431DD97F8B1E022B0DD898
:109D1000022900D00121C088FCF784FF04213359B7
:109D20001A7F59700A431A77280070BD01290CD197
:109D300002231022437000210C3001F095FF3059AE
:109D400010213530FFF748F9EEE70529ECD1022361
:109D5000D118437010220C3001F0EEFD042332596B
:109D6000117F0B431377EAE708251828DCD1053D5E
:109D7000DAE7C046F865FF1FF0B58BB00591438860
:109D80007C4F9E00F45915000493002C15D1012935
:109D900002D000200BB0F0BD101D57781678FFF7E9
:109DA00053F9EB68320002932B7A049901930090E7
:109DB0003B002000FCF700FFEBE7E388049A9342A6
:109DC00001D00820E6E72378012B00D1D0E0059BE5
:109DD000581E092800D9CBE001F036FE05CA0A2931
:109DE000C8506C859AB229000498FFF773FFD1E739
:109DF000200029001022453001F09EFDB9594B7812
:109E0000042B02D1013B4B70C3E70B000A00253342
:109E100035320C310498FFF791F90498FFF7FEF9F9
:109E20000522431E9841BB59C0005A70B2E720007A
:109E300029001022553001F07FFD049B4D4C9D0000
:109E4000295904980A0006AB55320C31FFF776F910
:109E500029591022453106A801F01EFE012808D11B
:109E60000498FFF7F3F90590002804D106222B5936
:109E70005A7005988EE708230593FAE763780C2B50
:109E800076D1E36E002B03D11C2001F06DFFE0665C
:109E9000BB59D86E00286BD01022290001F04CFD70
:109EA000BB590498DC6EFFF7FFFB0D22A076BB596F
:109EB0005A706EE7E06E00285AD063780D2B57D1A8
:109EC0002B8808220382A91C123001F035FDBB59F2
:109ED0009A68517D0222114226D0186A407B1042B6
:109EE00022D00C32E4E763780E2B41D1236F002B94
:109EF00003D1162001F038FF2067BB59186F0028E6
:109F000003D01022290001F017FD0F22BB59CFE723
:109F100063780F2B2CD1206F0622691C103001F0C2
:109F20000BFDBB599A68517D0422114203D0196A76
:109F3000497B1142D5D100210498FFF787FA28E721
:109F4000606F002808D1143001F00EFFBB59606724
:109F5000586F002800D134E71022290001F0ECFCF2
:109F60000122BB5952425B6F1A61E4E72978E3E7AB
:109F700007200FE7F865FF1F10B5064C207001F0B1
:109F8000E3FC06212078FDF78DFF0348FEF772FC05
:109F900010BDC0460B66FF1F1991001100200BB2C7
:109FA00070B50D00834216DA264B187801F034FCA8
:109FB000041E0DD00378922B0ED0A02B37D0224B4D
:109FC0001878FF283AD0210001F076FD002835D11D
:109FD00080200002684070BD43780E2B0BD03E2BD2
:109FE000EDD18378052B12D0082BE8D181798088B8
:109FF000FFF7D6FA08E0154B82889A42DFD18368D2
:10A000001878591CFEF7C4FE0028D8D016E0104B73
:10A010001B785B0712D50F4B1B68002B0ED09B687B
:10A02000002B0BD0C289811D80889847ECE7FFF791
:10A0300041FAA068002801D001F016FC200001F0D0
:10A040005BFDC5E70B66FF1FDD42FF1F1820000008
:10A050008564FF1FF465FF1F10B50078FFF712FA43
:10A0600010BD10B50078FFF7FBFA10BD0C23434379
:10A07000084A10B59B185A68002A03D0012901D15B
:10A08000904710BD9B68002BFBD00029F9D1984761
:10A09000F7E7C0462866FF1F01238340094A10B531
:10A0A000946B1C439463506B98435063D46B2000B3
:10A0B0009843012901D120001843D063116B0B4351
:10A0C000136310BD00800040F0B500240127154B3C
:10A0D00085B0DA6B144E03921A6C0192DA64019B1C
:10A0E000E3403B4217D0039DE5403D400295E5B279
:10A0F00002992800FFF7BAFF316A736A002908D075
:10A100003900002B01D0029979402800FFF7C4FFE5
:10A1100001E0002BF9D101340C36172CDFD105B04A
:10A12000F0BDC046008000400C66FF1F064B0121B9
:10A130005A68C2400A4204D01B68C3401800084055
:10A1400070471B6DF9E7C046008000400122064BB6
:10A150008240002903D0D9680A43DA607047D96881
:10A160009143D960FAE7C0460038004003224243D9
:10A1700070B50F4DAB189C785E780123361B013605
:10A18000B340013BA340A140DB430C00122808D898
:10A19000525D08499200521811681940214311601C
:10A1A00070BD054A11680B4023431360F8E7C046B1
:10A1B00053C0001108F0004014F00040C21F70B5F9
:10A1C000D4B20623092C0BD80125084C9540002950
:10A1D00008D00021FFF7CAFF23682B432360002328
:10A1E000180070BD2368AB43F8E7C0460038004054
:10A1F000214BF0B51B185B78022B21D1032444437B
:10A200001E4A1F4EA35C1219947801221500854046
:10A21000B76B013CE4B23D43A240B563194C122830
:10A2200015D89B0000290CD117495B1899680A437F
:10A230009A600123205C154A834011680B43136028
:10A24000F0BD11495B18996891439960F1E70E4B95
:10A2500000290DD159690A435A61225C1328E8D0BC
:10A260000123203A93400A49086803430B60E7E75B
:10A27000596991435961F0E70C66FF1F53C0001103
:10A280000080004098C0001100F00040A0F00040A5
:10A29000A4F00040F8B500241B4E1C4D1C4B1B5D68
:10A2A000012B1FD1194A9269E2401A420BD00122B8
:10A2B000B25693402200143AD2B2022A09D8154964
:10A2C0004A6913434B61013402360C35172CE5D132
:10A2D000F8BD0022B2560F499200521891680B4304
:10A2E0009360F0E7022BEED1E7B23800FFF71EFFD4
:10A2F00001235840C1B23800FFF77AFF3800FFF75A
:10A3000015FF6877DFE7C04625C000110C66FF1F08
:10A310000D66FF1F00F00040012202388240054B0D
:10A32000002903D059690A435A617047596991431A
:10A330005961FAE700380040F8B50E0001210F001E
:10A340008740114A0400D368FD43BB43D360831E9A
:10A350008B4201D8FFF7E0FF00212000FFF72EFF1E
:10A360000A4A0B4B5168012E05D139431B19516024
:10A370005E700020F8BD2940516002221C196270F5
:10A380009A6915409D61F4E7003800400080004064
:10A390000C66FF1F012210B58240074B002906D032
:10A3A00019680A431A600121FFF7C6FF10BD19683A
:10A3B00091431960F7E7C046008000400C2370B558
:10A3C000002543430A4A29009B181D70094B0400CD
:10A3D0001B185D70FFF7B0FF0123A340064928005A
:10A3E0000A681A430A6005490A689A430A6070BD00
:10A3F0002866FF1F0C66FF1F34800040308000403D
:10A4000070B504000E00FF2813D003250540FFF7A8
:10A41000D5FF084AA3089B009B183F22ED00AA40E5
:10A42000AE40196820009143314319600121FFF7C4
:10A430008DFE70BD18380040F8B50C244443134B12
:10A440000500E4186368002B03D1A3681220002BD9
:10A450001AD0022201270E4B00215B195A702800E6
:10A460002770FFF769FF63681E1E08D0A3683E00CF
:10A47000002B04D02800FFF759FE4640F6B2280012
:10A480003100FFF709FE0020F8BDC0462866FF1F17
:10A490000C66FF1FF7B5C420FF222A4B8000195815
:10A4A000002591433F3A0A431A508022264E520219
:10A4B000264F1A60264B5C5D002C22D0AB1E012B70
:10A4C00003D80121E8B2FFF727FF012C19D11E4B59
:10A4D0009B69EB40234214D0EBB218000193FFF7C5
:10A4E00025FE01000198FFF755FF0123FB569C4014
:10A4F000EBB2143BE443022B1AD8164A53692340AB
:10A500005361337F002B0DD0ECB22000FFF794FF96
:10A510002000FFF70BFE737F0100834202D0200072
:10A52000FFF7A4FD01350C360237172DC2D1F7BD58
:10A530000023FB56074A9B009B189A6814409C60B6
:10A54000DFE7C04600E100E00C66FF1F25C00011F8
:10A550000D66FF1F00F0004070B50E0015000400EE
:10A56000FFF72CFF0C236343094A20009B189D60D2
:10A570005E60FFF761FFF021064B074A8900051E68
:10A580005A5002D02000FFF719FF280070BDC046C6
:10A590002866FF1F0000FF1FC9A0001170B5134DF2
:10A5A00007202C78002C1FD198222100520028006F
:10A5B00001F0A2FB0123C420FF222B700C4B800072
:10A5C0001C635C630B4B1C605C600B4B1958914324
:10A5D0003F3A0A431A50802252021A600D20074A5D
:10A5E000074901F0D9F9200070BDC0460C66FF1F75
:10A5F00000800040A0F0004000E100E095A40011C0
:10A6000095A20011F8B50600012826D00B220827D4
:10A61000164C01239340164A164DD3677301ED186B
:10A62000287C0021FFF792FD0021687CFFF78EFD5A
:10A63000002580233800237325712570257325722A
:10A64000656001F0A1FB380001F0B6FA0A4BAE429A
:10A6500007D1EB2292009E50F8BD11221927074C1A
:10A66000D7E7F12292009D50F6E7C0460040004037
:10A6700004E100E0C067FF1F0000FF1F00900040E2
:10A68000F0B587B0050001F047FB04902800FFF704
:10A69000B9FF012D00D17DE005230427082603938F
:10A6A000444C06330193444B6A019B181A7CFF2AE1
:10A6B00002D15B7CFF2B6BD0300001F0F5F930004C
:10A6C00001F062FB3C4B6A0102936B010593029B14
:10A6D00002219E18307CFFF749FD0221707CFFF7B4
:10A6E00045FD39000027307CFFF78AFE707C039916
:10A6F000FFF786FE27737169049B18114B08C01879
:10A7000001F052FA802327612373030ADBB223711D
:10A71000F37EC0B22070BB4244D01B232373029B44
:10A720006A019B181A7E0123002A3DD087222272DB
:10A73000636062687F3313436A0194466360029BDF
:10A7400063449B7E002B03D0022362681343636043
:10A750001A4A002D2AD1EB21194B89005350019B35
:10A76000184A9B089B009B180322019CC020224092
:10A77000FF24D200944080001958A14380249440C3
:10A7800022000A431A500123019A93400D4A136094
:10A7900007B0F0BD092308270393DB1919260A4CDB
:10A7A000019380E70323B9E72272C5E7F121074B44
:10A7B000D3E7C04600400040C067FF1F0000FF1FF6
:10A7C000411BFF1F00E100E000900040811BFF1FC4
:10A7D00010B50020FFF754FF10BD10B50120FFF7A2
:10A7E0004FFF10BDF0B587B005930CAB1D78174F28
:10A7F0006E01F35D029002AC112003910492002BD4
:10A800001ED1637A0C380193002B19D11900202234
:10A81000F01901F071FA0E4BF31807CC07C39C46F0
:10A820006246236828001360FFF72AFF0123F355CF
:10A83000002D07D129000820064A01F0ADF80020BC
:10A8400007B0F0BD1920044A0199F6E7C067FF1F61
:10A85000D067FF1FD1A70011DBA7001170B504005E
:10A86000FFF7D0FE084D660120220021701901F08B
:10A8700043FA0023082073559C4200D0192001F0B0
:10A8800053F8002070BDC046C067FF1F70B51D00A3
:10A8900002240C2910D8094ACA40D2070CD5FBF76C
:10A8A0000DFE041E08D1059A04992800FBF722FE2C
:10A8B000FCF78EFCFFF7FCF9200070BD12100000C1
:10A8C00030B50D7802232C009C43184201D02B4355
:10A8D0001C0008252300AB43284201D02B00234352
:10A8E00020241D00A543204201D01C4325002A231B
:10A8F0000D70184204D011781E3B0B43137030BD0D
:10A900000028FCD10C2113788B43F7E7F8B51D0024
:10A9100006AB1B88140007AA0E000B201778002B2B
:10A9200027D10A78022A49D14A6850781178000262
:10A93000244A08438018042840D801F085F80312FF
:10A940001D1B2300F06801F09FF8021CC0B2B84242
:10A9500000D93A1CD2B22000F1682A8000F0ECFF46
:10A9600006E00222F3681B882A8023701B0A6370AA
:10A970000020F8BD0622EEE701232B80F3681B7848
:10A980002370F5E7F368002B16D008222A801A8876
:10A9900022701A88120A62705A88A2705A88120AA3
:10A9A000E2709A8822719A88120A6271DA88A2711A
:10A9B000DB881B0AE371DBE72B80D9E701202B80C2
:10A9C000D7E7C04600D6FFFFF7B516000A781D008E
:10A9D00008AB1F880C000123022A18D14A6850785E
:10A9E000117800022B4A0843801803280FD801F081
:10A9F0002BF802254439E06801F046F8C0B207237D
:10AA0000B84204D37B190193152B02DD0D231800E6
:10AA1000FEBDE0682A003100C01900F08DFF6B46D2
:10AA200000209B88E268D0541B4B1B68834203D0F4
:10AA30001B68834200D098470023E8E70B23002FD0
:10AA4000E5D1022DE2D1737832781B021343E2681C
:10AA50001380114B1B68002BEED01B68002BEBD032
:10AA60000120E8E70B23002FD1D1062DCED12A00FB
:10AA70003100E06800F060FFDEE70B23002FC6D155
:10AA8000012DC3D132787533012AC0D8E3681A701A
:10AA9000D2E7C04600D6FFFF1868FF1F70B50C0054
:10AAA0001500072837D800F0CFFF041436361B36C0
:10AAB000242E182015290BD8184E162200213000FC
:10AAC00001F0D2F822002900300000F035FF00200C
:10AAD00070BD18200229FBD11288114B1A80F6E7AD
:10AAE00018200829F4D10A000E48290000F07CFE45
:10AAF000EDE718200129EBD10B4B10780B49DA69EF
:10AB0000FFF7DEFEE3E718200129E1D1064B1078BC
:10AB10000749DA6BF4E70220DAE7C0460068FF1F56
:10AB20008643FF1F7C43FF1F0C43FF1F3443FF1F5F
:10AB30005443FF1F030010B50020DB0704D5072195
:10AB4000024A034800F08CF810BDC046B0C00011A6
:10AB50000C43FF1F054A03001068002803D08288B9
:10AB60009A4201D1806870470068F6E7106AFF1FBB
:10AB70000A88030008009A4204D08A8804309A4266
:10AB800000D000207047000073B50600684615002D
:10AB900001960180FCF74EFE041E11D1002D0FD04E
:10ABA0007689002E11D00C2001F0DEF800280ED09E
:10ABB000084A0460136886808560002B02D110600B
:10ABC000200076BD1A001B68F7E70224F8E713247B
:10ABD000F6E7C046106AFF1FF8B5F22200230D4FBA
:10ABE0000D4E7968050042433370994200D07B6076
:10ABF0000A4C0021200001F037F800231A007C6085
:10AC00009D4201D13570F8BD01332280DBB2F234B0
:10AC1000F6E7C046086BFF1F066BFF1F146AFF1F95
:10AC2000012100220A4B10B549420A4C1980998033
:10AC30009A719A70084B2070012019805A60FFF7B2
:10AC4000CBFF2078FCF754FE0448FDF713FE10BD3F
:10AC50002068FF1F106BFF1F086BFF1F0DAD001159
:10AC6000022310B5002802D0FFF78EFF0300180062
:10AC700010BD0000030010B50020DB0704D504213F
:10AC8000024A0348FFF780FF10BDC046C4C0001150
:10AC90008C43FF1FF0B50E2687B003930CAB1F88C3
:10ACA00002ABF6180500080031000292FCF74AFFDB
:10ACB00004000120002C0FD03088FFF74BFF030069
:10ACC0000E20002B08D05E68002E05D02100280041
:10ACD000039B029A0097B04707B0F0BD0A4B10B52E
:10ACE000984207D10122002352420A808B708A8049
:10ACF0008B7110BDFFF73CFF0028FAD001235B42A7
:10AD0000038000238370F4E7FFFF0000F8B505001F
:10AD100001290AD1134E00243388F227AB4219D0FF
:10AD200028001149FFF7DAFF06E0022904D10139B2
:10AD3000FDF71EFE0028EDD0F8BD3B0063437268AE
:10AD4000D018D35A002B09D03A00002100F08CFF14
:10AD50000134E4B2054B1B78A342EED801235B42D9
:10AD60003380DDE7086BFF1F2068FF1F066BFF1FA6
:10AD700010B5FFF7FDFE03000020834200D0987855
:10AD800010BD0000F0B589B01C000EAB80CB039065
:10AD90001E8810AB1B78049202930B7A0D00DB0621
:10ADA00016D42B780593022B24D00498FFF7D2FEFB
:10ADB000002812D003689C46002B0ED0029B220074
:10ADC000019329003B00644603980096A04705E0E4
:10ADD0000498FFF7BFFE002802D10E2009B0F0BD95
:10ADE0008368002BF9D00A2229000398984700288D
:10ADF000D7D0F3E76B6858781A786A4B0002104393
:10AE00009842D2D8043B984210D2674B984242D025
:10AE100015D8664BC0180128C7D80B20002EDDD1ED
:10AE2000EB681A7859683A80200028E0604BC01817
:10AE3000032800D978E000F007FE836A779D5D4B18
:10AE40009842B2D10B20002EC8D101233B80EB6881
:10AE500031001B7823706889013080B2FCF772FEE4
:10AE60003A88031E0ED0017802328A183A8042894D
:10AE700062704289120AA27059680278E01C00F0E0
:10AE80005BFD06E004323A8031000422601C00F0D1
:10AE9000EBFE0020A2E70B20002E9FD1EB6807A954
:10AEA0001E8804233B80330A300026706370FCF751
:10AEB00049FE051E28D004AB9A890E2304A95B180D
:10AEC0003D49C668FCF7B2FE00280BD12B783B4801
:10AED0006A680599FBF764FA002803D1012304AAE4
:10AEE0005B42D3813278022A06D17168201D00F0BE
:10AEF00023FD3B8802333B800E2304AA9B181B884A
:10AF0000A3701B0AE370C4E704ABDE81F4E70B20F7
:10AF1000002E00D062E7E9680398FFF729FF0223BB
:10AF20003B8020706670B4E70B20002E00D055E700
:10AF30000222EB681B883A8023701B0A6370A8E723
:10AF4000E86800F0A1FDC2B203000720B24200D2BF
:10AF500044E70DD00299DBB27118994202DB921BD3
:10AF6000D3B20293029BE9681A003B8089195BE720
:10AF70000023F6E70B20002E00D02FE70722EB6816
:10AF80003A801A7822705A7862705A88A2705A8869
:10AF9000120AE2701A792271DA886271DB881B0A60
:10AFA000A37176E7042900000228000000D8FFFF03
:10AFB000FFD6FFFF03280000FFFF0000F4BF0011D1
:10AFC000F0B58DB06B460020089120229B5E834235
:10AFD0003DDAA54B187800F01FFC071E32D003782D
:10AFE000B02B2CD10079023816281FD800F094FD20
:10AFF00017001E001E001E0031001E0094001E00DF
:10B000001B011E0050011E0071011E00CB011E001D
:10B0100050021E001E001E008E021E00B902934B3D
:10B0200093491B8878880B80FAF7FCFE3800FCF700
:10B030007FFE904B1B68002B01D0380098473800EA
:10B0400000F05AFD8020089B0002434018000DB01C
:10B05000F0BDEE220021864800F006FE0BAA3B7BE5
:10B060007989388900923A000D32FCF77FFC0400A0
:10B070007F4B1B78002C3DD144E07F4B78880593B3
:10B0800006AB9A8A7D4B4100CB5A7D4E073BDBB223
:10B0900002930023210001930096059BFFF772FEA7
:10B0A000734D00280FD133883A8A9A420BD1380069
:10B0B0000599123000F0F0FC002804D02B7862894A
:10B0C0009B00EB185A80162606ABF6189A8A2000C9
:10B0D00033007989FCF7AAFD2B7804009A00AA189E
:10B0E00051880029C4D00133DBB22B70002806D070
:10B0F00031889180634A12889A42BED802E00121C9
:10B1000049429180002B04D059497888FAF7BEFE55
:10B110008CE73E890A2479E000253E89574B069347
:10B120007B88069A5B009B5A033B9D4202DB002D05
:10B13000F0D05BE0162206A812183B7B79890092BA
:10B140003A0030000D32FCF711FC0590002858D071
:10B150004689017A7888FCF7D1FB041E44D1464B1E
:10B1600078880793069B4100C95A454B0439C9B2F8
:10B1700006AAD28A06930291019400930599079B2F
:10B18000FFF700FE041E2FD1069B39491A88931C35
:10B19000002D26D14B807988384B4900CB5A511964
:10B1A000033B8B4220DD059B31485B8941190B71C4
:10B1B000A91C0135C9B2EDB2059145191B0A2B71C5
:10B1C000059B2D490433181800F0B6FB2C4B059A4B
:10B1D0001B88D318DDB22C4B9E4205D00136B6B287
:10B1E0009CE749889942D6D0002D0CD0204C2800ED
:10B1F000618800F009FB207021007888FAF756FE7C
:10B2000014E7059CF0E7002C00D183E77B78142B32
:10B2100000D10BE716493B794E800B700C71788892
:10B22000FAF7F6FD02E7162406ABE4182100388988
:10B23000FCF788FC011E00D18FE1788822880F4C32
:10B2400045002C5B0A4D013CE4B2029400240F4BF4
:10B2500001940095FFF796FD041E00D016E1290029
:10B260007888FAF733FEE1E6106BFF1F7C42FF1F80
:10B270002868FF1F1C68FF1F1C69FF1F5864FF1F01
:10B280000C6AFF1F7A42FF1FFFFF00002A68FF1FA2
:10B29000162406ABE41821003889FCF753FC011E84
:10B2A00000D15AE178882288B24C45002C5BB24D1F
:10B2B000013CE4B202947C89B04B01940095FFF705
:10B2C00061FD041E00D0E1E029007888FAF708FE4D
:10B2D000ACE60025A84B1D803B00F6331B78A64A40
:10B2E00078880792AB4208D9A24B12880693069938
:10B2F00043005B5A013B9A4203DB0799FAF7FAFDD8
:10B3000094E616246B00FB18059306ABE418059B26
:10B3100021001889FCF716FC011E03D1059B0124AE
:10B320001E8973E77888964B2288069C0993430010
:10B330001B5B944E013BDBB202930023009601930A
:10B34000099BFFF71FFD041E02D0059B1E895DE7C8
:10B350007B88069A5B009B5A079A1088328881186E
:10B360008B4203DC1B1A013B9AB23280824C0230C2
:10B370000999001900F0E0FA2388328801359B18FA
:10B380002380EDB2A8E70BAA3B7B7989388900922C
:10B390003A000D32FCF7EAFA00250600002E04D12F
:10B3A0000A24002D00D171E063E0317A7888FCF73F
:10B3B000A5FA0100041E67D16E4C714B7888059484
:10B3C0000793059B4400E45A6E4B063CE4B206AA80
:10B3D000928A06930294019100933100079BFFF734
:10B3E000D1FC041E50D1069B634A1B88002D34D12A
:10B3F00004335380604C728963191A716B1C9BB2C1
:10B40000E318120A1A7106AB9A8A162306A81B18AB
:10B4100079893000FCF70AFCFF212B1DAA1C9BB286
:10B420000335059306000B0092B2ADB2002803D09D
:10B4300006ABDB8AD9B21B0AA218651911712B71F0
:10B44000059B504D181D2A884D49201800F074FAAC
:10B450002B88059AD3189DB2A0E751881A1D9142F6
:10B4600007D17A8805995200525AEB18053A9A4248
:10B47000C0DC414C2800618800F096FB2070210060
:10B480007888FAF741FDD1E5002DF2D13E89BDE67D
:10B49000162606ABF61831003889FCF753FB3D0041
:10B4A0000400FA3500282DD0037A9B060CD4002224
:10B4B0007B893989788800923A000C32FFF7EAFBE1
:10B4C000041E10D03E8915E03088FFF743FB0028AA
:10B4D0001AD08368002B17D0210012227888984751
:10B4E000041EE4D0EEE72B78002B02D17888FAF71F
:10B4F0001BFD00262B78002B00D097E5002C00D1F7
:10B5000094E583E60124DDE70E24DBE7162506AB90
:10B51000ED1829003889FCF715FB041E1DD0037AAD
:10B520009B0609D4184B7A8819888A4263D0174839
:10B5300081425FD00924A9E72888FFF70BFB002888
:10B540000DD08368002B0AD02100122278889847FA
:10B55000041EE7D09AE7100053E0012496E70E247A
:10B5600094E7094B7A881B889A423FD07888FAF78B
:10B57000EDFC5BE55864FF1F2868FF1F2A68FF1F6A
:10B580001C69FF1F0C6AFF1F086BFF1FFFFF0000F5
:10B59000F223059851684343CD18C95A00291FD09A
:10B5A0003B7A012B0BD16C88AB887888AA1D00945C
:10B5B000FFF770FB041E02D000233B722E88F2229C
:10B5C0000021280000F050FB00232B80059B013355
:10B5D000DBB20593144B05991B78144A8B42D7D8DC
:10B5E00001235B421380002CC0D00FE600263400FC
:10B5F0000596EFE71A8058680B4B1A78F2235343ED
:10B600001B18984296D002000188F2320029A2D17C
:10B610003C0008342100F22200F08EF921007888E5
:10B62000FAF78AFC02E5C046066BFF1F086BFF1F96
:10B6300070B504000E001500FFF79AFA031E08D13A
:10B6400031000548FFF794FA03001120002B02D0C7
:10B650001C8000209D7070BDFFFF0000F8B50B4FEF
:10B6600006003B780D001400FF2B0ED00A2000F0DE
:10B670003BF9011E09D0B1230380002346800371EA
:10B68000C5800481387800F017FAF8BDCD43FF1F5C
:10B69000F8B50F0006A90600088807A90B25098838
:10B6A00000281FD10235022B1CD1547813782402B4
:10B6B0001C43230073358B4314D1FD6830002900EF
:10B6C000FFF756FB84420CD0290022003000FFF720
:10B6D000AFFF1125002805D1220030007989FFF73E
:10B6E000BDFF00252800F8BDF0B50E7885B00390A9
:10B6F0000AA805880120022E0DD14C6827786478AD
:10B7000024023C43054FBC4205D10398DBB20196AD
:10B710000095FFF7BDFF05B0F0BDC046022900004F
:10B72000034B10B51B68002B00D09847FEE7C046BE
:10B73000146BFF1F07B501A8FFF7F2FF044A054885
:10B740000021121A00F0D8FAF8F7A2F8FEE7C04676
:10B75000186BFF1FD043FF1F01B40248844601BC91
:10B76000604700BF5522000001B40248844601BC76
:10B77000604700BF5952010001B40248844601BC31
:10B78000604700BFAD38FF1F01B40248844601BCCA
:10B79000604700BFA537FF1F01B40248844601BCC3
:10B7A000604700BF3D18000001B40248844601BC58
:10B7B000604700BF056A000001B40248844601BC2E
:10B7C000604700BFB14E000001B40248844601BC8E
:10B7D000604700BF5147010001B40248844601BCE4
:10B7E000604700BFF919FF1F01B40248844601BC3D
:10B7F000604700BF810E000001B40248844601BCCE
:10B80000604700BFDD66010001B40248844601BC08
:10B81000604700BF350E000001B40248844601BCF9
:10B82000604700BFF54E010001B40248844601BCE8
:10B83000604700BFB54C010001B40248844601BC1A
:10B84000604700BF2124000001B40248844601BCC7
:10B85000604700BFE548000001B40248844601BCCF
:10B86000604700BFFD35FF1F01B40248844601BC9C
:10B87000604700BFD949010001B40248844601BCB9
:10B88000604700BF1530FF1F01B40248844601BC69
:10B89000604700BFB933FF1F01B40248844601BCB2
:10B8A000604700BF851F000001B40248844601BC08
:10B8B000604700BF2951010001B40248844601BC21
:10B8C000604700BFD139FF1F01B40248844601BC64
:10B8D000604700BF2146010001B40248844601BC14
:10B8E000604700BF3119FF1F01B40248844601BC04
:10B8F000604700BF1D4D010001B40248844601BCF1
:10B90000604700BFD91B000001B40248844601BC57
:10B91000604700BF0519FF1F01B40248844601BCFF
:10B92000604700BF3555000001B40248844601BCA1
:10B93000604700BFA530FF1F01B40248844601BC28
:10B94000604700BFE94C010001B40248844601BCD5
:10B95000604700BFC926000001B40248844601BC0C
:10B96000604700BF5125000001B40248844601BC75
:10B97000604700BFADAE000001B40248844601BC80
:10B98000604700BF0124000001B40248844601BCA6
:10B99000604700BFEDA5000001B40248844601BC29
:10B9A000604700BF5930FF1F01B40248844601BC04
:10B9B000604700BF7D2DFF1F01B40248844601BCD3
:10B9C000604700BF2526000001B40248844601BC40
:10B9D000604700BFA54F010001B40248844601BC86
:10B9E000604700BF793AFF1F01B40248844601BC9A
:10B9F000604700BF7918000001B40248844601BCCA
:10BA0000604700BFBD3AFF1F01B40248844601BC35
:10BA1000604700BF4551010001B40248844601BCA3
:10BA2000604700BF1D4B010001B40248844601BCC1
:10BA3000604700BF9938FF1F01B40248844601BC2B
:10BA4000604700BF4550000001B40248844601BC75
:10BA5000604700BFD13AFF1F01B40248844601BCD1
:10BA6000604700BF090E000001B40248844601BCD3
:10BA7000604700BF8D12000001B40248844601BC3B
:10BA8000604700BF2136FF1F01B40248844601BC55
:10BA9000604700BFDD52010001B40248844601BC8A
:10BAA000604700BFCD4C010001B40248844601BC90
:10BAB000604700BFE538FF1F01B40248844601BC5F
:10BAC000604700BF594F010001B40248844601BCE1
:10BAD000604700BF4D1F000001B40248844601BC0E
:10BAE000604700BF8932FF1F01B40248844601BC91
:10BAF000604700BF6571010001B40248844601BC83
:10BB0000604700BF434D010001B40248844601BCB8
:10BB1000604700BF311B000001B40248844601BCED
:10BB2000604700BFE53AFF1F01B40248844601BCEC
:10BB3000604700BFC56D010001B40248844601BCE6
:10BB4000604700BFED4A010001B40248844601BCD1
:10BB5000604700BF156B010001B40248844601BC78
:10BB6000604700BFC51D000001B40248844601BC07
:10BB7000604700BF9DA9000001B40248844601BC93
:10BB8000604700BF8B52010001B40248844601BCEB
:10BB9000604700BFF135FF1F01B40248844601BC75
:10BBA000604700BF291C000001B40248844601BC64
:10BBB000604700BF090E000001B40248844601BC82
:10BBC000604700BF2539FF1F01B40248844601BC0D
:10BBD000604700BF4D3AFF1F01B40248844601BCD4
:10BBE000604700BFA13AFF1F01B40248844601BC70
:10BBF000604700BFC9A9000001B40248844601BCE7
:10BC0000604700BF017F000001B40248844601BCC8
:10BC1000604700BF6DBC000001B40248844601BC0F
:10BC2000604700BFF136FF1F01B40248844601BCE3
:10BC3000604700BFBD2FFF1F01B40248844601BC0E
:10BC4000604700BF8552010001B40248844601BC30
:10BC5000604700BFC94A010001B40248844601BCE4
:10BC6000604700BF4932FF1F01B40248844601BC4F
:10BC7000604700BF154D010001B40248844601BC75
:10BC8000604700BF1147010001B40248844601BC6F
:10BC9000604700BFF30E000001B40248844601BCB7
:10BCA000604700BF691F000001B40248844601BC20
:10BCB000604700BF5549010001B40248844601BCF9
:10BCC000604700BFA946010001B40248844601BC98
:10BCD000604700BF055E000001B40248844601BC15
:10BCE000604700BF0D52010001B40248844601BC08
:10BCF000604700BF014C010001B40248844601BC0A
:10BD0000604700BFB70E000001B40248844601BC82
:10BD1000604700BFD52FFF1F01B40248844601BC15
:10BD2000604700BFD1A5000001B40248844601BCB1
:10BD3000604700BF456B010001B40248844601BC66
:10BD4000604700BF75A9000001B40248844601BCE9
:10BD5000604700BFE117000001B40248844601BCFF
:10BD6000604700BFF94C010001B40248844601BCA1
:10BD7000604700BF3D4B010001B40248844601BC4E
:10BD8000604700BF5D17000001B40248844601BC53
:10BD9000604700BF6539FF1F01B40248844601BCFB
:10BDA000604700BFC521000001B40248844601BCC1
:10BDB000604700BF091B000001B40248844601BC73
:10BDC000604700BFE928000001B40248844601BC76
:08BDD000604700BFB3520100FF
:10BDD8000003010302030303040305030602070229
:10BDE800080309030A030B030C030D030E030F03D7
:10BDF800100311031303140315031603013C001168
:10BE0800353C001100000000020000001ABE0011BD
:10BE1800192A0F180A000000F1590000FD2400003B
:10BE280041460100817F00119D9F0011DD730011C3
:10BE3800857D001191550011C1AF0011B951001154
:10BE48000D3E0011353F00110000000016160000DD
:10BE58000200000064BE0011F4FFF3FFD2FC0000F2
:10BE6800754000110000000000000000496E6B6280
:10BE7800697264004942532D5631360030303031F2
:10BE8800006769746875622E636F6D2F70767678B7
:10BE9800004942535448325000000000020000009C
:10BEA800B8BE0011292A282A272A262A252A242A20
:10BEB8000A180000744000001027000060F000001D
:10BEC8000400000006640000204E0000000000008E
:10BED800060000005C440000102700006CEE000023
:10BEE80007000000050000001F501D10023CB400B0
:10BEF80000012C00210000008102000030313233A3
:10BF0800343536373839414243444546000000004D
:10BF180095590011E95900110000000002000000C5
:10BF280030BF00116F2A6E2A1A18000001A0000005
:10BF3800000000006410B71DC8206E3BAC30D92645
:10BF48009041DC76F4516B6B5861B24D3C710550F1
:10BF58002083B8ED44930FF0E8A3D6D68CB361CB19
:10BF6800B0C2649BD4D2D38678E20AA01CF2BDBDCD
:10BF7800FB349B5F80000080001000000000000080
:10BF8800E75F0011697600110B600011757A0011E6
:10BF98008F6000114B7A001105610011217A0011A0
:10BFA80057610011F17B0011BF610011F17B001195
:10BFB800F1610011AB7B001105610011D979001105
:10BFC8007D610011897B0011000000000000000065
:10BFD80063620011897B0011C5620011817600112E
:10BFE800052A042A012A002A0229032801280028F0
:10BFF8000118001800000000000000000000000008
:10C00800000000870101020102010102010203038D
:10C0180004010301010101010303020103000D00F2
:10C028000E001000110013001401070108010A0195
:10C038000B011C011D020402050207020802190275
:10C048001A021C021D030103020317000201000566
:10C0580004000807000B0A001716001D1C01020146
:10C06800010504010E0D0111100114130117160129
:10C078001A19020201020B0A020E0D021110021413
:10C0880013021716030504030807030B0A030E0D12
:10C098000001020307090A0B0E0F101112141718DA
:10C0A800191A1B1F202122000DA90011C9A900116E
:10C0B8000000000002000000FABF001100000000AC
:10C0C800E9B600110000000002000000F8BF0011EE
:020000041FFFDC
:1000000000000000753D001120BE00111CBE001153
:10001000E460FF1F0000000000000000000000007E
:1000200000000000000000000000000000000000D0
:1000300000000000000000000000000000000000C0
:1000400000000000000000000000000000000000B0
:1000500000000000000000000000000000000000A0
:100060000000000000000000000000000000000090
:100070000000000000000000000000000000000080
:100080000000000000000000000000000000000070
:100090000000000000000000000000000000000060
:1000A0000000000000000000000000000000000050
:1000B0000000000000000000000000000000000040
:1000C0000000000000000000000000000000000030
:1000D0000000000000000000000000000000000020
:1000E0000000000000000000000000000000000010
:1000F0000000000000000000000000000000000000
:1001000000000000000000000000000000000000EF
:1001100000000000000000000000000000000000DF
:1001200000000000000000000000000000000000CF
:1001300000000000000000000000000000000000BF
:1001400000000000000000000000000000000000AF
:10015000000000000000000000000000000000009F
:10016000000000000000000000000000000000008F
:10017000000000000000000000000000000000007F
:10018000000000000000000000000000000000006F
:10019000AD32FF1FF530FF1FC166010000000000F7
:1001A000000000000000000000000000000000004F
:1001B000000000000000000000000000000000003F
:1001C000000000000000000000000000000000002F
:1001D000000000000000000000000000000000001F
:1001E000000000000000000000000000000000000F
:1001F00000000000000000000000000000000000FF
:1002000000000000000000000000000000000000EE
:1002100000000000000000000000000000000000DE
:1002200000000000000000000000000000000000CE
:1002300000000000000000000000000000000000BE
:1002400000000000000000000000000000000000AE
:10025000000000000000000000000000000000009E
:10026000000000000000000000000000000000008E
:10027000000000000000000000000000000000007E
:10028000000000000000000000000000000000006E
:10029000000000000000000000000000000000005E
:1002A000000000000000000000000000000000004E
:1002B000000000000000000000000000000000003E
:1002C000000000000000000000000000000000002E
:1002D000000000000000000000000000000000001E
:1002E000000000000000000000000000000000000E
:1002F00000000000000000000000000000000000FE
:1003000000000000000000000000000000000000ED
:1003100000000000000000000000000000000000DD
:1003200000000000000000000000000000000000CD
:1003300000000000000000000000000000000000BD
:1003400000000000000000000000000000000000AD
:10035000000000000000000000000000000000009D
:10036000000000000000000000000000000000008D
:1003700035B7001100000000000000000000000080
:10038000000000000000000000000000000000006D
:10039000000000000000000000000000000000005D
:1003A000000000000000000000000000411BFF1FD3
:1003B000000000000000000000000000000000003D
:1003C000000000000000000000000000000000002D
:1003D000000000000000000000000000000000001D
:1003E000000000000000000000000000000000000D
:1003F00000000000000000000000000000000000FD
:08183800206FFF1F4118FF1F84
:10184000024981F3088802F06FFA0000206FFF1F41
:1018500070B500241E491F4A1F484C6308CA1B0567
:101860001B0DE4188242F9D11C4B80228B630021AE
:1018700009201B4B920519621A4B1B4DDA671B4B53
:10188000DA688243DA609A68194802409A60112047
:10189000296002F067F8112002F044F880226B6C96
:1018A000112093436B64EE23DB006343114A1B0C4E
:1018B000D3800122104B9A7201F0ACFB0F4B1B78C6
:1018C000002B04D10E4B1021187802F065FA70BD80
:1018D000000005408805054000060540FF010000A6
:1018E00000F0004004E100E0003800403CF000401F
:1018F000FFDFFFFFD060FF1F6861FF1F0A64FF1F4B
:101900000962FF1F10B502F097FA072804D01228C9
:1019100008D0022808D010BD044A0420136B0133FC
:101920001363F8E70220F6E71420F4E70065FF1FD1
:10193000F8B507000C0026002500503630785135E8
:10194000002804D10300287058342370F8BD29788A
:10195000CA00481E8141A3183800A25C5B68C9B266
:10196000FFF7D0FF00280DD12B78DA00A218013341
:1019700050602B703378044A013B3370136A013393
:101980001362D8E70123DFE70065FF1F5C234343B1
:10199000074910B5C9180B0058331B78012B05D126
:1019A000FFF7C6FF034A936A0133936210BDC04636
:1019B0003465FF1F0065FF1F10B502F075F9064A78
:1019C0000121130010CB4942D967044B136002F088
:1019D0003BFA200010BDC04600E100E010001000FE
:1019E00010B5040002F060F9024B1C6002F02CFA02
:1019F00010BDC04600E100E010B5040002F054F94B
:101A00004021094A200013688B43136000F07EFADE
:101A100001F02EFC0022054B01201A60044B043219
:101A20001A6002F0F1F9FEE71CF00040C4F000403B
:101A3000C0F00040431E5A425341A022F0B5D201EB
:101A40005B421340144E154A40019B183218127E17
:101A50008BB00191002A19D01A000832D46F0022ED
:101A6000E5B206AFE4B294420CDC3018C369002B37
:101A700006D0019A03A8027006AA42600572984730
:101A80000BB0F0BD1978B9540132ECE71A7D1A7821
:101A900006AB01251A70E8E7C067FF1F0040004051
:101AA0007FB5244B4101CA5C0400002A2AD05A1891
:101AB000107E002826D0907E002823D0107902289E
:101AC00020D11689D588701B80B2021C102800D93D
:101AD000102292B2AE4216D1591801230B71002385
:101AE000CA69CB800B819A4206D0684603210373F2
:101AF0000171029301A890470820002C00D0192002
:101B000001F088FA7FBD013C60424441A02064425C
:101B1000C001044008485B1824180848DD680633F3
:101B2000013A92B28242EDD019884E1C1E80695C47
:101B30002170F5E7C067FF1F00400040FFFF000075
:101B40000F220E4B10B59868104002380A280BD8A7
:101B500001F0BEFF0D0A0B0A0A110A0A0A0A060062
:101B600002210020FFF766FF10BD0121F9E70020E8
:101B7000FFF796FFF8E7DB6FF6E7C046004000404E
:101B80000F220E4B10B59868104002380A280BD867
:101B900001F09EFF0E0A0B0A0A120A0A0A0A060040
:101BA00002210120FFF746FF10BD01210800F9E7DF
:101BB0000120FFF775FFF7E7DB6FF5E700900040C6
:101BC000564B70B51B68012B03D1554A936D0133F9
:101BD000936502F029F8534B534A1860534B544C09
:101BE0001A600123534A1360534A13602378002B71
:101BF00006D006225149524802F0E6F8002323702D
:101C0000504A514B10681B78C1B2002B0ED14F4C7B
:101C1000C0B223785BB2002B4FDB237824785BB211
:101C200064B21B0424021B191B1813600B1C5029DF
:101C30004ED95023464A47491078DBB2FF2202288A
:101C40004BD10868444C454D267890432A789642FB
:101C500054D9227824782E785D10013DA31B6B4364
:101C60005201D31A10335B111843086002F06CF96B
:101C7000031F012B45D83A4B1B78002B06D0394B5C
:101C80001B78002B02D0002001F0BEFFA122364BB2
:101C900092009978354B4A431B689B188322920027
:101CA0009B181B78033B012B03D8AF20400001F0A9
:101CB000EBFF01222E4BDA8270BD237824785BB2D1
:101CC00064B2FF33FF341B0424021B190138ABE755
:101CD000CAB2022AAED20223ACE70868254C264DD0
:101CE000267890432A78964208D9227824782D784D
:101CF0005B10013B641B63435201B2E72378DBB204
:101D0000B2E70228D5D11D4B1B78013B022B03D92A
:101D10001B4B1B78022BCCD16C20C8E79809FF1F06
:101D2000FC0FFF1F4C64FF1FFF3F00001410034017
:101D30005064FF1F0C10034000100340D50BFF1F21
:101D40007211FF1FB40003408C09FF1F680AFF1FB8
:101D5000490AFF1F94000340460AFF1F470AFF1F5E
:101D6000F908FF1F2209FF1F300DFF1F3409FF1F55
:101D7000BC0BFF1F440AFF1F450AFF1F1C09FF1F62
:101D80002309FF1F10B501F0C7FF0022014B1A8085
:101D900010BDC0464864FF1F10B501F0EDFFA12142
:101DA000054A89009478054A61431268044B521829
:101DB000528C1A8010BDC046300DFF1F3409FF1F22
:101DC0004864FF1F10B50D4B0D4A9978A1239B0065
:101DD0004B431268D218531DD97F0A4B1B88994276
:101DE00009D2441C07D0C82805D0D2695B1A5A43CF
:101DF000054B5343C01802F007F910BD300DFF1F0B
:101E00003409FF1F4864FF1F7102000070B5244DA4
:101E10002B68002B28D002F037F82B68D8402B68AD
:101E20000400002B27D002F037F82B68D8401D4B58
:101E30001D4A9978A1239B004B431268D118D25CAC
:101E400091239B00002A20D0CA580132CA50174B58
:101E500017491B680868834214D3D23B181A012A19
:101E60001AD0144B186070BD02F00EF8124B1968AE
:101E700001F0DAFFD3E702F00FF80F4B196801F019
:101E8000D3FFD4E70D495B18E8E7CA500C4B1B6839
:101E9000DB68E418201AE4E7F530FF30E1E7C046DC
:101EA0001C08FF1F300DFF1F3409FF1F9C09FF1F77
:101EB0004C64FF1FA009FF1F1808FF1F2DFF3F00E4
:101EC0005464FF1F70B504000D00282916D10300CB
:101ED000A433C2881B889B1A0B4A9BB293420DD92C
:101EE00006006A3605223100653001F0F5FF002852
:101EF00004D13100200001F017FE70BD2900200040
:101F000001F0AAFFF9E7C046FE7F0000F8B5050022
:101F1000012001F031FE134CA36AA26A9342FBD167
:101F2000114E336001F010FF1049030008601048A3
:101F3000426894460F4A17680022BC4501D24268A5
:101F4000BA1A0D4802603268AD18A422E562606AD0
:101F5000520302436262094A1278002A01D00F3B01
:101F60000B60F8BD00F00040340AFF1FE408FF1FBB
:101F700028100040180AFF1F1C0AFF1F1C09FF1F22
:101F800070B580241025E405A3682B43A36001F0FD
:101F900033FFA368AB43A36070BD0000F7B5160024
:101FA00080221C001023D2050191916805000B438B
:101FB000936000225B4BD7301A6001F0CDFF9D2368
:101FC0002F002A009B00EB58FC37CA3201213868E9
:101FD0000092002B01D00021009A01F0D5FD2900CC
:101FE000009BCB311A78504BD3351A604B780A7866
:101FF0001B0213438A7812041A43CB781B0613433F
:102000004A4A1BBA13604B790A791B0213438A7937
:1020100012041A43CB7931001B061343444A1BBAFE
:1020200013606B782A781B021343AA7812041A43B0
:10203000EB781B0613433F4A1BBA1360019A330225
:1020400013433D4A13603D4B22001B1B9C46032952
:102050003FDC032332009A43B3089B00F11A9BB282
:10206000032946D13549E01852188178407809048F
:1020700000020143E05C0433014311600022FF2BA6
:102080004ADDF0222E4B12011A600F222D4B1A60EE
:102090002D4A1368002BFCD00023224A27491360E5
:1020A000091B321D0B191B68043A180A2370607053
:1020B000180C1B0EA070E3700434002AF2DC80229E
:1020C00010213B68D20501333B6093688B439360DA
:1020D000F7BD6346D578981893782D061B042B43DB
:1020E000157804392B43557804322D022B430360B5
:1020F000ADE702290AD11149E05C5218E11849788C
:1021000009020143043311609BB2B7E70129B5D13D
:102110000A495218E15CF5E7084959180A60043386
:10212000ADE7C046000004403C00044038000440D5
:1021300034000440300004400C000440000104401E
:10214000040004401000044014000440F0B51400E2
:1021500080221D00102385B0D205019191680600F0
:102160000B4393600023684AD730136001F0F4FEFC
:102170003300FC3358689D2337009B00F158CA3761
:102180003A00002900D083E001F0FEFC31003A78EB
:102190005E4BCB311A604B780A781B0213438A7866
:1021A000A44612041A43CB781B061343584A1BBAA1
:1021B00013604B790A791B0213438A7912041A437C
:1021C000CB791B061343534A1BBA13604B7A0A7A26
:1021D0001B0213438A7A12041A43CB7A29001B0686
:1021E00013434D4A1BBA1360019A230213434B4A0F
:1021F00013602A00231D18000393494B5B1B0193B6
:10220000019BCF785B1802938B783F061B043B43FE
:102210000F7804383B434F7804313F023B43029F21
:102220003B600328ECDCA3081C0003989900431AC8
:102230000134181FA400072B2CD1394B2819E7189B
:10224000837840781B0400020343285D03433B600E
:1022500008310C000023FF2C2EDD324B324919606F
:102260000F21324B1960012327490B60304B19684D
:102270000029FCD006211B680B40042B21D08022B2
:102280000020D20593680A318B43936005B0F0BDFE
:10229000012179E7022808D1214BE0182B195B783E
:1022A0002C5D1B0223430360D2E70128D2D11C4BD3
:1022B000285DE3181860CBE7194961180B600434F6
:1022C000C9E7002310490B606346002B0CDC330088
:1022D000FC335A68102101325A608022D20593687B
:1022E00001208B439360D1E7019B9B181B68190A5F
:1022F00013705170190C1B0ED37004235B42917044
:102300009C440432E0E7C046000004403C00044026
:102310003800044034000440300004400C00044005
:102320000001044004000440080F000010000440B5
:102330001400044070B5061E19D002225A4B9B7936
:102340009343012B13D1594B1A78FF2A0FD15A7896
:10235000FF2A0CD19A78FF2A09D1DA78FF2A06D110
:102360001A79FF2A03D15B79FF2B00D199E0504BFA
:102370000C201A78012A08D000224E4D1A702978B4
:102380000B00093B042B01D8212070BD4B1F012BF2
:10239000FAD9454CA37B042B00D982E0A279032A09
:1023A00000D97EE09A1ED2B2012A02D860881F2886
:1023B00077D9002E56D0012E73D1A0880128E3D002
:1023C000002907D1581E032803D801F081FB1217FA
:1023D00015122E702978481E032811D80025364B77
:1023E0001D602823237501F0DFFDA84227D0A580BA
:1023F000CAE702212970EDE70421FBE70321F9E791
:1024000007390129C0D82D490968C96A8906BBD591
:102410002B4908780028B7D1012A01D9002BB3D164
:1024200002230B708021274D2633890128782375DC
:1024300001F022FD80212878890101F0ADFC012303
:10244000A380214B1B78002B0AD0FA2280211F4B3E
:1024500092001B8809025A431A4B187801F054FD68
:10246000002092E701F020FC2B78A680073B012B8F
:1024700003D917482E7001F07FFD114B114C1A78CB
:10248000002A06D080210022207889011A7001F0EC
:10249000F3FC01F0D9FC80212078090201F0ECFC6A
:1024A000DEE7122071E7C046A60BFF1F6B09FF1F76
:1024B0001A09FF1F1C09FF1F4809FF1F5464FF1F53
:1024C0002309FF1F1B09FF1F2109FF1F2C09FF1FE5
:1024D0000010004010B5002901D001F0C5FB10BD6F
:1024E000F7B55E4B01919978A1239B004B435C4A61
:1024F000060014681022E418D6235B00E058362347
:10250000FF33E35C00279343222B3ED1554B0F3A18
:102510001A600760012501F0E7FC019B1880E823A1
:102520005B00E35C002B01D0B34255DD00224E4F2F
:10253000FA70AD32FF32A2581168002903D0928898
:10254000D24392071AD03822FF32A25C002A15D05B
:102550009B225200A25C002A10D1B3420EDAA423BF
:102560005B00E15AE018090A023101F025FB230063
:102570000122FE33013E01351A87FA70E8235B0021
:10258000E35C002B2AD0A8B2FEBD03683D00002BFF
:10259000C1D081880430090A023101F00DFBD62335
:1025A0005B00E3581F60B5E72300B133BA00FF3387
:1025B0009858013781880430090A023101F0FCFA89
:1025C000E8235B00E35CBB42EEDCE822F61AED1880
:1025D00000235200A354A9E70027F1E7200001F0EF
:1025E000BBFB00281FD0002E1DDD7319882647195C
:1025F0000193B600200001F07FFC5A3080002018C3
:102600004068013581880430090A023101F0D4FAAA
:10261000200001F041FBA3590133A351BD4202D078
:10262000019B9D42E6D1114BE35C002BABD095237F
:102630009B00E35C002BA6D00D4BE15A0029A2D0F1
:102640000C4AA35C994202D90133A3549BE70023AF
:102650001A212000A35401F0AFFB94E7300DFF1FB7
:102660003409FF1F00140340E010FF1F5A0200004E
:10267000720200005E0200000D4970B54A6E0D4CFA
:10268000D2038B69D20BA24206D80B4D0224AA4278
:1026900004D901F031FB70BD02246442E218150038
:1026A0007E2425402242F4D0A3432B438B61F0E7E4
:1026B00000F000400A200000FC1C0000F8B51D4B93
:1026C0001D4F1A78002A10D1BA7B002A02D101329C
:1026D0001A7003E0032AFAD0022AF8D001F064FC51
:1026E00000220120154B1A70F8BD154B154D1C68C2
:1026F000154B9E7801232B702878C0B200F09CFB0C
:10270000BB7B002B0BD101F04FFBA1239B0073433C
:10271000E41883239B00E41823782B70E4E7032B51
:1027200002D101F0C9FAF0E70020022BDCD101F060
:10273000EBFAEAE71C09FF1FA60BFF1F2309FF1F87
:102740003409FF1F490AFF1F300DFF1FF0B587B086
:102750000EAD2F780FAD2D780593AC46634614006F
:102760000E4D0CAA12782E7803930D9B00920193C4
:102770002200059B029701F05FFA2E70012C01D018
:10278000042C08D1802206498B889343054A12788D
:10279000D20113438B8007B0F0BDC0461C09FF1F58
:1027A0006C11FF1F7809FF1F0B001B3B70B5040065
:1027B0003020E02B0DD81300E025493BFF3B9BB2B6
:1027C000ED00AB4205D8034B200019825A8201F07C
:1027D000F3FB70BD8410FF1F10B501F025FA054B07
:1027E00000205B68052B04D9034A5268D20200D44A
:1027F000980810BD00100040FCE100E070B501F049
:1028000053FA0D4B1B68FC33DC691D6AFFF7E4FFCC
:102810006419844204D2094B01241B68002B07D0A1
:1028200004220024064B1A70064A9369013393610F
:1028300001F00AFB200070BD5464FF1F9809FF1FC0
:102840002309FF1FFC0FFF1F70B50C4D2B68FC33D5
:102850005C6A01F029FAFFF7BFFF2B680025FC3303
:102860009B6AE318834204D2054B1B68AB4200D13C
:10287000051B01F0E9FA280070BDC0465464FF1F33
:102880009809FF1FD722044B92009B5810B5002BCC
:1028900000D0984710BDC0460000FF1F10B501F0E2
:1028A000FFF8FFF7EFFF2749274BCA6D1A40842333
:1028B0005B001343CB65254B1B68186A01F05CF97C
:1028C000234B244A1A60244B244A1A60A022244B2A
:1028D00052001A60234B187801F0EEFA224923487F
:1028E00001F07AFB0023214A21499360023393606F
:1028F000204B214813600323936001F06DFB1022ED
:102900001E4BFF201A60802252031A60802292031D
:102910001A60802212041A6001F076F9012001F099
:102920001BF9FA20400001F03FF9582001F0ACF902
:10293000134801F001FB012001F016FB072001F014
:1029400053F910BD00F0004000FEFEFF5464FF1F6D
:10295000000003400180063DBC0003403408000035
:10296000A40003404A0AFF1F710200001410004037
:10297000FFFF3F00C30900002810004000E100E015
:1029800030750000664F3B6888331B6883F3088806
:1029900001F042F9634A6449136800200B40136058
:1029A000624B634A1B68934200D1A4E001F0ACF88B
:1029B0000221604A13688B431360FFF76FFF5E4B81
:1029C000002418785D4DC0B201F0E6F80223AC6037
:1029D000AB605B4B01202B6001F0CEF80323AB60B2
:1029E00001F072FA050001F01FF9060001F06CFA1F
:1029F000544B186001F0B8F9534B1A68AA4264416D
:102A0000AB1A80221B1BD203934201D39B029B0A69
:102A10003A68D16AC90700D470E04C491C0C0968B7
:102A20009BB24C4359432402090A64184849FC32BA
:102A300093680A6803219B1A464A474812689B1804
:102A4000464A9D18464A0B401768AD08DB190560D9
:102A50001360042B03D901350B40056013602D1959
:102A60002800404901F0E0F93F4F3E493B68C31858
:102A70003B602800019301F05FF83C4D286808187E
:102A800038492860884205D9019B01333B6001F039
:102A900053F8296001F0A8F9354B1B78002B0DD0B5
:102AA00001F0C2F8334BA21B196812188A4232D2C5
:102AB0008919091B091A304801F08EFA2F4D2B7A1B
:102AC000002B0ED001F0B0F8A21BE9681218914259
:102AD00024D98919091B091A294801F07DFA002314
:102AE0002B72284B83F3088801F056FA002001F07E
:102AF0000BF801F071F901F007F85EE7DC019900CD
:102B00000234641A5900641A09214B438033CB40C4
:102B1000A408E4188AE7FA218900CCE71A49DBE720
:102B20005464FF1F1CF00040FFFFC1FF0C0AFF1F91
:102B3000B641210310000040490AFF1F1410004055
:102B4000C3090000100AFF1F340AFF1F380AFF1FC5
:102B5000200AFF1F1C0AFF1F240AFF1FC4090000D0
:102B6000280AFF1F710200006008FF1F2C0AFF1FC8
:102B70001C09FF1FE408FF1F00100040740BFF1F1B
:102B80003C10004000000020DC050000A022054BA6
:102B900092009B5810B5002B01D0984710BD01F052
:102BA000F3F9FBE70000FF1FA122054B92009B58A1
:102BB00010B5002B01D0984710BD01F0E5F9FBE7F7
:102BC0000000FF1FA222054B92009B5810B5002B5E
:102BD00001D0984710BD01F0D7F9FBE70000FF1FB7
:102BE000A322054B92009B5810B5002B01D09847AB
:102BF00010BD01F0C9F9FBE70000FF1FA422054B3F
:102C000092009B5810B5002B01D0984710BD01F0E1
:102C1000BBF9FBE70000FF1F70B501F005F84F4B53
:102C2000186001F029F80400C30702D401F04CF841
:102C300070BD00224A4B1A604A4B187801380428AC
:102C400029D800F045FF0320181C2400200001F0C3
:102C5000BBF90128ECD0444C2378042B6ED100F052
:102C6000B3FF0028E4D000F057FF582001F00CF823
:102C700002232370DCE7200000F066FFE9E7200074
:102C800001F0BAF9E5E7200000F0A6FFE1E7200037
:102C900000F06AFFDDE701F057F90500012808D1CF
:102CA000324B1B78053B012B03D82000FFF76EFF4A
:102CB000D1E72D4B1B78022B01D0052B20D1022D03
:102CC00028D12B4B9B7BAB431CD12000FFF76CFF23
:102CD000264B18780128BED16405BCD4244925228E
:102CE0004B7B034205D1233A13405A4253412633CA
:102CF0001A000B7D9342AED9322001F0B5F8AAE755
:102D0000022D07D1194B1B78052B11D12000FFF79D
:102D100059FFDDE7012D0BD1012B03D12000FFF777
:102D20005FFF98E7062B03D12000FFF767FF92E7CC
:102D3000200001F029F9022D8DD1C9E7032B04D120
:102D40000C4B987C01F0F0F872E7072B00D06FE78E
:102D5000094B987B01F048F96AE7C0469C09FF1FC0
:102D60009809FF1F9009FF1F2309FF1F1C09FF1F60
:102D7000A60BFF1FBC0BFF1FD40BFF1FFA210A4B32
:102D80000A4A49001A640A4A5A500A4A04395A50EF
:102D9000094A08319A64094A5A50094A5C315A5022
:102DA000084ADA667047C0460000FF1F4D27FF1F24
:102DB0004928FF1FFD27FF1F3523FF1FBD26FF1FCB
:102DC000C51DFF1F991DFF1FF7B50B0CFF27012223
:102DD000009300233C001E001D009446019089B220
:102DE00062469A401000084018413618B6B2FF2FCC
:102DF00002D1012E00D19FB2009802401A41AD18B5
:102E0000ADB2FF2C02D1012D00D19CB20133102BA9
:102E1000E6D10320012E07D1012D04D1019B24010D
:102E2000E4191C700138FEBD102EFCD10238102DA3
:102E3000F9D00230F7E700008023F7B59C46264B17
:102E4000264F01932649274A274D284C284B022814
:102E50001AD1604638600868264E30408026360316
:102E60003043086001990978002909D11660224A87
:102E70002A60224A2260E02219689143A03A1BE0AE
:102E80008021C9021160F2E766463E600F68194E64
:102E90003E408027FF023E430E60019909780029D9
:102EA0000DD1176001280ED1154A2A60154A2260FB
:102EB000E02219689143C03A0A431A60F7BD8021A5
:102EC00089021160EEE7E0210F4A02432A600F4AAF
:102ED00022601A688A43F0E74B0AFF1FE0000340B4
:102EE000D80003409000034000000340500003401E
:102EF00040000340FFFFE3FF0280063D80450822BB
:102F00000180063D806608220080069880550822D0
:102F1000F8B51E4B80261A68002014003440324257
:102F200032D11A681A4F32431A6001223B680630C8
:102F300093433B6000F020FE0122164D2B681E4398
:102F40002E603B680A2613433B608027BF00124B6C
:102F50001B683B4211D1013EF6B2FF2E09D17E2201
:102F60000E4B1C682B68E40B1440934323432B60E7
:102F700005E0082000F000FEE9E7002EEFD18022F6
:102F80002B68600893432B60F8BDC046C4F0004036
:102F90005CF0004018F0004068F0004060F0004035
:102FA00010B500F0B9FF01215820034A00F0A4FD3C
:102FB000FFF7AEFF10BDC046600AFF1F10B57822B4
:102FC0000021034800F048FE00F08EFE002010BDF6
:102FD0004867FF1F70B5040000F066FE00230C2058
:102FE0000B4A010059438D18515C00290DD0A142B4
:102FF00008D1012300246B7000F026FE00F024FFAE
:10300000200070BD01330A2BEBD11224F6E7C04635
:103010004867FF1F70B5040000F046FE002319004A
:103020001D000C4A1078002808D0A04200D155702D
:10303000507801311B180C320A29F3D1002B05D12D
:1030400000F052FE00F000FF002070BD00F0FCFD1B
:10305000F8E7C0464867FF1FF7B504000C200023BF
:1030600084460E4D019267465F43E85D7E19A0429B
:1030700012D000280BD10A4B9C4662461B780833BD
:103080001370019B70707C557160B360FEBD01339D
:103090000A2BE8D10320F9E70720F7E74867FF1F6D
:1030A0004467FF1F70B500240C26104B32006243AA
:1030B000D5189A5C824211D10D4A1378F8331370F7
:1030C00000F0F2FD09222900121B72430C31280086
:1030D00000F0A2FE00F0B8FE002070BD002A02D071
:1030E00001340A2CE2D11220F7E7C0464867FF1FDF
:1030F0004467FF1F8020F8B5484BC0051B68C124FA
:103100008360474BFF251A68012313434361454BF6
:10311000A4001A68444B40211A60444B1A68444B7F
:103120001A60444B1A59AA431A51C52292009E585C
:10313000AE433143802699509F583F49F6010F40D6
:103140003E439E509E5880273602360A30439850A0
:1031500080201A5900020A4002431A5104341A59B5
:10316000364E3F04324080263A431A511A593606E9
:103170001202120A32431A5108341A5980260A40A0
:1031800002431A51C32292009F58B446AF433743BB
:103190009F509F58294E0F4007439F509F583740DC
:1031A00080263604374380269F509F5836063F02BC
:1031B0003F0A37439F50C0221F59AF433A431A5129
:1031C0001A591202120A1643C6221E5192009C5826
:1031D000AC4365462C439C509C5800250C40204332
:1031E0009850C72080001A58154C1140C022120276
:1031F0000A431A50134B1B78DB08AB4201DC00205A
:10320000F8BD2378002B06D0A368002B00D0984788
:1032100001350C34EEE71220F2E7C0460843FF1FE9
:103220000443FF1FB0F000404067FF1FB4F00040B0
:103230003C67FF1F00E100E0FF00FFFFFFFF00FF12
:103240004867FF1F4467FF1F030010B51F2809D8F8
:10325000072200201340072404490A78A24313439D
:103260000B7010BD00230620F5E7C0464467FF1F22
:10327000034A0449136800200B4013607047C0469E
:103280001CF00040FFFFC1FF054B06491B780A6890
:1032900005485B0702401B0B134300200B6070477F
:1032A0004467FF1F1CF00040FFFFC1FF70B50C25F5
:1032B000FFF7EAFF0A4B1C780A4BE4086543ED1858
:1032C000002C01D1200070BD2B78002B06D06B683C
:1032D000002B00D09847013C0C3DF1E71220F2E7AB
:1032E0004467FF1F3C67FF1F1FB5002102220B0030
:1032F00001910091052000F047FD02230B490A6867
:103300001A42FCD120230393039B5A1E0392002BE5
:10331000FAD1074A1368002BFCDA0B246C44200016
:10332000012100F009FD207804B010BD90C80040D4
:1033300000C8004013B504000A4B0193019B002B09
:1033400001D1112016BDFFF7CFFF23000340044237
:1033500005D0052000F010FC019B013BEDE71800B3
:10336000F0E7C046FFFFFF0707B500F09DFC802295
:103370000821D205936A0191002B01D1073991628E
:1033800002210C4A11600199481E01900029FAD1CE
:1033900003311160053101910199481E0190002906
:1033A000FAD11160002B02D18022D205936200F085
:1033B0004BFD07BD00C00040F0B52D4C89B023780F
:1033C000002B4FD1FEF7F8FA02232A4F03903A68F8
:1033D0001A42FCD120230693069B5A1E0692002B0C
:1033E000FAD1254E3368002BFCDA0120FFF7A2FF4B
:1033F000011E02D0112009B0F0BD0300032201908C
:10340000009005AD9F2000F0BFFC0321280000F0D4
:1034100093FC02233A681A42FCD120230793079BAE
:103420005A1E0792002BFAD13368002BFCDA0120D8
:10343000FFF780FF0028DDD10398FEF7D1FAAA78C4
:103440006B7811041B020B4329780B436360130054
:10345000113B0A49052B07D801239340A3600B6059
:10346000012323700020C6E780231B03F6E7C04634
:10347000F042FF1F90C8004000C800409808FF1F9E
:103480001E4B30B55A6818781D4B85B0D318594279
:103490004B4101210093002300F01EFC194B1A4AF6
:1034A00002259A6300221A6510325A658022C421CF
:1034B0009D65164B1648D202DA6789004258154BB3
:1034C00080241A4080231B0413434350642341206B
:1034D0000393E40500F006FA402000F003FA656269
:1034E000039D6B1E0393002DFAD103236362FFF744
:1034F0003BFFA562FFF760FF05B030BDFC42FF1F38
:1035000095FFFEF700C80040050001FF04E100E060
:1035100000E100E0FFFF00FFF0B585B00700FEF717
:103520004BFA022305002D4C22681A42FCD12023BD
:103530000093009B5A1E0092002BFAD1284E33684C
:10354000002BFCDA0120FFF7F5FE002803D0112440
:10355000200005B0F0BD234B2360022322681A42ED
:10356000FCD120230193019B5A1E0192002BFAD11A
:103570003368002BFCDA0120FFF7DCFE0028E6D1DF
:10358000194B1F60022322681A42FCD120230293A8
:10359000029B5A1E0292002BFAD13368002BFCDAF0
:1035A0000120FFF7C7FE0028D1D1104B2360022372
:1035B00022681A42FCD120230393039B5A1E0392D4
:1035C000002BFAD13368002BFCDA0120FFF7B2FEA2
:1035D000041EBCD12800FEF703FAB9E790C80040EA
:1035E00000C8004001000006A8C80040018000019A
:1035F00010B50020FFF790FF10BD000010B5064B7E
:1036000018705960FFF73CFF00211320034AFFF7B1
:1036100023FD002010BDC046FC42FF1F8134FF1F68
:10362000F0B5040085B003920291FEF7C5F9882237
:1036300063035B0B52051A438023DB059D6A8023DD
:10364000274F0092BA68002601901B039A420CD9BA
:10365000F82326001B041E401C4206D08022214B6A
:1036600052025E6219680A431A60002D0BD100F005
:103670001BFB02221C4B1A608023DB055A62013AB5
:103680009A6200F0E1FB0023039A934220D1002DBF
:103690000AD100F009FB144B03221D608023DB05D7
:1036A0005A629D6200F0D0FB8023BA681B039A42E5
:1036B00008D9002E06D000220A4B0C495A621A681B
:1036C0000A401A600198FEF78BF9002005B0F0BDA2
:1036D000009A0299D2181278CA540133D4E7C0462E
:1036E000F042FF1F00C8004000C00040FFFFFEFF87
:1036F000F0B587B0029103920400FEF75DF90190E6
:1037000000F0D2FA802302250122234EDB0535602A
:103710005D629A6200F098FB204F3B682B42FCD11F
:1037200020230493049B5A1E0492002BFAD11C4DB3
:103730002B68002BFCDA0120FFF7FCFD002802D0EB
:10374000112007B0F0BD2000039A029900F054FA4E
:10375000022304003A681A42FCD120230593059BFA
:103760005A1E0592002BFAD12B68002BFCDA01209F
:10377000FFF7E0FD051EE3D100F096FA8023032257
:10378000DB0535605A629D6200F05EFB0198FEF732
:1037900027F9E0B2D5E7C04600C0004090C800401D
:1037A00000C80040F0B5802489B00600FEF704F997
:1037B000E405A36A02250393029000F075FA012341
:1037C000304F3D606562A36200F03EFB2E4C2368E3
:1037D0002B42FCD120230593059B5A1E0592002BFA
:1037E000FAD12A4D2B68002BFCDA0120FFF7A2FD4D
:1037F000002803D01124200009B0F0BD244B236021
:10380000022322681A42FCD120230693069B5A1EEB
:103810000692002BFAD12B68002BFCDA0120FFF76F
:1038200089FD021EE6D11B4B03211E60030001909F
:103830000090202000F0A8FA022322681A42FCD14E
:1038400020230793079B5A1E0792002BFAD12B685F
:10385000002BFCDA0320FFF76DFD041ECAD100F037
:1038600023FA80230322DB053C605A629C6200F04D
:10387000EBFA039B002B01D1FFF776FD0298FEF7D0
:10388000AFF8B8E700C0004090C8004000C8004052
:103890000100000694C8004007B50002019104220F
:1038A000000A01A9FFF724FF0EBD000073B5050053
:1038B00005240B4AA3005B429B1819686B46DE1D6A
:1038C0003000FFF781FA022804D133782B55013CF0
:1038D000EFD276BD052CFCD00128FAD10230F8E7F2
:1038E000140900111F2807D8012380228340D20524
:1038F00091680B43936070473F2808D801238022CA
:1039000020388340D20551690B435361F3E75F28A8
:10391000F1D80123802240388340D205116A0B433D
:103920001362E8E71F2807D8012280218240C905D9
:103930008B6893438B6070473F2808D80122802111
:1039400020388240C9054B6993434B61F3E75F28F8
:10395000F1D80122802140388240C9050B6A934387
:103960000B62E8E71F2810D880230200DB05153A18
:103970001968012A06D820229143196019680A4360
:103980001A60704701228240F6E73F2811D8802351
:103990000200DB05353AD968032A06D81022914384
:1039A000D960D9680A43DA60EBE701222038824007
:1039B000F5E75F28E5D842238022181A413B83406F
:1039C000D205516A99435162516A0B435362D8E759
:1039D00010B50400012813D1A022184992050B68E4
:1039E0005B015B0913430B60154B164A19681140C4
:1039F000154A0A431A60402219680A431A6010BD2A
:103A00000028FCD101000A2000F04EFA21000B2012
:103A100000F04AFAC0220A4B920019680A4340217A
:103A20001A601A688A431A60B022044912060B68A9
:103A30005B015B0913430B60E1E7C04614F00040F3
:103A40001CF000407F00FEFF80FD010072B6074AB7
:103A50001368013313600422054B1A600023054AE2
:103A600013608022D2055360FEE7C0467808FF1F2E
:103A7000C0F00040C4F0004005490B68002B05D1A0
:103A8000044A0A6004490A60044A13607047C04649
:103A9000140AFF1F841E0000380AFF1FC4F00040F4
:103AA0000023034A1360034A1360034A13607047FC
:103AB00054F0004040F1004044F1004002B471462F
:103AC00049084900095649008E4402BC7047C04667
:103AD00002B4714649084900095C49008E4402BCA1
:103AE0007047C04603B47146490840004900095A6E
:103AF00049008E4403BC704701B40248844601BCAF
:103B0000604700BF0167010001B40248844601BC60
:103B1000604700BF016C010001B40248844601BC4B
:103B2000604700BF6DF6000001B40248844601BC46
:103B3000604700BF85C1000001B40248844601BC53
:103B4000604700BF090E000001B40248844601BC72
:103B5000604700BF0934010001B40248844601BC3B
:103B6000604700BF6911010001B40248844601BCEE
:103B7000604700BFF935010001B40248844601BC2A
:103B8000604700BF0189000001B40248844601BCBF
:103B9000604700BF2144000001B40248844601BCD4
:103BA000604700BF8914010001B40248844601BC8B
:103BB000604700BF8512010001B40248844601BC81
:103BC000604700BFC115010001B40248844601BC32
:103BD000604700BF01D7000001B40248844601BC21
:103BE000604700BFF535010001B40248844601BCBE
:103BF000604700BFF90D010001B40248844601BCD2
:103C0000604700BF9573010001B40248844601BCBF
:103C1000604700BFED6B010001B40248844601BC5F
:103C2000604700BFC9A9000001B40248844601BC36
:103C3000604700BFC95C010001B40248844601BC72
:103C4000604700BF9D6A000001B40248844601BC81
:103C5000604700BF21A9000001B40248844601BCAE
:103C6000604700BFB70E000001B40248844601BCA3
:103C7000604700BFE9D4000001B40248844601BC9B
:103C8000604700BFBD0B010001B40248844601BC7F
:103C9000604700BF7912010001B40248844601BCAC
:103CA000604700BF5976010001B40248844601BC58
:103CB000604700BF75A9000001B40248844601BCFA
:103CC000604700BF75F8000001B40248844601BC9B
:103CD000604700BFDD0A010001B40248844601BC10
:103CE000604700BFC56D010001B40248844601BCB5
:103CF000604700BFADAE000001B40248844601BC7D
:103D0000604700BFD1AE000001B40248844601BC48
:103D1000604700BF19FA000001B40248844601BCA4
:103D2000604700BF8D82000001B40248844601BC98
:103D3000604700BF3DB7001101B40248844601BC92
:103D4000604700BF3D71010001B40248844601BCD8
:103D5000604700BFBD5C010001B40248844601BC5D
:103D6000604700BF71B0000001B40248844601BC46
:103D7000604700BFC166010001B40248844601BC2F
:103D8000604700BFF9ED000001B40248844601BC61
:103D9000604700BF496D010001B40248844601BC80
:103DA000604700BF0D52010001B40248844601BCC7
:103DB000604700BFE9F6000001B40248844601BC38
:103DC000604700BF53B9000001B40248844601BCFB
:103DD000604700BFE94C010001B40248844601BCC1
:103DE000604700BF8552010001B40248844601BC0F
:103DF000604700BFD544010001B40248844601BCBD
:103E0000604700BFDD3F000001B40248844601BCAA
:103E1000604700BFA1AF000001B40248844601BC66
:103E2000604700BF810E000001B40248844601BC17
:103E3000604700BF090E000001B40248844601BC7F
:103E4000604700BFE927000001B40248844601BC76
:103E5000604700BF9DA9000001B40248844601BC30
:103E6000604700BF51B8000001B40248844601BC5D
:103E7000604700BF6137010001B40248844601BCBD
:103E8000604700BFB352010001B40248844601BC40
:103E9000604700BFE90B010001B40248844601BC41
:103EA000604700BF6D0B010001B40248844601BCAD
:103EB000604700BF6DA1001101B40248844601BCF7
:103EC000604700BFEDA5000001B40248844601BC74
:103ED000604700BF156B010001B40248844601BC75
:103EE000604700BFCD4C010001B40248844601BCCC
:103EF000604700BFCD0C010001B40248844601BCFC
:103F0000604700BFD9B0000001B40248844601BC3C
:103F1000604700BF8B52010001B40248844601BCD7
:103F2000604700BFED68010001B40248844601BC4F
:103F3000604700BF4DF9000001B40248844601BC4F
:103F4000604700BF8D11010001B40248844601BCE6
:103F5000604700BFDD0C010001B40248844601BC8B
:103F6000604700BF8944000001B40248844601BC98
:103F7000604700BFE512010001B40248844601BC5D
:103F8000604700BFC1A5000001B40248844601BCDF
:103F9000604700BFE917010001B40248844601BC34
:103FA000604700BF7997000001B40248844601BC15
:103FB000604700BFA9D8000001B40248844601BC94
:103FC000604700BF116E000001B40248844601BC86
:103FD000604700BF0134010001B40248844601BCBF
:103FE000604700BF2D6C010001B40248844601BC4B
:103FF000604700BFC1F7000001B40248844601BC1D
:10400000604700BF0534010001B40248844601BC8A
:08401000604700BF8937010081
:1040180002000000F6BF00110100000010BE0011F0
:1040280002000000F2BF0011010000005840FF1F0D
:104038000200000018BE0011010000006461FF1FAB
:1040480002000000F0BF001103000000D860FF1F4D
:104058001200000002000000F6BF0011010000007D
:1040680058BE001102000000F2BF0011010000005C
:1040780055BE00110200000062BE001103000000DE
:104088001361FF1F02000000F0BF001103000000D1
:104098002861FF1F02000000F2BF001101000000AC
:1040A80054BE00110200000060BE001103000000B1
:1040B800E960FF1F02000000F0BF001103000000CC
:1040C8000A61FF1F02000000F6BF00110100000096
:1040D800A4BE001102000000F2BF001101000000A0
:1040E800A141FF1F02000000B6BE00110100000040
:1040F80099BE001102000000F2BF0011010000008B
:10410800A041FF1F02000000B4BE00110100000022
:104118003061FF1F02000000F2BF00110100000023
:104128009F41FF1F02000000B2BE00110100000005
:1041380089BE001102000000F2BF0011010000005A
:104148009E41FF1F02000000B0BE001101000000E8
:1041580084BE001102000000F2BF0011010000003F
:104168009D41FF1F02000000AEBE001101000000CB
:104178007CBE001102000000F2BF00110100000027
:104188009C41FF1F02000000ACBE001101000000AE
:1041980074BE0011020202020202000000000000C8
:1041A80016150000D94D00119D4D001104BF0011D6
:1041B80090011D0018001800FFFF07010203040505
:1041C80006020106000000000000000000000000D8
:1041D80000000000000000000000000000000000D7
:1041E8000300000002000000F6BF001101000000FB
:1041F80024BF001102000000F2BF001101000000FE
:104208005C42FF1F020000002EBF001101000000E9
:104218005E61FF1F02000000F0BF001103000000F4
:104228003C64FF1F02000000F2BF00110100000003
:104238005C42FF1F020000002CBF001101000000BB
:104248006061FF1F02000000F0BF001103000000C2
:104258003464FF1F1200000000010000000001117B
:10426800FFFF000050485936000000000000000021
:104278000B000500F0000000B4000028002800280A
:104288003075A000A000A000A00000080008E00110
:10429800F000100010001000100010001000500076
:1042A8005000500010001000D0070000000000006F
:1042B8000F0001000500307507001000010081FFA4
:1042C80000000000FF000000417300114971001157
:1042D800D96E0011FFFF0100FF000000799D001159
:1042E800E99A0011019A0011000000000000000086
:1042F80000000800040000003B0001085902E0012A
:104308008821280002000000F6BF0011010000000B
:10431800BCC0001102000000F2BF00110100000043
:104328008943FF1F02000000EEBF001101000000DA
:104338000068FF1F02000000F2BF0011010000002A
:104348008843FF1F02000000ECBF001101000000BD
:104358008643FF1F02000000F2BF001101000000A9
:104368008443FF1F02000000EABF001101000000A3
:104378007C43FF1F180018001D0090010200000375
:104388000202000002000000F6BF00110100000058
:10439800D0C0001102000000F2BF001101000000AF
:1043A800CC43FF1F02000000E8BF0011000000001E
:1043B8000000000002000000F0BF00110300000030
:0643C8002068FF1F20FF2A
:040000051FFF184180
:00000001FF
