:020000041100E9
:103000007FB50023284C294D03932800217C284AB2
:1030100001F025FA002812D103232800217C03AAFD
:1030200001F0C4F900280AD1224B039A9A4206D132
:10303000214B2248E360224B636104B070BD02263D
:10304000217CFE2228001F4B009601F081F9002808
:1030500001D00020F1E71C4BA2899A42F9D1217CD2
:10306000FF222800194B009601F072F90028F0D1D8
:10307000E389174A934203D1164B17486361DCE793
:10308000164A9342E5D1164B164A1B68934206D95D
:10309000C02304222800217C9B0001F0C2F9124BBE
:1030A00012486361C9E7C0464461FF1FA441FF1F86
:1030B0008137000059595300595983208CBD0011A4
:1030C000B14100115061FF1F595900005261FF1FAB
:1030D00083050000694100116CBD001182150000DC
:1030E0006861FF1F87130000054200117CBD0011BD
:1030F00070B5134D2B7C002B0DD0124C200001F02D
:10310000D5F8297C382907D1BA22200001F078F9B6
:10311000200001F009F970BDEB890B4A934206D1FA
:103120009023022220001B0201F07BF9F0E7074AFE
:103130009342EDD12000064A01F091F9E8E7C0463C
:103140004461FF1FA441FF1F83050000832000008E
:10315000A23000000022024B1A825A617047C0461A
:103160004461FF1FF7B5164B0192C318021D0020E2
:10317000009388235B05D3181B685C1C1AD09CB293
:10318000402C18D88D781E0CAC466746CD782D02A1
:103190003D43AE4206D1019800280ED110000C70BC
:1031A000240A4C7003249BB20733A343D218009B1C
:1031B0009A42DED3FEBD4432F9E71000FAE7C0467A
:1031C000FC0F0000802213B503000324019189B293
:1031D000520107319B18A14304305A1A88235B051A
:1031E000C3181B68591C03D190429241104016BD70
:1031F00099B2402907D80B000733A343C018904267
:10320000ECD30020F3E74430F9E7134B134A1B6873
:10321000126810B5FA24934201D81A00F824104B12
:10322000E4021B689A4210D813000E4A12689A42B0
:103230000ED3013307D1F823DB029C4203D10A49A4
:10324000054808F039FC200010BDFC24E402ECE73E
:10325000FE24E402F7E7C04600C0071100D00711C2
:1032600000E0071100F00711FFFFFF7FF0B59BB0F2
:10327000150003900491402A5CD806AC618022803E
:10328000FFF7C3FF002221000600FFF76BFF0528B0
:103290000FD92388AB420CD1002D07D0504B2A0008
:1032A0000399C01808F0F8F9002802D101201BB0DA
:1032B000F0BD258030000699FFF784FF041E79D108
:1032C000069B0793FFF7A1FF80235B01C6188023AD
:1032D00007001B039E4201D1F826F60288235B05F6
:1032E000F31801931B68013302D0019808F0C4FA67
:1032F0003C49019808F0E0FB3B1D0293331D059308
:103300008822029B52059B181B6808935A1C13D1F4
:1033100088235B05FF1839680198013908F0CCFB58
:10332000380008F0A9FA30000799FFF74BFF0400B6
:10333000002C41D10020BAE744219AB20091402AE2
:1033400004D80320D11D814389B2009104991B0C3C
:103350008B4224D0402A22D80122300008A9FFF74E
:1033600001FF021E1BD1380008A9FFF7FBFE040075
:103370000428DDD9009A059B9B1880225201B218BF
:1033800093422AD288235B05C118009A09A808F045
:10339000F3FB134B009A09A9F01808F035FA009ACC
:1033A000029B9446634402930F4B029AFB189A4285
:1033B000A6D3ADE70428BDD088235B05E0180699A5
:1033C00008F07AFB0323EA1C9A4300D16EE7044B12
:1033D0000399E01808F018FA68E70424ECE7C046FF
:1033E00004000011FFFFFF7FF80F000073B5040019
:1033F0001600402A1ED801AD6980FFF706FF0022A3
:1034000029002A80FFF7AEFE042810D92D88002E4F
:103410000BD0002C09D0321CAE4200D92A1C074B1D
:1034200092B2C118200008F0A7FB28B276BDC043B5
:1034300000B2FBE703204042F8E7C0460400001159
:1034400037B5042204000D0001A81649FFF7CEFF8E
:10345000020004280BD1019BA34208D3AB4204D045
:10346000104901A80195FFF701FF01203EBD0E4C58
:1034700023682000019308F0FFF901992000013929
:10348000019108F019FB80235B01E418074B9C4273
:10349000EED10422034901A80195FFF7E7FE0020C1
:1034A000E4E7C0465555000000C0071100000811B0
:1034B000F0B589B010226946234808F06DF9234B16
:1034C000009A6C469A4211D1019B0F2B35D8069970
:1034D000029A8C4618001100002604AD013808D26B
:1034E000002E01D00A00A160013229D10023A3607F
:1034F00023E04F1CF2D161460126EFE7103610227F
:103500002900300008F048F9A368A868013300D109
:10351000A060882329685B05C9186B6829601A03B5
:10352000120B6A60814203D03B4201D108F024FBB8
:103530006368013B6360002BE0D1A06809B0F0BD77
:10354000E027014E3F03F6E70000011150485936CD
:1035500007B508F079F9FFF7ABFF002803D0019019
:1035600001984168084707BD10B508F06DF9FFF7ED
:103570009FFF040008F0C0F9200010BD13B504003F
:1035800008F062F9002C03D00194019841680847C3
:1035900013BDC0468022F8B5964C974BD20000214F
:1035A00020001C6008F048FA2300944A88331A600F
:1035B000934B1A786A23002A00D01133E3620A235E
:1035C0002365904B37221B780820A3638E4B21186C
:1035D000E361102323628D4B3B256361C823DB002D
:1035E000A36123008C331A602823013AE26320642C
:1035F0006364CA67043A211DCA672100BC310D60AB
:103600002100C03108602100C4310B602100063563
:10361000CC310D602100083DC8310D602100D03152
:103620000A602200D43210602200D83213602200D7
:103630000227E032210017604222DC310A602100BB
:103640001B3DE4310D602100E83108602100EC31C0
:103650000B6023000521F43319602300F0331A6056
:103660002300183290331A6023009433186023002B
:103670001E3A98331A60AF23DB002360644BFA26AE
:103680002363644B644DE360644BF031A364230017
:10369000FF31FC33B600A16021611E60A562732575
:1036A000E5656D3D6565A56596255D4AAD00E264FD
:1036B000666258606766A56600270925A767E56604
:1036C000584F594D606720002567E2673A6015271B
:1036D0009C30676007001A2038602000A030070087
:1036E000212038602000A83007004C4838602000B6
:1036F000F830066026006427A436376026005F3F56
:10370000AC3637602600033FB03637602600C63738
:10371000B436376026000027B836376038269E60FA
:10372000424E96205E64424E5A66DE61414E9A6475
:103730005E62F53EFF3E9E621E269A67354A800015
:10374000DE661F675F67DD651D661862DA67BE2388
:10375000394A5B00E250394BD838235004302250AC
:10376000C4225200A350C623E4205B00E15004337E
:10377000334AE1503349344BD16034498000195009
:103780003349E938FF381950324904301950324969
:103790003248D16132491163324951631900F43121
:1037A0000860CE203049400011603049195019009E
:1037B0002F48F83108602F49D16582212E4A8900AF
:1037C0005A501A002D490832D1671A002C49B432D8
:1037D000116088212B4A89005A501A002A498832E0
:1037E00011602A4ADA6408F047F9012007F03CFF2B
:1037F000F8BDC0460004FF1F5464FF1F206FFF1F69
:10380000D043FF1F4A0AFF1F3A07000080C3C901C7
:103810009A020000DC0500006A18000050C3000096
:1038200088130000F009FF1F204E00006509FF1FEC
:1038300068100000C409000040420F00102700007B
:10384000FC00FF1FC11BFF1F0000FF1F192CFF1FE3
:10385000A12FFF1F392EFF1F811FFF1F7926FF1F7A
:103860009D1FFF1F4D21FF1F0D1FFF1F9D28FF1FC5
:103870008529FF1F8D19FF1FA927FF1FD524FF1FB3
:10388000E124FF1F0D1EFF1FC51EFF1F851DFF1F0B
:103890000223F0B501250024594E91B03370594BE5
:1038A000594F1D703A680393584B29005A700420F1
:1038B000574A2300009407F0CFFE8023DB059D626A
:1038C000FFF752FE534BC218C0239B029A4201D20B
:1038D000FFF754FE3C6008F097F8FFF75BFE08F036
:1038E000A3F91F2201254C4B1A704C4B1D704C4BF9
:1038F0001C704C4B05AC19689143163A0A431A6088
:10390000602219689143403A0A431A6008F03CF873
:1039100008F04AF8444B9847C120FF21434B8000F0
:103920001A588A431A50C522920098588843BF39C2
:103930000143995098583E4908408021C9010143EC
:10394000802099509958C0050902090A01439950ED
:1039500080213848490108F047F903232A003649F5
:1039600000933648019507F0BFFE2C22344905A884
:1039700008F002F96178207806F072FB023410AB8F
:10398000A342F7D12F4C304B226803201A40A023CA
:10399000DB0213432360802322689B0413432360CC
:1039A00022682A4B1A4080239B0313432360284A32
:1039B000284B934200D8012008F0F6F808F0D4F81C
:1039C00080232268DB0413432360307807F024FF50
:1039D000039B1878C0B208F0D7F807F05DFF0C49D8
:1039E000042008F081F806F031FD00F035F800F011
:1039F0004FFD00F0EBFD00F0E9F9002011B0F0BD43
:103A00004A0AFF1FD043FF1F34F000407461FF1FBC
:103A10003B000108000001E0480AFF1F490AFF1FA0
:103A2000680AFF1FBCF00040E1A2000000E100E0D6
:103A3000FF00FFFFD443FF1F5856FF1FD453FF1F43
:103A400088BC001114F00040FF7FF8FFFFFF9FFFCC
:103A50000080FF1F206FFF1F002210B511001120F2
:103A600007F0B2FE10BD0000F8B500230926374F5D
:103A7000374C3B62E3681120B343E36008F03CF845
:103A8000112007F059FF112007F0FEFD40232268A6
:103A900080251343236080236268DB021343636045
:103AA000A3682C4A2B43A360A36802211340A360A0
:103AB0008023A2689B0113431022A360236C07207C
:103AC00093432364236C0F3A1343236480235B00E6
:103AD0003B62226B204B1A402263626B1A40626386
:103AE000A26B1A40A263E26B1340E363E3681B4AD4
:103AF0001340E36006F0B4FA0121072006F0C4FB8E
:103B0000174B11205A6C15435D6407F0EDFEFD2143
:103B1000144B154A89005A508023C720626B5B03FF
:103B200013436363E36880003343E3600F4B104A41
:103B300019581140802212020A431A50802292051D
:103B40001A6008220B4B5A63F8BDC04600F00040D3
:103B50003CF00040FFFFDFFFEFFFEFFFFFFF7FFFC5
:103B6000003800400000FF1F5118FF1F00E100E077
:103B7000FF00FFFF0000054010B5FFF7B9FAE12094
:103B8000C00407F071FF10BD70B51A4CE388002B1C
:103B90002AD0FA22D200934201D2FFF7EDFF236828
:103BA000E088A688C0188023711C89B2124D20605D
:103BB000A1809B00994218D3420A93B2C21AEB80AB
:103BC0002260A6800D4A642093420AD8FA2200207F
:103BD000D200934205D90A21180007F075FEC838B3
:103BE000C0B200232872E38070BD07F085FD83B268
:103BF000EB80E7E7D060FF1F5C61FF1FB70B0000A1
:103C000030B503A804880B20002C0ED14968074D5D
:103C100008784978090201430A20A94205D1012107
:103C200020001980024B1B7A137030BD192A000046
:103C30005C61FF1FF7B5150008AA16884A680F4F88
:103C400014785278120222430A24BA4214D1012273
:103C5000DBB2019200962A0007F072FC041E0BD121
:103C6000074B1B68002B07D068782A7800021043A6
:103C700042425041013098472000FEBD0229000019
:103C8000E060FF1F30B5012503790400BFB02B426F
:103C900011D00A49408806F0C3FF28420BD0084BD8
:103CA00001A95B8D4D800B80064B00221B7A60883A
:103CB0000B7103F0CBFF3FB030BDC046D860FF1F93
:103CC0001840FF1F5C61FF1F10B50549054806F04D
:103CD0005DFF0421044A054806F01AFF10BDC046E6
:103CE000D860FF1FFFFF0000B4BC00111840FF1F89
:103CF00010B5024804F02EFE10BDC046853C0011F0
:103D0000012303700B4B1A7A4270022282709A7858
:103D1000C270DA780271032242711A7982715A797B
:103D2000C2710C2202729A794272DB7983720B2083
:103D30007047C0465C61FF1F022310B50370013B52
:103D400043700533837010330371443B43712A334E
:103D500083714433C37100230372054B04001B8835
:103D600043720A30FFF7CCFF11231520E37010BD1A
:103D70005C61FF1F10B5142007F046FC124B1422A3
:103D80000021186007F058FE002007F0FDFC01201C
:103D900007F092FC022007F06FFC032004F07CF88F
:103DA000042006F095F8052003F0B4FA062003F08D
:103DB00087FF072001F01CFB082006F089FE092080
:103DC00001F0E8F810BDC046E460FF1F07F05CFE9C
:103DD000012007F0A9FE07F01FFE0000094B10B5F7
:103DE0000400984205D0012904D12000064906F0BC
:103DF000CDFE10BD0229FCD1013904F065FD00287B
:103E0000F3D0F6E7FEFF00000A61FF1F70B50D7AE0
:103E1000100004AA2C00168810221440154220D14C
:103E2000002E20D10A78022A18D14A6851781578D4
:103E30000E4A09022943914205D00D4A914209D008
:103E40001C800A2404E014220A491A8007F094FE18
:103E5000200070BD0C2208491A80F7E71C8001245D
:103E6000F6E70824F4E70B24F2E7C046F3FF00006E
:103E7000F4FF00006042FF1FA8BD001110B5040050
:103E80000749084806F082FE074804F09FFC00201E
:103E9000E40704D50721054A054806F039FE10BDA0
:103EA0000A61FF1FFFFF0000DD3D0011F8BC00119B
:103EB0005C40FF1F10B50B4BBEB01A780A4902A830
:103EC00000F038FD01AC80B26080002808D0074BBC
:103ED00000221B8821002380054B188803F0B6FEC2
:103EE0003EB010BDE860FF1FE960FF1FB640FF1F36
:103EF000C041FF1F10B50B4BBEB01A780A4902A88B
:103F000001F0E8FD01AC80B26080002808D0074BCA
:103F100000225B8D21002380054B188803F096FE5C
:103F20003EB010BD1261FF1F1361FF1F5C40FF1FF9
:103F3000C041FF1FF7B50E00377A1C0008AB110017
:103F40003D001A8820231D401F423CD13378022BAC
:103F50003BD173681F785B781B023B431E4FBB420B
:103F600008D01E4FBB4214D01D4DAB4221D00A25B4
:103F70002800FEBD002A2AD1142C2AD82200F0687D
:103F800007F0FAFD174B1C70012CF1D9FFF7B2FFB7
:103F9000EEE7002A1BD1202C1BD82200F06807F086
:103FA000EBFD114B04211C70104B187807F0ACFD91
:103FB000DEE7E3B20124009201940A00310007F029
:103FC000BFFA0500D4E70825D2E70125D0E70B2585
:103FD000CEE70D25CCE7C046F3FF0000F4FF00005C
:103FE000022900001261FF1FE860FF1F0962FF1F26
:103FF000332310B5040003700A220749013007F08B
:10400000BBFD064B0F201B681A0AE37222731A0CC1
:104010001B0E6273A37310BD5C61FF1F8461FF1FE1
:1040200030B5012503790400BFB02B4213D00B49F2
:10403000408806F0F5FD28420DD0094B01AD1B88E4
:1040400002A82B80FFF7D4FF0F236B8000222900EA
:10405000608803F0FBFD3FB030BDC0460A61FF1F22
:10406000B640FF1F10B5024804F074FC10BDC046F6
:104070002140001170B5160004AA148805AA15780D
:104080004A685078117800022A4A084380180528A7
:104090004BD807F041FC03131E29343F07221000C0
:1040A000062C0AD8121BAA4200D92A0022491A80DB
:1040B0003000091907F060FD002070BD0720112CA9
:1040C000FBD81222121BAA4200D92A001B491A80CF
:1040D000EEE707200E2CF0D80F22121BAA4200D9BF
:1040E0002A0017491A80E3E70720032CE5D80422A9
:1040F000121BAA4200D92A0012491A80D8E70722C7
:104100001000062CD9D8121BAA4200D92A000E4949
:104110001A80CDE707221000062CCED8121BAA4227
:1041200000D92A0009491A80C2E700220A201A8011
:10413000C3E7C046DCD5FFFF49BD00113061FF1F5A
:1041400039BD001134BD00112CBD001124BD00117A
:1041500010B50D21024A034806F0DAFC10BDC04636
:1041600018BD0011CC40FF1F37B50F4C01AD042323
:104170002A00217C00F01AF9002813D1298823682D
:1041800049BA89B24B4321891B0C5B18074A6988DD
:10419000538049BA636889B24B4361891B0C5B1831
:1041A00093803EBD0120FCE74461FF1F5C61FF1F5F
:1041B00037B5124C06236A46217C6D4600F0F6F8AE
:1041C000002818D12988236849BA89B24B4321892C
:1041D0000B4A1B0C5B1853806B4603335B78E97802
:1041E0001B020B435BBA61689BB24B4361891B0C9A
:1041F0005B1893803EBD0120FCE7C0464461FF1F71
:104200005C61FF1FF0B5022785B0154C03AD217C22
:104210002B0000220097060000F09AF8002802D038
:10422000012005B0F0BD0E23217C01223000009753
:104230006B4400F08DF80028F2D129882368C9BAB0
:104240004B4321891B145B18064A6988538049BA7D
:10425000636889B24B4361891B0C5B189380E0E76C
:104260004461FF1F5C61FF1F10B500F0F1FA034AC3
:10427000002013880133138010BDC0465C61FF1F0E
:1042800010B500F0CFFA10BD10B58024064AA40086
:104290001168436B234205D113685B1A032BF8D9CD
:1042A000012010BD0020FCE76008FF1F70B5C17938
:1042B00005000C00631E9C411A4BE402E4184900FF
:1042C0000460C9B2007906F015F8E9796879490007
:1042D0000131C9B206F00EF8E8790930C0B207F032
:1042E000D3F90023E36661332360AA795B3B002A9C
:1042F0000ED022689A43023B134323600A23E361F2
:104300000733236200232363A3630133E36370BD98
:1043100022689A43022313432360462363610633D2
:10432000A361EFE70050004070B50025040003686A
:10433000DD66C0790930C0B207F0DEFB29002079C4
:1043400005F074FF2900607905F070FF70BD000072
:10435000F8B51E0006AB1D78002304681700E3665D
:10436000616007F071FA01238022E3662B00276168
:104370005200013B08D207F0BFFA08200A4A116830
:10438000002D03D12800F8BD2261F2E7236F03421C
:1043900003D02369013D3370013613685B1A032B88
:1043A000EED90125EEE7C0466008FF1F70B51C007E
:1043B000002305681600EB66696007F045FA0123E3
:1043C0008022EB6623005200013B08D207F094FAEA
:1043D00008200A4A1168002C03D1200070BD2A6110
:1043E000F2E72B6F034203D02B69013C3370013697
:1043F00013685B1A032BEED90124EEE76008FF1F58
:10440000002370B504681500E366616007F01CFACC
:104410000123E366256107F06FFA2000FFF734FF00
:1044200070BD70B51D00002304681600E36661606E
:1044300007F00AFA0123E36626610F33626B1A4222
:10444000FCD02B0A23611023626B1A42FCD0EDB220
:10445000256107F051FA2000FFF716FF70BD002319
:1044600070B504681500E366616007F0EDF901239B
:10447000E3662B0A23611023626B1A42FCD0EDB273
:10448000256107F039FA2000FFF7FEFE70BD00003D
:1044900010B5084CE368002B08D18022064B52026D
:1044A0001B689B186360054B1B68236007F0BCFA10
:1044B000A06010BD8461FF1FC8F00040CCF0004038
:1044C000F0B5184A936A916A9942FBD116498A68F5
:1044D0009A421FD39A1A8B60144B4C68186893B297
:1044E000D2024343D20E42431B0A08681B19120230
:1044F0009B180024020001270D4D4B60561CAB4257
:104500000BD8002C01D010000CC10A4A13600A4BD2
:104510001860F0BD581E821ADDE7084A3C009B185F
:104520003200EBE700F000408461FF1F140AFF1F18
:1045300040420F00C8F00040CCF00040C0BDF0FF8A
:1045400070B5194C23793F2B01D93F232371174AAA
:1045500013701078C0B207F0D7F91823144A154920
:104560001380154A0B8013804B80A0790C3B421CB2
:10457000534380221201934213D81A00CB80FF23A9
:104580000E4D888028800E486371EC3B02802372B8
:104590000C4A0D4B1A60E379052B01D81023E37107
:1045A00070BD1300EAE7C0467861FF1F480AFF1F8D
:1045B000BE41FF1F7C43FF1FBC41FF1FBA41FF1FCD
:1045C000B841FF1FDC9E04006861FF1FF8B5212180
:1045D0000020FEF735FF114C011E114D09D10C22B0
:1045E000104BC1CBC1C4280007F026FAFFF7A8FF83
:1045F000F8BD0C2220000C49FEF7F8FE0C2802D072
:10460000084B43CB43C40C2228000849FEF7EEFEBA
:104610000C28EBD00C220021E5E7C0467861FF1F93
:104620004461FF1F9CBD0011FC0C0000F50C000054
:1046300010B50C2202480349FEF718FE10BDC04613
:104640007861FF1FFC0C0000F0B51D4C8022A544D2
:104650000400882069465201400507F065F8902261
:1046600012016A441300200032C832C316C816C3B0
:104670008023144C144FA6689B033343A3603B6014
:1046800007F0BAFA8823A0685B05C01807F0F4F8B1
:104690000025882329008022A0685B05C0184019E6
:1046A0006944520007F0B0F880230135FF355B0103
:1046B0009D42EED1A6603E60044B9D44F0BDC046D5
:1046C000FCEFFFFFF042FF1F9808FF1F04100000DF
:1046D00003780021013BF0B5012B05D82B4B2C4C66
:1046E0002C4E027A914200DBF0BD4268575C1A6999
:1046F00001321A6122783F2A06D822789446013284
:10470000D2B222706246B754522F05D101221F70D7
:104710005A739A730131E4E79A7B002A30D05A7BAE
:10472000944665460132D2B25A735F550C2AF1D9CC
:104730001A7B452A05D0DA8A013292B2DA82002247
:10474000E7E701279A8A013292B29A829A1CD777B8
:104750001A79DF7812023A4312B21A839A795F7992
:1047600012023A4312B25A835A781F7A1A779A7809
:104770005A775A7A9A77DA79DA775A1CD777DEE756
:10478000DA8A013292B2DA82C4E7C046A461FF1F1E
:10479000C861FF1FC961FF1FF0B51C4B89B018002D
:1047A000242200211E0007F047F94022002118486A
:1047B00007F042F90022174B00211A700A3202ABAF
:1047C000D01807F039F9144B04AC238096239B01D1
:1047D0000593012321002372104B114A0793A1C9AD
:1047E000A1C213600022049800920599069A05F070
:1047F00051FF040062426241F31CDA77002802D1C3
:10480000082007F071F8200009B0F0BDA461FF1F77
:10481000C961FF1FC861FF1FFF060000D1460011DC
:104820009461FF1F07B5084BDB7F002B0BD00020E6
:1048300005F06CFF0022054B00920FCB05F02AFF1C
:10484000082007F051F807BDA761FF1F9461FF1F03
:1048500010B5124B124ADB7F1249002B0CD0138B80
:104860004B80538B1BB28B800332D37F002B02D043
:10487000082006F051FF10BD938A002B0AD0938ABE
:104880005B429BB24B80D38A002B05D0D38A5B421C
:104890009BB2E7E7044BF5E7034BE3E7A661FF1F95
:1048A000A461FF1F5C61FF1FFFFF0000F0B587B030
:1048B000051E6C4627D0684606F096FF1B4D022861
:1048C00006D106226946280006F0E6FE002818D028
:1048D0000F2221000023012094460600EA5C0133E8
:1048E00017091037BE403700664632400600964032
:1048F00032003A434A610439062BEED12000FFF71B
:10490000A3FE07B0F0BD18226946094806F00CFF67
:10491000AB00E358013305D01822FF21200007F037
:104920008BF8EBE70135062DF2D1EAE76509FF1FA9
:1049300000090011F0B5002604000F00150085B035
:10494000B24200D184E08A784B1C01934B7812026A
:104950001A43CB7808781B0413430A792070120697
:104960001A43009203926670252800D190E033D854
:10497000112813D807F080F96600150115011501FB
:104980001501A400B200AB001501150115011501B8
:104990001501150115011501EF000F01232800D1A4
:1049A000C7E0DB2800D0C3E1042D00D8ABE0052D23
:1049B00000D18FE16E1F32000098791D07F0DCF8FE
:1049C00005223900200007F0D7F832000099601D59
:1049D00007F0D2F82E003BE0562853D00FD83328EA
:1049E00000D1A1E0552836D02628DAD1BB4D1322BC
:1049F0003100280007F020F8FEF7ACFB57E07128E3
:104A000000D172E0722800D184E0DC28C9D1022DE7
:104A100000D878E04B7863708B78A3706B461E8863
:104A2000032D05D0033DC81CAAB23100FEF71EFCC1
:104A300031001022E01CFEF7D9FCC61C002807DA62
:104A400060706DE00C222000A54907F095F80C2657
:104A5000300005B0F0BD6A1EA24D0C2A10D8002A05
:104A600007D02800019907F087F8FFF769FDFFF7E5
:104A7000DFFD0C222900601C07F07EF80D26E7E719
:104A80000C22EEE7974D984B2A0043CB43C2ECE74C
:104A90006A1E924D0C2A11D8002A08D001992800CC
:104AA00007F06AF80C2228009049FEF7DFFB13227A
:104AB0002900601C07F060F81426C9E70C22EDE716
:104AC00006228B49601C07F057F80626C0E7122221
:104AD0008849601C07F050F81326B9E70822864978
:104AE000601C07F049F80926B2E7012D0ED049787D
:104AF000F02908D8814D288801F046FC804B2A888F
:104B00005200D35A00E0FF23637009E07B4A7C4BDC
:104B10001288F5E77B4B012D04D04A781A70627039
:104B2000022695E71B78EFE72000FFF761FA060001
:104B30008EE7042D05D9744D009B2B6006F074FFA1
:104B4000A860FFF7BDFC0422039003A9601C07F0D6
:104B500013F805267CE76D4E062D15D90622300088
:104B6000019906F099FD00280ED006220199300027
:104B700007F002F8062266493000FEF777FB0123B2
:104B8000604A11780B43137031000622601C06F056
:104B9000F3FF07265CE7012DB5D04878FFF786FEC6
:104BA000BEE701281FD15B4AAB1E0092132B06D82B
:104BB0004B78002B0BD100F05BF900F091F9564BCC
:104BC00000991E78601C721E06F0D6FF40E7013D7A
:104BD0002A000199009806F0CFFF50490098AAB228
:104BE000FEF744FBE9E7032800D0DAE6012D2CD1DB
:104BF00020700C234A4A6370D27F4A4BA2709A1CE1
:104C0000D27F1026E2701A6922711A69120A627143
:104C10001A69120CA2711A69120EE2719A8A227232
:104C20009A8A120A6272DA8AA272DA8A120AE27224
:104C30001A8B22731A8B12B2121262735A8BA273DE
:104C40005B8B1BB21B12E37302E74B782070002BC7
:104C5000CFD0012B1BD10B336370324B0B261A8B39
:104C6000A2701A8B12B21212E2705A8B22715A8BF6
:104C7000013312B212126271DA7EA2711A7FE271EE
:104C80005A7F22729A7F6272DB7FA372E0E6032B67
:104C900000D038E7022D00D135E70C22224B89786D
:104CA00018780426A07018786270E170884200D8E5
:104CB000CEE61B785B1A1E1CDBB2934200D9161C91
:104CC0001A4BF6B23200201DC918043606F054FF04
:104CD000F6B2BDE61525102672E6C0464461FF1FF8
:104CE000A8BD00117861FF1F9CBD0011F50C0000EC
:104CF0005061FF1F3061FF1FF442FF1FC041FF1FC3
:104D00005864FF1F7461FF1F8461FF1F6509FF1F47
:104D1000ADAC0000E963FF1FE763FF1FAEDE0000DC
:104D2000A761FF1FA461FF1FC861FF1FC961FF1FAB
:104D3000DA2800D0E7E6042D00D8E4E6082D17D9DC
:104D4000BB797A791B021343FA7912041A433B7A2E
:104D50001B061343009A1360009B05221B68390051
:104D60002000039306F008FF0422601D03A9B8E6A3
:104D7000FE236370F0E7C04670470000013870B54D
:104D8000042809D806F0C8FD030928081200224BA0
:104D90000221187806F0B8FE70BD1F4B0821187864
:104DA00006F082FE00221D4B1A72F5E780220024D5
:104DB0001A4B520060201A81DC7206F095FDFFF755
:104DC00031FD154D08212878154A06F015FD210002
:104DD000287806F049FDDFE70F4B0821187806F028
:104DE00063FE602006F098FC0E48FEF7A5FF0E4B10
:104DF0000E4A9B7993800E4A13800022074BDA7289
:104E00000132FF321A810B4B1B78002BC4D00A4AA7
:104E1000136006F091FCBFE70962FF1F6861FF1F86
:104E200010270000C941FF1F7861FF1F7C43FF1F4F
:104E3000BA41FF1F7461FF1F34F000400300F0B55A
:104E40000A4D8E18B14202D152008018F0BD0C7884
:104E50002F6824093C5D0F271C700C7801313C4001
:104E60002F683C5D5C700233ECE7C046B441FF1F25
:104E70001022124B10B51A700F23114C11492370D8
:104E8000093A063B1048637006F076FE2D23012296
:104E90000E490F486372FFF7D1FF01220D49FFF75A
:104EA000CDFF01220C49FFF7C9FF030000200B4989
:104EB00002001870FEF7DAF910BDC0460664FF1F45
:104EC000E763FF1F49BD0011E963FF1F6709FF1F6B
:104ED000F163FF1F6609FF1F6509FF1FAEDE0000BB
:104EE00070B5134C142220001249FEF77FFA431EBE
:104EF000114D132B19D8AB78002B16D0431C2B70F7
:104F000009236B7000230019037028780B4B0130C4
:104F10002900C0B2187006F05FFD2978220001391F
:104F2000C9B2002005F012FD70BDFFF7A1FFECE74C
:104F3000E963FF1FAEDE0000E763FF1F0664FF1F8B
:104F400010B5114B1A781870002A0ED000280BD11A
:104F50000E4B1A78062A07D85423D340DB0703D513
:104F60000B4B187802F074F810BD0028FCD0074BEA
:104F70001B78012B02D0033B022BF5D8044B0121F7
:104F8000187806F0C1FDEFE70A64FF1F3164FF1FC8
:104F90003264FF1F70B54A4E2D243070FEF7DAF8E8
:104FA000FFF7FAFB06F098FD032246494648FFF753
:104FB00045FF030004221C7044490130FFF73EFF07
:104FC00030230470424D434C437083702E3B0622C5
:104FD00020004149EB87FEF709FA062813D020008C
:104FE00006F002FC022809D00321200006F09CFCF8
:104FF0008D23E3706E3B2371193363710622200009
:105000003549FEF733F9354B1B68FC335C64FFF719
:1050100067FF0020FFF794FF314C324A0121324BE9
:105020001278207801F0D6FF304A314B12780021F7
:10503000207801F0CFFF01222E4B1A702E4B5B78A7
:10504000552B36D12D4B3B325A722D4B2D4AAB810D
:10505000EA812B826A822021307806F0ADFB0120A4
:10506000404205F0BFFC0120404205F05BFDFFF728
:105070006FF8FEF729FE00F0C5FC01204042FEF764
:10508000FDFE012006F0D0FAF02001F061F90121C7
:10509000307806F039FD307802F036F91A4806F01B
:1050A000A3FCFEF7E1FC00226020110006F08CFB5F
:1050B00070BD6422154B5B7953431A000A32C6E770
:1050C0000962FF1FF442FF1F3061FF1F5061FF1F85
:1050D0007E42FF1F6509FF1FADAC00005464FF1F37
:1050E0003264FF1FE841FF1FC941FF1F0664FF1F15
:1050F000E763FF1FD863FF1F7461FF1F6861FF1F15
:10510000C4090000CE0900000A62FF1F7861FF1F7A
:10511000F8B50D008B0600D46DE0654B1B78002BB5
:1051200052D0FFF7CDF9634B634C644E99686268C7
:10513000737A8A1ADB039A4202D36160FEF794FC09
:10514000327A217A531EDBB2994240D1FFF798F8A8
:10515000637A002B35D0013BDBB26372002B30D178
:10516000574B5B78552B01D106F0E6FAE37A002B1A
:1051700012D00023A27AE3729A4202D0A372FEF701
:1051800003FD504A504F1388380001331380FEF757
:10519000D3FD390006F0E8FA642273794B4E53438D
:1051A00019004B4A0A319381D181138251823078A0
:1051B00001F04EFF0422474B012130781A7006F0AF
:1051C000A3FC237A0133237220206840F8BD91426A
:1051D000BED300272772FFF747F8A37ABB4202D05D
:1051E000A772FEF7D1FC384F3800FEF7A5FD390055
:1051F00006F0BAFAACE70BB2002B0ADA364B187895
:1052000006F06AFA002801D006F03EFB802000027A
:10521000DBE70224214209D0284A274B127A0120D9
:10522000023A1A72FFF78CFE2000CEE70B0721D559
:10523000FFF746F91F4B2049204C98684A68637A6B
:10524000821ADB039A4202D34860FEF70DFCFFF797
:105250000BF8FFF715F8204B082118781F4A06F0C5
:10526000CBFA00F0E9FB2368DB0701D5FEF7FAFE75
:105270000820AAE7CB0609D5FEF786FC0C4B1B7865
:10528000002B01D1FEF734FD10209EE701242142BE
:1052900005D0134800F070F806F096FBC4E704242C
:1052A00008002040214200D190E7FEF703FEBBE753
:1052B0000A64FF1F8461FF1F6861FF1F7861FF1F81
:1052C0007461FF1F5C61FF1FC941FF1F3264FF1F34
:1052D0007E42FF1F3164FF1F0962FF1F102700007D
:1052E000AC41FF1FF0B51A4B1A4F1B883A880400D7
:1052F000194E1A4D85B09A420DD832889A420AD377
:10530000174B1A882B889A4205D1164A164B1288D9
:105310001B889A421AD0052001F070F83B8802A938
:105320000B80338801904B802B88104D8B800E4B67
:105330002A781B88CB800E4B188802F091FD0D4B0C
:1053400008212878019A1C7006F056FA05B0F0BDC5
:10535000D663FF1FBE41FF1FBC41FF1FBA41FF1FA5
:10536000D463FF1FD263FF1FB841FF1F3264FF1FCA
:10537000C041FF1FD063FF1F13B50C4B1C78002CDE
:1053800011D1002801D00A4B18600A4A0A4B117843
:105390000A4A10780A4A01920A4A0092002205F04D
:1053A000CDF9200016BD1124FBE7C0463164FF1F74
:1053B000CC63FF1F3064FF1F2064FF1F3264FF1F98
:1053C0000C64FF1F1064FF1F10B5064B12201B78E2
:1053D000052B06D1044B13221988044B187801F0D1
:1053E000E9F910BD3164FF1FC041FF1F3264FF1F88
:1053F00010B500240122114B52421870104B1C7042
:10540000104B1A8001F080FF04220F4B21001A700C
:105410000E480C3206F098FA102221000C4806F0D3
:1054200093FA07220B4B1C600B4B1C700B4B1C7030
:105430000B4B1A700B4B1C7010BDC0463264FF1F23
:105440003164FF1FC041FF1F3064FF1F2064FF1F36
:105450001064FF1F0C64FF1FE663FF1FE563FF1F5F
:10546000C241FF1FE463FF1FF8B5174C0600257803
:1054700006A814240078052D23D1B41F134FA5B21C
:105480001824BD421DD88D1FADB2BD4219D8FA25D2
:105490006D00AA4215D21D000D4F0A3DADB2BD42AE
:1054A0000FD80C4C26800C4C21800C4900240A801B
:1054B0000B4A1380FFF716FF0A4B0421187806F0F9
:1054C000F3FA2000F8BDC0463164FF1F790C0000DC
:1054D000750C0000BE41FF1FBC41FF1FBA41FF1FFA
:1054E000B841FF1F3264FF1FF0B50BB20D0089B049
:1054F000002B00DB70E1A44E307806F0EDF8041EBE
:1055000050D00378A22B00D122E1D02B1AD0912BBE
:1055100045D143780E2B42D19C4B82889A423ED192
:105520009B4B1B78052B3AD18368032018567F28A4
:1055300035D0984B1B68002B31D05B68002B2ED0E8
:1055400098472CE08078072829D806F0E5F9042848
:10555000183F3F74A8D86378002B0CD101218C4BE5
:1055600019708D4B1A78002A5BD08C4B307801F083
:1055700031FD002855D00722854B1A7051E0617823
:105580000029F8D1E378002B11D0854A854B127899
:10559000307801F01FFD60706378002BEBD12000A4
:1055A00006F072F980200002684009B0F0BD784B27
:1055B0001B78022BF3D00121307806F0CDF80028BB
:1055C000EAD10121307806F09FFAE5E76378002BF5
:1055D000D1D16F4F032807D13B78052B02D101337E
:1055E0003B701EE00223FBE76F4B1A886F4B029360
:1055F000002A0BD01B78002B03D00121307806F055
:10560000FBF83B78062B04D1013BE9E7029B1A70BB
:10561000F7E7042B41D10121029B3078197006F085
:1056200073FA5C4B1B68002BB9D01B68002BB6D0FB
:10563000574A107884E76378554F002B27D106220C
:10564000211D5B4806F098FA62895A4B5A491A8024
:10565000A2895A4B1A80E3890B8005213970584979
:105660000A80584A1380228A574B1A80574B1B785E
:10567000012B09D11F2000F0C1FEFA229200424303
:105680000421307806F0B8F80022484B75E7312B3A
:1056900000D070E70022454B1A700323A0E70622D2
:1056A0000021434806F050F90023454A04211380A5
:1056B000444A30781380444A138006F0F5F90821F3
:1056C000307806F0F1F9A379083B5A425341304A49
:1056D00003331370304B1B78002B06D0334B3078DC
:1056E0001A78002A06D001F0B3FC0122314B524255
:1056F0001A8096E70121197006F006FAF5E70821ED
:10570000307806F0D1F96378002B00D047E72C4BB6
:105710002D4F0293E388029A04211380294B30789D
:1057200003932389039A138063893B8006F014F85E
:10573000002800D033E7264B1B68002B00D12EE752
:10574000039902983A88098800881B68984726E7D9
:105750004379132B00D022E70389012B0AD11D4B7B
:105760001B78022B06D10821307806F09DF9FFF74F
:105770002BFE14E7052000F041FE082102003078DE
:1057800006F03AF80BE7C0463264FF1F051400002C
:105790003164FF1FCC63FF1FE841FF1FC941FF1F9A
:1057A0000664FF1FE763FF1F0864FF1F0A64FF1FF3
:1057B000D963FF1FC041FF1FE063FF1FE263FF1FAC
:1057C000D663FF1FD463FF1FD263FF1FD863FF1F81
:1057D000C863FF1FD063FF1F8020C001014200D0BB
:1057E000E2E6CB0731D5324B1B78002B1DD0314E72
:1057F00005AC3378052B1AD1023B23702E4B2100C8
:105800001B7823722D4B1B7863722D4B187801F097
:1058100085FB002809D007202A4B30701B68002B1D
:1058200003D01B68002B00D098470120BCE60E2057
:10583000254B06221B7825492370254B1B78637066
:1058400002ABC01806F098F9D8E702230800184008
:10585000194209D0174B1B78052B03D11D4B188813
:1058600006F07AF902209FE60424214203D0FFF7D4
:1058700039FD200098E6082308001840194200D19D
:1058800093E6154B1C78012C03D0022C0DD0082078
:105890008AE6124B124A134913481B88128809885A
:1058A00000880094FFF7E0FDF1E7FFF78DFDEEE7DC
:1058B0000A64FF1F3164FF1FC241FF1FE463FF1F23
:1058C0003264FF1FCC63FF1FE663FF1FC341FF1F4E
:1058D000E563FF1FC041FF1FD063FF1FB841FF1FDB
:1058E000BA41FF1FBC41FF1FBE41FF1F10B502A8F8
:1058F00004880B20002C10D14968087849780902E7
:1059000001430C48814209D1022119800A4B598870
:105910001170DB7800205BB2537010BD074C0A2079
:10592000A142FAD102211980034B998811705B7949
:10593000F0E7C0466E2A00005C61FF1F6F2A00007E
:10594000F7B5150008AA16884A680F4F14785278E0
:10595000120222430A24BA4214D10122DBB201927C
:1059600000962A0005F0ECFD041E0BD1074B1B68C6
:10597000002B07D068782A78000210434242504139
:10598000013098472000FEBD022900004464FF1F3B
:1059900030B5012503790400BFB02B4225D014494E
:1059A000408805F03DF928420CD0124B01A95B8DCF
:1059B00060880B8002234B800F4B00225B888B801A
:1059C00002F044F90D49608805F02AF9C0070CD5AA
:1059D0000B4B01A91B8800220B8002234B80064B36
:1059E0009B888B80608802F031F93FB030BDC046A3
:1059F0003C64FF1FEC41FF1F5C61FF1F3464FF1F0D
:105A00004642FF1F10B50749074805F0BFF8074990
:105A1000054805F0BBF80721054A064805F078F867
:105A200010BDC0463C64FF1FFFFF00003464FF1F31
:105A3000C8BD0011EC41FF1F10B5024802F08AFFFB
:105A400010BDC046915900110200F0B501270A4867
:105A50000A4E51188B1A002B00DCF0BD0824157873
:105A60004308684038404000805B013C58406D0866
:105A7000002CF5D10132EDE7FFFF0000E2BD00117F
:105A8000F0B500250F269D4200DBF0BD4C5D0709F7
:105A900044403440A400A05801357840F3E70000AA
:105AA00070B50C0088B06B460F2610340A780131AF
:105AB0001500120935401D705A700233A142F5D10C
:105AC00020236946024AFFF7DBFF08B070BDC046DD
:105AD000E8BD0011F0B54E780B7889B036020C00A5
:105AE000170001901E43012A61D9954B9E4200D8B0
:105AF00077E001339E421CD1062A17D1CA788B78F1
:105B000012021A430B791B0413434A7912061A43F3
:105B10008C4B5A6100221A705A808B4A5A608B4A09
:105B20009A608B4ADA60002009B0F0BD88225205E5
:105B3000EEE7884B9E423CD182498B78002B00D007
:105B4000F6E00C2A31D10F22A3789343E2781202B7
:105B500013432279120413436279120613434B60F4
:105B6000E279A07912020243207A00041043627A9B
:105B700012060243CA60E27AA07A12020243764811
:105B80004A81834208D804236E49142201980B707D
:105B900005F0F2FF1420C7E71201D21889235B0534
:105BA0009A42F0D801238B70BDE7022AFAD0052370
:105BB000EAE76A4A01239642E6D1FFF705FC052F82
:105BC0000CD9E378A2781B021343227912041A43FA
:105BD00063791B061343624A0393136005F0ACFD1F
:105BE000A1E7584D2B78002B9DD1AB78002B00D12D
:105BF000A0E02B8901339BB20093B34200D091E027
:105C0000132AD4D9CF7C8B7C3F02122120001F4362
:105C1000FFF71AFF874200D08EE0002E3DD1E378D7
:105C2000A2781B0213432279E96812041A436379AC
:105C30001B06134303930A228B4212D1FF23A37046
:105C4000E370237163716B89002B09D1E37B227CA4
:105C50001B0212041343A27B13431B0901336B8104
:105C600000226B89002B8ED0002A67D1686837012B
:105C70003818000B6B6900030390984205D96861DE
:105C800005F0FAFDEB780133EB7068681022A11C77
:105C9000381805F0B9FD2E8145E76F89009A7B1E03
:105CA0009BB293423AD1E278A37812021A43237945
:105CB00005A81B04134362796C6812061A43EB684B
:105CC00000920392211D0C22049305F055FF012040
:105CD000260004A940421036FFF7E2FE013F012FE3
:105CE00017D1009A0B232861824200D04CE704228E
:105CF0001C49200005F088FD042203A9686805F00E
:105D000013FDE968039AFF23914200D13CE7F73B7A
:105D10003AE73100FFF7C4FE1036DFE70923B74248
:105D2000A4D831E7009BB34200D9FCE607232BE758
:105D3000022329E7032327E7062325E70A2323E78E
:105D4000FFFE00006042FF1F00000111FFFF000086
:105D50005048593601FF0000FFFF001102FF00000C
:105D600034F000406C42FF1F10B5034C0B000122C1
:105D7000210000F06BFA10BD295F00110B8870B58F
:105D800006000D000224162B11D92B00032209490D
:105D900000F05CFA041E0AD1074B2A881B88191CE4
:105DA000934200D9111C300089B200F0EDFA2000B6
:105DB00070BDC046555F00115A64FF1F10B54A7888
:105DC0000400013A0B000220012A07D80A78002AB1
:105DD00004D005222000024900F038FA10BDC04668
:105DE000835F00110A7810B50B0004000220002A1E
:105DF00004D007222000024900F028FA10BDC04656
:105E00002F6000110A7810B50B0004000220002A50
:105E100004D009222000024900F018FA10BDC04643
:105E20009560001110B5034C0B000B22210000F00F
:105E30000DFA10BDC560001110B5034C0B000D220A
:105E4000210000F003FA10BD3761001110B5034CBA
:105E50000B000F22210000F0F9F910BD9161001133
:105E60000A7810B50B0004000220002A04D0112289
:105E70002000024900F0EAF910BDC046A1610011FE
:105E8000002310B51322190000F0E0F910BD000046
:105E900010B5034C0B001722210000F0D7F910BDFC
:105EA000F3610011002310B51922190000F0CEF99A
:105EB00010BD000010B5034C0B001B22210000F0A8
:105EC000C5F910BD2D620011F7B584890D000600DB
:105ED0000121002C22D000238268D3561778002B92
:105EE0001EDA0C2C1AD90C3CA4B21319408800936A
:105EF000230002F090FE431E984101307B06DB0F29
:105F00006B703F23013C1F40A4B22870AF70AC807F
:105F1000002C07D0B3680133AB6000210800FEBD40
:105F20000020EBE7AC60F8E70B7803704B88437018
:105F30004B881B0A83700B79C370042070470420C0
:105F4000022B06D10020537811781B02009A0B43D4
:105F5000138070470B8803700B881B0A4370022064
:105F600070470420009983420AD1537810781B02AD
:105F700003430B80D37890781B02034300204B80AF
:105F80007047F8B50D004B7801240021461C0370C2
:105F90002B788B4201D82000F8BD6B78B01C4F1CC9
:105FA000012B10D1890069184B88022233704B886D
:105FB000B9001B0A7370691805F036FC0436043406
:105FC000A4B2F9B2E4E7122359436B185A8804319A
:105FD00032705B8810221B0A7370691805F024FC6C
:105FE00012361234ECE770B5049D14001E00052B28
:105FF00001D8042070BD637812781B0213432B80F4
:10600000E378A2781B02134302226B802A71211DC0
:10601000681D063E05F008FCB2B22A81E92AE8D8DC
:106020002800A11D0A3005F0FFFB0020E2E7002355
:1060300010B50A789A4201D8900010BD9A008A18CB
:106040005488013304705488DBB2240A4470948865
:1060500084709288120AC2700430EAE710B5110009
:10606000029C062B04D004201022142B01D010BD5A
:10607000022222714B7808781B0203432380CB78DD
:1060800088781B02034363800431601D05F0CCFB5C
:106090000020ECE710B50C788B7804315C43E4B257
:1060A00003702200013005F0BFFB601C10BD04200E
:1060B000022B06D10020537811781B02009A0B4363
:1060C0001380704710B50C000A88023105F0ACFB54
:1060D000208810BD70B504000D0004981100012B3C
:1060E00001D8042070BD1678527812023243028023
:1060F0000200F13255701470E125002C00D10C35EE
:10610000023B9AB24280AA42EBD80231043005F039
:106110008BFB0020E6E70420009983420AD15378E4
:1061200010781B0203430B80D37890781B02034343
:1061300000204B80704710B50C000A88023105F032
:1061400073FB208810BD000070B501211E000420E3
:10615000049C0E400B4218D1CB40DDB28D4214D9C5
:106160000A49DBB2098899420FD32300EE331D7030
:106170003300580011184978165C09023143013385
:106180002152D9B28D42F4D8002070BD7842FF1F51
:1061900010B50C000A88023105F046FB208810BDBE
:1061A00010B50C788B7804315C43E4B203702200A4
:1061B000013005F039FB601C10BD10B511000298CC
:1061C000032B01D8042010BD14785278043B12022E
:1061D00022430280CA788C781202224342809AB20B
:1061E0008280EB2AEED80431063005F01DFB00203A
:1061F000E9E710B50C000B8803700B881B0A43708D
:106200004B8883704B881B0AC3708A880430063120
:1062100005F00AFBA088043080B210BD0420012BD9
:1062200003D100201378009A1370704710B50C004A
:106230000B8803700B881B0A43704A8802300431B4
:1062400005F0F2FA6088023080B210BDF0B589B076
:1062500003931D4B029242000700D05A019102F0B5
:1062600022F81325061E2CD0029B01240370019BEB
:10627000002B04D0001903999847001984B26B468B
:106280001B7A5BB2002B0FDA1021380002F01CFBE6
:106290001925002812D130003219E1B202F070FC49
:1062A000051E0BD10C34A4B2042305A938000B80C1
:1062B0000C814E6001F0B2FD051E02D0300005F0E9
:1062C000ABFC280009B0F0BD5864FF1F70B5050095
:1062D0000C0000280CD00020814209D010222000A0
:1062E000044905F0A1FA01202B7823736B786373BE
:1062F00070BDC04628BE0011F0B506000D001700A5
:106300001C0085B002291BD00020102907D1022BC8
:1063100007D0102B03D115E00020102C08D005B0B9
:10632000F0BD69463800FFF7D1FF2A0069460BE04F
:1063300069463000FFF7CAFF22006946380004E0D2
:10634000022BE9D12A003900300005F0B5FAE6E762
:10635000031CF02800D9F023032008499AB2013A1F
:106360000B80D317034006499B189B100B80D30F5B
:1063700004499B185B100B807047C0467C42FF1F8E
:106380007A42FF1F7842FF1F034B1B888B4202D3C8
:10639000024B4000C15270477C42FF1F5864FF1FF0
:1063A000014B4000185A70475864FF1F1722014BD9
:1063B0001A8070475864FF1F70B505000E2005F065
:1063C000A3F9041E13D0D023037000230622837088
:1063D00007494570033005F027FA064B2100DA8A99
:1063E00062811B7E2373044B187805F03DFC70BD61
:1063F0007464FF1F6464FF1FCC42FF1F262803D86C
:10640000024B4000C05A70470148FCE77E42FF1F24
:10641000FFFF000070B506000C00094D1C22002192
:10642000280005F091FA074B1E70074B1C7005F011
:10643000CBFB0123002801D0002312202B7070BD5C
:106440006464FF1FCC42FF1F8564FF1F70B5050009
:106450000D4C0800E260A16010220021656005F08B
:10646000A3F9012803D11021A06802F061FD1022D8
:106470000021280005F098F9012803D11021606857
:1064800002F056FD70BDC0466464FF1F70B5041E67
:1064900005D1002903D006220D4805F0C5F90D4BA2
:1064A0001D78012D11D1002C05D102221A7005F0A2
:1064B000B3F8280070BD00221A70074B1B78FF2B21
:1064C000F7D02000FFF778FFF3E70025F1E7C0469B
:1064D0007464FF1F6464FF1FCC42FF1F030010B5EC
:1064E000002801D1002010BD00780B4A002803D1FC
:1064F0005988D1821B7913761378022BF2D10023AD
:10650000984200D103331370044B1B78FF2B01D04A
:10651000FFF752FF0120E6E76464FF1FCC42FF1F34
:10652000002911D000280CD04B79012803D140223A
:106530005242134303E03F221340032802D00120BC
:106540004B7170474022F4E70800FAE770B5094D37
:106550000100287800280BD0074C0622200005F007
:1065600063F921002878FFF7DBFF200005F0F4F93C
:1065700070BDC0468464FF1F5E64FF1F00290AD0FF
:10658000012808D13F224B799343C02B03D0403BD5
:106590005A425341981C704770B5174D06002B782E
:1065A000FF2B15D00A2005F0AFF8041E10D0D02321
:1065B0000370C83B8370114B11491B784670C37040
:1065C0000622043005F030F92100287805F04CFB54
:1065D0000C4B1B78012B0DD10B4B1B68002B03D0F0
:1065E0009B68002B00D09847084B04211878084A74
:1065F00005F0AAF870BDC046CC42FF1F8464FF1F9F
:106600005E64FF1F8064FF1FAC64FF1FB064FF1F48
:1066100060EA0000014B98687047C0466464FF1F41
:10662000014BDB68186870476464FF1F074B10B5A7
:10663000DA68136801331360054B1878FF2803D01C
:106640008021C90105F060FA10BDC0466464FF1FD7
:10665000CC42FF1FF7B50E0002F0CAF8051E1CD091
:106660000E4B06621F78002F00D10778AB791020FF
:10667000019305F049F8041E0FD0D0230380C73BD7
:106680008370019BE91DC3700622043005F0CCF82D
:1066900021003800E66005F0E7FAF7BDCA42FF1FA7
:1066A000014B18787047C0468464FF1F054B0028D3
:1066B00005D1054B1A78054B002A00D1014B180073
:1066C0007047C0467464FF1F8464FF1F5E64FF1F31
:1066D000014B58687047C0466464FF1F024B18683E
:1066E000431E9841C0B270478864FF1F421E0300DA
:1066F0000120152A03D9FF3B5A425341D8B27047B3
:10670000F0B51C0000230E0085B0039002920B70C0
:10671000029A934201D3002019E0E55C5A1CD2B2E0
:10672000002DF8D0029851198142F4DC0233DFB217
:10673000A35C18000193FFF7D9FF002807D0013DA3
:10674000019A0399EBB233708A4202D1E01905B085
:10675000F0BDDB19DBB2DBE710B50C0002F0A0F8EE
:1067600003001220002B03D02100588805F024F9E3
:1067700010BD000070B50E4D84006359002B15D07C
:10678000186A002801D005F09FF92B59586A002893
:1067900001D005F099F92B59986A002801D005F02D
:1067A00093F9285905F090F900232B5170BDC0468C
:1067B0009464FF1F1C4B70B504000E001500994235
:1067C0000AD11A4B1B68002B01D1122070BD1B6827
:1067D000002BFAD09847F9E7154B994215D1134B86
:1067E0001B68002B0AD01B68002B07D09847002895
:1067F00004D1104B1C70104B1D70E7E729002000DE
:10680000FFF7AAFF0028E1D1F3E7080001F0F0FF4D
:106810000028DAD003780320A342D7D12900300022
:1068200005F0CAF8D2E7C046FEFF00009064FF1FE3
:10683000FFFF00008D64FF1F8C64FF1FF7B504008D
:10684000808801F0D5FF0025A84203D00578A088F4
:1068500002F00AF81C4E3378002B1FD0AB421DD13A
:106860001A4B28001978FFF777FF002818D000236B
:106870003370A3790820A778A688019304F044FF19
:10688000011E0DD0D0230370CA3B8370019B47705B
:1068900086808371280005F0E7F901E0002DE8D13A
:1068A000A0880B4B8200D358002B01D0FFF762FF6A
:1068B0001721A088FFF768FDA08801F02BFDA088B4
:1068C00001F002FEF7BDC0468D64FF1F8C64FF1F00
:1068D0009464FF1FF0B587B01D000CAB1B88070048
:1068E00001930DAB1B88142002930EAB1B8816007E
:1068F00003930FAB1B880091049310AB1B88059387
:1069000004F002FF041E1AD0D0230370CB3B477063
:106910008370C670062229000430002D11D004F0C7
:1069200083FF019B21006381029B0098A381039B4D
:10693000E381049B2382059BA37405F095F907B0BE
:10694000F0BD05F001F8ECE7F7B5009308AB1B8844
:1069500007000C200D001600019304F0D5FE041E64
:1069600013D0280001F044FF00280FD00078D02376
:106970002370C93BA370009B21002381019B67709A
:10698000A580E680638105F06FF9F7BD014B1878AB
:10699000EDE7C046CC42FF1F13B5040064890389AC
:1069A000C2888188C0780094FFF7CEFF13BD000035
:1069B00010B5044C2068002803D005F085F80023AA
:1069C000236010BD9864FF1FA122F0B5818892005A
:1069D0004A43384B384F1B6889B09B189D22920060
:1069E0009B18827904001A603B68002B5FD01D78E9
:1069F000324B1B68002B04D05B68002B01D00020B9
:106A00009847260008363100E079FFF7B7FD237D6F
:106A1000E0710200E0780493638A29000393238ADB
:106A20000293E3890193A38800933300FFF752FF99
:106A3000E378002B0BD1E289A379A1880292019619
:106A4000E27928000092012201F0DCFEE0703B6850
:106A5000002B20D0FFF7ACFF194D287800281AD062
:106A6000184B1978FFF778FE002814D02B780820EF
:106A7000A788E678079304F047FE011E09D0D023CB
:106A80000370CA3B4670837087808671079805F053
:106A9000EBF800232B701721A088FFF775FCA08866
:106AA00001F038FCA08801F00FFD09B0F0BD064BE5
:106AB0009DE7C0463409FF1F9864FF1FAC64FF1FA9
:106AC0008D64FF1F8C64FF1FCC42FF1FF8B50700C9
:106AD00008000E0001F08CFE041E18D02620FFF7DF
:106AE0008DFC051E00D12578062004F00DFE041E45
:106AF0000DD00021062204F027FFD0232370C23BD3
:106B000021006770A370A680E8B205F0ADF8F8BD6B
:106B1000F0B585B001930AAB1B78070002930BAB6D
:106B20001B7808000D000092039301F061FE061E21
:106B300022D0102004F0E8FD041E1DD010220021F8
:106B400004F002FF2620FFF759FC002800D130781E
:106B5000D0232370C13BA370009B21002372019BB3
:106B600067706372029BA580A372039BC0B2E3723D
:106B70000C9BE36005F078F805B0F0BDF7B50D00AB
:106B8000019001F035FE071E1FD00E2004F0BCFD61
:106B9000041E1AD02620FFF731FC061E00D13E78D5
:106BA000D0232380C53BA370F91D0622E01C04F00E
:106BB0003BFE019B2100638101232B40AD07ED0FBC
:106BC00023736573F0B205F04FF8F7BDF0B585B0EB
:106BD000029010000D0017000A9E039301F008FEBA
:106BE000041E31D0029B002B2ED1039B02795B0740
:106BF00024D5122313430422002E08D10B99002917
:106C000005D10C99002902D10D9900291AD01A43F7
:106C10000D9B2271002B00D0C9E0002E00D1CFE0E7
:106C2000002D00D0CCE0606A002801D004F04CFFB9
:106C30001C21300004F088FF606205E002239A43C3
:106C40000E33D7E793432371654BBA00D458002C19
:106C500000D1AAE0002E10D0236A002B03D11C2003
:106C600004F0D2FC20625E4BBA00D358186A0028A8
:106C700003D01C22310004F0D7FD0C9B002B12D056
:106C8000574CBB001D596B6A002B03D1162004F032
:106C9000BBFC6862BB00E358586A002803D0162288
:106CA0000C9904F0C1FD0D9B002B11D04C4DBC0084
:106CB0006659B36A002B03D1142004F0A5FCB0621E
:106CC0002B59986A002803D014220D9904F0ACFDCA
:106CD000380001F08DFD051E67D0414BBA00D35836
:106CE000002B62D01A6A3420002A00D11C389A6A1C
:106CF000002A01D0143080B20B9A002A01D01C3037
:106D000080B25B6A002B01D0163080B204F0FCFC2C
:106D1000041E4AD01822002104F016FE2620FFF798
:106D20006DFB0190002801D12B780193D0232370B3
:106D3000029B200063700A23294EA370039BBD00B1
:106D4000A371AB59A780196A1830002905D01C22FD
:106D5000A06004F069FD200034307359996A00295D
:106D600007D0030014221433E060029304F05CFDAA
:106D700002980B9B002B08D003001C221C330B999C
:106D80002061029304F050FD02987359596A00295A
:106D900003D01622606104F047FD6B46210018798C
:106DA00004F062FF3800FFF7E5FC05B0F0BD1022EB
:106DB0000D9B0D991B69A018236204F035FD2CE78B
:106DC0000B9B002B00D13FE7012D00D03CE7606A10
:106DD000002801D004F078FE1C210B982AE7C04659
:106DE0009464FF1F10B5044C2068002803D004F001
:106DF0006BFE0023236010BD8864FF1F0B4B07B59B
:106E00001A68002A01D100200EBD6946531C0120DA
:106E100012780731FFF774FC0028F4D002780123C0
:106E2000100018401A42EED0EEE7C046A464FF1FDF
:106E3000F0B51F4F01203B6887B0002B25D09B7811
:106E4000059300F0B3FB002821D00A20FFF7D6FA03
:106E500004000B20FFF7D2FA164B05001E78731EB4
:106E60009E413B68F6B2191DD878FFF759FB3B6885
:106E70002900DA7A043303929A79019302920090FE
:106E800033002000059A04F00FFC07B0F0BDFFF7B7
:106E9000B5FF002805D00620FFF7B0FA0400072050
:106EA000D8E70820FFF7AAFA04000920D2E7C04675
:106EB0008864FF1F8464FF1F70B50A4E0400337896
:106EC0000D00FF2B0DD0042004F01EFC011E08D085
:106ED000D0230370CE3B45708370C470307804F0CB
:106EE000C3FE70BDDC42FF1F70B5040006200D001C
:106EF00004F00AFC011E0AD0D0230370CD3B83703E
:106F0000054B44701B688580187804F0ADFE002C9A
:106F100001D0FFF767FF70BD8864FF1FF8B5264FEB
:106F200006003B680D001124002B05D10522234BE0
:106F30001B78134202D112242000F8BD204A1024ED
:106F40001268002AF8D01278002AF5D0DB0719D58C
:106F50002B789A1E012A1AD80C2004F055FB132412
:106F600038600028E8D000230A2243702900067008
:106F7000023004F059FCFFF75BFF041E0AD0FFF754
:106F800031FFD9E700F012FB0028E1D1E4E7002B44
:106F9000E2D0D0E70B4B1B78032BCDD11D20FFF7A0
:106FA0002DFA094B18800028C6D0084B0421187808
:106FB000074A04F0C9FBBFE78864FF1F8564FF1F11
:106FC000A464FF1F8464FF1F8264FF1FB064FF1F5F
:106FD00060EA0000F7B50193194B14001A780523F5
:106FE00006000F0012201A4221D0012920D1154B92
:106FF0001D68002D1BD002201F2C18D8002C02D099
:10700000019B002B13D0104B1F221E706E1C002101
:10701000300004F099FC01992200300004F004FCD7
:10702000310020002C70002F06D004F015FCFEBDAE
:10703000064B12201D68DCE704F0CEFCF7E7C046E3
:107040008564FF1FA464FF1FDC42FF1FA064FF1FB5
:10705000F8B50F4E12243368002B17D01B780F3C65
:10706000834213D100250B4F0221387804F01CFD18
:10707000094B042138781D8004F016FD074B2800C9
:107080001D8033685C7004F097FD04002000F8BD9B
:107090008864FF1FB064FF1F9C64FF1F8264FF1F92
:1070A00070B5012823D11B4C2388002B03D01A4A2A
:1070B0001578002D07D0194B1B68002B02D01878CB
:1070C000FFF7C6FF70BD3B2B02D93C3B2380F9E79D
:1070D000134E0221307804F0E7FCFA222388920054
:1070E00002215A43307804F087FB2580EAE70B4BF6
:1070F0001B68002BE6D00B4B1B785B07E2D5084BD7
:107100000221187804F0D0FC0022024B1A80FFF70D
:1071100069FED7E79C64FF1F8064FF1F8864FF1F20
:10712000B064FF1F8564FF1FF8B51E4D2868002856
:1071300003D004F0C9FC00232B601B4E30680028EC
:1071400003D004F0C1FC00233360184F05243B78C2
:1071500018002040234221D0154800F02BFA3B783C
:10716000234213D0202004F04FFA2860002813D0C7
:107170002022002104F0E8FB202004F045FA041E40
:10718000306005D02022002104F0DEFB002004E066
:10719000286804F099FC2C601320F8BD00F00AFA6E
:1071A000F4E7C046A464FF1FA064FF1F8564FF1FAF
:1071B000D042FF1F10B50A4C23681A1E0ED00028BB
:1071C00008D10130587004F0F7FC002805D023687E
:1071D000002B02D00021FFF787FE0122100010BD16
:1071E0008864FF1FF7B5274E050033680191181E0C
:1071F00021D05C78244F012C30D1FFF7FFFD00280F
:1072000025D02000FFF7FAF80400412814D91F4BBD
:10721000022118781E4A04F097FA1E4B3C3C1C8051
:10722000022233685A703B78002B14D12800019950
:10723000FFF75AFE0120FEBDFA2292004243002AC7
:10724000EED0124B0221187804F0D6FAE8E7FFF7E7
:10725000D5F80200F3E700233B70EBE73B78002B07
:10726000E8D1032004F050FA011E08D0D0230370A7
:10727000CC3B457083703368187804F0F5FCFFF759
:10728000B1FDD7E78864FF1F8064FF1FB064FF1F54
:1072900060EA00009C64FF1F10B517498388020054
:1072A0008B4220D011D815498B4217D014490020A9
:1072B0005B1899B2012907D8926811785A42534154
:1072C000D8B2FFF7F9FD012010BD0E4A00209B182F
:1072D00007229BB29A424041C0B2F5E78368187812
:1072E000FFF768FFF0E7836899785A780902187801
:1072F0001143FFF777FFE7E70A20000006200000B0
:10730000F8DFFFFFAFDFFFFF014B18707047C0468B
:10731000DD42FF1F10B5064C207001F045FA2078C1
:1073200004F03AFC0521207800F068FD10BDC0464D
:10733000B064FF1F0BB273B50D00002B00DBC4E07F
:10734000884B187804F0C8F9041E0ED00378912BEE
:107350000FD0A22B00D1A1E0834B1878FF2852D088
:10736000210004F081FC00284DD1802000026840FB
:1073700076BD43780F2B76D013D8052B70D00E2B0B
:10738000EAD18088794B98422BD8794B98421BD808
:10739000784B9842E0D1A3681878591CFFF776F82B
:1073A00038E03E2BD8D18378032B74D06CD8012BD6
:1073B0006ED0022BD0D1704B1B68002B23D05B68A2
:1073C000002B20D098471EE06C4BC0180C28C3D867
:1073D00004F002FC1DC2C2150BC20B0B0B3223C200
:1073E0003C00674BC0180728B6D8664B1B68002BBB
:1073F00009D01B68002B06D0200098470AE0A3683C
:107400001878FFF7C9F8200004F03EFAADE7A0684D
:10741000FFF764F800289FD0F5E7A3681B78002BDE
:10742000F1D0554B1B68002BEDD01B68002BEAD028
:10743000210055489847EDE74F4B1B68002BE2D0E1
:107440001B68002BDFD021005048F3E7504B1B682E
:10745000002BD8D05B68002BD5D021004348E9E74A
:10746000FFF7ECF9CFE780884A4B984203D04A4BAC
:10747000984200D070E7464B1B68002BC3D05B6876
:10748000002BC0D02100D5E7153B012BBBD963E70A
:10749000FFF79AFAB7E7FFF77FFAB4E73F4B1B789D
:1074A000042B07D100236A4613800179408800F03D
:1074B000CBFCA8E7364B1B68002BA4D05B68002BE5
:1074C000A1D00100364898479DE7012421420AD007
:1074D000294B1B68002B04D05B68002B01D00020D7
:1074E0009847012043E78B070AD5264B1B68002BE2
:1074F00004D05B68002B01D020009847022036E7BB
:107500000421280008400D4200D131E7254E338880
:10751000002B21D0013B9BB23380002B1AD1FFF707
:10752000DDF800280AD0204B1C70164B1B68002B7E
:1075300004D05B68002B01D020009847FFF7C8F803
:10754000694601F00CFD6846FFF700F81D20FEF7C4
:1075500055FF308004200AE7024B187804F0A4FAA3
:10756000F8E7C046B064FF1FDD42FF1F0E20000099
:107570000120000009100000A864FF1FFEDFFFFFCC
:10758000AFDFFFFFAC64FF1F0C2000000B200000EA
:107590009064FF1F0D200000132000008564FF1F72
:1075A000FFFF00008264FF1F8064FF1F10B501F021
:1075B0009FF910BD014B18607047C046AC64FF1FB7
:1075C0000B880020162B01D817230420014A1380B2
:1075D0007047C0465A64FF1F00207047074A0300E7
:1075E0001188814207D091880020994202D1013050
:1075F0008000101870470020FAE7C046B864FF1FEB
:10760000F0B58F7806000D00C5B01E2F15D1FFF71D
:10761000E5FF051E03D10024200045B0F0BD002287
:107620003B003100C078009200F0B8FB0400A81CB9
:1076300000F0D8FBFF23EB70EEE7264B0624039304
:107640001B78FF2BE8D0182FE6D87B08224A013B95
:10765000DB0002929A589446002ADDD0029AD31891
:107660005B68002BD8D00878002802D14B78012B1A
:1076700002D10624122FCFD107AFAB8869780097CB
:107680006446AA68A047041EC6D1AB78029A5B087C
:10769000013BDB00D318390030005B689847041EBB
:1076A0000BD1AB78042BB6D0039A310010782200AE
:1076B000009700F073FB0400AEE76A78002AABD1B4
:1076C000AA7805A93B88087130000A704B80FEF744
:1076D0004BFBA0E7E042FF1F38BE00111D4B37B542
:1076E000050098420BD000290AD1FFF777FF002848
:1076F00005D11948FFF772FF002800D0058037BD7B
:1077000001291AD1FFF76AFF041EF8D001235B425A
:107710000380A378FF2BF2D0FE2B07D00023E07864
:107720001422009329001E3300F038FBA01C00F047
:1077300059FB01235B426380E1E70229DFD1013974
:1077400001F0C2F80028DAD12800FFF747FF041E35
:10775000DFD1D4E7FEFF0000FFFF0000022210B5DA
:10776000074B52421A80074801325A809A80DA80C9
:1077700000F084FA044801F029F8002010BDC0464A
:10778000B864FF1F01760011DD7600110388F7B59C
:107790000400002B02D102252800FEBD4268022110
:1077A000137825485268FEF7A7FD00282ED0234FF6
:1077B00001253A88002AEFD0802321885B02012529
:1077C0009B1A9942E8DC0C2003F01EFF061E31D004
:1077D0003B8822889C4600231800019561469DB293
:1077E000491989B2AA421BD8002801D062443A80C4
:1077F00000233000082208C0210004F015F8104AC8
:107800001368002B13D100251660C5E762680221BA
:1078100013780C485268FEF76FFD0028C7D1BAE70D
:1078200060681D014019418101330198D6E71A00B3
:107830001B68E6E71325AFE7A6BE0011DE42FF1F77
:10784000B464FF1FA4BE0011014B18707047C046FE
:10785000E042FF1F14230A0010B51A40194204D059
:107860000122102101F04CF810BD4B06F9D4C84399
:10787000022340001840F7E710B514008B0604D52A
:107880000122102101F03CF810BD08230A001A4023
:10789000194202D14BB2002B0FDA102101F030F85F
:1078A000002808D02300F2331B78002BECD0F134F1
:1078B0002378012BE8D10020E6E703208907FAD4DA
:1078C000E2E70000F0B51F00184B85B01C6801907E
:1078D00002910392002C27D1200005B0F0BDA568CD
:1078E0003301ED186B89019A934211D3029A9342A6
:1078F0000ED8002F04D10A9B002B10D12C00EBE7EF
:107900003B002978039A6868FEF7F6FC0028F2D15C
:107910000136B6B2A388B342E1D82468DAE7A36897
:107920000A9A5B891380E9E70026F3E7B464FF1F36
:1079300037B50C000A8849880123914217D3002AE1
:1079400015D0651D23792A0002210A48FEF7D4FCD0
:10795000102300280BD023796188208800242A0076
:107960000094FFF7AFFF0A23A04200D023001800C5
:107970003EBDC046A6BE001113B50A00088849885E
:10798000012388420BD8002809D00024137905323E
:107990000094FFF797FF0A23A04200D023001800AD
:1079A00016BD13B50A0008884988012388420BD800
:1079B000002809D00024137905320094FFF782FFD4
:1079C0000A23A04200D02300180016BDF0B58BB0EA
:1079D00003904A8808880E000123824213D30028AE
:1079E00011D00023012704AC2370002271881300FA
:1079F0000092FFF767FF05002078002D06D122785E
:107A00000A23002A41D118000BB0F0BD002835D15F
:107A10002B78022B18D167706A8983000130E31834
:107A200080005A8069680222201803F0FDFE237846
:107A30000133DBB22370042B19D93B006889013074
:107A400080B2002BD1D0DAE70223637012235843AF
:107A50006A89231804305A8069681022201803F0BC
:107A6000E3FE23780133DBB22370002BE5D10A4A11
:107A70006B899B185A425341DBB2DFE76378012BD5
:107A8000E4D12B78022BC7D0B9E721000398FEF789
:107A900095F90023B7E7C0460100FFFF0F4BF0B593
:107AA00004001868002816D083685D89A54207D8AD
:107AB0008288AE18B44203DA12019A18934201D1B7
:107AC0000068EFE71E005F891036A74204D1002945
:107AD00000D00D801800F0BD3300EFE7B464FF1F45
:107AE00070B505000C0008880021FFF7D7FF0300E0
:107AF0000120002B04D022002800197AFFF7BCFED9
:107B000070BDF7B50C00002501902300EE331B7803
:107B1000AB4201D800200AE06B00E65A0021300099
:107B2000E718FFF7BBFF002802D126800130FEBD19
:107B3000017A0198FFF78EFE002802D03B8823804F
:107B4000F5E70135EDB2E0E710B504000888002143
:107B5000FFF7A4FF03000120002B03D02000197AB7
:107B6000FFF778FE10BD0000054B1B68002B01D10C
:107B7000180004E09A6852898242F6D198887047CA
:107B8000B464FF1FF0B50E27002687B0039302AB45
:107B9000FF183E8005001F4B40891400984207D013
:107BA0002B78013000976A6880B2FFF78BFE0600E1
:107BB00002212B7818486A68FEF79EFB00280FD038
:107BC0006C892000FFF7D0FF002802D0013C041987
:107BD000A4B2039B002B00D01C80300007B0F0BD86
:107BE00002212B780D486A68FEF786FB0028E7D152
:107BF00002212B780A486A68FEF77EFB002807D02E
:107C0000002EDED03B88A342DBD17489013CDFE744
:107C10006C89DEE7FFFF0000A6BE0011A4BE0011C4
:107C2000A2BE001110B50C00FFF7D8FC0300022023
:107C3000002B0AD0002C00D023609B781720FE2B4D
:107C400003D00138FF2B00D1002010BD73B50D000B
:107C500001A904001600FFF7E5FF172805D0002E44
:107C600004D129002000FEF725F976BD012210215C
:107C7000200000F045FE0028F3D0F6E7014B186025
:107C80007047C046C464FF1F37B56B469D1D010099
:107C900004000222280003F06FFF2B88B02B0ED1C6
:107CA0002379122B09D12300FA331B78012B06D13B
:107CB0000121608800F0E0F801E01B2BF8D037BD0F
:107CC00010B5054B0421187000F098F8FFF746FD39
:107CD000FEF76CFB10BDC046C864FF1F0020F0B566
:107CE0000BB20F0087B0834234DA274B187803F0C9
:107CF000F3FC051E2BD00378A02B25D103AE310059
:107D0000FEF7E2F8041E0BD1B378DB0724D51F4B36
:107D100006341B68002B03D03100688898470400A4
:107D2000A868002801D003F077FF002C08D1184A7A
:107D3000039B1340174A934206D0B3781B2B03D002
:107D40000121688800F098F8280003F09DFD80204C
:107D50000002784007B0F0BD0F4B1B68002B10D01D
:107D6000310068889847041EDAD07378002BD7D189
:107D7000B27801A90A704B800C716888FDF7F4FF96
:107D8000CEE70624F1E7C046C864FF1FC064FF1FAA
:107D900000FFFF0000011200C464FF1FF7B501904F
:107DA000FC200D0017001E0003F0AEFC04001320A1
:107DB000002C12D0B02320002370089BF42267709F
:107DC000658026710830002B08D0190003F02CFDC7
:107DD0002100019803F048FF0020FEBD089903F040
:107DE000B3FDF5E710B5041E06D00078FD2803D8D2
:107DF00003F022FFFF23237010BD00000A1F93B27F
:107E000010B504000220032B05D882400020024B4D
:107E1000D1529B189C7010BDE864FF1F0B8870B591
:107E2000043B04000D000220032B0BD8012120008D
:107E300000F04AFD03001420002B03D0290020008D
:107E400000F0DEFB70BD000007B51300034A00928E
:107E50000A00012100F02CFC0EBDC04685800011F7
:107E600007B5019203220092024B0A00122100F092
:107E700047FC0EBD0381001107B56B4601AA1180B6
:107E80000449D88008780633012802D1190003F08C
:107E90006BFD07BDC964FF1F0C4B10B518700023A4
:107EA000FF210B4A1380138193819380094A5380E9
:107EB0001370517293819372D174D3821375517779
:107EC00003F09AFD00F0FCF910BDC046F864FF1FF6
:107ED000E864FF1FCA64FF1FF0B58DB06B46002039
:107EE00003910C229B5E834200DBB1E05D4B18786E
:107EF00003F0F2FB051E00D1A5E00378902B00D023
:107F00009EE006AF01004688380000F013FA796859
:107F10000400002900D19DE03B88052B6FD13B89EF
:107F2000032B1CD905AC200000F0A2F86288172AA8
:107F300060D83989131D994231D179682378043189
:107F40000291D90738D5607800F08EF9071E06D067
:107F5000002303712378012B08D0132B23D0A868AA
:107F6000002800D179E003F057FE76E0628802999C
:107F700009A800F0A6F80290380000F08BF909AAD1
:107F80002378387A0192002231000092029A00F0A0
:107F900012F9380000F064F9029B002BDFD03000AA
:107FA00000F080F9DBE70378032BD8D162880299CF
:107FB00009A800F0D6F8DEE709AF122B12D138007D
:107FC000029900F0B4F8021EE9D127498B88002BF2
:107FD000C5D088792378019761780091310000F04D
:107FE000EAF8BCE700233A003B8061783000FFF7F5
:107FF0002BFFB4E71D4B09AA09936178F6E7042B20
:1080000002D09A1F012AAAD8174A043B9B00995A0A
:108010000029A4D0D218907831003A0000F0ADF8D1
:1080200000289CD13B88042B03D001213000FFF7AE
:1080300023FF012C04D1A868002801D003F0ECFD37
:10804000280003F021FC8020039B0002434018001D
:108050000DB0F0BD012800D181E701213000FFF70C
:108060000BFFEDE7F864FF1FE864FF1F0100170036
:108070000B7803704B784370CB788A781B021343DC
:10808000438070470A88030002700A88120A42700F
:108090000A88012A06D14A8882704A88120AC27068
:1080A0000420704702208242FBD14A8804309A7033
:1080B0004A88120ADA708A881A718A88120A5A71F2
:1080C000EFE710B50400012082420CD94B780A7802
:1080D0001B0213432380834206D1CB788A781B028C
:1080E00013436380002010BD022BFBD1CB788A782C
:1080F0001B02134363804B790A791B021343A3804D
:10810000F0E70B8803700B881B0A43704B88837061
:108110004B881B0AC3708B8803718B881B0A4371C1
:10812000CB888371CB881B0AC3710820704703007A
:108130000120082A14D14A780878120202431A80D2
:10814000CA788878120202435A804A790879120262
:1081500002439A80CA798879120202430020DA80A9
:10816000704710B504000120022A05D100204B7889
:108170000A781B021343238010BDF8B506001020B7
:108180000F00150003F0C0FA04000120002C0ED0EF
:10819000A0230C22290023806780201D002D07D0FA
:1081A00003F042FB2100300003F05EFD0020F8BD2B
:1081B00003F0CAFBF6E7F7B51E00009008AB1420E9
:1081C00017001D78019103F09FFA041E12D0A2231C
:1081D0000370019B47704380099B057146710C2217
:1081E0000830002B07D0190003F01EFB2100009877
:1081F00003F03AFDF7BD099903F0A6FBF6E737B5A2
:10820000041E0FD04388002B0CD00025C1881323F7
:10821000007A172201950095FFF7CDFFFF236580B7
:108220006372257037BD000010B50C4904004A8800
:10823000002A09D08B89002B05D00020CB8A02228E
:10824000834201D010BD012213000A2043430020C5
:108250004032C854C81842800472F3E7CA64FF1F52
:108260000023438003707047094B00211A0010B5AA
:108270005C88002C06D01C79844203D10A234B432E
:10828000D01810BD01310A330329F1D10020F8E7DD
:10829000CA64FF1F10B50400407A03F0CDFCFF2331
:1082A000637210BD7047043010B580B203F014FB48
:1082B000002803D00421494203F006FA10BD000053
:1082C00070B50025104CA0682580A581A580A84226
:1082D00002D003F0A1FCA56000250C4C0C4B606D96
:1082E0001D80230058331D70A84202D003F094FC77
:1082F000656500256068002801D003F08DFC01351C
:1083000008340A2DF6D170BD9065FF1F3465FF1F3C
:108310008465FF1F70B5041E09D1054D2880A88112
:10832000A880A868002802D003F076FCAC6070BD7D
:108330009065FF1FF0B54B8885B001930023436023
:108340000A7905000F00022A00D07BE0CA88032AC0
:1083500017D98B685E7819783602DC78D8790E43A5
:1083600099781B7A24021B020C43034353495BBADE
:108370000B80331D93421ED1042C04D0631F022BAB
:108380000ED9012015E0019A4D4B1201D35A002B52
:1083900006D00198FFF7BEFF4A4A13690133136103
:1083A0000421B8682E812C80494203F08DF9686061
:1083B000002005B0F0BD434D042C06D0631F022BF6
:1083C0000FD9EB680133EB60DBE7019A3C4B1201FC
:1083D000D35A002B05D00198FFF79CFF2B6901337E
:1083E0002B61374B30000293019B029A1B010193D2
:1083F000002301998C468B52130063449C800393A5
:108400009E81FFF750FF039B041E986016D0042145
:10841000B868494203F058F9FA880100043A20008C
:1084200003F002FA0199029AFB888A5A043B9B18CE
:10843000029A8B522B6801332B60A2E7AB690133A0
:10844000AB619EE71E4B0293019B1E01029BF35AF8
:10845000002B2DD002998C19A068002828D0012A61
:1084600026D1FA889B189BB27352A189994217D3DF
:108470009B1AC018B96803F0D7F9029BA289F35A76
:10848000934200D07DE700222B81A3882B80A36834
:108490006B60029BF2520B4A53680133536070E7E2
:1084A000084A9368013393600198FFF733FF68E748
:1084B000044A536901335361F6E7C046FA64FF1F6B
:1084C0009065FF1F0065FF1F70B5051E15D10B4C91
:1084D0000B4B1880230058331870606D002802D0B1
:1084E00003F09AFB6565250050356068002801D0CF
:1084F00003F092FB0834AC42F7D170BD3465FF1F26
:108500008465FF1FF0B51700A12285B0920001938A
:108510004243394B06001B680C009B18D933FF33CC
:108520001D78FDF73DFF0430854204DD3000FDF786
:1085300037FF0430C5B2BD4207D33A0000213000F6
:10854000019B03F089FA05B0F0BD2900380003F063
:10855000D3F82300C6B250331E700393019B290049
:108560006365380003F0A0F9CBB20293002B02D070
:10857000039B01361E7000262300503303931B78A3
:10858000B34204D8606D002831D10020DBE7029AA5
:108590002800002A04D0013B1000B34200D028007C
:1085A000F700E719387003F047F8786000280ED01C
:1085B0003A78019903F038F9019A3B780136D318DB
:1085C0000E4A0193D369F6B20133D361D4E7039B1A
:1085D00018706065A74205D1084A1320D36A013399
:1085E000D362B0E7606803F017FB0834F2E703F0EA
:1085F00013FB00236365C8E73409FF1F0065FF1FF5
:10860000F7B50D0007000421686803F05DF82B89B9
:10861000040003702B891B0A43702B8883702B88FE
:108620001B0AC3702E8902250436F6B2F42E15D823
:108630001B4B9F4214D10C2003F066F81135011E2C
:108640000CD0902303708E3B0371043B4380154B89
:108650008460C680187803F007FB00252800FEBD63
:108660005C237B43104AD3180093583301931B7843
:10867000002B0FD10300320038000099FFF742FFB2
:10868000019B05001B78002BE8D13800009903F00E
:1086900083F9E3E7054A0725536A01335362DDE7AF
:1086A000FEFF0000F864FF1F3465FF1F0065FF1F19
:1086B000F0B587B0009017200F0016000193FFF768
:1086C000F2FD1325041E18D00C98031E02D0019948
:1086D000201D9847030AE370052303A9A070043006
:1086E00008812770009866700B804C60FFF788FF48
:1086F000051E02D0200003F08FFA280007B0F0BD5D
:10870000F0B587B01F000CAB1B78039105930121D6
:108710000DAB06001C78049200F0D6F81425002852
:1087200021D02000FFF780FD0135041E1BD0114928
:10873000059B0A7803700132D2B2131EC68001D1A4
:1087400001231A000B7022713000049B03990097DB
:10875000FFF7AEFF051E09D1230021000648074A96
:10876000093303F009F8280007B0F0BD0023638047
:108770002370F8E7FC64FF1FFF81001130750000D3
:10878000F8B505000E00064C064F2368002B02D0FA
:108790003100280098470434BC42F6D1F8BDC046E9
:1087A000A065FF1FB465FF1F0123064A5B4253808B
:1087B000002313715362044A136053609360D360C3
:1087C00013617047B465FF1FA065FF1F02000023FF
:1087D00010B506499C000859002801D1625010BD0F
:1087E0000133052BF6D11320F9E7C046A065FF1F22
:1087F000034A5388181A4342584140421040704778
:10880000B465FF1FF0B585B002930AAB1F780CABBF
:108810001B88009008000E0001920393FFF7E8FF09
:1088200005001120002D1BD10E48FFF7E1FF0400C9
:108830001520002C14D006220B99A771E01D02F020
:10884000F3FF019B30002371029B29006371009BA1
:1088500066802370039B6562E381FFF791FF280028
:1088600005B0F0BDFFFF000010B5FFF7C1FF040029
:108870000220002C12D060880121FFF781FF606A7E
:10888000002801D003F020F928220021200003F065
:108890005BF8012300205B426380207110BD000063
:1088A00030B5074A074C5588010013780020A542CF
:1088B00004D05B1A59424B415842104030BDC0466B
:1088C000B465FF1FFFFF0000084A10B501230C002C
:1088D000904208D0FFF78CFF031E04D00379234099
:1088E0005A1E9341DBB2180010BDC046FEFF0000C7
:1088F000024B1879431E9841C0B27047B465FF1F00
:1089000070B504000D001600FFF772FF002804D1B7
:108910000F4B9C4200D0143070BD10230279416A85
:10892000134000290AD10520002BF5D0897E0C20A8
:10893000A9428941494249420840EDE70F20002BF6
:10894000EAD09207F2D40A38002EEFD0E4E7C0460E
:10895000FEFF0000030010B5002800D110BD034841
:10896000034A41889142F9D09847F7E7B465FF1F61
:10897000FFFF0000002330B5C45CCD5C6C40D454D4
:108980000133102BF8D130BD0F23002210B5C45C89
:1089900064002243CA54C25CD209013BF7D210BD25
:1089A0000200010010B52032103103F0C5F810BDEF
:1089B000F0B58DB00590102007931700069102F0D6
:1089C00023FE0190102002F01FFE019B1324029051
:1089D000002B05D000280CD11324019803F074F863
:1089E000029B002B02D0180003F06EF820000DB09F
:1089F000F0BD102002F008FE0600102002F004FE78
:108A000013240500002E00D1B3E0002819D0102255
:108A1000002102F099FF32002900059803F08CF83C
:108A2000041E0ED133787F2B56D830000199FFF702
:108A3000ABFF019B1B787F2B58D802990198FFF759
:108A4000A3FF300003F040F8002D02D0280003F00F
:108A50003BF8002CC1D1102002F0D6FD06001020FA
:108A600002F0D2FD0390002E00D180E000287CD0DF
:108A70003A0001210F3223001211049106D013B2E3
:108A800004930F233B405A4253411BB2049A013ACC
:108A90001201002B34D0069BD2B298180199039A88
:108AA000FFF768FF10220021300002F04DFF049D07
:108AB000069F013DADB22D017D19AF4242D0002C81
:108AC00033D0300003F000F8039B002B00D184E783
:108AD000180002F0F9FF80E729003000FFF754FF8B
:108AE00028002649019AFFF745FFA2E729000198CF
:108AF000FFF74AFF28002149029AFFF73BFFA0E752
:108B00000F2506993D408A1808A8D9B28D4207D989
:108B1000D15C19540133102BF7D1039A0299BFE7A6
:108B2000691A4F427941C901F3E73900300008AAB8
:108B3000FFF720FF3200059808A902F0FDFF10376B
:108B40000400BAE7002CBCD13000039908AAFFF753
:108B500011FF320008A9059802F0EEFF0822040078
:108B60003100079802F060FEABE71324A9E7132455
:108B7000AAE7002800D069E72EE7C046ACBE001186
:108B8000F0B58BB00F0016000225009000283FD0F2
:108B9000002A3DD00B1DDBB21800029302F034FD19
:108BA0001135041E34D0FDF73BFD05003A00009955
:108BB000201D02F049FDEBB20393E3702B0CDBB2F6
:108BC0002F0A00936370FFB22B0E2370A7700193DE
:108BD000FDF720FD1022010006A802F035FD21005E
:108BE000029A04AB06A8FFF7E3FE051E0DD1039B16
:108BF00008223370009B04A9B370019B7770F37057
:108C0000301D02F021FDFDF711FD200002F05CFF98
:108C100028000BB0F0BDF0B58FB00D00149E03908E
:108C200004920593002A03D1022420000FB0F0BD66
:108C3000002EF9D00398FFF7DBFD1424071EF4D0B3
:108C40007278337812021A43B3781B041343F27814
:108C500012061A43036A0192934201D30133E3D10E
:108C6000002D03D03B7901249B07DED5082200218B
:108C700006A802F069FE059B13240433DBB218003A
:108C8000029302F0C1FC051ECFD0059A049904306E
:108C900002F0DAFC04223100280002F0D5FC390091
:108CA000102210310AA802F0CFFC2900029A06AB6C
:108CB0000AA8FFF77DFE041E0FD1082206A908A806
:108CC00002F0C2FC0822311D08A802F0F5FD0128BF
:108CD00007D101990398FDF7BDFC280002F0F4FECE
:108CE000A3E70124F9E7000070B51C4C05002368D8
:108CF000181E10D0002D14D11A78002A0CD1981CFF
:108D0000083202F091FD02F09FFE0135002808D1E3
:108D100023681D70012070BD0A331800082202F07C
:108D200083FD2368002BF5D0122002F0EDFC061E17
:108D30000DD0C1232168037045700231102202302A
:108D400002F072FD23683100587802F08DFF206830
:108D500002F0BAFE00232360DCE7C046DC65FF1F9B
:108D6000F8B504002020FDF749FB0D4EA700BB59C4
:108D70000500002B0DD000280BD0D878FF2809D192
:108D800008492A000C55F35907480333611802F0CB
:108D9000F3FCF8BD290002F01FFD0028F0D1F8E730
:108DA000F865FF1FE065FF1FB19F001170B5064D0C
:108DB00084006359002B05D0D87802F03DFFFF22D4
:108DC0006359DA7070BDC046F865FF1F70B50600C4
:108DD0008CB00C00150000213022684602F0B4FD72
:108DE00031001022684602F02FFC1D2021000322D2
:108DF000684402F029FC6846FFF7D2FD2D210400EB
:108E000003222800694402F01FFC20000CB070BD52
:108E1000F0B50400170097B001931CAB1D78302209
:108E20001EAB00910AA800211E7802F08DFD2100E2
:108E3000102202AC0AA802F007FC10220021200038
:108E400002F082FD07223900200002F0FDFB07221C
:108E50000199A01802F0F8FB33005A1E9341A37346
:108E60002B005A1E93410021102206A8E37302F042
:108E70006BFD06221D9907A802F0E6FB1A200622C8
:108E80001F99001902F0E0FB102200990EA802F0D1
:108E9000DBFB10230EAA11782078013B4140DBB2A6
:108EA000117001340132002BF5D10AA8FFF778FDCB
:108EB000102212A904000EA802F0B6FC102206AB84
:108EC0000EA908781D78013A6840D2B208700133C3
:108ED0000131002AF5D10AA8FFF762FD04431022F0
:108EE0002098E4B212A902F0AFFB200017B0F0BD49
:108EF00070B50E0014008CB00100102268461D00F1
:108F000002F0A2FB3100082204A802F09DFB210020
:108F1000082206A802F098FB6846FFF741FD04000E
:108F20001022280008A902F08FFB20000CB070BDB1
:108F3000F8B506000D0000243719AC4200D3F8BD87
:108F400002F08AFE030A3B70631CDBB201379D42CC
:108F500003D90234F054E4B2EEE71C00EDE7F7B5B4
:108F600007000C000225002818D0002916D001AEF9
:108F700003213000FFF7DCFF3F23B27831001A40B5
:108F80000133134338002200B370FFF71FFF051EA3
:108F900004D103223100E01C02F046FC2800FEBD93
:108FA00003785807DA08C00FD20080009B071043EF
:108FB0009B0F1843C0B2704707230B40C908C90074
:108FC0000B4303707047000070B50400FFF7EEFE1E
:108FD000134DA4006359002B21D0186A002801D03A
:108FE00002F072FD2B59986E002801D002F06CFD42
:108FF0002B59D86E002801D002F066FD2B59186F4E
:10900000002801D002F060FD2B59586F002801D0D4
:1090100002F05AFD285902F057FD00232B5170BD74
:10902000F865FF1F0E4B8000C35870B50C00002B75
:109030000FD09D68002D0CD02B78201D0B706B7805
:109040004B70A97CFFF7B8FF2B7E23726B69E3603E
:1090500070BD10220021200002F076FCF8E7C04627
:10906000F865FF1F014B18607047C046F465FF1F8D
:10907000074A03008000825810B5002A06D0D08825
:10908000984203D1012901D1FFF79EFF10BDC046D0
:10909000F865FF1FF0B5254E95B087000B93BB59BF
:1090A0000500099112200A92002B2FD0D888FFF7D3
:1090B0009FFB04001420002C28D0280010A9FFF7E3
:1090C000B1FFBB591E781F6A002E21D0FDF7E8FAC8
:1090D00007900020FDF7EAFA0890A5793800E61D10
:1090E00010AF0CA900F0E2FA0EA9380000F0D7FA90
:1090F0000B9B0A990493089B09980193079B03967D
:10910000009302950EAB0CAAFFF782FE15B0F0BDDE
:10911000FDF7C6FA05003000FDF7C8FAA37906008E
:109120000793E31D089310A8DBE7C046F865FF1F0F
:1091300030B50D4C85002A59030085B00120002A66
:109140000DD018006946FFF76DFF2B59D8881B78A2
:10915000002B06D0054B6A46072100F0DAFB05B06C
:1091600030BD034BF7E7C046F865FF1F9F9600111F
:10917000AD96001130B5094C8500295985B01022F3
:109180006846253102F050FB2A591121044BD08842
:109190006A4600F0BEFB05B030BDC046F865FF1F53
:1091A0004997001130B5094C8500295985B0102226
:1091B0006846353102F038FB2A591121044BD0881A
:1091C0006A4600F0A6FB05B030BDC046F865FF1F3B
:1091D00087970011F8B54D4F86001020F4590D0007
:1091E00002F012FAF3592062186A132200286DD097
:1091F0002900033A9C6802F017FBF35919780029FB
:109200005AD1227D186A94466646027B0F0072404E
:109210000126324201D167463740227DB2433A43AC
:109220002275077BD6B27A400027920701D4B60791
:10923000F70F0226227D7F00B2433A432275067B58
:10924000D7B272400026B446520702D47F07FA0F05
:109250009446624604269700227DB2433A43227523
:10926000627D002794466646427B72400126324268
:1092700001D1674637400126627DB2433A436275A9
:10928000477BD6B27A400027920701D4B607F70F82
:109290000226627D7F00B2433A436275407BD6B2BC
:1092A00042400020520701D47607F00F0426627D69
:1092B0008000B243024362756A78002A08D062785F
:1092C000002A05D005220533DA7700221000F8BD08
:1092D00004222879104205D1A07C104202D1053326
:1092E000033AF1E720782C78002902D1020020000F
:1092F000140018220428E9D8042CE7D8052161437A
:10930000034A05335218125CDEE7C046F865FF1FBA
:10931000BCBE001110B50A001121024B00F0F9FA91
:1093200010BDC046E39700110B0030B587B001AD0A
:109330002B806B4604001100981D082202F074FA7D
:109340002A000B212000024B00F0E3FA07B030BDE9
:109350000B98001110B50A001121024B00F0D9FA48
:1093600010BDC0465F98001137B56D460B00040074
:109370001100681C06222B7002F056FA6A4608217A
:109380002000024B00F0C5FA37BDC0467F9800119F
:1093900010B50A001121024B00F0BBFA10BDC04607
:1093A000CF9800117FB505000B4BAA00D4580800D8
:1093B000002C0FD0666F237FE28821780396266FFA
:1093C0000296E66E0196A46E0094FDF7FFFB28005E
:1093D000FFF7FAFD7FBDC046F865FF1F10B51721E6
:1093E000FFF7E0FF10BD000070B50A000D00064B4E
:1093F0000221040000F08DFA060029782000FFF712
:10940000D1FF300070BDC046AF970011F0B587B0F6
:1094100000236C462370836805001E78701E0A289E
:1094200057D801A902F078FA06063135393D414591
:10943000494D5100180000F040F90623122849D088
:1094400000281AD16888FFF7D3F90823002813D021
:109450004279002A44D1254B1A78072312070BD5ED
:10946000234B1A680723002A06D01768002F03D061
:10947000310001AAB847030023702378002B2AD1BA
:109480006888FFF76DFC07B0F0BD180000F06CF9BC
:10949000D6E7180000F087F9D2E7180000F093F93A
:1094A000CEE7180000F0ADF9CAE7180000F0C3F9E4
:1094B000C6E7180000F0F6F9C2E7180000F0F6F968
:1094C000BEE7180000F013FABAE7180000F013FA2C
:1094D000B6E70723237021006888FFF785FFD2E7EE
:1094E0000523012AC8D1034BBBE7C0468564FF1F93
:1094F000F065FF1FF465FF1FF8B52C4F8600F35988
:1095000004000D00002B40D0DA8882423DD15A7809
:10951000062A33D11A78002A2ED0012099681A6AB7
:10952000097D014206D0157B054203D007225A70FF
:109530000120F8BD0220014204D0157B054201D074
:109540000922F4E70420014204D0127B024201D038
:109550000B22ECE7164B1B68002BE9D05B68002B55
:10956000E6D020009847BB5900215B78122BDFD151
:109570002000FFF717FFDBE70E4BECE7112A04D1C1
:10958000002900D032252900F2E7002D08D1200063
:10959000FFF72EF9002803D010230279134303713B
:1095A00021002800FDF792FAC2E7C046F865FF1FC8
:1095B000F065FF1FF465FF1F70B50E4E8500AB59B7
:1095C0000400002B13D01B78002B11D10A4B1B6811
:1095D000002B04D05B68002B01D020009847735902
:1095E0005B78122B03D100212000FFF7DBFE70BD5A
:1095F000024BECE7F865FF1FF465FF1FF065FF1FE6
:10960000094B8000C3581020002B0CD01A6A002A86
:1096100009D09B68002B06D0127A1B7E101C9A4240
:1096200000D9181CC0B27047F865FF1F70B5030061
:109630000D0014000220002A30D000292ED0137013
:109640000B78081D53704B789370FFF7A9FCE070FE
:10965000012002212B7A23716B7B034063716A7BAB
:109660000A401343042263716E7B164033436371D7
:109670006E7BF608F600334363712B7B0340A371C6
:10968000287B014000200B43A371297B0A40134330
:10969000A3712A7BD208D2001343A37170BD10B509
:1096A0000A0001000120FFF7C1FF10BD10B50A003C
:1096B00001000220FFF7BAFF10BD70B506000C00D4
:1096C0000220002E30D000292ED07378201D0B7080
:1096D000B3784B70F178FFF76FFC01223579257272
:1096E00071794B10080013409340104003438810D9
:1096F00010408000C9080343C9000B436373B1796C
:109700004B10080013409340104003438810024060
:109710009200C9081343C9000B4321202373FCF7AF
:109720006DFE854201D2122070BD2220257AFCF701
:1097300065FE8542F7D823781820042BF4D8637887
:10974000012BF1D80020EFE7030010B5022000291B
:1097500009D0002B07D00322481C0A7019000D32D3
:1097600002F062F8002010BD03000222080010B5CC
:10977000002B06D0002904D00E32591C02F054F8F8
:109780000022100010BD030010B50220002909D0EE
:10979000002B07D00422481C0A7019000C3202F07A
:1097A00043F8002010BD10B5FFF7DEFF10BD030029
:1097B0000220002906D0002B04D0052200200A70C8
:1097C0001B784B70704703000220002B08D0002943
:1097D00006D05B7800200B70013B082B00D91830B5
:1097E0007047030010B50220002909D0002B07D0D4
:1097F0000622481C0A7019000A3202F015F80020EF
:1098000010BD10B5FFF7B0FF10BD02000B00022025
:1098100010B500290ED0002A0CD00721197011882C
:1098200059701188090A997011180822D81C01F082
:10983000FBFF002010BD03000A00022010B5002B22
:109840000CD000290AD09978587809020143118078
:10985000901CD91C082201F0E7FF002010BD030076
:1098600010B50220002909D0002B07D00822481C7F
:109870000A701900921801F0D7FF002010BD0200F5
:109880000B00022010B500290BD0002A09D00921B5
:109890001970117818185970511C062201F0C4FF74
:1098A000002010BD10B5FFF75FFF10BD02000B00D8
:1098B000022010B5002A09D0002907D0517819706C
:1098C00011180622581C01F0AFFF002010BD030044
:1098D00010B50220002909D0002B07D00A22481C0D
:1098E0000A701900063201F09FFF002010BD10B56C
:1098F000FFF73AFF10BD02000B00022010B5002A4E
:1099000006D0002904D018005178FFF755FB00203D
:1099100010BDF0B51F00062387B003AD0600080098
:10992000298101922B80FEF7BEFC1324011E686082
:109930000CD00198B847041E05D129003000FEF76D
:109940006DFA041E02D0686802F066F93000FFF775
:1099500007FA200007B0F0BDF0B504008BB001910C
:1099600015000021102202A801F0EEFF334EA700DF
:10997000B85900283CD0C388A34239D10378002BC2
:1099800036D14278062A18D102000100553235310D
:109990000C3006ABFFF7ACFA002829D12000FFF706
:1099A0002FFE020006A902A801F03EFF200002A936
:1099B00002F072F801200BB0F0BD816E002917D0C3
:1099C0000B8A112A28D19D420ED101981231093AF1
:1099D00001F072FF012807D1BB5920009D6EFFF7EF
:1099E0000FFE29000200DEE732212000FFF7DAFC3B
:1099F0002000FEF7FDFE061E1BD0416A002918D08C
:109A00000B8AAB4215D108220198123101F054FFA4
:109A100001280ED1716A0AE09D42E9D1082201981D
:109A2000123101F049FF0128E2D1BB59996E8A7EBB
:109A3000B9E7200002F070F8BCE7C046F865FF1FE8
:109A4000F0B56E4D87007E5985B033780290039350
:109A5000002B00D085E0B368346A01937078062843
:109A600017D101221B7D134202D0217B114218D154
:109A70000222134202D0217B114251D1042213420F
:109A800003D0237B134200D08EE0019B5A7DEB591B
:109A900082E007380428F8D801F03EFF032E426523
:109AA0008600B36E002B03D11C2001F0ADFDB06623
:109AB000EB599C6E002C1CD010220021200001F0DC
:109AC00043FF0298FFF79CFD01002000FFF730FAEA
:109AD00002F0C2F82082200008211230FFF728FA95
:109AE0000298FFF78DFDA076EB592100D888FFF78B
:109AF00011FC0822EB591CE0B36E002B05D01A00B4
:109B0000198AF0881232FFF70FFC0222019B197D9F
:109B1000EB59114250D0207B10424DD0073208E063
:109B2000F488FCF7D5FD01002000FFF713FC0A22A2
:109B3000EB595A705A78073A042A12D8D888FEF797
:109B400057FE002856D0C3895A08D2182C49029BC8
:109B50000298CB549B00EB5841180433294801F07C
:109B60000BFE05B0F0BDFCF79BFD03000120834216
:109B700001D100200393EB59DE88FCF797FD039990
:109B800002003000FFF7F0FB019AEB59117D04222F
:109B9000114218D1019A527D01210A4218D0607BEE
:109BA000084215D00C22C4E7F688FCF733FD01000B
:109BB0003000FFF7EDFB68E704221142EAD0217B79
:109BC0001142E7D0AAE7217B1142E3D00B22B0E794
:109BD00002210A4204D0607B084201D00E22A8E78D
:109BE00004210A4204D0627B0A4201D01022A0E77D
:109BF00012229EE7FA225200A8E7C046F865FF1F2E
:109C0000FC65FF1FBB9F001110B5064B1A7804239B
:109C1000100018401A4200D00348FFF723FA002032
:109C200010BDC0468564FF1FE442FF1F70B50400ED
:109C3000FFF7D0FA051E43D12000FFF779FA234E33
:109C4000A400A0598268937CDB0708D50321036A2E
:109C50001B790B40012B02D1017F0B430377431D7E
:109C6000D97F8B1E022B0DD8022900D00121C0887C
:109C7000FCF784FF042133591A7F59700A431A777D
:109C8000280070BD01290CD102231022437000214D
:109C90000C3001F059FE305910213530FFF748F9EA
:109CA000EEE70529ECD10223D118437010220C30C5
:109CB00001F0BAFD04233259117F0B431377EAE711
:109CC00008251828DCD1053DDAE7C046F865FF1FF6
:109CD000F0B58BB0059143887C4F9E00F459150078
:109CE0000493002C15D1012902D000200BB0F0BD47
:109CF000101D57781678FFF753F9EB68320002937E
:109D00002B7A0499019300903B002000FCF700FFA0
:109D1000EBE7E388049A934201D00820E6E7237832
:109D2000012B00D1D0E0059B581E092800D9CBE0BB
:109D300001F0F2FD05CA0A29C8506C859AB22900C3
:109D40000498FFF773FFD1E7200029001022453067
:109D500001F06AFDB9594B78042B02D1013B4B70DD
:109D6000C3E70B000A00253335320C310498FFF7A6
:109D700091F90498FFF7FEF90522431E9841BB595B
:109D8000C0005A70B2E7200029001022553001F0BF
:109D90004BFD049B4D4C9D00295904980A0006ABCD
:109DA00055320C31FFF776F929591022453106A8B2
:109DB00001F082FD012808D10498FFF7F3F905901E
:109DC000002804D106222B595A7005988EE70823E3
:109DD0000593FAE763780C2B76D1E36E002B03D161
:109DE0001C2001F011FCE066BB59D86E00286BD036
:109DF0001022290001F018FDBB590498DC6EFFF712
:109E0000FFFB0D22A076BB595A706EE7E06E00286A
:109E10005AD063780D2B57D12B8808220382A91CB6
:109E2000123001F001FDBB599A68517D02221142A6
:109E300026D0186A407B104222D00C32E4E76378C7
:109E40000E2B41D1236F002B03D1162001F0DCFB38
:109E50002067BB59186F002803D01022290001F099
:109E6000E3FC0F22BB59CFE763780F2B2CD1206F77
:109E70000622691C103001F0D7FCBB599A68517D4D
:109E80000422114203D0196A497B1142D5D1002125
:109E90000498FFF787FA28E7606F002808D114308C
:109EA00001F0B2FBBB596067586F002800D134E75E
:109EB0001022290001F0B8FC0122BB5952425B6F0D
:109EC0001A61E4E72978E3E707200FE7F865FF1F49
:109ED00010B5064C207001F097FE06212078FDF7A2
:109EE0008DFF0348FEF772FC10BDC0460B66FF1FD6
:109EF0007190001100200BB270B50D00834216DA8C
:109F0000264B187801F0E8FB041E0DD00378922B45
:109F10000ED0A02B37D0224B1878FF283AD0210042
:109F200001F0A2FE002835D180200002684070BDFB
:109F300043780E2B0BD03E2BEDD18378052B12D01E
:109F4000082BE8D181798088FFF7D6FA08E0154B15
:109F500082889A42DFD183681878591CFEF7C4FEC4
:109F60000028D8D016E0104B1B785B0712D50F4B9A
:109F70001B68002B0ED09B68002B0BD0C289811D63
:109F800080889847ECE7FFF741FAA068002801D0E5
:109F900001F042FE200001F077FCC5E70B66FF1FD1
:109FA000DD42FF1F182000008564FF1FF465FF1FBE
:109FB00010B50078FFF712FA10BD10B50078FFF762
:109FC000FBFA10BD0C234343084A10B59B185A688E
:109FD000002A03D0012901D1904710BD9B68002BB6
:109FE000FBD00029F9D19847F7E7C0462866FF1F44
:109FF00001238340094A10B5946B1C439463506B52
:10A0000098435063D46B20009843012901D120006C
:10A010001843D063116B0B43136310BD00800040E5
:10A02000064B01215A68C2400A4204D01B68C34053
:10A030001800084070471B6DF9E7C04600800040DB
:10A040000122064B8240002903D0D9680A43DA6016
:10A050007047D9689143D960FAE7C046003800409C
:10A060000322424370B50F4DAB189C785E780123F4
:10A07000361B0136B340013BA340A140DB430C003B
:10A08000122808D8525D08499200521811681940E8
:10A090002143116070BD054A11680B4023431360D2
:10A0A000F8E7C04603BF001108F0004014F000407C
:10A0B000C21F70B5D4B20623092C0BD80125084C59
:10A0C0009540002908D00021FFF7CAFF23682B43E1
:10A0D00023600023180070BD2368AB43F8E7C04637
:10A0E00000380040214BF0B51B185B78022B21D1C2
:10A0F000032444431E4A1F4EA35C12199478012284
:10A1000015008540B76B013CE4B23D43A240B56306
:10A11000194C122815D89B0000290CD117495B183F
:10A1200099680A439A600123205C154A83401168AC
:10A130000B431360F0BD11495B1899689143996016
:10A14000F1E70E4B00290DD159690A435A61225C8F
:10A150001328E8D00123203A93400A4908680343B2
:10A160000B60E7E7596991435961F0E70C66FF1FFF
:10A1700003BF00110080004048BF001100F0004004
:10A18000A0F00040A4F00040F8B500241B4E1C4D88
:10A190001C4B1B5D012B1FD1194A9269E2401A42E8
:10A1A0000BD00122B25693402200143AD2B2022AB6
:10A1B00009D815494A6913434B61013402360C35FD
:10A1C000172CE5D1F8BD0022B2560F499200521863
:10A1D00091680B439360F0E7022BEED1E7B23800B1
:10A1E000FFF71EFF01235840C1B23800FFF77AFF86
:10A1F0003800FFF715FF6877DFE7C046D5BE0011CE
:10A200000C66FF1F0D66FF1F00F0004001220238A0
:10A210008240054B002903D059690A435A617047AF
:10A22000596991435961FAE700380040F8B50E00CA
:10A2300001210F008740114A0400D368FD43BB434E
:10A24000D360831E8B4201D8FFF7E0FF002120007E
:10A25000FFF72EFF0A4A0B4B5168012E05D13943F7
:10A260001B1951605E700020F8BD29405160022228
:10A270001C1962709A6915409D61F4E7003800402E
:10A28000008000400C66FF1F012210B58240074B82
:10A29000002906D019680A431A600121FFF7C6FF9A
:10A2A00010BD196891431960F7E7C046008000406F
:10A2B0000C2370B5002543430A4A29009B181D70E2
:10A2C000094B04001B185D70FFF7B0FF0123A3408A
:10A2D000064928000A681A430A6005490A689A4331
:10A2E0000A6070BD2866FF1F0C66FF1F34800040A7
:10A2F0003080004070B504000E00FF2813D0032505
:10A300000540FFF7D5FF084AA3089B009B183F2292
:10A31000ED00AA40AE401968200091433143196016
:10A320000121FFF78DFE70BD18380040F8B50C24F0
:10A330004443134B0500E4186368002B03D1A36862
:10A340001220002B1AD0022201270E4B00215B198C
:10A350005A7028002770FFF769FF63681E1E08D037
:10A36000A3683E00002B04D02800FFF759FE4640AA
:10A37000F6B228003100FFF73BFE0020F8BDC046D2
:10A380002866FF1F0C66FF1FF7B5C420FF222A4B6B
:10A3900080001958002591433F3A0A431A50802201
:10A3A000264E5202264F1A60264B5C5D002C22D0AE
:10A3B000AB1E012B03D80121E8B2FFF727FF012CC8
:10A3C00019D11E4B9B69EB40234214D0EBB218000D
:10A3D0000193FFF725FE01000198FFF755FF0123C8
:10A3E000FB569C40EBB2143BE443022B1AD8164AAE
:10A3F000536923405361337F002B0DD0ECB2200012
:10A40000FFF794FF2000FFF70BFE737F01008342EC
:10A4100002D02000FFF7D6FD01350C360237172D8C
:10A42000C2D1F7BD0023FB56074A9B009B189A68D0
:10A4300014409C60DFE7C04600E100E00C66FF1FAF
:10A44000D5BE00110D66FF1F00F0004070B5134D22
:10A4500007202C78002C1FD19822210052002800C0
:10A4600001F0EAFA0123C420FF222B700C4B80007C
:10A470001C635C630B4B1C605C600B4B1958914375
:10A480003F3A0A431A50802252021A600D20074AAE
:10A49000074901F099F9200070BDC0460C66FF1F06
:10A4A00000800040A0F0004000E100E089A300111E
:10A4B00089A10011F8B50600012826D00B22082733
:10A4C000164C01239340164A164DD3677301ED18BD
:10A4D000287C0021FFF7B4FD0021687CFFF7B0FD68
:10A4E000002580233800237325712570257325727C
:10A4F000656001F021FA380001F0FEFA0A4BAE4225
:10A5000007D1EB2292009E50F8BD11221927074C6B
:10A51000D7E7F12292009D50F6E7C0460040004088
:10A5200004E100E0C067FF1F0000FF1F0090004033
:10A53000F0B587B0050001F07FF904902800FFF71F
:10A54000B9FF012D00D17DE00523042708260393E0
:10A55000444C06330193444B6A019B181A7CFF2A32
:10A5600002D15B7CFF2B6BD0300001F08DF8300006
:10A5700001F0E2F93C4B6A0102936B010593029BE7
:10A5800002219E18307CFFF76BFD0221707CFFF7E3
:10A5900067FD39000027307CFFF7ACFE707C039923
:10A5A000FFF7A8FE27737169049B18114B08C018A8
:10A5B00001F0A2F8802327612373030ADBB2237121
:10A5C000F37EC0B22070BB4244D01B232373029B96
:10A5D0006A019B181A7E0123002A3DD0872222722D
:10A5E000636062687F3313436A0194466360029B31
:10A5F00063449B7E002B03D0022362681343636095
:10A600001A4A002D2AD1EB21194B89005350019B86
:10A61000184A9B089B009B180322019CC0202240E3
:10A62000FF24D200944080001958A1438024944014
:10A6300022000A431A500123019A93400D4A1360E5
:10A6400007B0F0BD092308270393DB1919260A4C2C
:10A65000019380E70323B9E72272C5E7F121074B95
:10A66000D3E7C04600400040C067FF1F0000FF1F47
:10A67000411BFF1F00E100E000900040811BFF1F15
:10A6800010B50020FFF754FF10BD10B50120FFF7F3
:10A690004FFF10BDF0B587B005930CAB1D78174F79
:10A6A0006E01F35D029002AC112003910492002B25
:10A6B0001ED1637A0C380193002B19D11900202286
:10A6C000F01901F0B9F90E4BF31807CC07C39C46FB
:10A6D0006246236828001360FFF72AFF0123F35521
:10A6E000002D07D129000820064A01F06DF800204E
:10A6F00007B0F0BD1920044A0199F6E7C067FF1FB3
:10A70000D067FF1F81A600118BA6001170B5040051
:10A71000FFF7D0FE084D660120220021701901F0DC
:10A720008BF90023082073559C4200D0192001F0BA
:10A730008BFA002070BDC046C067FF1F70B51D00BA
:10A7400002240C2910D8094ACA40D2070CD5FBF7BD
:10A7500061FE041E08D1059A04992800FBF776FED5
:10A76000FCF7E2FCFFF750FA200070BD1210000069
:10A7700030B50D7802232C009C43184201D02B43A6
:10A780001C0008252300AB43284201D02B002343A3
:10A7900020241D00A543204201D01C4325002A236C
:10A7A0000D70184204D011781E3B0B43137030BD5E
:10A7B0000028FCD10C2113788B43F7E7F8B51D0076
:10A7C00006AB1B88140007AA0E000B201778002B7D
:10A7D00027D10A78022A49D14A68507811780002B4
:10A7E000244A08438018042840D801F095F8031241
:10A7F0001D1B2300F06801F0BFF8021CC0B2B84274
:10A8000000D93A1CD2B22000F1682A8001F00CF87D
:10A8100006E00222F3681B882A8023701B0A6370FB
:10A820000020F8BD0622EEE701232B80F3681B7899
:10A830002370F5E7F368002B16D008222A801A88C7
:10A8400022701A88120A62705A88A2705A88120AF4
:10A85000E2709A8822719A88120A6271DA88A2716B
:10A86000DB881B0AE371DBE72B80D9E701202B8013
:10A87000D7E7C04600D6FFFFF7B516000A781D00DF
:10A8800008AB1F880C000123022A18D14A685078AF
:10A89000117800022B4A0843801803280FD801F0D2
:10A8A0003BF802254439E06801F066F8C0B207239E
:10A8B000B84204D37B190193152B02DD0D23180038
:10A8C000FEBDE0682A003100C01900F0ADFF6B4604
:10A8D00000209B88E268D0541B4B1B68834203D046
:10A8E0001B68834200D098470023E8E70B23002F22
:10A8F000E5D1022DE2D1737832781B021343E2686E
:10A900001380114B1B68002BEED01B68002BEBD083
:10A910000120E8E70B23002FD1D1062DCED12A004C
:10A920003100E06800F080FFDEE70B23002FC6D186
:10A93000012DC3D132787533012AC0D8E3681A706B
:10A94000D2E7C04600D6FFFF1868FF1F70B50C00A5
:10A950001500072837D800F0DFFF041436361B3601
:10A96000242E182015290BD8184E1622002130004D
:10A9700000F0EAFF22002900300000F055FF00201F
:10A9800070BD18200229FBD11288114B1A80F6E7FE
:10A9900018200829F4D10A000E48290001F0ECF82B
:10A9A000EDE718200129EBD10B4B10780B49DA6940
:10A9B000FFF7DEFEE3E718200129E1D1064B10780E
:10A9C0000749DA6BF4E70220DAE7C0460068FF1FA8
:10A9D0008643FF1F7C43FF1F0C43FF1F3443FF1FB1
:10A9E0005443FF1F030010B50020DB0704D50721E7
:10A9F000024A034800F08CF810BDC04660BF001149
:10AA00000C43FF1F054A03001068002803D082880A
:10AA10009A4201D1806870470068F6E7106AFF1F0C
:10AA20000A88030008009A4204D08A8804309A42B7
:10AA300000D000207047000073B50600684615007E
:10AA400001960180FCF7A2FE041E11D1002D0FD04B
:10AA50007689002E11D00C2000F0D6FD00280ED0F3
:10AA6000084A0460136886808560002B02D110605C
:10AA7000200076BD1A001B68F7E70224F8E71324CC
:10AA8000F6E7C046106AFF1FF8B5F22200230D4F0B
:10AA90000D4E7968050042433370994200D07B60C7
:10AAA0000A4C0021200000F04FFF00231A007C60B8
:10AAB0009D4201D13570F8BD01332280DBB2F23402
:10AAC000F6E7C046086BFF1F066BFF1F146AFF1FE7
:10AAD000012100220A4B10B549420A4C1980998085
:10AAE0009A719A70084B2070012019805A60FFF704
:10AAF000CBFF2078FCF7A8FE0448FDF767FE10BDE9
:10AB00002068FF1F106BFF1F086BFF1FBDAB0011FC
:10AB1000022310B5002802D0FFF78EFF03001800B3
:10AB200010BD0000030010B50020DB0704D5042190
:10AB3000024A0348FFF780FF10BDC04674BF0011F2
:10AB40008C43FF1FF0B50E2687B003930CAB1F8814
:10AB500002ABF6180500080031000292FCF79EFFD8
:10AB600004000120002C0FD03088FFF74BFF0300BA
:10AB70000E20002B08D05E68002E05D02100280092
:10AB8000039B029A0097B04707B0F0BD0A4B10B57F
:10AB9000984207D10122002352420A808B708A809A
:10ABA0008B7110BDFFF73CFF0028FAD001235B42F8
:10ABB000038000238370F4E7FFFF0000F8B5050071
:10ABC00001290AD1134E00243388F227AB4219D051
:10ABD00028001149FFF7DAFF06E0022904D1013904
:10ABE000FDF772FE0028EDD0F8BD3B0063437268AC
:10ABF000D018D35A002B09D03A00002100F0A4FE4F
:10AC00000134E4B2054B1B78A342EED801235B422A
:10AC10003380DDE7086BFF1F2068FF1F066BFF1FF7
:10AC200010B5FFF7FDFE03000020834200D09878A6
:10AC300010BD0000F0B589B01C000EAB80CB0390B6
:10AC40001E8810AB1B78049202930B7A0D00DB0672
:10AC500016D42B780593022B24D00498FFF7D2FE4C
:10AC6000002812D003689C46002B0ED0029B2200C5
:10AC7000019329003B00644603980096A04705E035
:10AC80000498FFF7BFFE002802D10E2009B0F0BDE6
:10AC90008368002BF9D00A222900039898470028DE
:10ACA000D7D0F3E76B6858781A786A4B00021043E4
:10ACB0009842D2D8043B984210D2674B984242D077
:10ACC00015D8664BC0180128C7D80B20002EDDD13F
:10ACD000EB681A7859683A80200028E0604BC01869
:10ACE000032800D978E000F017FE836A779D5D4B5A
:10ACF0009842B2D10B20002EC8D101233B80EB68D3
:10AD000031001B7823706889013080B2FCF7C6FEE1
:10AD10003A88031E0ED0017802328A183A8042899E
:10AD200062704289120AA27059680278E01C00F031
:10AD30007BFD06E004323A8031000422601C00F002
:10AD400003FE0020A2E70B20002E9FD1EB6807A98D
:10AD50001E8804233B80330A300026706370FCF7A2
:10AD60009DFE051E28D004AB9A890E2304A95B180A
:10AD70003D49C668FCF706FF00280BD12B783B48FD
:10AD80006A680599FBF7B8FA002803D1012304AAE1
:10AD90005B42D3813278022A06D17168201D00F00F
:10ADA00043FD3B8802333B800E2304AA9B181B887B
:10ADB000A3701B0AE370C4E704ABDE81F4E70B2049
:10ADC000002E00D062E7E9680398FFF729FF02230D
:10ADD0003B8020706670B4E70B20002E00D055E752
:10ADE0000222EB681B883A8023701B0A6370A8E775
:10ADF000E86800F0C1FDC2B203000720B24200D2F1
:10AE000044E70DD00299DBB27118994202DB921B24
:10AE1000D3B20293029BE9681A003B8089195BE771
:10AE20000023F6E70B20002E00D02FE70722EB6867
:10AE30003A801A7822705A7862705A88A2705A88BA
:10AE4000120AE2701A792271DA886271DB881B0AB1
:10AE5000A37176E7042900000228000000D8FFFF54
:10AE6000FFD6FFFF03280000FFFF0000A4BE001173
:10AE7000F0B58DB06B460020089120229B5E834286
:10AE80003DDAA54B187800F027FC071E32D0037876
:10AE9000B02B2CD10079023816281FD800F0ECFE18
:10AEA00017001E001E001E0031001E0094001E0030
:10AEB0001B011E0050011E0071011E00CB011E006F
:10AEC00050021E001E001E008E021E00B902934B8F
:10AED00093491B8878880B80FAF750FF3800FCF7FD
:10AEE000D3FE904B1B68002B01D0380098473800E8
:10AEF00000F0CAFC8020089B0002434018000DB0FF
:10AF0000F0BDEE220021864800F01EFD0BAA3B7B1F
:10AF10007989388900923A000D32FCF7D3FC04009D
:10AF20007F4B1B78002C3DD144E07F4B7888059304
:10AF300006AB9A8A7D4B4100CB5A7D4E073BDBB274
:10AF400002930023210001930096059BFFF772FEF8
:10AF5000734D00280FD133883A8A9A420BD13800BA
:10AF60000599123000F0A8FC002804D02B786289E3
:10AF70009B00EB185A80162606ABF6189A8A20001A
:10AF800033007989FCF7FEFD2B7804009A00AA189B
:10AF900051880029C4D00133DBB22B70002806D0C1
:10AFA00031889180634A12889A42BED802E001211A
:10AFB00049429180002B04D059497888FAF712FF52
:10AFC0008CE73E890A2479E000253E89574B069399
:10AFD0007B88069A5B009B5A033B9D4202DB002D57
:10AFE000F0D05BE0162206A812183B7B798900920C
:10AFF0003A0030000D32FCF765FC0590002858D06F
:10B000004689017A7888FCF725FC041E44D1464B1A
:10B0100078880793069B4100C95A454B0439C9B249
:10B0200006AAD28A06930291019400930599079B80
:10B03000FFF700FE041E2FD1069B39491A88931C86
:10B04000002D26D14B807988384B4900CB5A5119B5
:10B05000033B8B4220DD059B31485B8941190B7115
:10B06000A91C0135C9B2EDB2059145191B0A2B7116
:10B07000059B2D490433181800F0D6FB2C4B059A7C
:10B080001B88D318DDB22C4B9E4205D00136B6B2D8
:10B090009CE749889942D6D0002D0CD0204C28003E
:10B0A000618800F011FC207021007888FAF7AAFE70
:10B0B00014E7059CF0E7002C00D183E77B78142B84
:10B0C00000D10BE716493B794E800B700C717888E4
:10B0D000FAF74AFE02E7162406ABE4182100388985
:10B0E000FCF7DCFC011E00D18FE1788822880F4C30
:10B0F00045002C5B0A4D013CE4B2029400240F4B46
:10B1000001940095FFF796FD041E00D016E129007A
:10B110007888FAF787FEE1E6106BFF1F7C42FF1F7D
:10B120002868FF1F1C68FF1F1C69FF1F5864FF1F52
:10B130000C6AFF1F7A42FF1FFFFF00002A68FF1FF3
:10B14000162406ABE41821003889FCF7A7FC011E81
:10B1500000D15AE178882288B24C45002C5BB24D70
:10B16000013CE4B202947C89B04B01940095FFF756
:10B1700061FD041E00D0E1E029007888FAF75CFE4A
:10B18000ACE60025A84B1D803B00F6331B78A64A91
:10B1900078880792AB4208D9A24B12880693069989
:10B1A00043005B5A013B9A4203DB0799FAF74EFED4
:10B1B00094E616246B00FB18059306ABE418059B78
:10B1C00021001889FCF76AFC011E03D1059B0124AC
:10B1D0001E8973E77888964B2288069C0993430062
:10B1E0001B5B944E013BDBB202930023009601935C
:10B1F000099BFFF71FFD041E02D0059B1E895DE71A
:10B200007B88069A5B009B5A079A108832888118BF
:10B210008B4203DC1B1A013B9AB23280824C023013
:10B220000999001900F000FB2388328801359B182A
:10B230002380EDB2A8E70BAA3B7B7989388900927D
:10B240003A000D32FCF73EFB00250600002E04D12B
:10B250000A24002D00D171E063E0317A7888FCF790
:10B26000F9FA0100041E67D16E4C714B7888059481
:10B270000793059B4400E45A6E4B063CE4B206AAD1
:10B28000928A06930294019100933100079BFFF785
:10B29000D1FC041E50D1069B634A1B88002D34D17B
:10B2A00004335380604C728963191A716B1C9BB212
:10B2B000E318120A1A7106AB9A8A162306A81B18FD
:10B2C00079893000FCF75EFCFF212B1DAA1C9BB284
:10B2D0000335059306000B0092B2ADB2002803D0EF
:10B2E00006ABDB8AD9B21B0AA218651911712B7142
:10B2F000059B504D181D2A884D49201800F094FADE
:10B300002B88059AD3189DB2A0E751881A1D914247
:10B3100007D17A8805995200525AEB18053A9A4299
:10B32000C0DC414C2800618800F0E6F92070210063
:10B330007888FAF795FDD1E5002DF2D13E89BDE67A
:10B34000162606ABF61831003889FCF7A7FB3D003E
:10B350000400FA3500282DD0037A9B060CD4002275
:10B360007B893989788800923A000C32FFF7EAFB32
:10B37000041E10D03E8915E03088FFF743FB0028FB
:10B380001AD08368002B17D02100122278889847A2
:10B39000041EE4D0EEE72B78002B02D17888FAF770
:10B3A0006FFD00262B78002B00D097E5002C00D1F4
:10B3B00094E583E60124DDE70E24DBE7162506ABE2
:10B3C000ED1829003889FCF769FB041E1DD0037AAB
:10B3D0009B0609D4184B7A8819888A4263D017488B
:10B3E00081425FD00924A9E72888FFF70BFB0028DA
:10B3F0000DD08368002B0AD021001222788898474C
:10B40000041EE7D09AE7100053E0012496E70E24CB
:10B4100094E7094B7A881B889A423FD07888FAF7DC
:10B4200041FD5BE55864FF1F2868FF1F2A68FF1F66
:10B430001C69FF1F0C6AFF1F086BFF1FFFFF000046
:10B44000F223059851684343CD18C95A00291FD0EB
:10B450003B7A012B0BD16C88AB887888AA1D0094AD
:10B46000FFF770FB041E02D000233B722E88F222ED
:10B470000021280000F068FA00232B80059B01338F
:10B48000DBB20593144B05991B78144A8B42D7D82D
:10B4900001235B421380002CC0D00FE6002634004D
:10B4A0000596EFE71A8058680B4B1A78F22353433E
:10B4B0001B18984296D002000188F2320029A2D1CE
:10B4C0003C0008342100F22200F0AEF92100788817
:10B4D000FAF7DEFC02E5C046066BFF1F086BFF1F94
:10B4E00070B504000E001500FFF79AFA031E08D18C
:10B4F00031000548FFF794FA03001120002B02D019
:10B500001C8000209D7070BDFFFF0000F8B50B4F40
:10B5100006003B780D001400FF2B0ED00A2000F02F
:10B52000F3F8011E09D0B123038000234680037184
:10B53000C5800481387800F097FBF8BDCD43FF1F2C
:10B54000F8B50F0006A90600088807A90B25098889
:10B5500000281FD10235022B1CD154781378240205
:10B560001C43230073358B4314D1FD683000290040
:10B57000FFF756FB84420CD0290022003000FFF771
:10B58000AFFF1125002805D1220030007989FFF78F
:10B59000BDFF00252800F8BDF0B50E7885B00390FA
:10B5A0000AA805880120022E0DD14C6827786478FE
:10B5B00024023C43054FBC4205D10398DBB20196FF
:10B5C0000095FFF7BDFF05B0F0BDC04602290000A1
:10B5D000034B10B51B68002B00D09847FEE7C04610
:10B5E000146BFF1F07B501A8FFF7F2FF044A0548D7
:10B5F0000021121A00F020FAF8F74AF9FEE7C046D7
:10B60000186BFF1FD043FF1F01B40248844601BCE2
:10B61000604700BF3D4B010001B40248844601BCB5
:10B62000604700BF291C000001B40248844601BCE9
:10B63000604700BF6DBC000001B40248844601BCF5
:10B64000604700BF017F000001B40248844601BC8E
:10B65000604700BF4551010001B40248844601BC67
:10B66000604700BFC56D010001B40248844601BCBB
:10B67000604700BF456B010001B40248844601BC2D
:10B68000604700BF2146010001B40248844601BC66
:10B69000604700BFE538FF1F01B40248844601BC83
:10B6A000604700BFF30E000001B40248844601BCAD
:10B6B000604700BF851F000001B40248844601BCFA
:10B6C000604700BF3D18000001B40248844601BC39
:10B6D000604700BF5549010001B40248844601BCDF
:10B6E000604700BFF54E010001B40248844601BC2A
:10B6F000604700BF4550000001B40248844601BCC9
:10B70000604700BF090E000001B40248844601BC36
:10B71000604700BF1D4D010001B40248844601BCD2
:10B72000604700BF1530FF1F01B40248844601BCCA
:10B73000604700BF2136FF1F01B40248844601BCA8
:10B74000604700BF4D3AFF1F01B40248844601BC68
:10B75000604700BF5952010001B40248844601BC51
:10B76000604700BFC94A010001B40248844601BCD9
:10B77000604700BF056A000001B40248844601BC6E
:10B78000604700BFA946010001B40248844601BCDD
:10B79000604700BFB14E000001B40248844601BCBE
:10B7A000604700BF6571010001B40248844601BCD6
:10B7B000604700BF1D4B010001B40248844601BC34
:10B7C000604700BF0124000001B40248844601BC68
:10B7D000604700BF5930FF1F01B40248844601BCD6
:10B7E000604700BF5147010001B40248844601BCD4
:10B7F000604700BFAD38FF1F01B40248844601BC5A
:10B80000604700BF8B52010001B40248844601BC6E
:10B81000604700BFF136FF1F01B40248844601BCF7
:10B82000604700BFEDA5000001B40248844601BC9A
:10B83000604700BFE94C010001B40248844601BCE6
:10B84000604700BFD1A5000001B40248844601BC96
:10B85000604700BF75A9000001B40248844601BCDE
:10B86000604700BF4D1F000001B40248844601BC80
:10B87000604700BF2124000001B40248844601BC97
:10B88000604700BFA537FF1F01B40248844601BCD2
:10B89000604700BF434D010001B40248844601BC2B
:10B8A000604700BFBD2FFF1F01B40248844601BCA2
:10B8B000604700BF090E000001B40248844601BC85
:10B8C000604700BFCD4C010001B40248844601BC72
:10B8D000604700BF350E000001B40248844601BC39
:10B8E000604700BFE928000001B40248844601BC5B
:10B8F000604700BFD52FFF1F01B40248844601BC3A
:10B90000604700BF9DA9000001B40248844601BC05
:10B91000604700BFDD66010001B40248844601BCF7
:10B92000604700BFD13AFF1F01B40248844601BC02
:10B93000604700BF055E000001B40248844601BCB8
:10B94000604700BF6539FF1F01B40248844601BC4F
:10B95000604700BF154D010001B40248844601BC98
:10B96000604700BFC521000001B40248844601BC05
:10B97000604700BFE117000001B40248844601BCE3
:10B98000604700BFDD52010001B40248844601BC9B
:10B99000604700BF793AFF1F01B40248844601BCEA
:10B9A000604700BF3119FF1F01B40248844601BC43
:10B9B000604700BFA13AFF1F01B40248844601BCA2
:10B9C000604700BF8D12000001B40248844601BCEC
:10B9D000604700BFC51D000001B40248844601BC99
:10B9E000604700BF5522000001B40248844601BCF4
:10B9F000604700BF3555000001B40248844601BCD1
:10BA0000604700BF7918000001B40248844601BCB9
:10BA1000604700BFC9A9000001B40248844601BCC8
:10BA2000604700BF8552010001B40248844601BC52
:10BA3000604700BF156B010001B40248844601BC99
:10BA4000604700BFB70E000001B40248844601BC45
:10BA5000604700BFD91B000001B40248844601BC06
:10BA6000604700BF0519FF1F01B40248844601BCAE
:10BA7000604700BFF919FF1F01B40248844601BCAA
:10BA8000604700BFADAE000001B40248844601BC6F
:10BA9000604700BFED4A010001B40248844601BC82
:10BAA000604700BF311B000001B40248844601BC5E
:10BAB000604700BFB352010001B40248844601BC94
:10BAC000604700BF9938FF1F01B40248844601BC9B
:10BAD000604700BF014C010001B40248844601BC2C
:10BAE000604700BFB933FF1F01B40248844601BC60
:10BAF000604700BFFD35FF1F01B40248844601BC0A
:10BB0000604700BF2539FF1F01B40248844601BCCD
:10BB1000604700BF0D52010001B40248844601BCD9
:10BB2000604700BF091B000001B40248844601BC05
:10BB3000604700BFA54F010001B40248844601BC24
:10BB4000604700BFE548000001B40248844601BCDC
:10BB5000604700BFF94C010001B40248844601BCB3
:10BB6000604700BF2526000001B40248844601BC9E
:10BB7000604700BF8932FF1F01B40248844601BC00
:10BB8000604700BF810E000001B40248844601BC3A
:10BB9000604700BFD139FF1F01B40248844601BC91
:10BBA000604700BF5D17000001B40248844601BC35
:10BBB000604700BF4932FF1F01B40248844601BC00
:10BBC000604700BF691F000001B40248844601BC01
:10BBD000604700BF5125000001B40248844601BC03
:10BBE000604700BFBD3AFF1F01B40248844601BC54
:10BBF000604700BFB54C010001B40248844601BC57
:10BC0000604700BFF135FF1F01B40248844601BC04
:10BC1000604700BFC926000001B40248844601BC49
:10BC2000604700BFD949010001B40248844601BC05
:10BC3000604700BF7D2DFF1F01B40248844601BC50
:10BC4000604700BF1147010001B40248844601BCAF
:10BC5000604700BFA530FF1F01B40248844601BC05
:10BC6000604700BF2951010001B40248844601BC6D
:10BC7000604700BF594F010001B40248844601BC2F
:08BC8000604700BFE53AFF1F19
:10BC8800000301030203030304030503060207027A
:10BC9800080309030A030B030C030D030E030F0328
:10BCA800100311031303140315031603013C0011B9
:10BCB800353C00110000000002000000CABC001161
:10BCC800192A0F180A000000F1590000FD2400008D
:10BCD80041460100D97E0011F59E0011357300110F
:10BCE800DD7C0011E954001171AE001111510011F1
:10BCF8000D3E0011353F001100000000161600002F
:10BD08000200000014BD0011F4FFF3FFD2FC000094
:10BD1800754000110000000000000000496E6B62D1
:10BD2800697264004942532D563133003030303146
:10BD3800006769746875622E636F6D2F7076767808
:10BD480000494253544832500000000002000000ED
:10BD580068BD0011292A282A272A262A252A242AC2
:10BD68000A180000744000001027000060F000006E
:10BD78000400000006640000204E000000000000DF
:10BD8800060000005C440000102700006CEE000074
:10BD980007000000050000001F501D10023CB40001
:10BDA80000012C00210000008100000030313233F6
:10BDB800343536373839414243444546000000009F
:10BDC800ED58001141590011000000000200000068
:10BDD800E0BD00116F2A6E2A1A18000001A00000A9
:10BDE800000000006410B71DC8206E3BAC30D92697
:10BDF8009041DC76F4516B6B5861B24D3C71055043
:10BE08002083B8ED44930FF0E8A3D6D68CB361CB6A
:10BE1800B0C2649BD4D2D38678E20AA01CF2BDBD1E
:10BE2800FB349B5F800000800010000000000000D1
:10BE38003F5F0011C1750011635F0011CD790011DA
:10BE4800E75F0011A37900115D6000117979001195
:10BE5800AF600011497B001117610011497B001187
:10BE680049610011037B00115D60001131790011F7
:10BE7800D5600011E17A0011000000000000000008
:10BE8800BB610011E17A00111D620011D975001122
:10BE9800052A042A012A002A022903280128002841
:10BEA8000118001800000000000000000000000059
:10BEB80000000087010102010201010201020303DF
:10BEC80004010301010101010303020103000D0044
:10BED8000E001000110013001401070108010A01E7
:10BEE8000B011C011D0204020502070208021902C7
:10BEF8001A021C021D0301030203170002010005B8
:10BF080004000807000B0A001716001D1C01020197
:10BF1800010504010E0D011110011413011716017A
:10BF28001A19020201020B0A020E0D021110021464
:10BF380013021716030504030807030B0A030E0D63
:10BF48000001020307090A0B0E0F1011121417182B
:10BF5800191A1B1F20212200BDA7001179A8001162
:10BF68000000000002000000AABE0011000000004E
:10BF780099B500110000000002000000A8BE0011E1
:020000041FFFDC
:1000000000000000753D0011D0BC0011CCBC0011F7
:10001000E460FF1F0000000000000000000000007E
:1000200000000000000000000000000000000000D0
:1000300000000000000000000000000000000000C0
:1000400000000000000000000000000000000000B0
:1000500000000000000000000000000000000000A0
:100060000000000000000000000000000000000090
:100070000000000000000000000000000000000080
:100080000000000000000000000000000000000070
:100090000000000000000000000000000000000060
:1000A0000000000000000000000000000000000050
:1000B0000000000000000000000000000000000040
:1000C0000000000000000000000000000000000030
:1000D0000000000000000000000000000000000020
:1000E0000000000000000000000000000000000010
:1000F0000000000000000000000000000000000000
:1001000000000000000000000000000000000000EF
:1001100000000000000000000000000000000000DF
:1001200000000000000000000000000000000000CF
:1001300000000000000000000000000000000000BF
:1001400000000000000000000000000000000000AF
:10015000000000000000000000000000000000009F
:10016000000000000000000000000000000000008F
:10017000000000000000000000000000000000007F
:10018000000000000000000000000000000000006F
:10019000AD32FF1FF530FF1FC166010000000000F7
:1001A000000000000000000000000000000000004F
:1001B000000000000000000000000000000000003F
:1001C000000000000000000000000000000000002F
:1001D000000000000000000000000000000000001F
:1001E000000000000000000000000000000000000F
:1001F00000000000000000000000000000000000FF
:1002000000000000000000000000000000000000EE
:1002100000000000000000000000000000000000DE
:1002200000000000000000000000000000000000CE
:1002300000000000000000000000000000000000BE
:1002400000000000000000000000000000000000AE
:10025000000000000000000000000000000000009E
:10026000000000000000000000000000000000008E
:10027000000000000000000000000000000000007E
:10028000000000000000000000000000000000006E
:10029000000000000000000000000000000000005E
:1002A000000000000000000000000000000000004E
:1002B000000000000000000000000000000000003E
:1002C000000000000000000000000000000000002E
:1002D000000000000000000000000000000000001E
:1002E000000000000000000000000000000000000E
:1002F00000000000000000000000000000000000FE
:1003000000000000000000000000000000000000ED
:1003100000000000000000000000000000000000DD
:1003200000000000000000000000000000000000CD
:1003300000000000000000000000000000000000BD
:1003400000000000000000000000000000000000AD
:10035000000000000000000000000000000000009D
:10036000000000000000000000000000000000008D
:10037000E5B50011000000000000000000000000D2
:10038000000000000000000000000000000000006D
:10039000000000000000000000000000000000005D
:1003A000000000000000000000000000411BFF1FD3
:1003B000000000000000000000000000000000003D
:1003C000000000000000000000000000000000002D
:1003D000000000000000000000000000000000001D
:1003E000000000000000000000000000000000000D
:1003F00000000000000000000000000000000000FD
:08183800206FFF1F4118FF1F84
:10184000024981F3088802F097F90000206FFF1F1A
:1018500070B500241E491F4A1F484C6308CA1B0567
:101860001B0DE4188242F9D11C4B80228B630021AE
:1018700009201B4B920519621A4B1B4DDA671B4B53
:10188000DA688243DA609A68194802409A60112047
:10189000296002F067F8112002F044F880226B6C96
:1018A000112093436B64EE23DB006343114A1B0C4E
:1018B000D3800122104B9A7201F0ACFB0F4B1B78C6
:1018C000002B04D10E4B1021187802F0D5FA70BD10
:1018D000000005408805054000060540FF010000A6
:1018E00000F0004004E100E0003800403CF000401F
:1018F000FFDFFFFFD060FF1F6861FF1F0A64FF1F4B
:101900000962FF1F10B502F0C7F9072804D012289A
:1019100008D0022808D010BD044A0420136B0133FC
:101920001363F8E70220F6E71420F4E70065FF1FD1
:10193000F8B507000C0026002500503630785135E8
:10194000002804D10300287058342370F8BD29788A
:10195000CA00481E8141A3183800A25C5B68C9B266
:10196000FFF7D0FF00280DD12B78DA00A218013341
:1019700050602B703378044A013B3370136A013393
:101980001362D8E70123DFE70065FF1F5C234343B1
:10199000074910B5C9180B0058331B78012B05D126
:1019A000FFF7C6FF034A936A0133936210BDC04636
:1019B0003465FF1F0065FF1F10B502F0DDF9064A10
:1019C0000121130010CB4942D967044B136002F088
:1019D0008BF9200010BDC04600E100E010001000AF
:1019E00010B5040002F0C8F9024B1C6002F07CF94B
:1019F00010BDC04600E100E010B5040002F0BCF9E3
:101A00004021094A200013688B43136000F07EFADE
:101A100001F02EFC0022054B01201A60044B043219
:101A20001A6002F099F9FEE71CF00040C4F0004093
:101A3000C0F00040431E5A425341A022F0B5D201EB
:101A40005B421340144E154A40019B183218127E17
:101A50008BB00191002A19D01A000832D46F0022ED
:101A6000E5B206AFE4B294420CDC3018C369002B37
:101A700006D0019A03A8027006AA42600572984730
:101A80000BB0F0BD1978B9540132ECE71A7D1A7821
:101A900006AB01251A70E8E7C067FF1F0040004051
:101AA0007FB5244B4101CA5C0400002A2AD05A1891
:101AB000107E002826D0907E002823D0107902289E
:101AC00020D11689D588701B80B2021C102800D93D
:101AD000102292B2AE4216D1591801230B71002385
:101AE000CA69CB800B819A4206D0684603210373F2
:101AF0000171029301A890470820002C00D0192002
:101B000001F088FA7FBD013C60424441A02064425C
:101B1000C001044008485B1824180848DD680633F3
:101B2000013A92B28242EDD019884E1C1E80695C47
:101B30002170F5E7C067FF1F00400040FFFF000075
:101B40000F220E4B10B59868104002380A280BD8A7
:101B500001F0BEFF0D0A0B0A0A110A0A0A0A060062
:101B600002210020FFF766FF10BD0121F9E70020E8
:101B7000FFF796FFF8E7DB6FF6E7C046004000404E
:101B80000F220E4B10B59868104002380A280BD867
:101B900001F09EFF0E0A0B0A0A120A0A0A0A060040
:101BA00002210120FFF746FF10BD01210800F9E7DF
:101BB0000120FFF775FFF7E7DB6FF5E700900040C6
:101BC000564B70B51B68012B03D1554A936D0133F9
:101BD000936502F079F9534B534A1860534B544CB8
:101BE0001A600123534A1360534A13602378002B71
:101BF00006D006225149524802F0EEF80023237025
:101C0000504A514B10681B78C1B2002B0ED14F4C7B
:101C1000C0B223785BB2002B4FDB237824785BB211
:101C200064B21B0424021B191B1813600B1C5029DF
:101C30004ED95023464A47491078DBB2FF2202288A
:101C40004BD10868444C454D267890432A789642FB
:101C500054D9227824782E785D10013DA31B6B4364
:101C60005201D31A10335B111843086002F05CF87C
:101C7000031F012B45D83A4B1B78002B06D0394B5C
:101C80001B78002B02D0002002F056F9A122364B1F
:101C900092009978354B4A431B689B188322920027
:101CA0009B181B78033B012B03D8AF20400002F0A8
:101CB0001BF901222E4BDA8270BD237824785BB2A7
:101CC00064B2FF33FF341B0424021B190138ABE755
:101CD000CAB2022AAED20223ACE70868254C264DD0
:101CE000267890432A78964208D9227824782D784D
:101CF0005B10013B641B63435201B2E72378DBB204
:101D0000B2E70228D5D11D4B1B78013B022B03D92A
:101D10001B4B1B78022BCCD16C20C8E79809FF1F06
:101D2000FC0FFF1F4C64FF1FFF3F00001410034017
:101D30005064FF1F0C10034000100340D50BFF1F21
:101D40007211FF1FB40003408C09FF1F680AFF1FB8
:101D5000490AFF1F94000340460AFF1F470AFF1F5E
:101D6000F908FF1F2209FF1F300DFF1F3409FF1F55
:101D7000BC0BFF1F440AFF1F450AFF1F1C09FF1F62
:101D80002309FF1F10B501F0A7FF0022014B1A80A5
:101D900010BDC0464864FF1F10B502F0FDF8A12138
:101DA000054A89009478054A61431268044B521829
:101DB000528C1A8010BDC046300DFF1F3409FF1F22
:101DC0004864FF1F10B50D4B0D4A9978A1239B0065
:101DD0004B431268D218531DD97F0A4B1B88994276
:101DE00009D2441C07D0C82805D0D2695B1A5A43CF
:101DF000054B5343C01802F0C7F810BD300DFF1F4C
:101E00003409FF1F4864FF1F7102000070B5244DA4
:101E10002B68002B28D001F0BFFE2B68D8402B6820
:101E20000400002B27D001F0E7FF2B68D8401D4BA2
:101E30001D4A9978A1239B004B431268D118D25CAC
:101E400091239B00002A20D0CA580132CA50174B58
:101E500017491B680868834214D3D23B181A012A19
:101E60001AD0144B186070BD01F096FE124B196821
:101E700002F0AAF8D3E701F0BFFF0F4B196802F098
:101E8000A3F8D4E70D495B18E8E7CA500C4B1B6870
:101E9000DB68E418201AE4E7F530FF30E1E7C046DC
:101EA0001C08FF1F300DFF1F3409FF1F9C09FF1F77
:101EB0004C64FF1FA009FF1F1808FF1F2DFF3F00E4
:101EC0005464FF1F70B504000D00282916D10300CB
:101ED000A433C2881B889B1A0B4A9BB293420DD92C
:101EE00006006A3605223100653002F05DF80028F0
:101EF00004D13100200001F01FFF70BD2900200037
:101F000001F0DAFEF9E7C046FE7F0000F8B50500F3
:101F1000012001F0B1FE134CA36AA26A9342FBD1E7
:101F2000114E336002F068F8104903000860104851
:101F3000426894460F4A17680022BC4501D24268A5
:101F4000BA1A0D4802603268AD18A422E562606AD0
:101F5000520302436262094A1278002A01D00F3B01
:101F60000B60F8BD00F00040340AFF1FE408FF1FBB
:101F700028100040180AFF1F1C0AFF1F1C09FF1F22
:101F800070B580241025E405A3682B43A36001F0FD
:101F900063FEA368AB43A36070BD0000F7B51600F5
:101FA00080221C001023D2050191916805000B438B
:101FB000936000225B4BD7301A6001F0D5FE9D2361
:101FC0002F002A009B00EB58FC37CA3201213868E9
:101FD0000092002B01D00021009A02F015F8290090
:101FE000009BCB311A78504BD3351A604B780A7866
:101FF0001B0213438A7812041A43CB781B0613433F
:102000004A4A1BBA13604B790A791B0213438A7937
:1020100012041A43CB7931001B061343444A1BBAFE
:1020200013606B782A781B021343AA7812041A43B0
:10203000EB781B0613433F4A1BBA1360019A330225
:1020400013433D4A13603D4B22001B1B9C46032952
:102050003FDC032332009A43B3089B00F11A9BB282
:10206000032946D13549E01852188178407809048F
:1020700000020143E05C0433014311600022FF2BA6
:102080004ADDF0222E4B12011A600F222D4B1A60EE
:102090002D4A1368002BFCD00023224A27491360E5
:1020A000091B321D0B191B68043A180A2370607053
:1020B000180C1B0EA070E3700434002AF2DC80229E
:1020C00010213B68D20501333B6093688B439360DA
:1020D000F7BD6346D578981893782D061B042B43DB
:1020E000157804392B43557804322D022B430360B5
:1020F000ADE702290AD11149E05C5218E11849788C
:1021000009020143043311609BB2B7E70129B5D13D
:102110000A495218E15CF5E7084959180A60043386
:10212000ADE7C046000004403C00044038000440D5
:1021300034000440300004400C000440000104401E
:10214000040004401000044014000440F0B51400E2
:1021500080221D00102385B0D205019191680600F0
:102160000B4393600023684AD730136001F0FCFDF5
:102170003300FC3358689D2337009B00F158CA3761
:102180003A00002900D083E001F03EFF31003A78A8
:102190005E4BCB311A604B780A781B0213438A7866
:1021A000A44612041A43CB781B061343584A1BBAA1
:1021B00013604B790A791B0213438A7912041A437C
:1021C000CB791B061343534A1BBA13604B7A0A7A26
:1021D0001B0213438A7A12041A43CB7A29001B0686
:1021E00013434D4A1BBA1360019A230213434B4A0F
:1021F00013602A00231D18000393494B5B1B0193B6
:10220000019BCF785B1802938B783F061B043B43FE
:102210000F7804383B434F7804313F023B43029F21
:102220003B600328ECDCA3081C0003989900431AC8
:102230000134181FA400072B2CD1394B2819E7189B
:10224000837840781B0400020343285D03433B600E
:1022500008310C000023FF2C2EDD324B324919606F
:102260000F21324B1960012327490B60304B19684D
:102270000029FCD006211B680B40042B21D08022B2
:102280000020D20593680A318B43936005B0F0BDFE
:10229000012179E7022808D1214BE0182B195B783E
:1022A0002C5D1B0223430360D2E70128D2D11C4BD3
:1022B000285DE3181860CBE7194961180B600434F6
:1022C000C9E7002310490B606346002B0CDC330088
:1022D000FC335A68102101325A608022D20593687B
:1022E00001208B439360D1E7019B9B181B68190A5F
:1022F00013705170190C1B0ED37004235B42917044
:102300009C440432E0E7C046000004403C00044026
:102310003800044034000440300004400C00044005
:102320000001044004000440080F000010000440B5
:102330001400044070B5061E19D002225A4B9B7936
:102340009343012B13D1594B1A78FF2A0FD15A7896
:10235000FF2A0CD19A78FF2A09D1DA78FF2A06D110
:102360001A79FF2A03D15B79FF2B00D199E0504BFA
:102370000C201A78012A08D000224E4D1A702978B4
:102380000B00093B042B01D8212070BD4B1F012BF2
:10239000FAD9454CA37B042B00D982E0A279032A09
:1023A00000D97EE09A1ED2B2012A02D860881F2886
:1023B00077D9002E56D0012E73D1A0880128E3D002
:1023C000002907D1581E032803D801F081FB1217FA
:1023D00015122E702978481E032811D80025364B77
:1023E0001D602823237501F0F7FBA84227D0A580A4
:1023F000CAE702212970EDE70421FBE70321F9E791
:1024000007390129C0D82D490968C96A8906BBD591
:102410002B4908780028B7D1012A01D9002BB3D164
:1024200002230B708021274D2633890128782375DC
:1024300001F0D2FD80212878890101F01DFD0123E2
:10244000A380214B1B78002B0AD0FA2280211F4B3E
:1024500092001B8809025A431A4B187801F0DCFCE1
:10246000002092E701F088FC2B78A680073B012B27
:1024700003D917482E7001F06FFD114B114C1A78DB
:10248000002A06D080210022207889011A7001F0EC
:10249000A3FD01F029FC80212078090201F09CFDB8
:1024A000DEE7122071E7C046A60BFF1F6B09FF1F76
:1024B0001A09FF1F1C09FF1F4809FF1F5464FF1F53
:1024C0002309FF1F1B09FF1F2109FF1F2C09FF1FE5
:1024D0000010004010B5002901D001F0DDFC10BD56
:1024E000F7B55E4B01919978A1239B004B435C4A61
:1024F000060014681022E418D6235B00E058362347
:10250000FF33E35C00279343222B3ED1554B0F3A18
:102510001A600760012501F047FC019B1880E82341
:102520005B00E35C002B01D0B34255DD00224E4F2F
:10253000FA70AD32FF32A2581168002903D0928898
:10254000D24392071AD03822FF32A25C002A15D05B
:102550009B225200A25C002A10D1B3420EDAA423BF
:102560005B00E15AE018090A023101F04DFB23003B
:102570000122FE33013E01351A87FA70E8235B0021
:10258000E35C002B2AD0A8B2FEBD03683D00002BFF
:10259000C1D081880430090A023101F035FBD6230D
:1025A0005B00E3581F60B5E72300B133BA00FF3387
:1025B0009858013781880430090A023101F024FB60
:1025C000E8235B00E35CBB42EEDCE822F61AED1880
:1025D00000235200A354A9E70027F1E7200001F0EF
:1025E0009BFA00281FD0002E1DDD7319882647197D
:1025F0000193B600200001F07FFB5A3080002018C4
:102600004068013581880430090A023101F0FCFA82
:10261000200001F039FBA3590133A351BD4202D080
:10262000019B9D42E6D1114BE35C002BABD095237F
:102630009B00E35C002BA6D00D4BE15A0029A2D0F1
:102640000C4AA35C994202D90133A3549BE70023AF
:102650001A212000A35401F0C7FC94E7300DFF1F9E
:102660003409FF1F00140340E010FF1F5A0200004E
:10267000720200005E0200000D4970B54A6E0D4CFA
:10268000D2038B69D20BA24206D80B4D0224AA4278
:1026900004D901F0D1FA70BD02246442E218150099
:1026A0007E2425402242F4D0A3432B438B61F0E7E4
:1026B00000F000400A200000FC1C0000F8B51D4B93
:1026C0001D4F1A78002A10D1BA7B002A02D101329C
:1026D0001A7003E0032AFAD0022AF8D001F07CFA3B
:1026E00000220120154B1A70F8BD154B154D1C68C2
:1026F000154B9E7801232B702878C0B200F09CFB0C
:10270000BB7B002B0BD101F0FFFAA1239B0073438D
:10271000E41883239B00E41823782B70E4E7032B51
:1027200002D101F0D9FBF0E70020022BDCD101F04F
:102730006BFBEAE71C09FF1FA60BFF1F2309FF1F06
:102740003409FF1F490AFF1F300DFF1FF0B587B086
:102750000EAD2F780FAD2D780593AC46634614006F
:102760000E4D0CAA12782E7803930D9B00920193C4
:102770002200059B029701F0A7FA2E70012C01D0D0
:10278000042C08D1802206498B889343054A12788D
:10279000D20113438B8007B0F0BDC0461C09FF1F58
:1027A0006C11FF1F7809FF1F0B001B3B70B5040065
:1027B0003020E02B0DD81300E025493BFF3B9BB2B6
:1027C000ED00AB4205D8034B200019825A8201F07C
:1027D000ABF970BD8410FF1F10B501F075FB054B00
:1027E00000205B68052B04D9034A5268D20200D44A
:1027F000980810BD00100040FCE100E070B501F049
:10280000BBFA0D4B1B68FC33DC691D6AFFF7E4FF64
:102810006419844204D2094B01241B68002B07D0A1
:1028200004220024064B1A70064A9369013393610F
:1028300001F05AFA200070BD5464FF1F9809FF1F71
:102840002309FF1FFC0FFF1F70B50C4D2B68FC33D5
:102850005C6A01F091FAFFF7BFFF2B680025FC339B
:102860009B6AE318834204D2054B1B68AB4200D13C
:10287000051B01F039FA280070BDC0465464FF1FE3
:102880009809FF1FD722044B92009B5810B5002BCC
:1028900000D0984710BDC0460000FF1F10B501F0E2
:1028A000FFF8FFF7EFFF2749274BCA6D1A40842333
:1028B0005B001343CB65254B1B68186A01F0DCF9FC
:1028C000234B244A1A60244B244A1A60A022244B2A
:1028D00052001A60234B187801F056FA2249234817
:1028E00001F08AF90023214A214993600233936061
:1028F000204B214813600323936001F07DF91022DF
:102900001E4BFF201A60802252031A60802292031D
:102910001A60802212041A6001F00EFB012001F0FF
:102920008BFAFA20400001F027FB582001F0DCFA76
:10293000134801F079FA012001F0DEF8072001F0D8
:10294000DBFA10BD00F0004000FEFEFF5464FF1FE4
:10295000000003400180063DBC0003403408000035
:10296000A40003404A0AFF1F710200001410004037
:10297000FFFF3F00C30900002810004000E100E015
:1029800030750000664F3B6888331B6883F3088806
:1029900001F02AF9634A6449136800200B40136070
:1029A000624B634A1B68934200D1A4E001F04CFAE9
:1029B0000221604A13688B431360FFF76FFF5E4B81
:1029C000002418785D4DC0B201F0F6F90223AC6026
:1029D000AB605B4B01202B6001F04EF90323AB6031
:1029E00001F09AFA050001F06FFA060001F094FA7E
:1029F000544B186001F038F9534B1A68AA426441ED
:102A0000AB1A80221B1BD203934201D39B029B0A69
:102A10003A68D16AC90700D470E04C491C0C0968B7
:102A20009BB24C4359432402090A64184849FC32BA
:102A300093680A6803219B1A464A474812689B1804
:102A4000464A9D18464A0B401768AD08DB190560D9
:102A50001360042B03D901350B40056013602D1959
:102A60002800404901F0B0FA3F4F3E493B68C31887
:102A70003B602800019301F067F93C4D2868081875
:102A800038492860884205D9019B01333B6001F039
:102A90005BF9296001F0E8F9354B1B78002B0DD06C
:102AA00001F012FA334BA21B196812188A4232D273
:102AB0008919091B091A304801F09EF82F4D2B7A0D
:102AC000002B0ED001F000FAA21BE9681218914207
:102AD00024D98919091B091A294801F08DF8002306
:102AE0002B72284B83F3088801F0E6F9002001F0EF
:102AF000ABF901F059F801F0A7F95EE7DC019900A4
:102B00000234641A5900641A09214B438033CB40C4
:102B1000A408E4188AE7FA218900CCE71A49DBE720
:102B20005464FF1F1CF00040FFFFC1FF0C0AFF1F91
:102B3000B641210310000040490AFF1F1410004055
:102B4000C3090000100AFF1F340AFF1F380AFF1FC5
:102B5000200AFF1F1C0AFF1F240AFF1FC4090000D0
:102B6000280AFF1F710200006008FF1F2C0AFF1FC8
:102B70001C09FF1FE408FF1F00100040740BFF1F1B
:102B80003C10004000000020DC050000A022054BA6
:102B900092009B5810B5002B01D0984710BD01F052
:102BA00013F8FBE70000FF1FA122054B92009B5882
:102BB00010B5002B01D0984710BD01F005F8FBE7D8
:102BC0000000FF1FA222054B92009B5810B5002B5E
:102BD00001D0984710BD00F0F7FFFBE70000FF1F92
:102BE000A322054B92009B5810B5002B01D09847AB
:102BF00010BD00F0E9FFFBE70000FF1FA422054B1A
:102C000092009B5810B5002B01D0984710BD00F0E2
:102C1000DBFFFBE70000FF1F70B501F055F94F4BDC
:102C2000186000F089FF0400C30702D401F0DCF84B
:102C300070BD00224A4B1A604A4B187801380428AC
:102C400029D800F045FF0320181C2400200000F0C4
:102C500083FF0128ECD0444C2378042B6ED101F083
:102C600013F90028E4D000F0DFFF582001F03CF910
:102C700002232370DCE7200001F016F9E9E72000C9
:102C800001F072F9E5E7200001F0E6F8E1E7200045
:102C900000F05AFFDDE701F047F80500012808D1F0
:102CA000324B1B78053B012B03D82000FFF76EFF4A
:102CB000D1E72D4B1B78022B01D0052B20D1022D03
:102CC00028D12B4B9B7BAB431CD12000FFF76CFF23
:102CD000264B18780128BED16405BCD4244925228E
:102CE0004B7B034205D1233A13405A4253412633CA
:102CF0001A000B7D9342AED9322000F045FFAAE7BF
:102D0000022D07D1194B1B78052B11D12000FFF79D
:102D100059FFDDE7012D0BD1012B03D12000FFF777
:102D20005FFF98E7062B03D12000FFF767FF92E7CC
:102D3000200000F049FF022D8DD1C9E7032B04D1FB
:102D40000C4B987C00F080FF72E7072B00D06FE7F8
:102D5000094B987B00F0D8FE6AE7C0469C09FF1F2C
:102D60009809FF1F9009FF1F2309FF1F1C09FF1F60
:102D7000A60BFF1FBC0BFF1FD40BFF1FFA210A4B32
:102D80000A4A49001A640A4A5A500A4A04395A50EF
:102D9000094A08319A64094A5A50094A5C315A5022
:102DA000084ADA667047C0460000FF1F4D27FF1F24
:102DB0004928FF1FFD27FF1F3523FF1FBD26FF1FCB
:102DC000C51DFF1F991DFF1FF7B50B0CFF27012223
:102DD000009300233C001E001D009446019089B220
:102DE00062469A401000084018413618B6B2FF2FCC
:102DF00002D1012E00D19FB2009802401A41AD18B5
:102E0000ADB2FF2C02D1012D00D19CB20133102BA9
:102E1000E6D10320012E07D1012D04D1019B24010D
:102E2000E4191C700138FEBD102EFCD10238102DA3
:102E3000F9D00230F7E700008023F7B59C46264B17
:102E4000264F01932649274A274D284C284B022814
:102E50001AD1604638600868264E30408026360316
:102E60003043086001990978002909D11660224A87
:102E70002A60224A2260E02219689143A03A1BE0AE
:102E80008021C9021160F2E766463E600F68194E64
:102E90003E408027FF023E430E60019909780029D9
:102EA0000DD1176001280ED1154A2A60154A2260FB
:102EB000E02219689143C03A0A431A60F7BD8021A5
:102EC00089021160EEE7E0210F4A02432A600F4AAF
:102ED00022601A688A43F0E74B0AFF1FE0000340B4
:102EE000D80003409000034000000340500003401E
:102EF00040000340FFFFE3FF0280063D80450822BB
:102F00000180063D806608220080069880550822D0
:102F1000F8B51E4B80261A68002014003440324257
:102F200032D11A681A4F32431A6001223B680630C8
:102F300093433B6000F0A0FE0122164D2B681E4318
:102F40002E603B680A2613433B608027BF00124B6C
:102F50001B683B4211D1013EF6B2FF2E09D17E2201
:102F60000E4B1C682B68E40B1440934323432B60E7
:102F700005E0082000F080FEE9E7002EEFD1802276
:102F80002B68600893432B60F8BDC046C4F0004036
:102F90005CF0004018F0004068F0004060F0004035
:102FA00010B500F0E1FD01215820034A01F004F8BA
:102FB000FFF7AEFF10BDC046600AFF1F10B57822B4
:102FC0000021034800F028FE00F0F6FD002010BDAF
:102FD0004867FF1F70B5040000F0CEFE00230C20F0
:102FE0000B4A010059438D18515C00290DD0A142B4
:102FF00008D1012300246B7000F056FE00F074FE2F
:10300000200070BD01330A2BEBD11224F6E7C04635
:103010004867FF1F70B5040000F0AEFE00231900E2
:103020001D000C4A1078002808D0A04200D155702D
:10303000507801311B180C320A29F3D1002B05D12D
:1030400000F0BAFD00F050FE002070BD00F02CFE34
:10305000F8E7C0464867FF1FF7B504000C200023BF
:1030600084460E4D019267465F43E85D7E19A0429B
:1030700012D000280BD10A4B9C4662461B780833BD
:103080001370019B70707C557160B360FEBD01339D
:103090000A2BE8D10320F9E70720F7E74867FF1F6D
:1030A0004467FF1F70B500240C26104B32006243AA
:1030B000D5189A5C824211D10D4A1378F8331370F7
:1030C00000F05AFE09222900121B72430C3128001D
:1030D00000F02AFF00F008FE002070BD002A02D098
:1030E00001340A2CE2D11220F7E7C0464867FF1FDF
:1030F0004467FF1F8020F8B5484BC0051B68C124FA
:103100008360474BFF251A68012313434361454BF6
:10311000A4001A68444B40211A60444B1A68444B7F
:103120001A60444B1A59AA431A51C52292009E585C
:10313000AE433143802699509F583F49F6010F40D6
:103140003E439E509E5880273602360A30439850A0
:1031500080201A5900020A4002431A5104341A59B5
:10316000364E3F04324080263A431A511A593606E9
:103170001202120A32431A5108341A5980260A40A0
:1031800002431A51C32292009F58B446AF433743BB
:103190009F509F58294E0F4007439F509F583740DC
:1031A00080263604374380269F509F5836063F02BC
:1031B0003F0A37439F50C0221F59AF433A431A5129
:1031C0001A591202120A1643C6221E5192009C5826
:1031D000AC4365462C439C509C5800250C40204332
:1031E0009850C72080001A58154C1140C022120276
:1031F0000A431A50134B1B78DB08AB4201DC00205A
:10320000F8BD2378002B06D0A368002B00D0984788
:1032100001350C34EEE71220F2E7C0460843FF1FE9
:103220000443FF1FB0F000404067FF1FB4F00040B0
:103230003C67FF1F00E100E0FF00FFFFFFFF00FF12
:103240004867FF1F4467FF1F030010B51F2809D8F8
:10325000072200201340072404490A78A24313439D
:103260000B7010BD00230620F5E7C0464467FF1F22
:10327000034A0449136800200B4013607047C0469E
:103280001CF00040FFFFC1FF054B06491B780A6890
:1032900005485B0702401B0B134300200B6070477F
:1032A0004467FF1F1CF00040FFFFC1FF70B50C25F5
:1032B000FFF7EAFF0A4B1C780A4BE4086543ED1858
:1032C000002C01D1200070BD2B78002B06D06B683C
:1032D000002B00D09847013C0C3DF1E71220F2E7AB
:1032E0004467FF1F3C67FF1F1FB5002102220B0030
:1032F00001910091052000F04FFD02230B490A685F
:103300001A42FCD120230393039B5A1E0392002BE5
:10331000FAD1074A1368002BFCDA0B246C44200016
:10332000012100F0F9FC207804B010BD90C80040E5
:1033300000C8004013B504000A4B0193019B002B09
:1033400001D1112016BDFFF7CFFF23000340044237
:1033500005D0052000F090FC019B013BEDE7180033
:10336000F0E7C046FFFFFF0707B500F005FD80222C
:103370000821D205936A0191002B01D1073991628E
:1033800002210C4A11600199481E01900029FAD1CE
:1033900003311160053101910199481E0190002906
:1033A000FAD11160002B02D18022D205936200F085
:1033B0009BFC07BD00C00040F0B52D4C89B02378C0
:1033C000002B4FD1FEF7F8FA02232A4F03903A68F8
:1033D0001A42FCD120230693069B5A1E0692002B0C
:1033E000FAD1254E3368002BFCDA0120FFF7A2FF4B
:1033F000011E02D0112009B0F0BD0300032201908C
:10340000009005AD9F2000F0C7FC0321280000F0CC
:1034100083FC02233A681A42FCD120230793079BBE
:103420005A1E0792002BFAD13368002BFCDA0120D8
:10343000FFF780FF0028DDD10398FEF7D1FAAA78C4
:103440006B7811041B020B4329780B436360130054
:10345000113B0A49052B07D801239340A3600B6059
:10346000012323700020C6E780231B03F6E7C04634
:10347000F042FF1F90C8004000C800409808FF1F9E
:103480001E4B30B55A6818781D4B85B0D318594279
:103490004B4101210093002300F036FD194B1A4ADD
:1034A00002259A6300221A6510325A658022C421CF
:1034B0009D65164B1648D202DA6789004258154BB3
:1034C00080241A4080231B0413434350642341206B
:1034D0000393E40500F006FA402000F003FA656269
:1034E000039D6B1E0393002DFAD103236362FFF744
:1034F0003BFFA562FFF760FF05B030BDFC42FF1F38
:1035000095FFFEF700C80040050001FF04E100E060
:1035100000E100E0FFFF00FFF0B585B00700FEF717
:103520004BFA022305002D4C22681A42FCD12023BD
:103530000093009B5A1E0092002BFAD1284E33684C
:10354000002BFCDA0120FFF7F5FE002803D0112440
:10355000200005B0F0BD234B2360022322681A42ED
:10356000FCD120230193019B5A1E0192002BFAD11A
:103570003368002BFCDA0120FFF7DCFE0028E6D1DF
:10358000194B1F60022322681A42FCD120230293A8
:10359000029B5A1E0292002BFAD13368002BFCDAF0
:1035A0000120FFF7C7FE0028D1D1104B2360022372
:1035B00022681A42FCD120230393039B5A1E0392D4
:1035C000002BFAD13368002BFCDA0120FFF7B2FEA2
:1035D000041EBCD12800FEF703FAB9E790C80040EA
:1035E00000C8004001000006A8C80040018000019A
:1035F00010B50020FFF790FF10BD000010B5064B7E
:1036000018705960FFF73CFF00211320034AFFF7B1
:1036100023FD002010BDC046FC42FF1F8134FF1F68
:10362000F0B5040085B003920291FEF7C5F9882237
:1036300063035B0B52051A438023DB059D6A8023DD
:10364000274F0092BA68002601901B039A420CD9BA
:10365000F82326001B041E401C4206D08022214B6A
:1036600052025E6219680A431A60002D0BD100F005
:1036700083FB02221C4B1A608023DB055A62013A4D
:103680009A6200F031FB0023039A934220D1002D6F
:103690000AD100F071FB144B03221D608023DB056F
:1036A0005A629D6200F020FB8023BA681B039A4295
:1036B00008D9002E06D000220A4B0C495A621A681B
:1036C0000A401A600198FEF78BF9002005B0F0BDA2
:1036D000009A0299D2181278CA540133D4E7C0462E
:1036E000F042FF1F00C8004000C00040FFFFFEFF87
:1036F000F0B587B0029103920400FEF75DF90190E6
:1037000000F03AFB802302250122234EDB053560C1
:103710005D629A6200F0E8FA204F3B682B42FCD1D0
:1037200020230493049B5A1E0492002BFAD11C4DB3
:103730002B68002BFCDA0120FFF7FCFD002802D0EB
:10374000112007B0F0BD2000039A029900F03CFB65
:10375000022304003A681A42FCD120230593059BFA
:103760005A1E0592002BFAD12B68002BFCDA01209F
:10377000FFF7E0FD051EE3D100F0FEFA80230322EF
:10378000DB0535605A629D6200F0AEFA0198FEF7E3
:1037900027F9E0B2D5E7C04600C0004090C800401D
:1037A00000C80040F0B5802489B00600FEF704F997
:1037B000E405A36A02250393029000F0DDFA0123D9
:1037C000304F3D606562A36200F08EFA2E4C236894
:1037D0002B42FCD120230593059B5A1E0592002BFA
:1037E000FAD12A4D2B68002BFCDA0120FFF7A2FD4D
:1037F000002803D01124200009B0F0BD244B236021
:10380000022322681A42FCD120230693069B5A1EEB
:103810000692002BFAD12B68002BFCDA0120FFF76F
:1038200089FD021EE6D11B4B03211E60030001909F
:103830000090202000F0B0FA022322681A42FCD146
:1038400020230793079B5A1E0792002BFAD12B685F
:10385000002BFCDA0320FFF76DFD041ECAD100F037
:103860008BFA80230322DB053C605A629C6200F0E5
:103870003BFA039B002B01D1FFF776FD0298FEF780
:10388000AFF8B8E700C0004090C8004000C8004052
:103890000100000694C8004007B50002019104220F
:1038A000000A01A9FFF724FF0EBD000073B5050053
:1038B00005240B4AA3005B429B1819686B46DE1D6A
:1038C0003000FFF781FA022804D133782B55013CF0
:1038D000EFD276BD052CFCD00128FAD10230F8E7F2
:1038E000140900111F2807D8012380228340D20524
:1038F00091680B43936070473F2808D801238022CA
:1039000020388340D20551690B435361F3E75F28A8
:10391000F1D80123802240388340D205116A0B433D
:103920001362E8E71F2807D8012280218240C905D9
:103930008B6893438B6070473F2808D80122802111
:1039400020388240C9054B6993434B61F3E75F28F8
:10395000F1D80122802140388240C9050B6A934387
:103960000B62E8E71F2810D880230200DB05153A18
:103970001968012A06D820229143196019680A4360
:103980001A60704701228240F6E73F2811D8802351
:103990000200DB05353AD968032A06D81022914384
:1039A000D960D9680A43DA60EBE701222038824007
:1039B000F5E75F28E5D842238022181A413B83406F
:1039C000D205516A99435162516A0B435362D8E759
:1039D00010B50400012813D1A022184992050B68E4
:1039E0005B015B0913430B60154B164A19681140C4
:1039F000154A0A431A60402219680A431A6010BD2A
:103A00000028FCD101000A2000F09EFA21000B20C2
:103A100000F09AFAC0220A4B920019680A4340212A
:103A20001A601A688A431A60B022044912060B68A9
:103A30005B015B0913430B60E1E7C04614F00040F3
:103A40001CF000407F00FEFF80FD010072B6074AB7
:103A50001368013313600422054B1A600023054AE2
:103A600013608022D2055360FEE7C0467808FF1F2E
:103A7000C0F00040C4F0004005490B68002B05D1A0
:103A8000044A0A6004490A60044A13607047C04649
:103A9000140AFF1F841E0000380AFF1FC4F00040F4
:103AA0000023034A1360034A1360034A13607047FC
:103AB00054F0004040F1004044F1004002B471462F
:103AC00049084900095649008E4402BC7047C04667
:103AD00002B4714649084900095C49008E4402BCA1
:103AE0007047C04603B47146490840004900095A6E
:103AF00049008E4403BC704701B40248844601BCAF
:103B0000604700BFE512010001B40248844601BCD1
:103B1000604700BFC1F7000001B40248844601BC01
:103B2000604700BF71B0000001B40248844601BC88
:103B3000604700BF116E000001B40248844601BC1A
:103B4000604700BFBD0B010001B40248844601BCC0
:103B5000604700BFF935010001B40248844601BC4A
:103B6000604700BF0134010001B40248844601BC33
:103B7000604700BFED68010001B40248844601BC03
:103B8000604700BFEDB5001101B40248844601BC96
:103B9000604700BF6137010001B40248844601BCA0
:103BA000604700BFE90B010001B40248844601BC34
:103BB000604700BF8552010001B40248844601BC41
:103BC000604700BFADAE000001B40248844601BCAE
:103BD000604700BFE917010001B40248844601BCF8
:103BE000604700BFA9D8000001B40248844601BC68
:103BF000604700BFC9A9000001B40248844601BC67
:103C0000604700BF2D6C010001B40248844601BC2E
:103C1000604700BFC115010001B40248844601BCE1
:103C2000604700BFB70E000001B40248844601BCE3
:103C3000604700BF6DF6000001B40248844601BC35
:103C4000604700BFD1AE000001B40248844601BC09
:103C5000604700BF4DF9000001B40248844601BC32
:103C6000604700BFDD3F000001B40248844601BC4C
:103C7000604700BFC166010001B40248844601BC30
:103C8000604700BF0189000001B40248844601BCBE
:103C9000604700BF5976010001B40248844601BC68
:103CA000604700BFE927000001B40248844601BC18
:103CB000604700BF21A9000001B40248844601BC4E
:103CC000604700BF51B8000001B40248844601BCFF
:103CD000604700BF9D6A000001B40248844601BCF1
:103CE000604700BF8D82000001B40248844601BCD9
:103CF000604700BF9DA9000001B40248844601BC92
:103D0000604700BFD9B0000001B40248844601BC3E
:103D1000604700BFE9F6000001B40248844601BCD8
:103D2000604700BF3D71010001B40248844601BCF8
:103D3000604700BFDD0C010001B40248844601BCAD
:103D4000604700BF85C1000001B40248844601BC41
:103D5000604700BF090E000001B40248844601BC60
:103D6000604700BFA1AF000001B40248844601BC17
:103D7000604700BF8944000001B40248844601BC8A
:103D8000604700BF75A9000001B40248844601BC29
:103D9000604700BFEDA5000001B40248844601BCA5
:103DA000604700BF496D010001B40248844601BC70
:103DB000604700BFCD0C010001B40248844601BC3D
:103DC000604700BF8914010001B40248844601BC69
:103DD000604700BF9573010001B40248844601BCEE
:103DE000604700BFE94C010001B40248844601BCB1
:103DF000604700BFDD0A010001B40248844601BCEF
:103E0000604700BF6D0B010001B40248844601BC4D
:103E1000604700BF19FA000001B40248844601BCA3
:103E2000604700BF8B52010001B40248844601BCC8
:103E3000604700BF8D11010001B40248844601BCF7
:103E4000604700BF6911010001B40248844601BC0B
:103E5000604700BF016C010001B40248844601BC08
:103E6000604700BFF535010001B40248844601BC3B
:103E7000604700BFD544010001B40248844601BC3C
:103E8000604700BF0D52010001B40248844601BCE6
:103E9000604700BF01D7000001B40248844601BC5E
:103EA000604700BFE9D4000001B40248844601BC69
:103EB000604700BF0934010001B40248844601BCD8
:103EC000604700BF7997000001B40248844601BCF6
:103ED000604700BFC95C010001B40248844601BCD0
:103EE000604700BF75F8000001B40248844601BC79
:103EF000604700BF7912010001B40248844601BC4A
:103F0000604700BFF90D010001B40248844601BCBE
:103F1000604700BFC56D010001B40248844601BC82
:103F2000604700BF156B010001B40248844601BC24
:103F3000604700BF810E000001B40248844601BC06
:103F4000604700BFED6B010001B40248844601BC2C
:103F5000604700BF61A0001101B40248844601BC63
:103F6000604700BFC1A5000001B40248844601BCFF
:103F7000604700BF0534010001B40248844601BC1B
:103F8000604700BF8512010001B40248844601BCAD
:103F9000604700BF8937010001B40248844601BC74
:103FA000604700BFF9ED000001B40248844601BC3F
:103FB000604700BFCD4C010001B40248844601BCFB
:103FC000604700BF0167010001B40248844601BC9C
:103FD000604700BF090E000001B40248844601BCDE
:103FE000604700BFB352010001B40248844601BCDF
:103FF000604700BF53B9000001B40248844601BCC9
:10400000604700BFBD5C010001B40248844601BCAA
:08401000604700BF21440000DD
:1040180002000000A6BE001101000000C0BC001193
:1040280002000000A2BE0011010000005840FF1F5E
:1040380002000000C8BC0011010000006461FF1FFD
:1040480002000000A0BE001103000000D860FF1F9E
:104058001200000002000000A6BE001101000000CE
:1040680008BD001102000000A2BE001101000000FE
:1040780005BD00110200000012BD00110300000080
:104088001361FF1F02000000A0BE00110300000022
:104098002861FF1F02000000A2BE001101000000FD
:1040A80004BD00110200000010BD00110300000053
:1040B800E960FF1F02000000A0BE0011030000001D
:1040C8000A61FF1F02000000A6BE001101000000E7
:1040D80054BD001102000000A2BE00110100000042
:1040E800A141FF1F0200000066BD00110100000091
:1040F80049BD001102000000A2BE0011010000002D
:10410800A041FF1F0200000064BD00110100000073
:104118003061FF1F02000000A2BE00110100000074
:104128009F41FF1F0200000062BD00110100000056
:1041380039BD001102000000A2BE001101000000FC
:104148009E41FF1F0200000060BD00110100000039
:1041580034BD001102000000A2BE001101000000E1
:104168009D41FF1F020000005EBD0011010000001C
:104178002CBD001102000000A2BE001101000000C9
:104188009C41FF1F020000005CBD001101000000FF
:1041980024BD001102020202020200000000000019
:1041A800161500007D4D0011794D0011B4BD0011A8
:1041B80090011D0018001800FFFF07010203040505
:1041C80006020106000000000000000000000000D8
:1041D80000000000000000000000000000000000D7
:1041E8000300000002000000A6BE0011010000004C
:1041F800D4BD001102000000A2BE001101000000A1
:104208005C42FF1F02000000DEBD0011010000003B
:104218005E61FF1F02000000A0BE00110300000045
:104228003C64FF1F02000000A2BE00110100000054
:104238005C42FF1F02000000DCBD0011010000000D
:104248006061FF1F02000000A0BE00110300000013
:104258003464FF1F1200000000010000000001117B
:10426800FFFF000050485936000000000000000021
:104278000B000500F0000000B4000028002800280A
:104288003075A000A000A000A00000080008E00110
:10429800F000100010001000100010001000500076
:1042A8005000500010001000D0070000000000006F
:1042B8000F0001000500307507001000010081FFA4
:1042C80000000000FF00000099720011A1700011A9
:1042D800316E0011FFFF0100FF000000D19C0011AA
:1042E800419A0011599900110000000000000000D7
:1042F80000000800040000003B0001085902E0012A
:104308008821280002000000A6BE0011010000005C
:104318006CBF001102000000A2BE001101000000E5
:104328008943FF1F020000009EBE0011010000002B
:104338000068FF1F02000000A2BE0011010000007B
:104348008843FF1F020000009CBE0011010000000E
:104358008643FF1F02000000A2BE001101000000FA
:104368008443FF1F020000009ABE001101000000F4
:104378007C43FF1F180018001D0090010200000375
:104388000202000002000000A6BE001101000000A9
:1043980080BF001102000000A2BE00110100000051
:1043A800CC43FF1F0200000098BE0011000000006F
:1043B8000000000002000000A0BE00110300000081
:0643C8002068FF1F20FF2A
:040000051FFF184180
:00000001FF
