:020000041100E9
:103000007FB50023284C294D03932800217C284AB2
:1030100001F03BFA002812D103232800217C03AAE7
:1030200001F0DAF900280AD1224B039A9A4206D11C
:10303000214B2248E360224B636104B070BD02263D
:10304000217CFE2228001F4B009601F097F90028F2
:1030500001D00020F1E71C4BA2899A42F9D1217CD2
:10306000FF222800194B009601F088F90028F0D1C2
:10307000E389174A934203D1164B17486361DCE793
:10308000164A9342E5D1164B164A1B68934206D95D
:10309000C02304222800217C9B0001F0D8F9124BA8
:1030A00012486361C9E7C046A861FF1F0442FF1FC1
:1030B000813700005959530059598320C8C800115D
:1030C000DD410011B461FF1F59590000B661FF1FB7
:1030D0008305000095410011A8C800118215000069
:1030E000CC61FF1F8713000031420011B8C80011E6
:1030F00070B5134D2B7C002B0DD0124C200001F02D
:10310000EBF8297C382907D1BA22200001F08EF98A
:10311000200001F01FF970BDEB890B4A934206D1E4
:103120009023022220001B0201F091F9F0E7074AE8
:103130009342EDD12000064A01F0A7F9E8E7C04626
:10314000A861FF1F0442FF1F8305000083200000C9
:10315000A23000000022024B1A825A617047C0461A
:10316000A861FF1FF7B5164B0192C318021D00207E
:10317000009388235B05D3181B685C1C1AD09CB293
:10318000402C18D88D781E0CAC466746CD782D02A1
:103190003D43AE4206D1019800280ED110000C70BC
:1031A000240A4C7003249BB20733A343D218009B1C
:1031B0009A42DED3FEBD4432F9E71000FAE7C0467A
:1031C000FC0F0000802213B503000324019189B293
:1031D000520107319B18A14304305A1A88235B051A
:1031E000C3181B68591C03D190429241104016BD70
:1031F00099B2402907D80B000733A343C018904267
:10320000ECD30020F3E74430F9E7134B134A1B6873
:10321000126810B5FA24934201D81A00F824104B12
:10322000E4021B689A4210D813000E4A12689A42B0
:103230000ED3013307D1F823DB029C4203D10A49A4
:10324000054809F0A5FA200010BDFC24E402ECE7D3
:10325000FE24E402F7E7C04600C0071100D00711C2
:1032600000E0071100F00711FFFFFF7FF0B59BB0F2
:10327000150003900491402A5CD806AC618022803E
:10328000FFF7C3FF002221000600FFF76BFF0528B0
:103290000FD92388AB420CD1002D07D0504B2A0008
:1032A0000399C01809F0FCF9002802D101201BB0D5
:1032B000F0BD258030000699FFF784FF041E79D108
:1032C000069B0793FFF7A1FF80235B01C6188023AD
:1032D00007001B039E4201D1F826F60288235B05F6
:1032E000F31801931B68013302D0019809F008FA22
:1032F0003C49019809F04CFA3B1D0293331D05939C
:103300008822029B52059B181B6808935A1C13D1F4
:1033100088235B05FF1839680198013909F038FAEC
:10332000380009F0EDF930000799FFF74BFF040072
:10333000002C41D10020BAE744219AB20091402AE2
:1033400004D80320D11D814389B2009104991B0C3C
:103350008B4224D0402A22D80122300008A9FFF74E
:1033600001FF021E1BD1380008A9FFF7FBFE040075
:103370000428DDD9009A059B9B1880225201B218BF
:1033800093422AD288235B05C118009A09A809F044
:1033900097F8134B009A09A9F01809F0C1F9009A9F
:1033A000029B9446634402930F4B029AFB189A4285
:1033B000A6D3ADE70428BDD088235B05E0180699A5
:1033C00009F0E6F90323EA1C9A4300D16EE7044BA7
:1033D0000399E01809F0A4F968E70424ECE7C04673
:1033E00004000011FFFFFF7FF80F000073B5040019
:1033F0001600402A1ED801AD6980FFF706FF0022A3
:1034000029002A80FFF7AEFE042810D92D88002E4F
:103410000BD0002C09D0321CAE4200D92A1C074B1D
:1034200092B2C118200009F04BF828B276BDC04313
:1034300000B2FBE703204042F8E7C0460400001159
:1034400037B5042204000D0001A81649FFF7CEFF8E
:10345000020004280BD1019BA34208D3AB4204D045
:10346000104901A80195FFF701FF01203EBD0E4C58
:1034700023682000019309F043F9019920000139E4
:10348000019109F085F980235B01E418074B9C4208
:10349000EED10422034901A80195FFF7E7FE0020C1
:1034A000E4E7C0465555000000C0071100000811B0
:1034B000F0B589B010226946234808F0B9FE234BC5
:1034C000009A6C469A4211D1019B0F2B35D8069970
:1034D000029A8C4618001100002604AD013808D26B
:1034E000002E01D00A00A160013229D10023A3607F
:1034F00023E04F1CF2D161460126EFE7103610227F
:103500002900300008F094FEA368A868013300D1B8
:10351000A060882329685B05C9186B6829601A03B5
:10352000120B6A60814203D03B4201D108F0C8FF10
:103530006368013B6360002BE0D1A06809B0F0BD77
:10354000E027014E3F03F6E70000011150485936CD
:1035500007B508F0E5FFFFF7ABFF002803D00190A7
:1035600001984168084707BD10B508F0D9FFFFF77B
:103570009FFF040009F05CF8200010BD13B50400A3
:1035800008F0CEFF002C03D0019401984168084751
:1035900013BDC0468022F8B5964C974BD20000214F
:1035A00020001C6008F0E4FD2300944A88331A6070
:1035B000934B1A786A23002A00D01133E3620A235E
:1035C0002365904B37221B780820A3638E4B21186C
:1035D000E361102323628D4B3B256361C823DB002D
:1035E000A36123008C331A602823013AE26320642C
:1035F0006364CA67043A211DCA672100BC310D60AB
:103600002100C03108602100C4310B602100063563
:10361000CC310D602100083DC8310D602100D03152
:103620000A602200D43210602200D83213602200D7
:103630000227E032210017604222DC310A602100BB
:103640001B3DE4310D602100E83108602100EC31C0
:103650000B6023000521F43319602300F0331A6056
:103660002300183290331A6023009433186023002B
:103670001E3A98331A60AF23DB002360644BFA26AE
:103680002363644B644DE360644BF031A364230017
:10369000FF31FC33B600A16021611E60A562732575
:1036A000E5656D3D6565A56596255D4AAD00E264FD
:1036B000666258606766A56600270925A767E56604
:1036C000584F594D606720002567E2673A6015271B
:1036D0009C30676007001A2038602000A030070087
:1036E000212038602000A83007004C4838602000B6
:1036F000F830066026006427A436376026005F3F56
:10370000AC3637602600033FB03637602600C63738
:10371000B436376026000027B836376038269E60FA
:10372000424E96205E64424E5A66DE61414E9A6475
:103730005E62F53EFF3E9E621E269A67354A800015
:10374000DE661F675F67DD651D661862DA67BE2388
:10375000394A5B00E250394BD838235004302250AC
:10376000C4225200A350C623E4205B00E15004337E
:10377000334AE1503349344BD16034498000195009
:103780003349E938FF381950324904301950324969
:103790003248D16132491163324951631900F43121
:1037A0000860CE203049400011603049195019009E
:1037B0002F48F83108602F49D16582212E4A8900AF
:1037C0005A501A002D490832D1671A002C49B432D8
:1037D000116088212B4A89005A501A002A498832E0
:1037E00011602A4ADA6408F073FD012008F008FD30
:1037F000F8BDC0460004FF1F3065FF1F0070FF1FAB
:103800003444FF1F4A0AFF1F3A07000080C3C90162
:103810009A020000DC0500006A18000050C3000096
:1038200088130000F009FF1F204E00006509FF1FEC
:1038300068100000C409000040420F00102700007B
:10384000FC00FF1F6D1CFF1F0000FF1FC52CFF1F8A
:103850004D30FF1FE52EFF1F2D20FF1F2527FF1FC7
:103860004920FF1FF921FF1FB91FFF1F4929FF1F13
:10387000312AFF1F8D19FF1F5528FF1F8125FF1FAC
:103880008D25FF1FB91EFF1F711FFF1F311EFF1F58
:103890000223F0B5012500245B4E91B033705B4BE1
:1038A0005B4F1D703A6803935A4B29005A700420ED
:1038B000594A2300009408F003FD8023DB059D6234
:1038C000FFF752FE554BC218C0239B029A4201D209
:1038D000FFF754FE3C60052007F0AEFC08F0B8FD91
:1038E000FFF758FE08F034FC1F2201254C4B1A70DC
:1038F0004C4B1D704C4B1C704C4B05AC19689143E4
:10390000163A0A431A60602219689143403A0A4302
:103910001A6008F0ADFD08F023FD454B9847C12023
:10392000FF21444B80001A588A431A50C522920046
:1039300098588843BF390143995098583E490840E8
:103940008021C9010143802099509958C00509027E
:10395000090A0143995080213848490108F0D8FCF0
:1039600003232A00364900933648019508F078FC75
:103970002C22354905A808F0A3FD6178207807F0CE
:10398000DBF8023410ABA342F7D1304C304B226845
:1039900003201A40A023DB02134323608023226804
:1039A0009B041343236022682A4B1A4080239B0305
:1039B00013432360284A294B934200D8012008F082
:1039C00007FE08F02DFD80232268DB0413432360EB
:1039D000307808F0D5FD039B1878C0B208F040FDA0
:1039E00008F0A6FC0C49042008F092FE07F0BCFA8F
:1039F00000F036F800F062FD00F0FAFD00F0F6F994
:103A0000002011B0F0BDC0464A0AFF1F3444FF1F1A
:103A100034F00040D861FF1F3B000108000001E0C6
:103A2000480AFF1F490AFF1F680AFF1FBCF0004039
:103A3000E1A2000000E100E0FF00FFFF3844FF1FAB
:103A4000BC56FF1F3854FF1FB0C7001114F00040D0
:103A5000FF7FF8FFFFFF9FFF0080FF1F0070FF1F29
:103A6000002210B51100112008F062FE10BD000008
:103A7000F8B500230926374F374C3B62E368112025
:103A8000B343E36008F084FD112008F051FD1120DC
:103A900008F02EFC402322688025134323608023F6
:103AA0006268DB0213436360A3682C4A2B43A36064
:103AB000A36802211340A3608023A2689B011343E3
:103AC0001022A360236C072093432364236C0F3AD6
:103AD0001343236480235B003B62226B204B1A401C
:103AE0002263626B1A406263A26B1A40A263E26BAC
:103AF0001340E363E3681B4A1340E36007F01CF8DC
:103B00000121072007F02CF9174B11205A6C15439F
:103B10005D6408F0DDFDFD21144B154A89005A5003
:103B20008023C720626B5B0313436363E3688000F9
:103B30003343E3600F4B104A1958114080221202A0
:103B40000A431A50802292051A6008220B4B5A63CE
:103B5000F8BDC04600F000403CF00040FFFFDFFF32
:103B6000EFFFEFFFFFFF7FFF003800400000FF1F67
:103B70005118FF1F00E100E0FF00FFFF00000540BB
:103B800070B5174CE088002823D02368A688C01899
:103B90008023711C89B2134D2060A1809B00994243
:103BA00018D3420A93B2C21AEB802260A6800E4A52
:103BB000642093420AD8FA220020D200934205D909
:103BC0000A21180008F034FCC838C0B2002328725B
:103BD000E38070BD08F054FC83B2EB80E7E7C04699
:103BE0003461FF1FC061FF1FB70B000030B503A891
:103BF00004880B20002C0ED14968074D08784978BD
:103C0000090201430A20A94205D10121200019809F
:103C1000024B1B7A137030BD192A0000C061FF1FD0
:103C2000F7B5150008AA16884A680F4F147852781D
:103C3000120222430A24BA4214D10122DBB20192B9
:103C400000962A0008F010FA041E0BD1074B1B68DF
:103C5000002B07D068782A78000210434242504176
:103C6000013098472000FEBD022900004461FF1F7B
:103C700030B5012503790400BFB02B4211D00A49A9
:103C8000408807F061FD28420BD0084B01A95B8DED
:103C90004D800B80064B00221B7A60880B7104F06C
:103CA0000FFD3FB030BDC0463C61FF1F7840FF1F95
:103CB000C061FF1F10B50549054807F0FBFC042152
:103CC000044A054807F0B8FC10BDC0463C61FF1F20
:103CD000FFFF0000DCC700117840FF1F10B502484D
:103CE00005F072FB10BDC046713C00110122164B5D
:103CF0000270197A4170022181709978C170D97867
:103D0000017103214171197981715979C1710921B9
:103D100001720E49097841720C2181729979C17240
:103D2000DB7903730A4B1978CBB2002904D03A230C
:103D3000827343730F2070478373C373F2221A2375
:103D4000427303741120F6E7C061FF1F2462FF1F56
:103D5000E562FF1F022310B50370013B437005337A
:103D6000837010330371443B43712A3383714433AE
:103D7000C37100230372064B04001B8843720A3090
:103D8000FFF7B4FF831D0A30C0B2E37010BDC04618
:103D9000C061FF1F10B5142008F07AFA124B1422EC
:103DA0000021186008F0E4F9002008F009FA012069
:103DB00008F00EFA022008F0FBF9032004F0A6FD3B
:103DC000042006F0BFFD052003F0DEFF062004F00E
:103DD000B1FC072002F014F8082007F00DFC0920C0
:103DE00001F08EFD10BDC0464861FF1F08F010FCB9
:103DF000012008F025FC08F0CBF90000094B10B5B4
:103E00000400984205D0012904D12000064907F09A
:103E100051FC10BD0229FCD1013905F08FFA0028B0
:103E2000F3D0F6E7FEFF00006E61FF1F70B50D7A5C
:103E3000100004AA2C00168810221440154220D12C
:103E4000002E20D10A78022A18D14A6851781578B4
:103E50000E4A09022943914205D00D4A914209D0E8
:103E60001C800A2404E014220A491A8008F028FB66
:103E7000200070BD0C2208491A80F7E71C8001243D
:103E8000F6E70824F4E70B24F2E7C046F3FF00004E
:103E9000F4FF0000C042FF1FF4C8001110B5040079
:103EA0000749084807F006FC074805F0C9F9002053
:103EB000E40704D50721054A054807F0BDFB10BDFE
:103EC0006E61FF1FFFFF0000FD3D001120C80011C3
:103ED000BC40FF1F10B50B4BBEB01A780A4902A8B0
:103EE00001F0F6F801AC80B26080002808D0074BE2
:103EF00000221B8821002380054B188804F0E0FB7A
:103F00003EB010BD4C61FF1F4D61FF1F1641FF1FEA
:103F10002042FF1F10B50B4BBEB01A780A4902A809
:103F200002F012FB01AC80B26080002808D0074B81
:103F300000225B8D21002380054B188804F0C0FB14
:103F40003EB010BD7661FF1F7761FF1FBC40FF1FB1
:103F50002042FF1FF0B585B0039002920A7A1C0040
:103F60000AAB15001F8820230E001D401A4241D1C4
:103F700007F05CF93378022B3ED173681A785B78CE
:103F80001B0213431F4A934211D01F4A934220D071
:103F90001E4A0A25934219D1012231000192039849
:103FA000029AE3B2009708F05FF805000EE0002FD8
:103FB00024D1142C24D82200F068029908F080FA49
:103FC000134B1C70012C01D9FFF7A4FF280005B08A
:103FD000F0BD002F12D1202C12D802992200F068D7
:103FE00008F06EFA0B4B04211C700B4B187808F08C
:103FF00027F9EBE70825E9E70125E7E70B25E5E7E2
:104000000D25E3E7F3FF0000F4FF000002290000A4
:104010007661FF1F4C61FF1FE662FF1F332310B55F
:10402000040003700A220749013008F049FA064BE0
:104030000F201B681A0AE37222731A0C1B0E62739C
:10404000A37310BDC061FF1FE861FF1F30B50125DC
:1040500003790400BFB02B4213D00B49408807F00E
:1040600073FB28420DD0094B01AD1B8802A82B80A1
:10407000FFF7D4FF0F236B8000222900608804F033
:104080001FFB3FB030BDC0466E61FF1F1641FF1FD2
:1040900010B5024805F098F910BDC0464D4000111A
:1040A00070B5160004AA148805AA15784A685078D5
:1040B000117800022A4A0843801805284BD808F0D6
:1040C000AFFA03131E29343F07221000062C0AD82A
:1040D000121BAA4200D92A0022491A80300009196D
:1040E00008F0EEF9002070BD0720112CFBD8122239
:1040F000121BAA4200D92A001B491A80EEE70720AA
:10410000222CF0D82322121BAA4200D92A001749D8
:104110001A80E3E70720032CE5D80422121BAA42E9
:1041200000D92A0012491A80D8E707221000062C6D
:10413000D9D8121BAA4200D92A000E491A80CDE70D
:1041400007221000062CCED8121BAA4200D92A0042
:1041500009491A80C2E700220A201A80C3E7C04634
:10416000DCD5FFFF85C800119461FF1F61C80011F5
:104170005CC8001154C800114CC8001110B50D21C5
:10418000024A034807F058FA10BDC04640C8001163
:104190002C41FF1F37B50F4C01AD04232A00217CB1
:1041A00000F01AF9002813D12988236849BA89B286
:1041B0004B4321891B0C5B18074A6988538049BA15
:1041C000636889B24B4361891B0C5B1893803EBDC9
:1041D0000120FCE7A861FF1FC061FF1F37B5124C2B
:1041E00006236A46217C6D4600F0F6F8002818D1B7
:1041F0002988236849BA89B24B4321890B4A1B0C91
:104200005B1853806B4603335B78E9781B020B43E2
:104210005BBA61689BB24B4361891B0C5B1893804E
:104220003EBD0120FCE7C046A861FF1FC061FF1F23
:10423000F0B5022785B0154C03AD217C2B00002280
:104240000097060000F09AF8002802D0012005B07F
:10425000F0BD0E23217C0122300000976B4400F05A
:104260008DF80028F2D129882368C9BA4B432189E7
:104270001B145B18064A6988538049BA636889B27F
:104280004B4361891B0C5B189380E0E7A861FF1F1B
:10429000C061FF1F10B500F0B1FE034A0020138873
:1042A0000133138010BDC046C061FF1F10B500F080
:1042B000A3FE10BD10B58024064AA4001168436B0C
:1042C000234205D113685B1A032BF8D9012010BDD6
:1042D0000020FCE76008FF1F70B5C17905000C00E5
:1042E000631E9C411A4BE402E41849000460C9B201
:1042F000007906F06BFDE979687949000131C9B2AE
:1043000006F064FDE8790930C0B207F0F1FF002340
:10431000E36661332360AA795B3B002A0ED02268F2
:104320009A43023B134323600A23E361073323626A
:1043300000232363A3630133E36370BD22689A43C0
:10434000022313432360462363610633A361EFE72F
:104350000050004070B5002504000368DD66C07998
:104360000930C0B208F014F92900207906F0CAFC1F
:104370002900607906F0C6FC70BD0000F8B51E008B
:1043800006AB1D78002304681700E366616008F03F
:10439000C7F801238022E3662B0027615200013B0E
:1043A00008D208F045F908200A4A1168002D03D107
:1043B0002800F8BD2261F2E7236F034203D023698E
:1043C000013D3370013613685B1A032BEED90125CA
:1043D000EEE7C0466008FF1F70B51C0000230568AB
:1043E0001600EB66696008F09BF801238022EB66FB
:1043F00023005200013B08D208F01AF908200A4AAB
:104400001168002C03D1200070BD2A61F2E72B6FE8
:10441000034203D02B69013C3370013613685B1AE9
:10442000032BEED90124EEE76008FF1F002370B5CF
:1044300004681500E366616008F072F80123E36622
:10444000256108F0F5F82000FFF734FF70BD70B566
:104450001D00002304681600E366616008F060F840
:104460000123E36626610F33626B1A42FCD02B0AEC
:1044700023611023626B1A42FCD0EDB2256108F073
:10448000D7F82000FFF716FF70BD002370B5046851
:104490001500E366616008F043F80123E3662B0A28
:1044A00023611023626B1A42FCD0EDB2256108F043
:1044B000BFF82000FFF7FEFE70BD000010B5084CED
:1044C000E368002B08D18022064B52021B689B1820
:1044D0006360054B1B68236008F082F8A06010BD84
:1044E000E861FF1FC8F00040CCF00040F0B5164A6C
:1044F000916A936A8B42FBD1144901278A688B60C9
:104500009A1A134B48681C6893B263431B0A1B1822
:10451000D002C00E6043020208689B18002402000B
:104520000C4D4B60561CAB4208D8002C01D010003B
:104530000CC1094A1360094B1860F0BD084A3C00E1
:104540009B183200EEE7C04600F00040E861FF1F14
:10455000140AFF1F40420F00C8F00040CCF000409A
:10456000C0BDF0FF70B5194C23793F2B01D93F2313
:104570002371174A13701078C0B207F0B9FF1823DF
:10458000144A15491380154A0B8013804B80A0797B
:104590000C3B421C534380221201934213D81A0051
:1045A000CB80A0230E4D888028800E4863719F3BEE
:1045B000028023720C4A0D4B1A60E379052B01D857
:1045C0001023E37170BD1300EAE7C046DC61FF1FF2
:1045D000480AFF1F1E42FF1FE043FF1F1C42FF1F30
:1045E0001A42FF1F1842FF1F10270000CC61FF1F57
:1045F000F8B521210020FEF723FF114C011E114DBB
:1046000009D10C22104BC1CBC1C4280007F0B0FD6A
:10461000FFF7A8FFF8BD0C2220000C49FEF7E6FECC
:104620000C2802D0084B43CB43C40C222800084975
:10463000FEF7DCFE0C28EBD00C220021E5E7C0469B
:10464000DC61FF1FA861FF1FD8C80011FC0C00002F
:10465000F50C000010B50C2202480349FEF706FED7
:1046600010BDC046DC61FF1FFC0C0000044A43057E
:104670005B0D5343C00A5043DB0A18187047C0460D
:10468000710200000388034A934201D00133038082
:104690007047C046FFFF0000034B1A68186890423D
:1046A000FBD10002000A704728F0004070B5FFF708
:1046B000F3FF2A4B0500DE6A294B361A3602DB7FF0
:1046C000360A284C093E002B05D08021264B890054
:1046D000187807F0B5FD254B9E4226D8238B244E33
:1046E000B34203D0238B01339BB22383214B1B683E
:1046F0001B021B0A2361204B1B78002B15D1231DA5
:10470000DB7F002B11D1032006F0F6F900280DD134
:10471000A368ED1A2D022D0AA32D07D8A38BB3424F
:1047200003D0A38B01339BB2A38370BD2369621DA9
:10473000236002231B1ADBB2D3770122231DDA7711
:10474000002801D023696360082007F0C1FF064BF1
:104750008021187807F074FDE7E7C04600F00040BC
:10476000FF61FF1FF861FF1FE662FF1FF6FF7F007A
:10477000FFFF0000100AFF1F2862FF1F0C4B10B53F
:104780001B78012B08D10B490B4ACB7FFF2B09D19A
:10479000D31D0122DA7704E0082007F099FE0028F3
:1047A000F1D110BDCB7F0133DBB2CB77F0E7C04650
:1047B0002862FF1F0062FF1FF861FF1FF0B51D4C4C
:1047C0008022A5440400882069465201400507F074
:1047D000CFFE902212016A441300200032C832C377
:1047E00016C816C38023144C144FA6689B0333438A
:1047F000A3603B6007F09CFC8823A0685B05C018A1
:1048000007F07EFF0025882329008022A0685B0531
:10481000C01840196944520007F082FF8023013517
:10482000FF355B019D42EED1A6603E60044B9D4486
:10483000F0BDC046FCEFFFFF5043FF1F9808FF1F6D
:104840000410000010B5FFF727FF0E4C0E4BA060C0
:10485000628B9A4203D0638B01339BB2638363689C
:10486000002B0DD0A0686368C01A0002000AFFF791
:10487000FDFE80235B02984200D3034880B2E083B0
:1048800010BDC046F861FF1FFFFF000010B5FFF725
:1048900003FF0C4B58601A1DD17FCCB2002910D1F8
:1048A00018600533DC770123D377074B1B78022B85
:1048B00002D0082007F00CFF044B8021187807F085
:1048C000BFFC10BDF861FF1F2862FF1FE662FF1FDB
:1048D00070B505002D48FFF7D5FE2B7B002B02D1CC
:1048E0002B48FFF7CFFE2B4C6378A678002B47D0E0
:1048F000002E45D06368A068C01A0002000AFFF7C6
:10490000B5FE254B984238D80A2800D20A2002006A
:10491000A18E0A3A93B263868A4200D2A386E18EC0
:104920008A4200D9E38600231C495E008E5BB242B6
:1049300002D30133072BF8D1E3183A331978FF2952
:1049400001D0013119701649FE238A4204D80A2188
:1049500007F096FD0138C3B2220042321370A368FB
:10496000A868C01A0002000AFFF780FE80235B02DD
:10497000984200D30B48208707E00B48FFF782FEE0
:104980000A48FFF77FFE002EE9D170BD4062FF1F8D
:104990004262FF1F2862FF1F88130000E4C8001155
:1049A000F5090000FFFF00005662FF1F4462FF1F71
:1049B000F0B589B004AF1E00050002910392387073
:1049C000FFF76AFE029B784CBB60039B00903B7331
:1049D000237878607E730193062D0ED17348FFF71C
:1049E00051FE019A0023022A03D1A37063701A2595
:1049F00096E0009AE260238010E0019B042D0FD125
:104A0000022B03D16A48FFF73DFE5FE06948FFF7DC
:104A100039FE009BE360022323800023A370E6E7B6
:104A2000052D05D16448022BECD1FFF72BFE6DE07C
:104A3000012B3CD0022B7FD0002B47D1002D1ED163
:104A4000022E0ED15D48FFF71DFE65700023A37096
:104A500001232370009B0820E360052507F038FE42
:104A600076E05748FFF70EFE012E02D15548FFF7BA
:104A700009FE01236370029BE6706360E6E7012D87
:104A80000BD15148FFF7FEFD5048FFF7FBFD029B9D
:104A9000A570A360019B6370DAE7022DB2D13800E4
:104AA000FFF716FF1035082007F092FC50E0022DAA
:104AB00026D0032D3ED0012D0AD14348FFF7E2FD59
:104AC000A378002B02D1029BA570A36000253FE0D4
:104AD0003A48022E97D03A48FFF7D4FD012E02D172
:104AE0003848FFF7CFFDA3783948002B8BD1637886
:104AF000002B87D101336370029BE6706360E5E7AA
:104B00003800FFF7E5FE039B002B03D0009BE3601A
:104B1000002370E70C252F48FFF7B4FD039BA3701B
:104B200080212D4BC901187807F042FC0C2D0FD0C5
:104B30001A25B8E7294878E7022D2AD12848FFF737
:104B4000A1FD039B002B02D12648FFF79BFD1025FA
:104B50006B0706D58021204BFA221878C90107F08F
:104B60002FFD10231D420ED007F0DAFC00231E4A51
:104B7000D3771E4AD3772278012A02D01C4A937336
:104B8000537307F055FD423422781A4B1A7009B05E
:104B9000F0BD002D03D10A48022ED8D0D5E7012D53
:104BA00000D02FE708482EE72862FF1F4E62FF1F44
:104BB0004862FF1F4A62FF1F4C62FF1F5262FF1FC5
:104BC0003862FF1F3A62FF1F3C62FF1F3E62FF1FF9
:104BD0005462FF1F5862FF1FE662FF1F4662FF1FFD
:104BE0004062FF1F4262FF1FFB61FF1FFC61FF1F4E
:104BF0006C62FF1F2462FF1F0022F0B5037885B0AE
:104C0000013B012602900192012B00D883E005B000
:104C1000F0BD636901336361B9E0627B531CDBB2B1
:104C20006373A7540C2B00D8B1E0237B452B3AD1FA
:104C300009215C4801F042FC63896778834232D1E4
:104C40000023A3736373A38BE27801339BB2A38326
:104C500023000833DE77237960791B0213431BB2EC
:104C6000E383A379E11C1B0203431BB22384CF77A8
:104C7000A178231DD977637A621DD377E279A31DCA
:104C80002100DA77237AE21DD37722002A310878CF
:104C90002B32002825D011788B4224D01370E36A80
:104CA0000133E3621FE0238A01339BB22382012395
:104CB000E25C522A0FD120000021453AD21AD2B22A
:104CC000C75C0131C9B2077001309142F8D10D22A1
:104CD000D31A63735BE001330D2BE9D10023A37377
:104CE000F7E70E701370304B1A78002A04D00022B8
:104CF00008201A7007F06CFBFFF7CEFC2B4B5861B5
:104D00000633DE7780212A4B4901187807F098FA9C
:104D1000019B01330193029B019A1B7A9A4200DBAB
:104D200075E7029B019A5B68224C9F5CA369013383
:104D3000A361214B1A783F2A05D819784A1CD2B2B0
:104D40001A701E4B5F54238A184D9BB203931C4B61
:104D5000DA7F002A10D1DE77FFF79EFC194BE8605E
:104D60001B78022B02D0082007F0B2FC8021104BE8
:104D70008901187807F064FAA37B002B00D04CE778
:104D8000522F00D045E7013327706373A373238A42
:104D9000039A9A42BCD0FFF77FFC00236861063576
:104DA000EB77AFE76D62FF1F9462FF1FF861FF1F93
:104DB000E662FF1F6C62FF1F9C62FF1F9D62FF1F68
:104DC000FB61FF1F2862FF1FF8B507F0A9FB0E4E1D
:104DD000731D3768DD7F3469EDB207F029FC002DC3
:104DE0000BD1002C09D0381B084B0002000A984256
:104DF00003D8FFF73BFC80B2308400222B0039003F
:104E00001000FFF7D5FDF8BDF861FF1FCC0C0000C6
:104E100010B507F085FB054BDC6807F009FC0023A3
:104E200021001A000120FFF7C3FD10BDF861FF1F2C
:104E300070B507F075FB074B5D690633DC7F07F043
:104E4000F7FBE4B22900002322000220FFF7B0FDA7
:104E500070BDC046F861FF1F002310B51A0019008D
:104E60000320FFF7A5FD10BD002110B5034B0A007C
:104E7000D97706200B00FFF79BFD10BDFF61FF1FD8
:104E8000002310B51A0019000420FFF791FD10BD92
:104E9000002310B51A0019000520FFF789FD10BD89
:104EA000034B1878023843425841C0B27047C0469D
:104EB0002862FF1F10B5FFF7EFFB0C4B1A78012A91
:104EC00013D1DB68FA22C01A7D230002000A434393
:104ED000D2001B0B934208D90548FFF7D3FB0023F0
:104EE00006201A001900FFF763FD10BD2862FF1F9E
:104EF0005062FF1FF0B5304C89B0302200212000F5
:104F0000002707F035F9402200212C4807F030F93E
:104F10000A222B4B39001F7002ABD01807F028F97A
:104F2000284B04AD2B80012396212B72264B89013F
:104F3000069A009704980591079306F03BF906003E
:104F400073427341214D39002C22293428002370EB
:104F500007F00EF91E4C39004422200007F008F932
:104F600001235B42A386423423701A4BFF37612032
:104F7000194A1A491F7007F0DBFB002802D02B00EA
:104F80000833DF770321080005F0D6FD0320144A1B
:104F9000144905F0C7FF00280BD02A000123802107
:104FA000283207351370EB770F4B8900187807F01C
:104FB00047F9300009B0F0BD6C62FF1F9D62FF1F12
:104FC0009C62FF1FFF060000F94B0011F861FF1FF4
:104FD0002862FF1F2462FF1FAD4600117D470011AC
:104FE000454800118D480011E662FF1F014BD86A49
:104FF0007047C0466C62FF1F704700000E4A0F4B9F
:10500000D27F0F49002A05D0DA8B4A801B8C1BB255
:105010008B8070479A8B002A0AD09A8B524292B2A8
:105020004A801A8A002A05D01B8A5B429BB2EEE7AF
:10503000044AF5E7034BEAE77462FF1F6C62FF1F47
:10504000C061FF1FFFFF0000F0B587B0051E6C4672
:1050500027D0684607F04CFB1B4D022806D10622DC
:105060006946280007F01CFB002818D00F222100F9
:105070000023012094460600EA5C0133170910372B
:10508000BE403700664632400600964032003A4342
:105090004A610439062BEED12000FFF78FFB07B0E1
:1050A000F0BD18226946094807F062FAAB00E358E0
:1050B000013305D01822FF21200007F059F8EBE753
:1050C0000135062DF2D1EAE76509FF1F000900113D
:1050D000F0B5002604000F00150085B0B24200D1E3
:1050E00087E08A784B1C01934B7812021A43CB78E5
:1050F00008781B0413430A79207012061A430092A1
:1051000003926670252800D193E033D8112813D874
:1051100007F046FA66001801180118011801A700E7
:10512000B500AE0018011801180118011801180186
:1051300018011801F1001101232800D1C9E0DB2872
:1051400000D09EE2042D00D896E2052D00D195E214
:105150006E1F32000098791D07F0B2F90522390060
:10516000200007F0ADF932000099601D07F0A8F9A2
:105170002E003EE0562856D00FD8332800D1A3E0A9
:10518000552839D02628DAD1C14D13223100280004
:1051900006F0EEFFFDF7DEFF5AE0712800D175E062
:1051A000722800D186E0DC28C9D1022D00D863E244
:1051B0004B7863708B78A3706B461E88032D05D0E7
:1051C000033DC81CAAB23100FEF750F8310010228E
:1051D000E01CFEF70BF9C61C00280ADA60706FE0CD
:1051E0000C260C222000AB4907F06AF9A84B5B7C27
:1051F000E380300005B0F0BD6A1EA74D0C2A10D820
:10520000002A07D02800019907F05AF9FFF7AAF9F8
:10521000FFF720FA0C222900601C07F051F90D2637
:10522000E7E70C22EEE79C4D9C4B2A0043CB43C2A0
:10523000ECE76A1E964D0C2A11D8002A08D0019975
:10524000280007F03DF90C2228009549FEF70EF8DA
:1052500013222900601C07F033F91426C9E70C2239
:10526000EDE706228F49601C07F02AF90626C0E701
:1052700012228D49601C07F023F91326B9E7082292
:105280008A49601C07F01CF90926B2E7012D0DD0F0
:105290004978F02900D9EFE1854D288801F0AEFD6D
:1052A000844B2A885200D35A637009E0804A814BAC
:1052B0001288F7E7804B012D04D04A781A7062708B
:1052C000022696E71B78EFE72000FEF7A7FE060010
:1052D0008FE7042D05D9794D009B2B6007F080F9ED
:1052E000A860FFF703F90422039003A9601C07F0EC
:1052F000E7F805267DE7724E062D15D90622300007
:10530000019907F0CDF900280ED00622019930004E
:1053100007F0D6F806226B493000FDF7A7FF0123FE
:10532000654A11780B43137031000622601C07F0A8
:10533000C7F807265DE7012D00D19DE14878FFF70A
:1053400083FEBDE701281FD15F4AAB1E0092132BDD
:1053500006D84B78002B0BD100F040FA00F076FA1B
:105360005A4B00991E78601C721E07F0A9F840E79E
:10537000013D2A000199009807F0A2F854490098CD
:10538000AAB2FDF773FFE9E7032800D0D7E6012DA5
:105390002DD120700C234F4A637012784E4BA270AF
:1053A0001A000832D27F1026E2709A6922719A6937
:1053B000120A62719A69120CA2719A69120EE27154
:1053C0009A8B22729A8B120A62721A8AA2721A8AB3
:1053D000120AE272DA8B2273DA8B12B21212627341
:1053E0001A8CA2731B8C1BB21B12E37301E74B7860
:1053F0002070002BCED0012B1FD10B336370364BA6
:105400000B26DA8BA270DA8B12B21212E2701A8CAF
:1054100022711A8C12B212126271DA1CD27FA2713E
:105420001A1DD27FE2715A1DD27F22729A1DD27F3D
:1054300007336272DB7FA372DBE6032B1FD1022DE1
:1054400000D119E10C22254B897818780426A07028
:1054500018786270E170884200D8CAE61B785B1A3F
:105460001E1CDBB2934200D9161C1D4BF6B2320053
:10547000201DC918043607F023F8F6B2B9E6093B37
:105480001800032B00D9F7E007F0CAF82C5498CA8B
:10549000A861FF1FF4C80011DC61FF1FD8C800110C
:1054A000F50C0000B461FF1F9461FF1F5443FF1F00
:1054B0002042FF1F3465FF1FD861FF1FE861FF1FF7
:1054C0006509FF1FADAC0000C564FF1FC364FF1F6B
:1054D000AEDE00009562FF1F6C62FF1F9C62FF1F23
:1054E0009D62FF1F5E236370764B1A78A270DA7894
:1054F000E2701A8A2271120A62715A8AA271120A21
:10550000E2719A8A2272120A6272DA8AA272120A0C
:10551000E2721A8B2273120A62735A8BA273120AF6
:10552000E2739A8B2274120A6274DB8BA3741B0AD7
:10553000E37492E606F0F4FF634BDF8B1E8C1D8B49
:105540005B8BBFB29BB2009307F072F85F2363706E
:105550005C4BB6B25A8EADB2A270120AE2709A8E4D
:105560002271120A6271DA8E2772A271A672120A71
:105570003F0A360AE2716772E6721A8FA5732273C8
:10558000120A6273009A2D0A2274120A62741A00B7
:10559000E57342321278A2749A8DD98D1B8C521801
:1055A00092B20F2B07D81B015BB2111C0F2A00D936
:1055B0000F210B43BCE710235B42F6E760236370C7
:1055C00000234248A21CC15CD1540133082BFAD1FC
:1055D0003C4A518C0B1CFF2900D9FF23A372918CEC
:1055E0000B1CFF2900D9FF23E372D38C23731B0A02
:1055F0006373138DA3731B0AE373538D344A2374AF
:105600001B0A6374D27F304BA274DA1D2833D27F19
:1056100019784B1E9941130049005A1E9341C8E75F
:1056200006F07EFF284EB58B07F002F86123ADB27D
:105630006370A570234B2D0AE5701A8E2271120A31
:1056400062719A8DA271120AE271DA8D2272120AC7
:1056500062721A8CA272120AE2725B8D23731B0AA9
:10566000637373681A0AA373E2731A0C1B0E6374D4
:1056700000232274A3745BE7FF2315E6152510268B
:105680006CE5DA28F8D1042DF6D9082D17D9BB79A5
:105690007A791B021343FA7912041A433B7A1B06E8
:1056A0001343009A1360009B05221B6839002000F9
:1056B000039306F005FF0422601D03A9E2E5FE2323
:1056C0006370F0E72862FF1FF861FF1F6262FF1F2F
:1056D0000062FF1F70470000013870B5042809D828
:1056E000264C06F09DFF030829291000022120788E
:1056F00006F0A6FD70BD0821207806F059FE0022B4
:105700001F4B1A72F6E7802200251D4B52006020C5
:105710001A81DD7206F0DCFF1A4B1D701A4B1D70EA
:10572000FFF7AEFB08212078184A06F049FF290050
:10573000207806F03DFFDDE70821207806F038FEEE
:10574000FFF7A6FB602006F043FE1148FEF702FBC0
:10575000104B114A9B799380104A13800022084B0A
:10576000DA720132FF321A810D4B1B78002BC1D047
:105770000C4A136006F024FEBCE7C046E662FF1F39
:10578000CC61FF1FE562FF1FE462FF1F10270000CE
:105790002942FF1FDC61FF1FE043FF1F1A42FF1F6A
:1057A000D861FF1F34F000400300F0B50A4D8E1899
:1057B000B14202D152008018F0BD0C782F68240944
:1057C0003C5D0F271C700C7801313C402F683C5D1C
:1057D0005C700233ECE7C0461442FF1F1022124BEC
:1057E00010B51A700F23114C11492370093A063B6A
:1057F0001048637006F064FE2D2301220E490F4805
:105800006372FFF7D1FF01220D49FFF7CDFF01229F
:105810000C49FFF7C9FF030000200B490200187074
:10582000FDF724FD10BDC046E264FF1FC364FF1FE7
:1058300085C80011C564FF1F6709FF1FCD64FF1FE6
:105840006609FF1F6509FF1FAEDE000070B5134C2F
:10585000142220001249FDF7C9FD431E114D132BE0
:1058600019D8AB78002B16D0431C2B7009236B7012
:1058700000230019037028780B4B01302900C0B2B7
:10588000187006F0BDFD297822000139C9B2002048
:1058900005F0F0FD70BDFFF7A1FFECE7C564FF1F49
:1058A000AEDE0000C364FF1FE264FF1F10B5114BA2
:1058B0001A781870002A0ED000280BD10E4B1A78D7
:1058C000062A07D85423D340DB0703D50B4B18789F
:1058D00002F0F8F810BD0028FCD0074B1B78012B14
:1058E00002D0033B022BF5D8044B0121187806F0B7
:1058F000A7FCEFE7E764FF1F0D65FF1F0E65FF1FA5
:1059000070B5474E2D243070FDF724FCFFF7F2FAF6
:1059100006F02EFD032243494348FFF745FF0300ED
:1059200004221C7041490130FFF73EFF3023047010
:105930003F4D404C437083702E3B062220003E4971
:10594000EB87FDF753FD062813D0200006F0D0FEAC
:10595000022809D00321200006F062FC8D23E370A9
:105960006E3B237119336371062220003249FDF723
:105970007DFC324B1B68FC335C64FFF767FF002043
:10598000FFF794FF2E4C2F4A01212F4B12782078DD
:1059900002F05AF82D4A2E4B12780021207802F09E
:1059A00053F801222B4B1A702B4B5A783C23552A63
:1059B00000D0163B294A20215372294B294AEB81FA
:1059C000AA812A826B82307806F0CAFB012040420D
:1059D00005F09CFD0120404205F038FEFEF7CEFBAD
:1059E000FEF768F900F048FD01204042FEF756FA44
:1059F000012006F0FDFCF02001F0E4F901213078EF
:105A000006F01EFC307802F0B9F9174806F0A0FD48
:105A1000FEF72EF800226020110006F089FE70BD0E
:105A2000E662FF1F5443FF1F9461FF1FB461FF1F15
:105A3000DE42FF1F6509FF1FADAC00003065FF1F90
:105A40000E65FF1F4842FF1F2942FF1FE264FF1F30
:105A5000C364FF1FB464FF1FD861FF1FCC61FF1F29
:105A6000CE090000C4090000E862FF1FF8B50D0070
:105A70008B0600D499E005F0D9FB8E4B1B78002BE8
:105A80001BD0FEF733FDFFF715FAFFF7AFFA8A4B8D
:105A90008A4A1968884213D0894918600B880133F3
:105AA0000B800121874B197006231370864C200050
:105AB000FEF750F9210006F023FC20246C40D8E0CA
:105AC0001378002B0BD0013BDBB21370002BF4D109
:105AD0007C4A13707A4A138801331380E6E77B4BC4
:105AE0007B4C7C4E99686268737A8A1ADB039A420F
:105AF00002D36160FDF7BCFF327A217A531EDBB21C
:105B000099423ED1FEF7D2FB637A002B35D0013BA0
:105B1000DBB26372002B30D16F4B5B78552B01D118
:105B200006F04EFCE37A002B12D00023A27AE37237
:105B30009A4202D0A372FEF723F8614A624F13889B
:105B4000380001331380FEF705F9390006F0D8FB61
:105B500064227379614E5343614A19009381138221
:105B600001230A31D181518233705E4B187801F0E4
:105B7000A9FF002801D000233370237A0133237258
:105B80009BE79142C0D300272772FEF783FBA37ADD
:105B9000BB4202D0A772FDF7F3FF4B4F3800FEF770
:105BA000D9F8390006F0ACFBAEE70BB2002B0ADAED
:105BB0004D4B187806F0C4FA002801D006F0A0FC7E
:105BC000802424027AE70224214208D0414A404B33
:105BD000127A0120023A1A72FFF768FE6EE78024FB
:105BE000A400214202D0FFF73FF967E78024214259
:105BF00002D0FFF7E9F861E78024A401214202D036
:105C0000FFF706F95AE780246401214202D0FFF72A
:105C10000FF953E78024E401214202D0FFF71CF979
:105C20004CE70824214226D0FFF73AF96C400028BF
:105C30001FD0FEF75BFC254B2549264D98684A6826
:105C40006B7A821ADB039A4202D34860FDF710FF99
:105C5000FEF720FBFEF72AFB234B08211878234A86
:105C600006F0AEFC00F022FC2B68DB0701D5FEF746
:105C70000FFA2000F8BDCB0609D5FDF781FF0D4BCB
:105C80001B78002B01D1FEF729F8102416E7012418
:105C9000214205D0164800F077F806F009FD0DE71F
:105CA00004260C0034403142E3D0FEF713F93400EF
:105CB00004E7C046E764FF1FE062FF1FE462FF1FC6
:105CC000C061FF1FE562FF1F2942FF1FE861FF1F40
:105CD000CC61FF1FDC61FF1FD861FF1FE664FF1F5F
:105CE000DE42FF1F0E65FF1FE662FF1F1027000048
:105CF0000C42FF1FF0B51A4B1A4F1B883A8804005C
:105D0000194E1A4D85B09A420DD832889A420AD35C
:105D1000174B1A882B889A4205D1164A164B1288BF
:105D20001B889A421AD0052001F0A2F83B8802A9EC
:105D30000B80338801904B802B88104D8B800E4B4D
:105D40002A781B88CB800E4B188802F0C3FD0D4BC0
:105D500008212878019A1C7006F032FC05B0F0BDCD
:105D6000B264FF1F1E42FF1F1C42FF1F1A42FF1F8B
:105D7000B064FF1FAE64FF1F1842FF1F0E65FF1FB8
:105D80002042FF1FAC64FF1F13B50C4B1C78002C86
:105D900011D1002801D00A4B18600A4A0A4B117829
:105DA0000A4A10780A4A01920A4A0092002205F033
:105DB00059FA200016BD1124FBE7C0460D65FF1FF0
:105DC000A864FF1F0C65FF1FFC64FF1F0E65FF1F0B
:105DD000E864FF1FEC64FF1F10B5064B12201B7810
:105DE000052B06D1044B13221988044B187801F0B7
:105DF0001BFA10BD0D65FF1F2042FF1F0E65FF1F20
:105E000010B500240122114B52421870104B1C7027
:105E1000104B1A8001F0B2FF04220F4B21001A70C0
:105E20000E480C3206F03CFB102221000C4806F014
:105E300037FB07220B4B1C600B4B1C700B4B1C7071
:105E40000B4B1A700B4B1C7010BDC0460E65FF1F2C
:105E50000D65FF1F2042FF1F0C65FF1FFC64FF1F25
:105E6000EC64FF1FE864FF1FC264FF1FC164FF1FD3
:105E70002242FF1FC064FF1FF8B5174C06002578AB
:105E800006A814240078052D23D1B41F134FA5B202
:105E90001824BD421DD88D1FADB2BD4219D8FA25B8
:105EA0006D00AA4215D21D000D4F0A3DADB2BD4294
:105EB0000FD80C4C26800C4C21800C4900240A8001
:105EC0000B4A1380FFF716FF0A4B0421187806F0DF
:105ED0006FFA2000F8BDC0460D65FF1F790C000069
:105EE000750C00001E42FF1F1C42FF1F1A42FF1FBD
:105EF0001842FF1F0E65FF1FF0B50BB20E0089B0F0
:105F0000002B00DB9BE1B44D287806F019F9041E44
:105F10005ED00378A22B00D14CE1D02B1AD0912B6C
:105F200053D143780E2B50D1AC4B82889A424CD13E
:105F3000AB4B1B78052B48D18368032018567F286C
:105F400043D0A84B1B68002B3FD05B68002B3CD094
:105F500098473AE08078072837D806F021FB0800F8
:105F6000360026004D004D009000D20002016378FB
:105F7000002B0CD007229A4B1A709A4B1B68002BEF
:105F800023D01B68002B20D0954A1078E0E7012130
:105F9000934B1970944B1A78002AEED0934B2878C3
:105FA00001F052FD0028E5D1E7E761780029E1D151
:105FB000E378002B11D08E4A8E4B1278287801F0AE
:105FC00043FD60706378002BD4D1200006F098FA6E
:105FD00080200002704009B0F0BD814B1B78022B7D
:105FE000F3D00121287806F013FA0028EAD1012124
:105FF000287806F025F9E5E76278794F002A39D14B
:10600000032807D13B78052B02D101333B70B4E75D
:106010000223FBE7784B197800290BD01A703B78E4
:10602000053B012BD1D90121744B2878197006F05A
:1060300007F9CAE7724B1A88704B0293002A0BD0FB
:106040001B78002B03D00121287806F0B9FA3B78A1
:10605000062B04D1013BD9E7029B1A70F7E7042B0A
:1060600006D10121029B2878197006F0E9F884E72F
:106070000323CBE70022604B1A700723C6E763783F
:106080005E4A574F0292002B28D10622211D5D48FF
:1060900006F016FA62895C4B5C491A80A2895C4B57
:1060A0001A80E3890B80052139705A490A805A4ABF
:1060B0001380228A594B1A80594B1B78012B09D126
:1060C0001F2000F0D5FEFA229200424304212878D6
:1060D00006F076FA0023029A13704EE72878312BE7
:1060E00005D10121029B197003233B70BDE70723F3
:1060F000FA2201213B70029B9200197006F060FAAF
:106100003BE7062200213F4806F0CAF90023414A36
:1061100004211380404A28781380404A138006F0F7
:1061200047F90821287806F043F9A379083B5A4239
:1061300053412B4A033313702B4B1B78002B06D093
:106140002E4B28781A78002A06D001F0BBFC0122D9
:106150002D4B52421A8010E70121197006F070F899
:10616000F5E70821287806F023F96378002B00D0A2
:106170002BE7284B294F0293E388029A04211380CE
:10618000254B287803932389039A138063893B80E6
:1061900006F03EF9002800D017E7224B1B68002BC1
:1061A00000D112E7039902983A88098800881B6891
:1061B00098470AE74379132B00D006E70389012BA0
:1061C00034D1194B1B78022B30D10821287806F0E6
:1061D000EFF8FFF701FEF8E60E65FF1F051400005B
:1061E0000D65FF1FA864FF1F4842FF1F2942FF1FC4
:1061F000E264FF1FC364FF1FE664FF1FE764FF1F25
:10620000E464FF1FB564FF1F2042FF1FBC64FF1F33
:10621000BE64FF1FB264FF1FB064FF1FAE64FF1FA8
:10622000B464FF1FA464FF1FAC64FF1F052000F0CF
:106230001FFE08210200287806F0C2F9C5E680207A
:10624000C001014200D0C5E6CB0738D5354B1B78DD
:10625000002B24D0344D05AC2B78052B21D1023BEB
:106260002370324B324F1B7821002372314B387828
:106270001B78637201F08CFB002810D0FA220723F0
:106280000121387892002B7006F09AF92A4B1B688E
:10629000002B04D01B68002B01D0287898470120E0
:1062A00098E60E20254B06221B7825492370254BA6
:1062B0001B78637002ABC01806F002F9D1E7022325
:1062C00008001840194209D0174B1B78052B03D141
:1062D0001D4B188805F054FF02207BE60424214260
:1062E00003D0FFF707FD200074E6082308001840DC
:1062F000194200D16FE6154B1C78012C03D0022CFB
:106300000DD0082066E6124B124A134913481B8829
:106310001288098800880094FFF7AEFDF1E7FFF7C7
:106320005BFDEEE7E764FF1F0D65FF1F2242FF1FC5
:106330000E65FF1FC064FF1FA864FF1FC264FF1F1C
:106340002342FF1FC164FF1F2042FF1FAC64FF1FD9
:106350001842FF1F1A42FF1F1C42FF1F1E42FF1F51
:1063600010B502A804880B20002C10D149680878C9
:106370004978090201430C48814209D10221198060
:106380000A4B59881170DB7800205BB2537010BD46
:10639000074C0A20A142FAD102211980034B9988A7
:1063A00011705B79F0E7C0466E2A0000C061FF1FE4
:1063B0006F2A0000F7B5150008AA16884A680F4F23
:1063C00014785278120222430A24BA4214D10122CC
:1063D000DBB2019200962A0005F046FE041E0BD1A6
:1063E000074B1B68002B07D068782A7800021043FF
:1063F00042425041013098472000FEBD0229000072
:106400002065FF1F30B5012503790400BFB02B4282
:1064100025D01449408805F097F928420CD0124B3A
:1064200001A95B8D60880B8002234B800F4B0022FB
:106430005B888B8002F044F90D49608805F084F98F
:10644000C0070CD50B4B01A91B8800220B8002232F
:106450004B80064B9B888B80608802F031F93FB0FF
:1064600030BDC0461865FF1F4C42FF1FC061FF1FB3
:106470001065FF1FA642FF1F10B50749074805F02A
:1064800019F90749054805F015F90721054A064895
:1064900005F0D2F810BDC0461865FF1FFFFF0000D1
:1064A0001065FF1F14C900114C42FF1F10B50248B0
:1064B00002F08AFF10BDC046056400110200F0B56D
:1064C00001270A480A4E51188B1A002B00DCF0BD38
:1064D000082415784308684038404000805B013C40
:1064E00058406D08002CF5D10132EDE7FFFF0000A8
:1064F0002EC90011F0B500250F269D4200DBF0BD2E
:106500004C5D070944403440A400A0580135784050
:10651000F3E7000070B50C0088B06B460F2610340E
:106520000A7801311500120935401D705A70023386
:10653000A142F5D120236946024AFFF7DBFF08B0EC
:1065400070BDC04634C90011F0B54E780B7889B0E3
:1065500036020C00170001901E43012A61D9954BA9
:106560009E4200D877E001339E421CD1062A17D103
:10657000CA788B7812021A430B791B0413434A79A9
:1065800012061A438C4B5A6100221A705A808B4AA9
:106590005A608B4A9A608B4ADA60002009B0F0BDDD
:1065A00088225205EEE7884B9E423CD182498B7887
:1065B000002B00D0F6E00C2A31D10F22A3789343B0
:1065C000E27812021343227912041343627912060D
:1065D00013434B60E279A07912020243207A00044F
:1065E0001043627A12060243CA60E27AA07A12026B
:1065F000024376484A81834208D804236E49142214
:1066000001980B7005F05CFF1420C7E71201D21847
:1066100089235B059A42F0D801238B70BDE7022ADB
:10662000FAD00523EAE76A4A01239642E6D1FFF74A
:10663000D3FB052F0CD9E378A2781B0213432279F0
:1066400012041A4363791B061343624A03931360CF
:1066500005F0B6FEA1E7584D2B78002B9DD1AB7805
:10666000002B00D1A0E02B8901339BB20093B342F1
:1066700000D091E0132AD4D9CF7C8B7C3F02122129
:1066800020001F43FFF71AFF874200D08EE0002E44
:106690003DD1E378A2781B0213432279E968120402
:1066A0001A4363791B06134303930A228B4212D1C8
:1066B000FF23A370E370237163716B89002B09D1F1
:1066C000E37B227C1B0212041343A27B13431B09AE
:1066D00001336B8100226B89002B8ED0002A67D199
:1066E000686837013818000B6B6900030390984203
:1066F00005D9686106F004F8EB780133EB7068683F
:106700001022A11C381806F00BF82E8145E76F897E
:10671000009A7B1E9BB293423AD1E278A378120290
:106720001A43237905A81B04134362796C68120687
:106730001A43EB6800920392211D0C22049305F08A
:10674000BFFE0120260004A940421036FFF7E2FEFA
:10675000013F012F17D1009A0B232861824200D0FC
:106760004CE704221C49200005F0DAFF042203A9AB
:10677000686805F0FDFEE968039AFF23914200D1A5
:106780003CE7F73B3AE73100FFF7C4FE1036DFE79E
:106790000923B742A4D831E7009BB34200D9FCE6F5
:1067A00007232BE7022329E7032327E7062325E70F
:1067B0000A2323E7FFFE0000C042FF1F0000011173
:1067C000FFFF00005048593601FF0000FFFF001195
:1067D00002FF000034F00040CC42FF1F10B5034C14
:1067E0000B000122210000F06BFA10BD9D69001121
:1067F0000B8870B506000D000224162B11D92B0052
:106800000322094900F05CFA041E0AD1074B2A88CA
:106810001B88191C934200D9111C300089B200F06A
:10682000EDFA200070BDC046C96900113665FF1F32
:1068300010B54A780400013A0B000220012A07D85B
:106840000A78002A04D005222000024900F038FA14
:1068500010BDC046F76900110A7810B50B0004009E
:106860000220002A04D007222000024900F028FA62
:1068700010BDC046A36A00110A7810B50B000400D1
:106880000220002A04D009222000024900F018FA50
:1068900010BDC046096B001110B5034C0B000B2254
:1068A000210000F00DFA10BD396B001110B5034C3A
:1068B0000B000D22210000F003FA10BDAB6B00119C
:1068C00010B5034C0B000F22210000F0F9F910BDA8
:1068D000056C00110A7810B50B0004000220002A94
:1068E00004D011222000024900F0EAF910BDC04690
:1068F000156C0011002310B51322190000F0E0F907
:1069000010BD000010B5034C0B001722210000F051
:10691000D7F910BD676C0011002310B519221900BA
:1069200000F0CEF910BD000010B5034C0B001B2287
:10693000210000F0C5F910BDA16C0011F7B58489E4
:106940000D0006000121002C22D000238268D356BE
:106950001778002B1EDA0C2C1AD90C3CA4B2131990
:1069600040880093230002F090FE431E98410130BE
:106970007B06DB0F6B703F23013C1F40A4B22870E5
:10698000AF70AC80002C07D0B3680133AB6000213E
:106990000800FEBD0020EBE7AC60F8E70B78037061
:1069A0004B8843704B881B0A83700B79C37004209B
:1069B00070470420022B06D10020537811781B0267
:1069C000009A0B43138070470B8803700B881B0AD7
:1069D0004370022070470420009983420AD1537803
:1069E00010781B0203430B80D37890781B0203437B
:1069F00000204B807047F8B50D004B780124002132
:106A0000461C03702B788B4201D82000F8BD6B78B0
:106A1000B01C4F1C012B10D1890069184B88022231
:106A200033704B88B9001B0A7370691805F0E0FBDE
:106A300004360434A4B2F9B2E4E7122359436B18C4
:106A40005A88043132705B8810221B0A73706918EF
:106A500005F0CEFB12361234ECE770B5049D14003D
:106A60001E00052B01D8042070BD637812781B022C
:106A700013432B80E378A2781B02134302226B801E
:106A80002A71211D681D063E05F0B2FBB2B22A81B3
:106A9000E92AE8D82800A11D0A3005F0A9FB00204A
:106AA000E2E7002310B50A789A4201D8900010BDA1
:106AB0009A008A185488013304705488DBB2240A7F
:106AC0004470948884709288120AC2700430EAE795
:106AD00010B51100029C062B04D004201022142BA8
:106AE00001D010BD022222714B7808781B020343AB
:106AF0002380CB7888781B02034363800431601DB8
:106B000005F076FB0020ECE710B50C788B780431AB
:106B10005C43E4B203702200013005F069FB601CA5
:106B200010BD0420022B06D10020537811781B02DF
:106B3000009A0B431380704710B50C000A8802318D
:106B400005F056FB208810BD70B504000D000498B8
:106B50001100012B01D8042070BD16785278120262
:106B6000324302800200F13255701470E125002C8E
:106B700000D10C35023B9AB24280AA42EBD80231D6
:106B8000043005F035FB0020E6E70420009983423D
:106B90000AD1537810781B0203430B80D378907886
:106BA0001B02034300204B80704710B50C000A887D
:106BB000023105F01DFB208810BD000070B50121D9
:106BC0001E000420049C0E400B4218D1CB40DDB2C5
:106BD0008D4214D90A49DBB2098899420FD32300A8
:106BE000EE331D703300580011184978165C090205
:106BF000314301332152D9B28D42F4D8002070BD07
:106C0000D842FF1F10B50C000A88023105F0F0FAD7
:106C1000208810BD10B50C788B7804315C43E4B249
:106C200003702200013005F0E3FA601C10BD10B5BE
:106C300011000298032B01D8042010BD147852785B
:106C4000043B120222430280CA788C78120222434B
:106C500042809AB28280EB2AEED80431063005F0E9
:106C6000C7FA0020E9E710B50C000B8803700B8809
:106C70001B0A43704B8883704B881B0AC3708A8839
:106C80000430063105F0B4FAA088043080B210BD9B
:106C90000420012B03D100201378009A1370704751
:106CA00010B50C000B8803700B881B0A43704A88D0
:106CB0000230043105F09CFA6088023080B210BDC9
:106CC000F0B589B003931D4B029242000700D05AE1
:106CD000019102F022F81325061E2CD0029B0124FC
:106CE0000370019B002B04D00019039998470019E9
:106CF00084B26B461B7A5BB2002B0FDA102138008E
:106D000002F01CFB1925002812D130003219E1B223
:106D100002F070FC051E0BD10C34A4B2042305A9AB
:106D200038000B800C814E6001F0B2FD051E02D0D0
:106D3000300005F0D5FB280009B0F0BD3465FF1F19
:106D400070B505000C0000280CD00020814209D04D
:106D500010222000044905F04BFA01202B78237300
:106D60006B78637370BDC04674C90011F0B506003E
:106D70000D0017001C0085B002291BD0002010292F
:106D800007D1022B07D0102B03D115E00020102CC7
:106D900008D005B0F0BD69463800FFF7D1FF2A00E2
:106DA00069460BE069463000FFF7CAFF22006946DA
:106DB000380004E0022BE9D12A003900300005F048
:106DC000E7FAE6E7031CF02800D9F023032008497E
:106DD0009AB2013A0B80D317034006499B189B10C7
:106DE0000B80D30F04499B185B100B807047C04683
:106DF000DC42FF1FDA42FF1FD842FF1F034B1B88F4
:106E00008B4202D3024B4000C1527047DC42FF1F4D
:106E10003465FF1F014B4000185A70473465FF1F4F
:106E20001722014B1A8070473465FF1F70B50500AB
:106E30000E2005F0D5FA041E13D0D02303700023D2
:106E40000622837007494570033005F0D1F9064BDF
:106E50002100DA8A62811B7E2373044B187805F0C7
:106E60007FFB70BD5065FF1F4065FF1F2C43FF1F58
:106E7000262803D8024B4000C05A70470148FCE75F
:106E8000DE42FF1FFFFF000070B506000C00094D39
:106E90001C220021280005F003FB074B1E70074B46
:106EA0001C7005F06DFA0123002801D00023122088
:106EB0002B7070BD4065FF1F2C43FF1F6165FF1FD6
:106EC00070B505000D4C0800E260A16010220021A1
:106ED000656005F0CDF9012803D11021A06802F00A
:106EE00061FD10220021280005F0C2F9012803D11C
:106EF0001021606802F056FD70BDC0464065FF1F5E
:106F000070B5041E05D1002903D006220D4805F0F6
:106F10006FF90D4B1D78012D11D1002C05D10222E6
:106F20001A7005F0C5FA280070BD00221A70074BD0
:106F30001B78FF2BF7D02000FFF778FFF3E7002541
:106F4000F1E7C0465065FF1F4065FF1F2C43FF1F40
:106F5000030010B5002801D1002010BD00780B4AB5
:106F6000002803D15988D1821B7913761378022B1C
:106F7000F2D10023984200D103331370044B1B78E5
:106F8000FF2B01D0FFF752FF0120E6E74065FF1F0E
:106F90002C43FF1F002911D000280CD04B79012869
:106FA00003D140225242134303E03F2213400328FF
:106FB00002D001204B7170474022F4E70800FAE745
:106FC00070B5094D0100287800280BD0074C062227
:106FD000200005F00DF921002878FFF7DBFF2000E5
:106FE00005F036FB70BDC0466065FF1F3A65FF1FA8
:106FF00000290AD0012808D13F224B799343C02BA6
:1070000003D0403B5A425341981C704770B5174D0E
:1070100006002B78FF2B15D00A2005F0E1F9041E9D
:1070200010D0D0230370C83B8370114B11491B78DB
:107030004670C3700622043005F0DAF82100287883
:1070400005F08EFA0C4B1B78012B0DD10B4B1B68F6
:10705000002B03D09B68002B00D09847084B0421DD
:107060001878084A05F09CFB70BDC0462C43FF1FF2
:107070006065FF1F3A65FF1F5C65FF1F8865FF1F86
:107080008C65FF1F60EA0000014B98687047C0469E
:107090004065FF1F014BDB68186870474065FF1FA4
:1070A000074B10B5DA68136801331360054B187885
:1070B000FF2803D08021C90105F0C2F810BDC046E9
:1070C0004065FF1F2C43FF1FF7B50E0002F0CAF802
:1070D000051E1CD00E4B06621F78002F00D10778CA
:1070E000AB791020019305F07BF9041E0FD0D0235B
:1070F0000380C73B8370019BE91DC37006220430E7
:1071000005F076F821003800E66005F029FAF7BDB1
:107110002A43FF1F014B18787047C0466065FF1F68
:10712000054B002805D1054B1A78054B002A00D1E4
:10713000014B18007047C0465065FF1F6065FF1F78
:107140003A65FF1F014B58687047C0464065FF1FF6
:10715000024B1868431E9841C0B270476465FF1F18
:10716000421E03000120152A03D9FF3B5A42534116
:10717000D8B27047F0B51C0000230E0085B0039014
:1071800002920B70029A934201D3002019E0E55C51
:107190005A1CD2B2002DF8D0029851198142F4DC69
:1071A0000233DFB2A35C18000193FFF7D9FF002878
:1071B00007D0013D019A0399EBB233708A4202D1A4
:1071C000E01905B0F0BDDB19DBB2DBE710B50C0050
:1071D00002F0A0F803001220002B03D021005888F1
:1071E00005F056FA10BD000070B50E4D84006359CD
:1071F000002B15D0186A002801D005F0A1F82B59F2
:10720000586A002801D005F09BF82B59986A00288D
:1072100001D005F095F8285905F092F800232B517C
:1072200070BDC0467065FF1F1C4B70B504000E009A
:10723000150099420AD11A4B1B68002B01D112206C
:1072400070BD1B68002BFAD09847F9E7154B99429F
:1072500015D1134B1B68002B0AD01B68002B07D0DD
:107260009847002804D1104B1C70104B1D70E7E7A5
:1072700029002000FFF7AAFF0028E1D1F3E708006A
:1072800001F0F0FF0028DAD003780320A342D7D121
:107290002900300005F0FCF9D2E7C046FEFF0000EF
:1072A0006C65FF1FFFFF00006965FF1F6865FF1F1A
:1072B000F7B50400808801F0D5FF0025A84203D06F
:1072C0000578A08802F00AF81C4E3378002B1FD0F6
:1072D000AB421DD11A4B28001978FFF777FF002821
:1072E00018D000233370A3790820A778A6880193CB
:1072F00005F076F8011E0DD0D0230370CA3B8370D1
:10730000019B477086808371280005F029F901E010
:10731000002DE8D1A0880B4B8200D358002B01D060
:10732000FFF762FF1721A088FFF768FDA08801F032
:107330002BFDA08801F002FEF7BDC0466965FF1F66
:107340006865FF1F7065FF1FF0B587B01D000CABAF
:107350001B88070001930DAB1B88142002930EAB12
:107360001B88160003930FAB1B880091049310AB8E
:107370001B88059305F034F8041E1AD0D02303703F
:10738000CB3B47708370C670062229000430002D65
:1073900011D004F02DFF019B21006381029B009816
:1073A000A381039BE381049B2382059BA37405F0C7
:1073B000D7F807B0F0BD05F073F8ECE7F7B5009328
:1073C00008AB1B8807000C200D001600019305F088
:1073D00007F8041E13D0280001F044FF00280FD046
:1073E0000078D0232370C93BA370009B2100238128
:1073F000019B6770A580E680638105F0B1F8F7BD59
:10740000014B1878EDE7C0462C43FF1F13B504006D
:1074100064890389C2888188C0780094FFF7CEFF11
:1074200013BD000010B5044C2068002803D004F000
:1074300087FF0023236010BD7465FF1FA122F0B5F4
:10744000818892004A43384B384F1B6889B09B189B
:107450009D2292009B18827904001A603B68002BE1
:107460005FD01D78324B1B68002B04D05B68002B6B
:1074700001D000209847260008363100E079FFF758
:10748000B7FD237DE0710200E0780493638A290050
:107490000393238A0293E3890193A3880093330023
:1074A000FFF752FFE378002B0BD1E289A379A18883
:1074B00002920196E27928000092012201F0DCFE9E
:1074C000E0703B68002B20D0FFF7ACFF194D287807
:1074D00000281AD0184B1978FFF778FE002814D02E
:1074E0002B780820A788E678079304F079FF011E1F
:1074F00009D0D0230370CA3B4670837087808671A1
:10750000079805F02DF800232B701721A088FFF7AE
:1075100075FCA08801F038FCA08801F00FFD09B0CF
:10752000F0BD064B9DE7C0463409FF1F7465FF1F81
:107530008865FF1F6965FF1F6865FF1F2C43FF1FDC
:10754000F8B5070008000E0001F08CFE041E18D0EC
:107550002620FFF78DFC051E00D12578062004F0BB
:107560003FFF041E0DD00021062204F099FFD02316
:107570002370C23B21006770A370A680E8B204F0BC
:10758000EFFFF8BDF0B585B001930AAB1B7807009B
:1075900002930BAB1B7808000D000092039301F0DF
:1075A00061FE061E22D0102004F01AFF041E1DD01A
:1075B0001022002104F074FF2620FFF759FC002858
:1075C00000D13078D0232370C13BA370009B2100F1
:1075D0002372019B67706372029BA580A372039B59
:1075E000C0B2E3720C9BE36004F0BAFF05B0F0BDDB
:1075F000F7B50D00019001F035FE071E1FD00E20DB
:1076000004F0EEFE041E1AD02620FFF731FC061E01
:1076100000D13E78D0232380C53BA370F91D0622FC
:10762000E01C04F0E5FD019B2100638101232B4058
:10763000AD07ED0F23736573F0B204F091FFF7BD52
:10764000F0B585B0029010000D0017000A9E03935C
:1076500001F008FE041E31D0029B002B2ED1039BAB
:1076600002795B0724D5122313430422002E08D18C
:107670000B99002905D10C99002902D10D990029F7
:107680001AD01A430D9B2271002B00D0C9E0002EA6
:1076900000D1CFE0002D00D0CCE0606A002801D0FE
:1076A00004F04EFE1C21300004F002FE606205E092
:1076B00002239A430E33D7E793432371654BBA00F5
:1076C000D458002C00D1AAE0002E10D0236A002B41
:1076D00003D11C2004F0DCFD20625E4BBA00D358BD
:1076E000186A002803D01C22310004F081FD0C9B95
:1076F000002B12D0574CBB001D596B6A002B03D1D5
:10770000162004F0C5FD6862BB00E358586A0028E3
:1077100003D016220C9904F06BFD0D9B002B11D0A9
:107720004C4DBC006659B36A002B03D1142004F001
:10773000AFFDB0622B59986A002803D014220D992E
:1077400004F056FD380001F08DFD051E67D0414B59
:10775000BA00D358002B62D01A6A3420002A00D114
:107760001C389A6A002A01D0143080B20B9A002A81
:1077700001D01C3080B25B6A002B01D0163080B281
:1077800004F02EFE041E4AD01822002104F088FEC8
:107790002620FFF76DFB0190002801D12B78019383
:1077A000D0232370029B200063700A23294EA3700C
:1077B000039BBD00A371AB59A780196A183000293B
:1077C00005D01C22A06004F013FD20003430735952
:1077D000996A002907D0030014221433E060029351
:1077E00004F006FD02980B9B002B08D003001C221E
:1077F0001C330B992061029304F0FAFC0298735930
:10780000596A002903D01622606104F0F1FC6B462E
:107810002100187904F0A4FE3800FFF7E5FC05B05C
:10782000F0BD10220D9B0D991B69A018236204F076
:10783000DFFC2CE70B9B002B00D13FE7012D00D094
:107840003CE7606A002801D004F07AFD1C210B9807
:107850002AE7C0467065FF1F10B5044C2068002859
:1078600003D004F06DFD0023236010BD6465FF1F8D
:107870000B4B07B51A68002A01D100200EBD6946DE
:10788000531C012012780731FFF774FC0028F4D054
:1078900002780123100018401A42EED0EEE7C046ED
:1078A0008065FF1FF0B51F4F01203B6887B0002B9C
:1078B00025D09B78059300F0B3FB002821D00A2047
:1078C000FFF7D6FA04000B20FFF7D2FA164B05009B
:1078D0001E78731E9E413B68F6B2191DD878FFF7DB
:1078E00059FB3B682900DA7A043303929A790193B1
:1078F0000292009033002000059A04F0E1FE07B0E8
:10790000F0BDFFF7B5FF002805D00620FFF7B0FA5D
:1079100004000720D8E70820FFF7AAFA040009208E
:10792000D2E7C0466465FF1F6065FF1F70B50A4E51
:10793000040033780D00FF2B0DD0042004F050FD1F
:10794000011E08D0D0230370CE3B45708370C470F5
:10795000307804F005FE70BD3C43FF1F70B5040095
:1079600006200D0004F03CFD011E0AD0D023037058
:10797000CD3B8370054B44701B688580187804F0FC
:10798000EFFD002C01D0FFF767FF70BD6465FF1F9E
:10799000F8B5264F06003B680D001124002B05D1D9
:1079A0000522234B1B78134202D112242000F8BD7C
:1079B000204A10241268002AF8D01278002AF5D044
:1079C000DB0719D52B789A1E012A1AD80C2004F04F
:1079D0005FFC132438600028E8D000230A2243709B
:1079E00029000670023004F003FCFFF75BFF041E61
:1079F0000AD0FFF731FFD9E700F012FB0028E1D1F0
:107A0000E4E7002BE2D0D0E70B4B1B78032BCDD162
:107A10001D20FFF72DFA094B18800028C6D0084B0F
:107A200004211878074A04F0BBFEBFE76465FF1F16
:107A30006165FF1F8065FF1F6065FF1F5E65FF1F9B
:107A40008C65FF1F60EA0000F7B50193194B140025
:107A50001A78052306000F0012201A4221D00129AE
:107A600020D1154B1D68002D1BD002201F2C18D8CB
:107A7000002C02D0019B002B13D0104B1F221E7034
:107A80006E1C0021300004F00BFD01992200300033
:107A900004F0AEFB310020002C70002F06D004F063
:107AA00067FEFEBD064B12201D68DCE704F0A8FC53
:107AB000F7E7C0466165FF1F8065FF1F3C43FF1F5E
:107AC0007C65FF1FF8B50F4E12243368002B17D0CA
:107AD0001B780F3C834213D100250B4F02213878CD
:107AE00004F066FC094B042138781D8004F060FC2A
:107AF000074B28001D8033685C7004F0D1FB040044
:107B00002000F8BD6465FF1F8C65FF1F7865FF1FAF
:107B10005E65FF1F70B5012823D11B4C2388002B05
:107B200003D01A4A1578002D07D0194B1B68002B7B
:107B300002D01878FFF7C6FF70BD3B2B02D93C3B43
:107B40002380F9E7134E0221307804F031FCFA2249
:107B50002388920002215A43307804F031FD2580B9
:107B6000EAE70B4B1B68002BE6D00B4B1B785B073F
:107B7000E2D5084B0221187804F01AFC0022024BCF
:107B80001A80FFF769FED7E77865FF1F5C65FF1F66
:107B90006465FF1F8C65FF1F6165FF1FF8B51E4DF3
:107BA0002868002803D004F0CBFB00232B601B4E79
:107BB0003068002803D004F0C3FB00233360184F63
:107BC00005243B7818002040234221D0154800F0BE
:107BD0002BFA3B78234213D0202004F059FB286075
:107BE000002813D02022002104F05AFC202004F0A9
:107BF0004FFB041E306005D02022002104F050FC11
:107C0000002004E0286804F09BFB2C601320F8BDE2
:107C100000F00AFAF4E7C0468065FF1F7C65FF1F8D
:107C20006165FF1F3043FF1F10B50A4C23681A1E01
:107C30000ED0002808D10130587004F031FB002824
:107C400005D02368002B02D00021FFF787FE012218
:107C5000100010BD6465FF1FF7B5274E050033689F
:107C60000191181E21D05C78244F012C30D1FFF7F0
:107C7000FFFD002825D02000FFF7FAF80400412876
:107C800014D91F4B022118781E4A04F089FD1E4B9F
:107C90003C3C1C80022233685A703B78002B14D184
:107CA00028000199FFF75AFE0120FEBDFA2292003A
:107CB0004243002AEED0124B0221187804F080FCD7
:107CC000E8E7FFF7D5F80200F3E700233B70EBE7A6
:107CD0003B78002BE8D1032004F082FB011E08D082
:107CE000D0230370CC3B457083703368187804F060
:107CF00037FCFFF7B1FDD7E76465FF1F5C65FF1F29
:107D00008C65FF1F60EA00007865FF1F10B51749FA
:107D1000838802008B4220D011D815498B4217D09E
:107D2000144900205B1899B2012907D8926811788C
:107D30005A425341D8B2FFF7F9FD012010BD0E4A57
:107D400000209B1807229BB29A424041C0B2F5E73F
:107D500083681878FFF768FFF0E7836899785A78A6
:107D6000090218781143FFF777FFE7E70A200000C0
:107D700006200000F8DFFFFFAFDFFFFF014B1870A8
:107D80007047C0463D43FF1F10B5064C207001F000
:107D900045FA207804F004FB0521207800F068FD06
:107DA00010BDC0468C65FF1F0BB273B50D00002BD4
:107DB00000DBC4E0884B187804F0C2F9041E0ED032
:107DC0000378912B0FD0A22B00D1A1E0834B187820
:107DD000FF2852D0210004F0C3FB00284DD18020A1
:107DE0000002684076BD43780F2B76D013D8052B60
:107DF00070D00E2BEAD18088794B98422BD8794BE2
:107E000098421BD8784B9842E0D1A3681878591C47
:107E1000FFF776F838E03E2BD8D18378032B74D067
:107E20006CD8012B6ED0022BD0D1704B1B68002B6D
:107E300023D05B68002B20D098471EE06C4BC01805
:107E40000C28C3D804F00CFC1DC2C2150BC20B0BCE
:107E50000B3223C23C00674BC0180728B6D8664BCC
:107E60001B68002B09D01B68002B06D02000984708
:107E70000AE0A3681878FFF7C9F8200004F040FB77
:107E8000ADE7A068FFF764F800289FD0F5E7A36886
:107E90001B78002BF1D0554B1B68002BEDD01B68D5
:107EA000002BEAD0210055489847EDE74F4B1B685F
:107EB000002BE2D01B68002BDFD021005048F3E7F5
:107EC000504B1B68002BD8D05B68002BD5D021000D
:107ED0004348E9E7FFF7ECF9CFE780884A4B98423F
:107EE00003D04A4B984200D070E7464B1B68002BEA
:107EF000C3D05B68002BC0D02100D5E7153B012B18
:107F0000BBD963E7FFF79AFAB7E7FFF77FFAB4E761
:107F10003F4B1B78042B07D100236A46138001795D
:107F2000408800F0CBFCA8E7364B1B68002BA4D0A0
:107F30005B68002BA1D00100364898479DE70124DB
:107F400021420AD0294B1B68002B04D05B68002B10
:107F500001D000209847012043E78B070AD5264B24
:107F60001B68002B04D05B68002B01D020009847D1
:107F7000022036E70421280008400D4200D131E7F5
:107F8000254E3388002B21D0013B9BB23380002B40
:107F90001AD1FFF7DDF800280AD0204B1C70164BD1
:107FA0001B68002B04D05B68002B01D02000984791
:107FB000FFF7C8F8694601F00CFD6846FFF700F8C6
:107FC0001D20FEF755FF308004200AE7024B187889
:107FD00004F0EEF9F8E7C0468C65FF1F3D43FF1F34
:107FE0000E20000001200000091000008465FF1F22
:107FF000FEDFFFFFAFDFFFFF8865FF1F0C200000E3
:108000000B2000006C65FF1F0D20000013200000F6
:108010006165FF1FFFFF00005E65FF1F5C65FF1FBE
:1080200010B501F09FF910BD014B18607047C046B4
:108030008865FF1F0B880020162B01D8172304200A
:10804000014A13807047C0463665FF1F0020704705
:10805000074A03001188814207D091880020994285
:1080600002D101308000101870470020FAE7C046A6
:108070009465FF1FF0B58F7806000D00C5B01E2F68
:1080800015D1FFF7E5FF051E03D10024200045B000
:10809000F0BD00223B003100C078009200F0B8FB38
:1080A0000400A81C00F0D8FBFF23EB70EEE7264B82
:1080B000062403931B78FF2BE8D0182FE6D87B0803
:1080C000224A013BDB0002929A589446002ADDD0F6
:1080D000029AD3185B68002BD8D00878002802D108
:1080E0004B78012B02D10624122FCFD107AFAB88DA
:1080F000697800976446AA68A047041EC6D1AB7889
:10810000029A5B08013BDB00D318390030005B6842
:108110009847041E0BD1AB78042BB6D0039A3100DC
:1081200010782200009700F073FB0400AEE76A7835
:10813000002AABD1AA7805A93B88087130000A70E3
:108140004B80FEF74BFBA0E74043FF1F84C90011A3
:108150001D4B37B5050098420BD000290AD1FFF717
:1081600077FF002805D11948FFF772FF002800D0DB
:10817000058037BD01291AD1FFF76AFF041EF8D028
:1081800001235B420380A378FF2BF2D0FE2B07D0A4
:108190000023E0781422009329001E3300F038FBFE
:1081A000A01C00F059FB01235B426380E1E7022938
:1081B000DFD1013901F0C2F80028DAD12800FFF739
:1081C00047FF041EDFD1D4E7FEFF0000FFFF0000E1
:1081D000022210B5074B52421A80074801325A80DA
:1081E0009A80DA8000F084FA044801F029F800202F
:1081F00010BDC0469465FF1F7580001151810011AC
:108200000388F7B50400002B02D102252800FEBD2B
:1082100042680221137825485268FEF7A7FD00281E
:108220002ED0234F01253A88002AEFD080232188C1
:108230005B0201259B1A9942E8DC0C2004F028F827
:10824000061E31D03B8822889C46002318000195E9
:1082500061469DB2491989B2AA421BD8002801D0B3
:1082600062443A8000233000082208C0210003F055
:10827000BFFF104A1368002B13D100251660C5E715
:108280006268022113780C485268FEF76FFD0028DF
:10829000C7D1BAE760681D014019418101330198D7
:1082A000D6E71A001B68E6E71325AFE7F2C900110D
:1082B0003E43FF1F9065FF1FF0C90011014B18706E
:1082C0007047C0464043FF1F14230A0010B51A40F0
:1082D000194204D00122102101F04CF810BD4B06C8
:1082E000F9D4C843022340001840F7E710B5140042
:1082F0008B0604D50122102101F03CF810BD0823A3
:108300000A001A40194202D14BB2002B0FDA102199
:1083100001F030F8002808D02300F2331B78002B3E
:10832000ECD0F1342378012BE8D10020E6E70320DC
:108330008907FAD4E2E70000F0B51F00184B85B0BA
:108340001C68019002910392002C27D1200005B0F7
:10835000F0BDA5683301ED186B89019A934211D3E2
:10836000029A93420ED8002F04D10A9B002B10D101
:108370002C00EBE73B002978039A6868FEF7F6FCCF
:108380000028F2D10136B6B2A388B342E1D82468FE
:10839000DAE7A3680A9A5B891380E9E70026F3E726
:1083A0009065FF1F37B50C000A8849880123914268
:1083B00017D3002A15D0651D23792A0002210A4807
:1083C000FEF7D4FC102300280BD023796188208885
:1083D00000242A000094FFF7AFFF0A23A04200D038
:1083E000230018003EBDC046F2C9001113B50A00B3
:1083F00008884988012388420BD8002809D0002426
:10840000137905320094FFF797FF0A23A04200D0AA
:108410002300180016BD13B50A00088849880123F7
:1084200088420BD8002809D0002413790532009423
:10843000FFF782FF0A23A04200D02300180016BDD8
:10844000F0B58BB003904A8808880E000123824261
:1084500013D3002811D00023012704AC237000227D
:10846000718813000092FFF767FF05002078002D48
:1084700006D122780A23002A41D118000BB0F0BDA2
:10848000002835D12B78022B18D167706A898300B8
:108490000130E31880005A8069680222201803F036
:1084A000A7FE23780133DBB22370042B19D93B00DC
:1084B0006889013080B2002BD1D0DAE702236370E3
:1084C000122358436A89231804305A80696810229D
:1084D000201803F08DFE23780133DBB22370002BCC
:1084E000E5D10A4A6B899B185A425341DBB2DFE758
:1084F0006378012BE4D12B78022BC7D0B9E7210098
:108500000398FEF795F90023B7E7C0460100FFFF87
:108510000F4BF0B504001868002816D083685D89F9
:10852000A54207D88288AE18B44203DA12019A181D
:10853000934201D10068EFE71E005F891036A74221
:1085400004D1002900D00D801800F0BD3300EFE702
:108550009065FF1F70B505000C0008880021FFF72B
:10856000D7FF03000120002B04D022002800197A35
:10857000FFF7BCFE70BDF7B50C000025019023008D
:10858000EE331B78AB4201D800200AE06B00E65ABC
:1085900000213000E718FFF7BBFF002802D126803A
:1085A0000130FEBD017A0198FFF78EFE002802D04F
:1085B0003B882380F5E70135EDB2E0E710B5040014
:1085C00008880021FFF7A4FF03000120002B03D03F
:1085D0002000197AFFF778FE10BD0000054B1B68DC
:1085E000002B01D1180004E09A6852898242F6D12A
:1085F000988870479065FF1FF0B50E27002687B05A
:10860000039302ABFF183E8005001F4B4089140006
:10861000984207D02B78013000976A6880B2FFF744
:108620008BFE060002212B7818486A68FEF79EFB35
:1086300000280FD06C892000FFF7D0FF002802D05F
:10864000013C0419A4B2039B002B00D01C80300015
:1086500007B0F0BD02212B780D486A68FEF786FB53
:108660000028E7D102212B780A486A68FEF77EFBD2
:10867000002807D0002EDED03B88A342DBD17489CE
:10868000013CDFE76C89DEE7FFFF0000F2C9001163
:10869000F0C90011EEC9001110B50C00FFF7D8FCAD
:1086A00003000220002B0AD0002C00D023609B780E
:1086B0001720FE2B03D00138FF2B00D1002010BD66
:1086C00073B50D0001A904001600FFF7E5FF172898
:1086D00005D0002E04D129002000FEF725F976BD33
:1086E00001221021200000F045FE0028F3D0F6E71B
:1086F000014B18607047C046A065FF1F37B56B4639
:108700009D1D010004000222280003F0D9FE2B88E1
:10871000B02B0ED12379122B09D12300FA331B7809
:10872000012B06D10121608800F0E0F801E01B2B4D
:10873000F8D037BD10B5054B0421187000F098F83B
:10874000FFF746FDFEF76CFB10BDC046A465FF1F9A
:108750000020F0B50BB20F0087B0834234DA274B0C
:10876000187803F0EDFC051E2BD00378A02B25D143
:1087700003AE3100FEF7E2F8041E0BD1B378DB073D
:1087800024D51F4B06341B68002B03D031006888AA
:1087900098470400A868002801D003F0A1FE002C2F
:1087A00008D1184A039B1340174A934206D0B37866
:1087B0001B2B03D00121688800F098F8280003F0F3
:1087C0009FFE80200002784007B0F0BD0F4B1B6871
:1087D000002B10D0310068889847041EDAD07378D7
:1087E000002BD7D1B27801A90A704B800C71688830
:1087F000FDF7F4FFCEE70624F1E7C046A465FF1FAE
:108800009C65FF1F00FFFF0000011200A065FF1F15
:10881000F7B50190FC200D0017001E0003F0E0FDED
:1088200004001320002C12D0B02320002370089BDA
:10883000F4226770658026710830002B08D019007B
:1088400003F0D6FC2100019803F08AFE0020FEBD53
:10885000089903F025FEF5E710B5041E06D0007850
:10886000FD2803D803F00CFFFF23237010BD000088
:108870000A1F93B210B504000220032B05D88240D2
:108880000020024BD1529B189C7010BDC465FF1F85
:108890000B8870B5043B04000D000220032B0BD89D
:1088A0000121200000F04AFD03001420002B03D01A
:1088B0002900200000F0DEFB70BD000007B51300AA
:1088C000034A00920A00012100F02CFC0EBDC046B4
:1088D000F98A001107B5019203220092024B0A00A7
:1088E000122100F047FC0EBD778B001107B56B46D7
:1088F00001AA11800449D88008780633012802D1E2
:10890000190003F0EDFC07BDA565FF1F0C4B10B56A
:1089100018700023FF210B4A1380138193819380E9
:10892000094A53801370517293819372D174D38228
:108930001375517703F09CFE00F0FCF910BDC046A2
:10894000D465FF1FC465FF1FA665FF1FF0B58DB07E
:108950006B46002003910C229B5E834200DBB1E05A
:108960005D4B187803F0ECFB051E00D1A5E0037801
:10897000902B00D09EE006AF01004688380000F042
:1089800013FA79680400002900D19DE03B88052B8B
:108990006FD13B89032B1CD905AC200000F0A2F855
:1089A0006288172A60D83989131D994231D17968B4
:1089B000237804310291D90738D5607800F08EF918
:1089C000071E06D0002303712378012B08D0132B38
:1089D00023D0A868002800D179E003F081FD76E07B
:1089E0006288029909A800F0A6F80290380000F009
:1089F0008BF909AA2378387A01920022310000927B
:108A0000029A00F012F9380000F064F9029B002B82
:108A1000DFD0300000F080F9DBE70378032BD8D1FA
:108A20006288029909A800F0D6F8DEE709AF122B98
:108A300012D13800029900F0B4F8021EE9D127499A
:108A40008B88002BC5D088792378019761780091B5
:108A5000310000F0EAF8BCE700233A003B8061787F
:108A60003000FFF72BFFB4E71D4B09AA099361788B
:108A7000F6E7042B02D09A1F012AAAD8174A043B12
:108A80009B00995A0029A4D0D218907831003A005E
:108A900000F0ADF800289CD13B88042B03D00121C5
:108AA0003000FFF723FF012C04D1A868002801D073
:108AB00003F016FD280003F023FD8020039B000235
:108AC000434018000DB0F0BD012800D181E701211D
:108AD0003000FFF70BFFEDE7D465FF1FC465FF1FF4
:108AE000010017000B7803704B784370CB788A78BD
:108AF0001B021343438070470A88030002700A88F0
:108B0000120A42700A88012A06D14A8882704A886D
:108B1000120AC2700420704702208242FBD14A88A8
:108B200004309A704A88120ADA708A881A718A8820
:108B3000120A5A71EFE710B50400012082420CD9E5
:108B40004B780A781B0213432380834206D1CB78EB
:108B50008A781B0213436380002010BD022BFBD1D7
:108B6000CB788A781B02134363804B790A791B0206
:108B70001343A380F0E70B8803700B881B0A437034
:108B80004B8883704B881B0AC3708B8803718B885A
:108B90001B0A4371CB888371CB881B0AC3710820E1
:108BA000704703000120082A14D14A78087812027D
:108BB00002431A80CA788878120202435A804A799E
:108BC0000879120202439A80CA7988791202024314
:108BD0000020DA80704710B504000120022A05D178
:108BE00000204B780A781B021343238010BDF8B590
:108BF000060010200F00150003F0F2FB0400012016
:108C0000002C0ED0A0230C22290023806780201D79
:108C1000002D07D003F0ECFA2100300003F0A0FC97
:108C20000020F8BD03F03CFCF6E7F7B51E0000900D
:108C300008AB142017001D78019103F0D1FB041E2E
:108C400012D0A2230370019B47704380099B0571DA
:108C500046710C220830002B07D0190003F0C8FA27
:108C60002100009803F07CFCF7BD099903F018FC83
:108C7000F6E737B5041E0FD04388002B0CD0002533
:108C8000C1881323007A172201950095FFF7CDFFC5
:108C9000FF2365806372257037BD000010B50C4955
:108CA00004004A88002A09D08B89002B05D00020B7
:108CB000CB8A0222834201D010BD012213000A2078
:108CC000434300204032C854C81842800472F3E77E
:108CD000A665FF1F0023438003707047094B0021E6
:108CE0001A0010B55C88002C06D01C79844203D190
:108CF0000A234B43D01810BD01310A330329F1D1A7
:108D00000020F8E7A665FF1F10B50400407A03F0C5
:108D1000B7FCFF23637210BD7047043010B580B2FA
:108D200003F0AEFA002803D00421494203F068FCA6
:108D300010BD000070B50025104CA0682580A581ED
:108D4000A580A84202D003F0CBFBA56000250C4C07
:108D50000C4B606D1D80230058331D70A84202D05B
:108D600003F0BEFB656500256068002801D003F0B4
:108D7000B7FB013508340A2DF6D170BD6C66FF1FB4
:108D80001066FF1F6066FF1F70B5041E09D1054DF8
:108D90002880A881A880A868002802D003F0A0FB42
:108DA000AC6070BD6C66FF1FF0B54B8885B0019359
:108DB000002343600A7905000F00022A00D07BE0FF
:108DC000CA88032A17D98B685E7819783602DC784E
:108DD000D8790E4399781B7A24021B020C43034373
:108DE00053495BBA0B80331D93421ED1042C04D02F
:108DF000631F022B0ED9012015E0019A4D4B120181
:108E0000D35A002B06D00198FFF7BEFF4A4A1369D8
:108E1000013313610421B8682E812C80494203F08C
:108E2000EFFB6860002005B0F0BD434D042C06D078
:108E3000631F022B0FD9EB680133EB60DBE7019A6C
:108E40003C4B1201D35A002B05D00198FFF79CFF31
:108E50002B6901332B61374B30000293019B029A3F
:108E60001B010193002301998C468B52130063442C
:108E70009C8003939E81FFF750FF039B041E986024
:108E800016D00421B868494203F0BAFBFA88010001
:108E9000043A200003F0ACF90199029AFB888A5A3F
:108EA000043B9B18029A8B522B6801332B60A2E77C
:108EB000AB690133AB619EE71E4B0293019B1E0120
:108EC000029BF35A002B2DD002998C19A068002820
:108ED00028D0012A26D1FA889B189BB27352A18907
:108EE000994217D39B1AC018B96803F081F9029B05
:108EF000A289F35A934200D07DE700222B81A388F8
:108F00002B80A3686B60029BF2520B4A53680133BB
:108F1000536070E7084A9368013393600198FFF744
:108F200033FF68E7044A536901335361F6E7C046EB
:108F3000D665FF1F6C66FF1FDC65FF1F70B5051E41
:108F400015D10B4C0B4B1880230058331870606DF3
:108F5000002802D003F0C4FA65652500503560682A
:108F6000002801D003F0BCFA0834AC42F7D170BD40
:108F70001066FF1F6066FF1FF0B51700A12285B0C5
:108F8000920001934243394B06001B680C009B186A
:108F9000D933FF331D78FDF73DFF0430854204DDF2
:108FA0003000FDF737FF0430C5B2BD4207D33A00A9
:108FB00000213000019B03F02BF905B0F0BD290022
:108FC000380003F05DFA2300C6B250331E700393DD
:108FD000019B29006365380003F03AF9CBB2029394
:108FE000002B02D0039B01361E7000262300503355
:108FF00003931B78B34204D8606D002831D1002060
:10900000DBE7029A2800002A04D0013B1000B3429B
:1090100000D02800F700E719387003F061FB786092
:1090200000280ED03A78019903F0E2F8019A3B78D3
:109030000136D3180E4A0193D369F6B20133D361D6
:10904000D4E7039B18706065A74205D1084A132036
:10905000D36A0133D362B0E7606803F041FA0834A1
:10906000F2E703F03DFA00236365C8E73409FF1F08
:10907000DC65FF1FF7B50D0007000421686803F0E9
:10908000BFFA2B89040003702B891B0A43702B88BD
:1090900083702B881B0AC3702E8902250436F6B212
:1090A000F42E15D81B4B9F4214D10C2003F098F9D5
:1090B0001135011E0CD0902303708E3B0371043BCD
:1090C0004380154B8460C680187803F049FA002568
:1090D0002800FEBD5C237B43104AD318009358330D
:1090E00001931B78002B0FD1030032003800009948
:1090F000FFF742FF019B05001B78002BE8D13800E9
:10910000009903F01DFBE3E7054A0725536A013385
:109110005362DDE7FEFF0000D465FF1F1066FF1FEE
:10912000DC65FF1FF0B587B0009017200F00160018
:109130000193FFF7F2FD1325041E18D00C98031EAF
:1091400002D00199201D9847030AE370052303A963
:10915000A070043008812770009866700B804C6006
:10916000FFF788FF051E02D0200003F0B9F92800A0
:1091700007B0F0BDF0B587B01F000CAB1B780391B2
:10918000059301210DAB06001C78049200F0D6F87F
:109190001425002821D02000FFF780FD0135041E92
:1091A0001BD01149059B0A7803700132D2B2131EFD
:1091B000C68001D101231A000B7022713000049B7C
:1091C00003990097FFF7AEFF051E09D12300210088
:1091D0000648074A093302F0E3FF280007B0F0BD54
:1091E000002363802370F8E7D865FF1F738C00119C
:1091F00030750000F8B505000E00064C064F2368D8
:10920000002B02D03100280098470434BC42F6D12C
:10921000F8BDC0467C66FF1F9066FF1F0123064A0B
:109220005B425380002313715362044A13605360FE
:109230009360D360136170479066FF1F7C66FF1FC9
:109240000200002310B506499C000859002801D1EE
:10925000625010BD0133052BF6D11320F9E7C0464B
:109260007C66FF1F034A5388181A43425841404204
:10927000104070479066FF1FF0B585B002930AABAF
:109280001F780CAB1B88009008000E00019203931E
:10929000FFF7E8FF05001120002D1BD10E48FFF756
:1092A000E1FF04001520002C14D006220B99A771B1
:1092B000E01D02F09DFF019B30002371029B2900FD
:1092C0006371009B66802370039B6562E381FFF7F7
:1092D00091FF280005B0F0BDFFFF000010B5FFF7BB
:1092E000C1FF04000220002C12D060880121FFF78A
:1092F00081FF606A002801D003F022F828220021B3
:10930000200003F0CDF8012300205B426380207130
:1093100010BD000030B5074A074C5588010013788E
:109320000020A54204D05B1A59424B4158421040DC
:1093300030BDC0469066FF1FFFFF0000084A10B511
:1093400001230C00904208D0FFF78CFF031E04D0CD
:10935000037923405A1E9341DBB2180010BDC0466A
:10936000FEFF0000024B1879431E9841C0B27047BF
:109370009066FF1F70B504000D001600FFF772FF26
:10938000002804D10F4B9C4200D0143070BD102334
:109390000279416A134000290AD10520002BF5D03B
:1093A000897E0C20A9428941494249420840EDE7A3
:1093B0000F20002BEAD09207F2D40A38002EEFD00B
:1093C000E4E7C046FEFF0000030010B5002800D10E
:1093D00010BD0348034A41889142F9D09847F7E706
:1093E0009066FF1FFFFF0000002330B5C45CCD5C1A
:1093F0006C40D4540133102BF8D130BD0F23002220
:1094000010B5C45C64002243CA54C25CD209013B5B
:10941000F7D210BD0200010010B52032103102F069
:109420007FFF10BDF0B58DB0059010200793170099
:10943000069102F02DFF0190102002F029FF019B00
:1094400013240290002B05D000280CD1132401987E
:1094500002F076FF029B002B02D0180002F070FF92
:1094600020000DB0F0BD102002F012FF0600102009
:1094700002F00EFF13240500002E00D1B3E00028F7
:1094800019D01022002103F00BF8320029000598B2
:1094900002F046FF041E0ED133787F2B56D83000E1
:1094A0000199FFF7ABFF019B1B787F2B58D80299DE
:1094B0000198FFF7A3FF300002F042FF002D02D019
:1094C000280002F03DFF002CC1D1102002F0E0FE88
:1094D0000600102002F0DCFE0390002E00D180E098
:1094E00000287CD03A0001210F3223001211049190
:1094F00006D013B204930F233B405A4253411BB290
:10950000049A013A1201002B34D0069BD2B298186B
:109510000199039AFFF768FF10220021300002F042
:10952000BFFF049D069F013DADB22D017D19AF42E5
:1095300042D0002C33D0300002F002FF039B002BFE
:1095400000D184E7180002F0FBFE80E7290030001C
:10955000FFF754FF28002649019AFFF745FFA2E7CD
:1095600029000198FFF74AFF28002149029AFFF7D6
:109570003BFFA0E70F2506993D408A1808A8D9B2FD
:109580008D4207D9D15C19540133102BF7D1039ABE
:109590000299BFE7691A4F427941C901F3E73900DF
:1095A000300008AAFFF720FF3200059808A902F052
:1095B000B7FE10370400BAE7002CBCD13000039985
:1095C00008AAFFF711FF320008A9059802F0A8FECB
:1095D000082204003100079802F00AFEABE71324CA
:1095E000A9E71324AAE7002800D069E72EE7C046C0
:1095F000F8C90011F0B58BB00F00160002250090DD
:1096000000283FD0002A3DD00B1DDBB2180002938A
:1096100002F03EFE1135041E34D0FDF73BFD05007F
:109620003A000099201D02F0DBFDEBB20393E370DA
:109630002B0CDBB22F0A00936370FFB22B0E23704A
:10964000A7700193FDF720FD1022010006A802F08B
:10965000C7FD2100029A04AB06A8FFF7E3FE051E32
:109660000DD1039B08223370009B04A9B370019BAA
:109670007770F370301D02F0B3FDFDF711FD20008F
:1096800002F05EFE28000BB0F0BDF0B58FB00D000B
:10969000149E039004920593002A03D10224200013
:1096A0000FB0F0BD002EF9D00398FFF7DBFD1424B6
:1096B000071EF4D07278337812021A43B3781B0471
:1096C0001343F27812061A43036A0192934201D3BC
:1096D0000133E3D1002D03D03B7901249B07DED574
:1096E0000822002106A802F0DBFE059B13240433A8
:1096F000DBB21800029302F0CBFD051ECFD0059A15
:109700000499043002F06CFD04223100280002F0BC
:1097100067FD3900102210310AA802F061FD29000E
:10972000029A06AB0AA8FFF77DFE041E0FD108229D
:1097300006A908A802F054FD0822311D08A802F06D
:1097400027FE012807D101990398FDF7BDFC2800E9
:1097500002F0F6FDA3E70124F9E7000070B51C4C08
:1097600005002368181E10D0002D14D11A78002A85
:109770000CD1981C083202F03BFD02F0E9FD0135E6
:10978000002808D123681D70012070BD0A3318001D
:10979000082202F02DFD2368002BF5D0122002F0E4
:1097A0001FFE061E0DD0C1232168037045700231D3
:1097B0001022023002F01CFD23683100587802F0BC
:1097C000CFFE206802F0BCFD00232360DCE7C0462A
:1097D000B866FF1FF8B504002020FDF749FB0D4EC9
:1097E000A700BB590500002B0DD000280BD0D8785E
:1097F000FF2809D108492A000C55F35907480333BB
:10980000611802F0CDFCF8BD290002F081FE0028AD
:10981000F0D1F8E7D466FF1FBC66FF1F25AA001130
:1098200070B5064D84006359002B05D0D87802F03E
:1098300027FFFF226359DA7070BDC046D466FF1F50
:1098400070B506008CB00C0015000021302268466F
:1098500002F026FE31001022684602F0C1FC1D20F5
:1098600021000322684402F0BBFC6846FFF7D2FDEA
:109870002D21040003222800694402F0B1FC2000DD
:109880000CB070BDF0B50400170097B001931CAB8D
:109890001D7830221EAB00910AA800211E7802F02C
:1098A000FFFD2100102202AC0AA802F099FC102250
:1098B0000021200002F0F4FD07223900200002F010
:1098C0008FFC07220199A01802F08AFC33005A1E6F
:1098D0009341A3732B005A1E93410021102206A826
:1098E000E37302F0DDFD06221D9907A802F078FC63
:1098F0001A2006221F99001902F072FC102200990A
:109900000EA802F06DFC10230EAA11782078013BFE
:109910004140DBB2117001340132002BF5D10AA8AD
:10992000FFF778FD102212A904000EA802F060FCD7
:10993000102206AB0EA908781D78013A6840D2B211
:10994000087001330131002AF5D10AA8FFF762FD42
:10995000044310222098E4B212A902F041FC200036
:1099600017B0F0BD70B50E0014008CB001001022CD
:1099700068461D0002F034FC3100082204A802F001
:109980002FFC2100082206A802F02AFC6846FFF7F7
:1099900041FD04001022280008A902F021FC20004B
:1099A0000CB070BDF8B506000D0000243719AC42AC
:1099B00000D3F8BD02F06CFD030A3B70631CDBB200
:1099C00001379D4203D90234F054E4B2EEE71C00A3
:1099D000EDE7F7B507000C000225002818D0002994
:1099E00016D001AE03213000FFF7DCFF3F23B27831
:1099F00031001A400133134338002200B370FFF7DF
:109A00001FFF051E04D103223100E01C02F0F0FB11
:109A10002800FEBD03785807DA08C00FD200800086
:109A20009B0710439B0F1843C0B2704707230B409E
:109A3000C908C9000B4303707047000070B50400EB
:109A4000FFF7EEFE134DA4006359002B21D0186AD6
:109A5000002801D002F074FC2B59986E002801D028
:109A600002F06EFC2B59D86E002801D002F068FC81
:109A70002B59186F002801D002F062FC2B59586F47
:109A8000002801D002F05CFC285902F059FC0023A8
:109A90002B5170BDD466FF1F0E4B8000C35870B5AC
:109AA0000C00002B0FD09D68002D0CD02B78201DB2
:109AB0000B706B784B70A97CFFF7B8FF2B7E23727D
:109AC0006B69E36070BD10220021200002F0E8FC09
:109AD000F8E7C046D466FF1F014B18607047C046C8
:109AE000D066FF1F074A03008000825810B5002A85
:109AF00006D0D088984203D1012901D1FFF79EFFFB
:109B000010BDC046D466FF1FF0B5254E95B0870046
:109B10000B93BB590500099112200A92002B2FD0FC
:109B2000D888FFF79FFB04001420002C28D02800C1
:109B300010A9FFF7B1FFBB591E781F6A002E21D074
:109B4000FDF7E8FA07900020FDF7EAFA0890A579FA
:109B50003800E61D10AF0CA900F0E2FA0EA938009B
:109B600000F0D7FA0B9B0A990493089B099801937C
:109B7000079B0396009302950EAB0CAAFFF782FE9B
:109B800015B0F0BDFDF7C6FA05003000FDF7C8FAC4
:109B9000A37906000793E31D089310A8DBE7C046EE
:109BA000D466FF1F30B50D4C85002A59030085B0DF
:109BB0000120002A0DD018006946FFF76DFF2B59D0
:109BC000D8881B78002B06D0054B6A46072100F089
:109BD000DAFB05B030BD034BF7E7C046D466FF1F84
:109BE00013A1001121A1001130B5094C850029599C
:109BF00085B010226846253102F0FAFA2A5911215F
:109C0000044BD0886A4600F0BEFB05B030BDC046AC
:109C1000D466FF1FBDA1001130B5094C850029593C
:109C200085B010226846353102F0E2FA2A59112136
:109C3000044BD0886A4600F0A6FB05B030BDC04694
:109C4000D466FF1FFBA10011F8B54D4F8600102010
:109C5000F4590D0002F01CFBF3592062186A13221C
:109C600000286DD02900033A9C6802F0C1FAF3592C
:109C7000197800295AD1227D186A94466646027BDB
:109C80000F0072400126324201D167463740227DE3
:109C9000B2433A432275077BD6B27A400027920737
:109CA00001D4B607F70F0226227D7F00B2433A4364
:109CB0002275067BD7B272400026B446520702D402
:109CC0007F07FA0F9446624604269700227DB2432E
:109CD0003A432275627D002794466646427B724075
:109CE0000126324201D1674637400126627DB243E8
:109CF0003A436275477BD6B27A400027920701D477
:109D0000B607F70F0226627D7F00B2433A436275C1
:109D1000407BD6B242400020520701D47607F00FB4
:109D20000426627D8000B243024362756A78002A8D
:109D300008D06278002A05D005220533DA770022A0
:109D40001000F8BD04222879104205D1A07C1042F1
:109D500002D10533033AF1E720782C78002902D1AB
:109D600002002000140018220428E9D8042CE7D8A7
:109D700005216143034A05335218125CDEE7C046F1
:109D8000D466FF1F08CA001110B50A001121024B4A
:109D900000F0F9FA10BDC04657A200110B0030B513
:109DA00087B001AD2B806B4604001100981D08227E
:109DB00002F01EFA2A000B212000024B00F0E3FA09
:109DC00007B030BD7FA2001110B50A001121024B6F
:109DD00000F0D9FA10BDC046D3A2001137B56D46C8
:109DE0000B0004001100681C06222B7002F000FA20
:109DF0006A4608212000024B00F0C5FA37BDC04674
:109E0000F3A2001110B50A001121024B00F0BBFAB9
:109E100010BDC04643A300117FB505000B4BAA003F
:109E2000D4580800002C0FD0666F237FE288217879
:109E30000396266F0296E66E0196A46E0094FDF7D7
:109E4000FFFB2800FFF7FAFD7FBDC046D466FF1F69
:109E500010B51721FFF7E0FF10BD000070B50A0034
:109E60000D00064B0221040000F08DFA060029784F
:109E70002000FFF7D1FF300070BDC04623A20011C3
:109E8000F0B587B000236C462370836805001E7808
:109E9000701E0A2857D801A902F0C2FB0606313508
:109EA000393D4145494D5100180000F040F9062365
:109EB000122849D000281AD16888FFF7D3F908235F
:109EC000002813D04279002A44D1254B1A78072361
:109ED00012070BD5234B1A680723002A06D01768F0
:109EE000002F03D0310001AAB84703002370237864
:109EF000002B2AD16888FFF76DFC07B0F0BD180071
:109F000000F06CF9D6E7180000F087F9D2E71800E6
:109F100000F093F9CEE7180000F0ADF9CAE7180099
:109F200000F0C3F9C6E7180000F0F6F9C2E7180020
:109F300000F0F6F9BEE7180000F013FABAE71800CF
:109F400000F013FAB6E70723237021006888FFF7B3
:109F500085FFD2E70523012AC8D1034BBBE7C046E2
:109F60006165FF1FCC66FF1FD066FF1FF8B52C4F41
:109F70008600F35904000D00002B40D0DA8882429D
:109F80003DD15A78062A33D11A78002A2ED00120E2
:109F900099681A6A097D014206D0157B054203D0F3
:109FA00007225A700120F8BD0220014204D0157B1F
:109FB000054201D00922F4E70420014204D0127BBB
:109FC000024201D00B22ECE7164B1B68002BE9D0B4
:109FD0005B68002BE6D020009847BB5900215B78D6
:109FE000122BDFD12000FFF717FFDBE70E4BECE76A
:109FF000112A04D1002900D032252900F2E7002DD2
:10A0000008D12000FFF72EF9002803D01023027991
:10A010001343037121002800FDF792FAC2E7C046FE
:10A02000D466FF1FCC66FF1FD066FF1F70B50E4EB3
:10A030008500AB590400002B13D01B78002B11D1E5
:10A040000A4B1B68002B04D05B68002B01D020005A
:10A05000984773595B78122B03D100212000FFF73A
:10A06000DBFE70BD024BECE7D466FF1FD066FF1F1E
:10A07000CC66FF1F094B8000C3581020002B0CD06A
:10A080001A6A002A09D09B68002B06D0127A1B7E20
:10A09000101C9A4200D9181CC0B27047D466FF1F2A
:10A0A00070B503000D0014000220002A30D00029F2
:10A0B0002ED013700B78081D53704B789370FFF7F8
:10A0C000A9FCE070012002212B7A23716B7B0340F5
:10A0D00063716A7B0A401343042263716E7B1640EE
:10A0E000334363716E7BF608F600334363712B7B59
:10A0F0000340A371287B014000200B43A371297BFF
:10A100000A401343A3712A7BD208D2001343A371E0
:10A1100070BD10B50A0001000120FFF7C1FF10BD9E
:10A1200010B50A0001000220FFF7BAFF10BD70B59C
:10A1300006000C000220002E30D000292ED07378AB
:10A14000201D0B70B3784B70F178FFF76FFC012284
:10A150003579257271794B100800134093401040F7
:10A160000343881010408000C9080343C9000B4313
:10A170006373B1794B1008001340934010400343C0
:10A18000881002409200C9081343C9000B432120E4
:10A190002373FCF76DFE854201D2122070BD222090
:10A1A000257AFCF765FE8542F7D823781820042B22
:10A1B000F4D86378012BF1D80020EFE7030010B545
:10A1C0000220002909D0002B07D00322481C0A7066
:10A1D00019000D3202F00CF8002010BD030002221D
:10A1E000080010B5002B06D0002904D00E32591CEF
:10A1F00001F0FEFF0022100010BD030010B5022088
:10A20000002909D0002B07D00422481C0A7019002D
:10A210000C3201F0EDFF002010BD10B5FFF7DEFF9E
:10A2200010BD03000220002906D0002B04D0052217
:10A2300000200A701B784B70704703000220002B2F
:10A2400008D0002906D05B7800200B70013B082B5A
:10A2500000D918307047030010B50220002909D03A
:10A26000002B07D00622481C0A7019000A3201F0A0
:10A27000BFFF002010BD10B5FFF7B0FF10BD0200FA
:10A280000B00022010B500290ED0002A0CD00721A7
:10A290001970118859701188090A997011180822CB
:10A2A000D81C01F0A5FF002010BD03000A00022009
:10A2B00010B5002B0CD000290AD0997858780902E3
:10A2C00001431180901CD91C082201F091FF00204D
:10A2D00010BD030010B50220002909D0002B07D0C3
:10A2E0000822481C0A701900921801F081FF002012
:10A2F00010BD02000B00022010B500290BD0002A6F
:10A3000009D009211970117818185970511C0622AA
:10A3100001F06EFF002010BD10B5FFF75FFF10BD0C
:10A3200002000B00022010B5002A09D0002907D036
:10A330005178197011180622581C01F059FF00209D
:10A3400010BD030010B50220002909D0002B07D052
:10A350000A22481C0A701900063201F049FF002049
:10A3600010BD10B5FFF73AFF10BD02000B00022030
:10A3700010B5002A06D0002904D018005178FFF744
:10A3800055FB002010BDF0B51F00062387B003ADBC
:10A3900006000800298101922B80FEF7BEFC1324E1
:10A3A000011E68600CD00198B847041E05D1290031
:10A3B0003000FEF76DFA041E02D0686802F090F8D3
:10A3C0003000FFF707FA200007B0F0BDF0B5040039
:10A3D0008BB0019115000021102202A802F060F854
:10A3E000334EA700B85900283CD0C388A34239D1C6
:10A3F0000378002B36D14278062A18D102000100DA
:10A40000553235310C3006ABFFF7ACFA002829D1B4
:10A410002000FFF72FFE020006A902A801F0E8FEC7
:10A42000200002A902F09CF901200BB0F0BD816E62
:10A43000002917D00B8A112A28D19D420ED10198EC
:10A440001231093A01F0A4FF012807D1BB592000BD
:10A450009D6EFFF70FFE29000200DEE7322120008B
:10A46000FFF7DAFC2000FEF7FDFE061E1BD0416A56
:10A47000002918D00B8AAB4215D10822019812315D
:10A4800001F086FF01280ED1716A0AE09D42E9D1F0
:10A4900008220198123101F07BFF0128E2D1BB595B
:10A4A000996E8A7EB9E7200002F04AF8BCE7C04600
:10A4B000D466FF1FF0B56E4D87007E5985B03378A6
:10A4C00002900393002B00D085E0B368346A0193B7
:10A4D0007078062817D101221B7D134202D0217B00
:10A4E000114218D10222134202D0217B114251D1D4
:10A4F0000422134203D0237B134200D08EE0019B41
:10A500005A7DEB5982E007380428F8D802F088F821
:10A51000032E42658600B36E002B03D11C2001F090
:10A52000B7FEB066EB599C6E002C1CD010220021A7
:10A53000200001F0B5FF0298FFF79CFD010020000C
:10A54000FFF730FA01F0A4FF20822000082112302A
:10A55000FFF728FA0298FFF78DFDA076EB5921004E
:10A56000D888FFF711FC0822EB591CE0B36E002BD2
:10A5700005D01A00198AF0881232FFF70FFC022268
:10A58000019B197DEB59114250D0207B10424DD0D8
:10A59000073208E0F488FCF7D5FD01002000FFF742
:10A5A00013FC0A22EB595A705A78073A042A12D837
:10A5B000D888FEF757FE002856D0C3895A08D2180B
:10A5C0002C49029B0298CB549B00EB584118043352
:10A5D000294801F0E5FD05B0F0BDFCF79BFD030047
:10A5E0000120834201D100200393EB59DE88FCF760
:10A5F00097FD039902003000FFF7F0FB019AEB5939
:10A60000117D0422114218D1019A527D01210A4282
:10A6100018D0607B084215D00C22C4E7F688FCF7FE
:10A6200033FD01003000FFF7EDFB68E70422114223
:10A63000EAD0217B1142E7D0AAE7217B1142E3D087
:10A640000B22B0E702210A4204D0607B084201D00D
:10A650000E22A8E704210A4204D0627B0A4201D0FC
:10A660001022A0E712229EE7FA225200A8E7C04675
:10A67000D466FF1FD866FF1F2FAA001110B5064B26
:10A680001A780423100018401A4200D00348FFF73C
:10A6900023FA002010BDC0466165FF1F4443FF1F21
:10A6A00070B50400FFF7D0FA051E43D12000FFF774
:10A6B00079FA234EA400A0598268937CDB0708D561
:10A6C0000321036A1B790B40012B02D1017F0B434D
:10A6D0000377431DD97F8B1E022B0DD8022900D092
:10A6E0000121C088FCF784FF042133591A7F597077
:10A6F0000A431A77280070BD01290CD102231022C9
:10A70000437000210C3001F0CBFE30591021353060
:10A71000FFF748F9EEE70529ECD10223D118437081
:10A7200010220C3001F064FD04233259117F0B43D9
:10A730001377EAE708251828DCD1053DDAE7C0469B
:10A74000D466FF1FF0B58BB0059143887C4F9E0007
:10A75000F45915000493002C15D1012902D00020D2
:10A760000BB0F0BD101D57781678FFF753F9EB6862
:10A77000320002932B7A0499019300903B00200051
:10A78000FCF700FFEBE7E388049A934201D008202E
:10A79000E6E72378012B00D1D0E0059B581E09285D
:10A7A00000D9CBE001F03CFF05CA0A29C8506C85EE
:10A7B0009AB229000498FFF773FFD1E7200029001F
:10A7C0001022453001F014FDB9594B78042B02D109
:10A7D000013B4B70C3E70B000A00253335320C31C7
:10A7E0000498FFF791F90498FFF7FEF90522431E3C
:10A7F0009841BB59C0005A70B2E7200029001022CE
:10A80000553001F0F5FC049B4D4C9D0029590498EE
:10A810000A0006AB55320C31FFF776F929591022A0
:10A82000453106A801F0B4FD012808D10498FFF7CE
:10A83000F3F90590002804D106222B595A70059887
:10A840008EE708230593FAE763780C2B76D1E36E45
:10A85000002B03D11C2001F01BFDE066BB59D86E14
:10A8600000286BD01022290001F0C2FCBB590498CB
:10A87000DC6EFFF7FFFB0D22A076BB595A706EE726
:10A88000E06E00285AD063780D2B57D12B88082210
:10A890000382A91C123001F0ABFCBB599A68517DB0
:10A8A0000222114226D0186A407B104222D00C327C
:10A8B000E4E763780E2B41D1236F002B03D11620E0
:10A8C00001F0E6FC2067BB59186F002803D0102266
:10A8D000290001F08DFC0F22BB59CFE763780F2BC5
:10A8E0002CD1206F0622691C103001F081FCBB596D
:10A8F0009A68517D0422114203D0196A497B1142A2
:10A90000D5D100210498FFF787FA28E7606F002867
:10A9100008D1143001F0BCFCBB596067586F0028A7
:10A9200000D134E71022290001F062FC0122BB595A
:10A9300052425B6F1A61E4E72978E3E707200FE7EB
:10A94000D466FF1F10B5064C207001F051FE0621A1
:10A950002078FDF78DFF0348FEF772FC10BDC0465E
:10A96000E766FF1FE59A001100200BB270B50D00DD
:10A97000834216DA264B187801F0E2FB041E0DD054
:10A980000378922B0ED0A02B37D0224B1878FF28BB
:10A990003AD0210001F0E4FD002835D180200002EA
:10A9A000684070BD43780E2B0BD03E2BEDD18378E1
:10A9B000052B12D0082BE8D181798088FFF7D6FAD1
:10A9C00008E0154B82889A42DFD183681878591CB9
:10A9D000FEF7C4FE0028D8D016E0104B1B785B07AA
:10A9E00012D50F4B1B68002B0ED09B68002B0BD091
:10A9F000C289811D80889847ECE7FFF741FAA0687B
:10AA0000002801D001F06CFD200001F079FDC5E7C0
:10AA1000E766FF1F3D43FF1F182000006165FF1F11
:10AA2000D066FF1F10B50078FFF712FA10BD10B501
:10AA30000078FFF7FBFA10BD0C234343084A10B51A
:10AA40009B185A68002A03D0012901D1904710BDF4
:10AA50009B68002BFBD00029F9D19847F7E7C04647
:10AA60000467FF1F01238340094A10B5946B1C4300
:10AA70009463506B98435063D46B20009843012932
:10AA800001D120001843D063116B0B43136310BD39
:10AA900000800040F0B500240127154B85B0DA6B2B
:10AAA000144E03921A6C0192DA64019BE3403B421C
:10AAB00017D0039DE5403D400295E5B2029928007C
:10AAC000FFF7BAFF316A736A002908D03900002BFA
:10AAD00001D0029979402800FFF7C4FF01E0002B64
:10AAE000F9D101340C36172CDFD105B0F0BDC046CA
:10AAF00000800040E866FF1F064B01215A68C240F3
:10AB00000A4204D01B68C3401800084070471B6D00
:10AB1000F9E7C046008000400122064B8240002930
:10AB200003D0D9680A43DA607047D9689143D96085
:10AB3000FAE7C046003800400322424370B50F4D8B
:10AB4000AB189C785E780123361B0136B340013B7D
:10AB5000A340A140DB430C00122808D8525D0849ED
:10AB600092005218116819402143116070BD054AC6
:10AB700011680B4023431360F8E7C0464FCA001129
:10AB800008F0004014F00040C21F70B5D4B2062394
:10AB9000092C0BD80125084C9540002908D000212C
:10ABA000FFF7CAFF23682B4323600023180070BD02
:10ABB0002368AB43F8E7C04600380040214BF0B5AE
:10ABC0001B185B78022B21D1032444431E4A1F4EDD
:10ABD000A35C12199478012215008540B76B013CE3
:10ABE000E4B23D43A240B563194C122815D89B002E
:10ABF00000290CD117495B1899680A439A60012310
:10AC0000205C154A834011680B431360F0BD114965
:10AC10005B18996891439960F1E70E4B00290DD1BB
:10AC200059690A435A61225C1328E8D00123203A6B
:10AC300093400A49086803430B60E7E75969914369
:10AC40005961F0E7E866FF1F4FCA0011008000401D
:10AC500094CA001100F00040A0F00040A4F00040B1
:10AC6000F8B500241B4E1C4D1C4B1B5D012B1FD146
:10AC7000194A9269E2401A420BD00122B25693401F
:10AC80002200143AD2B2022A09D815494A6913435C
:10AC90004B61013402360C35172CE5D1F8BD00228A
:10ACA000B2560F499200521891680B439360F0E737
:10ACB000022BEED1E7B23800FFF71EFF0123584008
:10ACC000C1B23800FFF77AFF3800FFF715FF687749
:10ACD000DFE7C04621CA0011E866FF1FE966FF1FD3
:10ACE00000F00040012202388240054B002903D0C9
:10ACF00059690A435A617047596991435961FAE7A2
:10AD000000380040F8B50E0001210F008740114ABD
:10AD10000400D368FD43BB43D360831E8B4201D83C
:10AD2000FFF7E0FF00212000FFF72EFF0A4A0B4B40
:10AD30005168012E05D139431B1951605E70002006
:10AD4000F8BD2940516002221C1962709A691540B1
:10AD50009D61F4E70038004000800040E866FF1F76
:10AD6000012210B58240074B002906D019680A431A
:10AD70001A600121FFF7C6FF10BD196891431960E1
:10AD8000F7E7C046008000400C2370B50025434320
:10AD90000A4A29009B181D70094B04001B185D709E
:10ADA000FFF7B0FF0123A340064928000A681A43B1
:10ADB0000A6005490A689A430A6070BD0467FF1F6C
:10ADC000E866FF1F348000403080004070B504000A
:10ADD0000E00FF2813D003250540FFF7D5FF084AD2
:10ADE000A3089B009B183F22ED00AA40AE401968C3
:10ADF00020009143314319600121FFF78DFE70BDA2
:10AE000018380040F8B50C244443134B0500E418EF
:10AE10006368002B03D1A3681220002B1AD00222F2
:10AE200001270E4B00215B195A7028002770FFF78D
:10AE300069FF63681E1E08D0A3683E00002B04D083
:10AE40002800FFF759FE4640F6B228003100FFF710
:10AE500009FE0020F8BDC0460467FF1FE866FF1F1B
:10AE6000F7B5C420FF222A4B8000195800259143D2
:10AE70003F3A0A431A508022264E5202264F1A6049
:10AE8000264B5C5D002C22D0AB1E012B03D8012188
:10AE9000E8B2FFF727FF012C19D11E4B9B69EB404D
:10AEA000234214D0EBB218000193FFF725FE0100F6
:10AEB0000198FFF755FF0123FB569C40EBB2143B72
:10AEC000E443022B1AD8164A536923405361337F57
:10AED000002B0DD0ECB22000FFF794FF2000FFF70D
:10AEE0000BFE737F0100834202D02000FFF7A4FD18
:10AEF00001350C360237172DC2D1F7BD0023FB56A2
:10AF0000074A9B009B189A6814409C60DFE7C04684
:10AF100000E100E0E866FF1F21CA0011E966FF1F9B
:10AF200000F0004070B50E0015000400FFF72CFF84
:10AF30000C236343094A20009B189D605E60FFF765
:10AF400061FFF021064B074A8900051E5A5002D0C6
:10AF50002000FFF719FF280070BDC0460467FF1FDF
:10AF60000000FF1F95AA001170B5134D07202C7823
:10AF7000002C1FD1982221005200280001F0F8F87F
:10AF80000123C420FF222B700C4B80001C635C63E8
:10AF90000B4B1C605C600B4B195891433F3A0A43C2
:10AFA0001A50802252021A600D20074A074901F008
:10AFB000BFFB200070BDC046E866FF1F0080004058
:10AFC000A0F0004000E100E061AE001161AC0011B2
:10AFD000F7B5050001282BD00B220827184C0123B8
:10AFE0009340184A184ED3676B010193F318187CED
:10AFF000FF2802D00021FFF78FFD6B01F61800211A
:10B00000707CFFF789FD00268023380023732671AA
:10B01000267026732672666001F08AFA380001F005
:10B02000B7FA0A4BB54207D1EB2292009D50F7BD0B
:10B0300011221927064CD2E7F12292009E50F6E722
:10B040000040004004E100E09C68FF1F0000FF1F7B
:10B0500000900040F0B585B0060001F091FB039030
:10B060003000FFF7B5FF012E00D17AE00523082755
:10B070000293013B0193434C07330093424D73010C
:10B08000EB181A7CFF2A02D15B7CFF2B67D03800BB
:10B0900001F02EF9380001F04BFA7301EB18187C1F
:10B0A000FF2802D00221FFF747FD7701ED190221A9
:10B0B000687CFFF741FD287C0199FFF787FE687CDB
:10B0C0000299FFF783FE002323736969039A4B08F3
:10B0D0001011C01801F0D4F90023236180332373C9
:10B0E000030ADBB22371EB7EC0B22070002B41D08B
:10B0F0001B232373244BDA19117E012200293BD034
:10B1000007212172626061687F320A43DB199B7EEE
:10B110006260002B03D002236268134363601B4A02
:10B12000002E2BD1EB211A4B89005350009B194A5A
:10B130009B089B009B180322009CC0202240FF24F8
:10B14000D200944080001958A143802494402200EA
:10B150000A431A500123009A93400E4A136005B027
:10B16000F0BD09230293013B0193093319270A4CCF
:10B17000009383E70323BCE72172C7E7F121074B64
:10B18000D2E7C046004000409C68FF1F0000FF1F40
:10B19000051BFF1F00E100E000900040451BFF1F62
:10B1A00010B50020FFF756FF10BD10B50120FFF7C6
:10B1B00051FF10BDF0B587B005930CAB1D78174F4C
:10B1C0006E01F35D029002AC112003910492002BFA
:10B1D0001ED1637A0C380193002B19D1190020225B
:10B1E000F01900F0C5FF0E4BF31807CC07C39C46BF
:10B1F0006246236828001360FFF72CFF0123F355F4
:10B20000002D07D129000820064A01F091FA0020FC
:10B2100007B0F0BD1920044A0199F6E79C68FF1FAA
:10B22000AC68FF1FA1B10011ABB100117622014B38
:10B23000DA60704700200040030010B50620072B9D
:10B2400009D8054A137001F0FBF8D7210020034B01
:10B25000034A89005A5010BD6C43FF1F0000FF1FB6
:10B26000851BFF1F70B51D0002240C2910D8094A48
:10B27000CA40D2070CD5FBF707FE041E08D1059A79
:10B2800004992800FBF71CFEFCF788FCFFF7F6F991
:10B29000200070BD1210000030B50D7802232C0084
:10B2A0009C43184201D02B431C0008252300AB43CC
:10B2B000284201D02B00234320241D00A543204217
:10B2C00001D01C4325002A230D70184204D01178A8
:10B2D0001E3B0B43137030BD0028FCD10C211378AA
:10B2E0008B43F7E7F8B51D0006AB1B88140007AACF
:10B2F0000E000B201778002B27D10A78022A49D19B
:10B300004A68507811780002244A084380180428BB
:10B3100040D801F085F903121D1B2300F06801F0ED
:10B3200017FA021CC0B2B84200D93A1CD2B22000AF
:10B33000F1682A8000F05CFF06E00222F3681B88B7
:10B340002A8023701B0A63700020F8BD0622EEE7F6
:10B3500001232B80F3681B782370F5E7F368002B3B
:10B3600016D008222A801A8822701A88120A62705F
:10B370005A88A2705A88120AE2709A8822719A88B2
:10B38000120A6271DA88A271DB881B0AE371DBE7BB
:10B390002B80D9E701202B80D7E7C04600D6FFFFDE
:10B3A000F7B516000A781D0008AB1F880C000123B2
:10B3B000022A18D14A685078117800022B4A0843B3
:10B3C000801803280FD801F02BF902254439E068D2
:10B3D00001F0BEF9C0B20723B84204D37B19019330
:10B3E000152B02DD0D231800FEBDE0682A00310098
:10B3F000C01900F0FDFE6B4600209B88E268D05427
:10B400001B4B1B68834203D01B68834200D09847C4
:10B410000023E8E70B23002FE5D1022DE2D173785A
:10B4200032781B021343E2681380114B1B68002B18
:10B43000EED01B68002BEBD00120E8E70B23002F98
:10B44000D1D1062DCED12A003100E06800F0D0FE27
:10B45000DEE70B23002FC6D1012DC3D1327875331F
:10B46000012AC0D8E3681A70D2E7C04600D6FFFFB1
:10B47000F468FF1F70B50C001500072837D801F0DD
:10B48000CFF8041436361B36242E182015290BD875
:10B49000184E16220021300001F002F82200290087
:10B4A000300000F0A5FE002070BD18200229FBD15D
:10B4B0001288114B1A80F6E718200829F4D10A00E7
:10B4C0000E48290000F0FCFFEDE718200129EBD120
:10B4D0000B4B10780B49DA69FFF7DEFEE3E7182023
:10B4E0000129E1D1064B10780749DA6BF4E7022015
:10B4F000DAE7C046DC68FF1FEA43FF1FE043FF1F97
:10B500007043FF1F9843FF1FB843FF1F030010B590
:10B510000020DB0704D50721024A034800F08CF81D
:10B5200010BDC046ACCA00117043FF1F054A03009E
:10B530001068002803D082889A4201D18068704741
:10B540000068F6E7EC6AFF1F0A88030008009A42C9
:10B5500004D08A8804309A4200D00020704700004E
:10B5600073B506006846150001960180FCF748FE99
:10B57000041E11D1002D0FD07689002E11D00C2081
:10B5800000F086FE00280ED0084A0460136886800A
:10B590008560002B02D11060200076BD1A001B6868
:10B5A000F7E70224F8E71324F6E7C046EC6AFF1F2A
:10B5B000F8B5F22200230D4F0D4E79680500424385
:10B5C0003370994200D07B600A4C0021200000F0CB
:10B5D00067FF00231A007C609D4201D13570F8BDE1
:10B5E00001332280DBB2F234F6E7C046E46BFF1F82
:10B5F000E26BFF1FF06AFF1F012100220A4B10B50A
:10B6000049420A4C198099809A719A70084B2070AF
:10B61000012019805A60FFF7CBFF2078FCF74EFE1F
:10B620000448FDF70DFE10BDFC68FF1FEC6BFF1F0B
:10B63000E46BFF1FE5B60011022310B5002802D00D
:10B64000FFF78EFF0300180010BD0000030010B5C7
:10B650000020DB0704D50421024A0348FFF780FFDE
:10B6600010BDC046C0CA0011F043FF1FF0B50E2642
:10B6700087B003930CAB1F8802ABF61805000800D7
:10B6800031000292FCF744FF04000120002C0FD08F
:10B690003088FFF74BFF03000E20002B08D05E68B8
:10B6A000002E05D021002800039B029A0097B04786
:10B6B00007B0F0BD0A4B10B5984207D10122002314
:10B6C00052420A808B708A808B7110BDFFF73CFF5D
:10B6D0000028FAD001235B42038000238370F4E743
:10B6E000FFFF0000F8B5050001290AD1134E002420
:10B6F0003388F227AB4219D028001149FFF7DAFF4F
:10B7000006E0022904D10139FDF718FE0028EDD02A
:10B71000F8BD3B0063437268D018D35A002B09D0A0
:10B720003A00002100F0BCFE0134E4B2054B1B7866
:10B73000A342EED801235B423380DDE7E46BFF1FB9
:10B74000FC68FF1FE26BFF1F10B5FFF7FDFE030053
:10B750000020834200D0987810BD0000F0B589B079
:10B760001C000EAB80CB03901E8810AB1B7804929C
:10B7700002930B7A0D00DB0616D42B780593022B6F
:10B7800024D00498FFF7D2FE002812D003689C460C
:10B79000002B0ED0029B2200019329003B0064463F
:10B7A00003980096A04705E00498FFF7BFFE002825
:10B7B00002D10E2009B0F0BD8368002BF9D00A2217
:10B7C0002900039898470028D7D0F3E76B6858788A
:10B7D0001A786A4B000210439842D2D8043B984230
:10B7E00010D2674B984242D015D8664BC01801283A
:10B7F000C7D80B20002EDDD1EB681A7859683A8043
:10B80000200028E0604BC018032800D978E000F041
:10B8100007FF836A779D5D4B9842B2D10B20002EC3
:10B82000C8D101233B80EB6831001B782370688905
:10B83000013080B2FCF76CFE3A88031E0ED001780E
:10B8400002328A183A80428962704289120AA270D2
:10B8500059680278E01C00F0CBFC06E004323A8024
:10B8600031000422601C00F01BFE0020A2E70B2028
:10B87000002E9FD1EB6807A91E8804233B80330A62
:10B88000300026706370FCF743FE051E28D004AB21
:10B890009A890E2304A95B183D49C668FCF7ACFEE3
:10B8A00000280BD12B783B486A680599FBF75EFAB4
:10B8B000002803D1012304AA5B42D3813278022AF3
:10B8C00006D17168201D00F093FC3B8802333B8059
:10B8D0000E2304AA9B181B88A3701B0AE370C4E7FD
:10B8E00004ABDE81F4E70B20002E00D062E7E968AC
:10B8F0000398FFF729FF02233B8020706670B4E7AE
:10B900000B20002E00D055E70222EB681B883A80FE
:10B9100023701B0A6370A8E7E86800F019FFC2B241
:10B9200003000720B24200D244E70DD00299DBB2F7
:10B930007118994202DB921BD3B20293029BE96811
:10B940001A003B8089195BE70023F6E70B20002EE5
:10B9500000D02FE70722EB683A801A7822705A78D5
:10B9600062705A88A2705A88120AE2701A7922719B
:10B97000DA886271DB881B0AA37176E7042900006C
:10B980000228000000D8FFFFFFD6FFFF03280000B9
:10B99000FFFF0000F0C90011F0B58DB06B4600202C
:10B9A000089120229B5E83423DDAA54B187800F077
:10B9B000C7FB071E32D00378B02B2CD10079023898
:10B9C00016281FD800F0ECFD17001E001E001E00F8
:10B9D00031001E0094001E001B011E0050011E00BD
:10B9E00071011E00CB011E0050021E001E001E0031
:10B9F0008E021E00B902934B93491B8878880B80F6
:10BA0000FAF7F6FE3800FCF779FE904B1B68002B26
:10BA100001D038009847380000F072FD8020089B64
:10BA20000002434018000DB0F0BDEE220021864810
:10BA300000F036FD0BAA3B7B7989388900923A00E9
:10BA40000D32FCF779FC04007F4B1B78002C3DD1B4
:10BA500044E07F4B7888059306AB9A8A7D4B410082
:10BA6000CB5A7D4E073BDBB20293002321000193AA
:10BA70000096059BFFF772FE734D00280FD13388A7
:10BA80003A8A9A420BD138000599123000F080FCB6
:10BA9000002804D02B7862899B00EB185A80162668
:10BAA00006ABF6189A8A200033007989FCF7A4FDCA
:10BAB0002B7804009A00AA1851880029C4D00133B9
:10BAC000DBB22B70002806D031889180634A12883F
:10BAD0009A42BED802E0012149429180002B04D055
:10BAE00059497888FAF7B8FE8CE73E890A2479E04C
:10BAF00000253E89574B06937B88069A5B009B5A2C
:10BB0000033B9D4202DB002DF0D05BE0162206A82D
:10BB100012183B7B798900923A0030000D32FCF715
:10BB20000BFC0590002858D04689017A7888FCF7EC
:10BB3000CBFB041E44D1464B78880793069B4100FB
:10BB4000C95A454B0439C9B206AAD28A0693029152
:10BB5000019400930599079BFFF700FE041E2FD167
:10BB6000069B39491A88931C002D26D14B80798871
:10BB7000384B4900CB5A5119033B8B4220DD059BC2
:10BB800031485B8941190B71A91C0135C9B2EDB26D
:10BB9000059145191B0A2B71059B2D490433181873
:10BBA00000F026FB2C4B059A1B88D318DDB22C4BDA
:10BBB0009E4205D00136B6B29CE749889942D6D05C
:10BBC000002D0CD0204C2800618800F031FC207042
:10BBD00021007888FAF750FE14E7059CF0E7002C66
:10BBE00000D183E77B78142B00D10BE716493B7912
:10BBF0004E800B700C717888FAF7F0FD02E716247E
:10BC000006ABE41821003889FCF782FC011E00D144
:10BC10008FE1788822880F4C45002C5B0A4D013C4F
:10BC2000E4B2029400240F4B01940095FFF796FDB7
:10BC3000041E00D016E129007888FAF72DFEE1E60F
:10BC4000EC6BFF1FDC42FF1F0469FF1FF868FF1F3A
:10BC5000F869FF1F3465FF1FE86AFF1FDA42FF1F04
:10BC6000FFFF00000669FF1F162406ABE418210041
:10BC70003889FCF74DFC011E00D15AE178882288F2
:10BC8000B24C45002C5BB24D013CE4B202947C897D
:10BC9000B04B01940095FFF761FD041E00D0E1E078
:10BCA00029007888FAF702FEACE60025A84B1D8033
:10BCB0003B00F6331B78A64A78880792AB4208D936
:10BCC000A24B12880693069943005B5A013B9A42A5
:10BCD00003DB0799FAF7F4FD94E616246B00FB18D2
:10BCE000059306ABE418059B21001889FCF710FCAE
:10BCF000011E03D1059B01241E8973E77888964BAA
:10BD00002288069C099343001B5B944E013BDBB2E7
:10BD10000293002300960193099BFFF71FFD041E69
:10BD200002D0059B1E895DE77B88069A5B009B5AC3
:10BD3000079A1088328881188B4203DC1B1A013B5A
:10BD40009AB23280824C02300999001900F050FA00
:10BD50002388328801359B182380EDB2A8E70BAA0F
:10BD60003B7B7989388900923A000D32FCF7E4FA7E
:10BD700000250600002E04D10A24002D00D171E018
:10BD800063E0317A7888FCF79FFA0100041E67D1DE
:10BD90006E4C714B788805940793059B4400E45AD8
:10BDA0006E4B063CE4B206AA928A06930294019175
:10BDB00000933100079BFFF7D1FC041E50D1069B76
:10BDC000634A1B88002D34D104335380604C728940
:10BDD00063191A716B1C9BB2E318120A1A7106AB35
:10BDE0009A8A162306A81B1879893000FCF704FCF0
:10BDF000FF212B1DAA1C9BB20335059306000B00E7
:10BE000092B2ADB2002803D006ABDB8AD9B21B0ACE
:10BE1000A218651911712B71059B504D181D2A88A8
:10BE20004D49201800F0E4F92B88059AD3189DB2EB
:10BE3000A0E751881A1D914207D17A8805995200CE
:10BE4000525AEB18053A9A42C0DC414C28006188EE
:10BE500000F016FB207021007888FAF73BFDD1E551
:10BE6000002DF2D13E89BDE6162606ABF61831004C
:10BE70003889FCF74DFB3D000400FA3500282DD031
:10BE8000037A9B060CD400227B893989788800923A
:10BE90003A000C32FFF7EAFB041E10D03E8915E091
:10BEA0003088FFF743FB00281AD08368002B17D097
:10BEB0002100122278889847041EE4D0EEE72B7800
:10BEC000002B02D17888FAF715FD00262B78002B7D
:10BED00000D097E5002C00D194E583E60124DDE74E
:10BEE0000E24DBE7162506ABED1829003889FCF790
:10BEF0000FFB041E1DD0037A9B0609D4184B7A88C9
:10BF000019888A4263D0174881425FD00924A9E783
:10BF10002888FFF70BFB00280DD08368002B0AD080
:10BF20002100122278889847041EE7D09AE7100073
:10BF300053E0012496E70E2494E7094B7A881B8886
:10BF40009A423FD07888FAF7E7FC5BE53465FF1F3B
:10BF50000469FF1F0669FF1FF869FF1FE86AFF1FDA
:10BF6000E46BFF1FFFFF0000F22305985168434375
:10BF7000CD18C95A00291FD03B7A012B0BD16C88F0
:10BF8000AB887888AA1D0094FFF770FB041E02D0CE
:10BF900000233B722E88F2220021280000F080FA54
:10BFA00000232B80059B0133DBB20593144B0599CD
:10BFB0001B78144A8B42D7D801235B421380002C94
:10BFC000C0D00FE6002634000596EFE71A805868C7
:10BFD0000B4B1A78F22353431B18984296D0020059
:10BFE0000188F2320029A2D13C0008342100F2225B
:10BFF00000F0FEF821007888FAF784FC02E5C046DC
:10C00000E26BFF1FE46BFF1F70B504000E0015000C
:10C01000FFF79AFA031E08D131000548FFF794FA9A
:10C0200003001120002B02D01C8000209D7070BDE9
:10C03000FFFF0000F8B50B4F06003B780D00140021
:10C04000FF2B0ED00A2000F0CBF9011E09D0B1233E
:10C050000380002346800371C5800481387800F096
:10C060007FFAF8BD3144FF1FF8B50F0006A906009E
:10C07000088807A90B25098800281FD10235022B43
:10C080001CD15478137824021C43230073358B434E
:10C0900014D1FD6830002900FFF756FB84420CD014
:10C0A000290022003000FFF7AFFF1125002805D13D
:10C0B000220030007989FFF7BDFF00252800F8BD78
:10C0C000F0B50E7885B003900AA805880120022EED
:10C0D0000DD14C682778647824023C43054FBC425C
:10C0E00005D10398DBB201960095FFF7BDFF05B0BF
:10C0F000F0BDC04602290000034B10B51B68002BA1
:10C1000000D09847FEE7C046F06BFF1F07B501A8B7
:10C11000FFF7F2FF044A05480021121A00F028F840
:10C12000F7F7B6FBFEE7C046F46BFF1F3444FF1F72
:10C1300001B40248844601BC604700BF6D36FF1F52
:10C1400001B40248844601BC604700BFF54E0100BF
:10C1500001B40248844601BC604700BF292EFF1F7E
:10C1600001B40248844601BC604700BF01240000BE
:10C1700001B40248844601BC604700BFB70E00000E
:10C1800001B40248844601BC604700BF2526000078
:10C1900001B40248844601BC604700BF85520100DB
:10C1A00001B40248844601BC604700BFA9460100B3
:10C1B00001B40248844601BC604700BF214601002B
:10C1C00001B40248844601BC604700BFB14E000084
:10C1D00001B40248844601BC604700BF3D1800001E
:10C1E00001B40248844601BC604700BF45510100CC
:10C1F00001B40248844601BC604700BFE94C01001D
:10C2000001B40248844601BC604700BF456B010091
:10C2100001B40248844601BC604700BF0519FF1FF6
:10C2200001B40248844601BC604700BF055E0000BF
:10C2300001B40248844601BC604700BF657101003B
:10C2400001B40248844601BC604700BF0D520100A2
:10C2500001B40248844601BC604700BF090E0000DB
:10C2600001B40248844601BC604700BF455000004D
:10C2700001B40248844601BC604700BF1D4B010069
:10C2800001B40248844601BC604700BFE9280000B1
:10C2900001B40248844601BC604700BF3D4B010029
:10C2A00001B40248844601BC604700BF691F00001A
:10C2B00001B40248844601BC604700BFF94C01004C
:10C2C00001B40248844601BC604700BFC56D01004F
:10C2D00001B40248844601BC604700BFADAE000017
:10C2E00001B40248844601BC604700BFE11700006A
:10C2F00001B40248844601BC604700BF6139FF1F9A
:10C3000001B40248844601BC604700BF056A0000D2
:10C3100001B40248844601BC604700BFB54C01002F
:10C3200001B40248844601BC604700BFE5480000F4
:10C3300001B40248844601BC604700BF6930FF1F5A
:10C3400001B40248844601BC604700BF014C0100B3
:10C3500001B40248844601BC604700BFD91B0000FD
:10C3600001B40248844601BC604700BF1D3BFF1F6B
:10C3700001B40248844601BC604700BF3534FF1F4A
:10C3800001B40248844601BC604700BF512500004B
:10C3900001B40248844601BC604700BFCD4C010097
:10C3A00001B40248844601BC604700BF5D1700002D
:10C3B00001B40248844601BC604700BFB35201008B
:10C3C00001B40248844601BC604700BFC93AFF1F60
:10C3D00001B40248844601BC604700BFF930FF1F2A
:10C3E00001B40248844601BC604700BF1D4D0100F6
:10C3F00001B40248844601BC604700BF6DBC000028
:10C4000001B40248844601BC604700BF55220000C9
:10C4100001B40248844601BC604700BFC94A01001C
:10C4200001B40248844601BC604700BF0533FF1FCA
:10C4300001B40248844601BC604700BF350E0000CD
:10C4400001B40248844601BC604700BF851BFF1F42
:10C4500001B40248844601BC604700BFC9A900007E
:10C4600001B40248844601BC604700BF4D3AFF1F3B
:10C4700001B40248844601BC604700BFF53AFF1F83
:10C4800001B40248844601BC604700BF090E0000A9
:10C4900001B40248844601BC604700BF2951010035
:10C4A00001B40248844601BC604700BF154D01003D
:10C4B00001B40248844601BC604700BF291C00004B
:10C4C00001B40248844601BC604700BF810E0000F1
:10C4D00001B40248844601BC604700BF8130FF1FA1
:10C4E00001B40248844601BC604700BFD94901003D
:10C4F00001B40248844601BC604700BFDD6601000C
:10C5000001B40248844601BC604700BF434D0100AE
:10C5100001B40248844601BC604700BF5147010096
:10C5200001B40248844601BC604700BF75A9000001
:10C5300001B40248844601BC604700BFE139FF1FD7
:10C5400001B40248844601BC604700BF091B0000DB
:10C5500001B40248844601BC604700BF3555000065
:10C5600001B40248844601BC604700BF594F010036
:10C5700001B40248844601BC604700BF9D36FF1FDE
:10C5800001B40248844601BC604700BFEDA500002D
:10C5900001B40248844601BC604700BFA139FF1FB7
:10C5A00001B40248844601BC604700BF613BFF1FE5
:10C5B00001B40248844601BC604700BF212400004A
:10C5C00001B40248844601BC604700BF8B520100A1
:10C5D00001B40248844601BC604700BFDD32FF1F42
:10C5E00001B40248844601BC604700BF156B0100DE
:10C5F00001B40248844601BC604700BFC926000060
:10C6000001B40248844601BC604700BF554901009F
:10C6100001B40248844601BC604700BFED4A0100F6
:10C6200001B40248844601BC604700BF4D3BFF1F78
:10C6300001B40248844601BC604700BF9DA90000C8
:10C6400001B40248844601BC604700BFA54F010009
:10C6500001B40248844601BC604700BFC521000008
:10C6600001B40248844601BC604700BF393BFF1F4C
:10C6700001B40248844601BC604700BF791800003D
:10C6800001B40248844601BC604700BF1147010065
:10C6900001B40248844601BC604700BF8D1200000F
:10C6A00001B40248844601BC604700BFF30E00009D
:10C6B00001B40248844601BC604700BFC51D0000AC
:10C6C00001B40248844601BC604700BF851F0000DA
:10C6D00001B40248844601BC604700BFB930FF1F67
:10C6E00001B40248844601BC604700BF017F0000DE
:10C6F00001B40248844601BC604700BF2939FF1FCE
:10C7000001B40248844601BC604700BF2138FF1FC6
:10C7100001B40248844601BC604700BF7936FF1F60
:10C7200001B40248844601BC604700BF6D37FF1F5B
:10C7300001B40248844601BC604700BF3D31FF1F81
:10C7400001B40248844601BC604700BF3119FF1F95
:10C7500001B40248844601BC604700BFDD520100BD
:10C7600001B40248844601BC604700BF311B000091
:10C7700001B40248844601BC604700BF4D1F000061
:10C7800001B40248844601BC604700BFD1A5000047
:10C7900001B40248844601BC604700BF1539FF1F41
:10C7A00001B40248844601BC604700BF59520100F1
:10C7B0000003010302030303040305030602070247
:10C7C000080309030A030B030C030D030E030F03F5
:10C7D000100311031303140315031603ED3B00119B
:10C7E000213C00110000000002000000F2C700110F
:10C7F000192A0F180A000000F1590000FD2400005A
:10C80000414601004D89001169A90011A97D00115F
:10C8100051870011F95E001199B900116D5A00118C
:10C820002D3E0011553F00110000000016160000BB
:10C83000020000003CC80011F4FFF3FFD2FC00002E
:10C84000A14000110000000000000000496E6B6272
:10C85000697264004942532D57323600303030310E
:10C86000006769746875622E636F6D2F6366626C12
:10C870006165622F696E6B626972645F6962735F82
:10C88000746832700049425354483250000000002E
:10C8900002000000A4C80011292A282A272A262AD3
:10C8A000252A242A0A1800007440000010270000DE
:10C8B00060F000000400000006640000204E00004C
:10C8C00000000000060000005C440000102700008B
:10C8D0006CEE000007000000050000001F501D1056
:10C8E000023CB4000A0014001E0032005000780020
:10C8F000C800000000012C002100000081000000A1
:10C900003031323334353637383941424344454685
:10C910000000000061630011B56300110000000019
:10C92000020000002CC900116F2A6E2A1A1800009C
:10C9300001A00000000000006410B71DC8206E3B7D
:10C94000AC30D9269041DC76F4516B6B5861B24D16
:10C950003C7105502083B8ED44930FF0E8A3D6D680
:10C960008CB361CBB0C2649BD4D2D38678E20AA0E8
:10C970001CF2BDBDFB349B5F8000008000100000F6
:10C9800000000000B369001135800011D769001163
:10C99000418400115B6A001117840011D16A0011F3
:10C9A000ED830011236B0011BD8500118B6B00110D
:10C9B000BD850011BD6B001177850011D16A001192
:10C9C000A5830011496B001155850011000000007E
:10C9D000000000002F6C001155850011916C0011B2
:10C9E0004D800011052A042A012A002A0229032861
:10C9F00001280028011800180000000000000000B5
:10CA00000000000000000087010102010201010294
:10CA100001020303040103010101010103030201F7
:10CA200003000D000E001000110013001401070197
:10CA300008010A010B011C011D0204020502070284
:10CA4000080219021A021C021D0301030203170047
:10CA50000201000504000807000B0A001716001D5C
:10CA60001C010201010504010E0D01111001141336
:10CA7000011716011A19020201020B0A020E0D0219
:10CA80001110021413021716030504030807030B01
:10CA90000A030E0D0001020307090A0B0E0F101105
:10CAA00012141718191A1B1F20212200E5B20011B9
:10CAB000A1B300110000000002000000F6C900113F
:10CAC00000000000C1C000110000000002000000D2
:04CAD000F4C9001194
:020000041FFFDC
:1000000000000000953D0011F8C70011F4C7001171
:100010004861FF1F00000000000000000000000019
:1000200000000000000000000000000000000000D0
:1000300000000000000000000000000000000000C0
:1000400000000000000000000000000000000000B0
:1000500000000000000000000000000000000000A0
:100060000000000000000000000000000000000090
:100070000000000000000000000000000000000080
:100080000000000000000000000000000000000070
:100090000000000000000000000000000000000060
:1000A0000000000000000000000000000000000050
:1000B0000000000000000000000000000000000040
:1000C0000000000000000000000000000000000030
:1000D0000000000000000000000000000000000020
:1000E0000000000000000000000000000000000010
:1000F0000000000000000000000000000000000000
:1001000000000000000000000000000000000000EF
:1001100000000000000000000000000000000000DF
:1001200000000000000000000000000000000000CF
:1001300000000000000000000000000000000000BF
:1001400000000000000000000000000000000000AF
:10015000000000000000000000000000000000009F
:10016000000000000000000000000000000000008F
:10017000000000000000000000000000000000007F
:10018000000000000000000000000000000000006F
:100190002933FF1F8931FF1FC166010000000000E5
:1001A000000000000000000000000000000000004F
:1001B000000000000000000000000000000000003F
:1001C000000000000000000000000000000000002F
:1001D000000000000000000000000000000000001F
:1001E000000000000000000000000000000000000F
:1001F00000000000000000000000000000000000FF
:1002000000000000000000000000000000000000EE
:1002100000000000000000000000000000000000DE
:1002200000000000000000000000000000000000CE
:1002300000000000000000000000000000000000BE
:1002400000000000000000000000000000000000AE
:10025000000000000000000000000000000000009E
:10026000000000000000000000000000000000008E
:10027000000000000000000000000000000000007E
:10028000000000000000000000000000000000006E
:10029000000000000000000000000000000000005E
:1002A000000000000000000000000000000000004E
:1002B000000000000000000000000000000000003E
:1002C000000000000000000000000000000000002E
:1002D000000000000000000000000000000000001E
:1002E000000000000000000000000000000000000E
:1002F00000000000000000000000000000000000FE
:1003000000000000000000000000000000000000ED
:1003100000000000000000000000000000000000DD
:1003200000000000000000000000000000000000CD
:1003300000000000000000000000000000000000BD
:1003400000000000000000000000000000000000AD
:10035000000000000000000000000000000000009D
:10036000000000000000000000000000000000008D
:100370000DC100110000000000000000000000009E
:10038000000000000000000000000000000000006D
:10039000000000000000000000000000000000005D
:1003A000000000000000000000000000051BFF1F0F
:1003B000000000000000000000000000000000003D
:1003C000000000000000000000000000000000002D
:1003D000000000000000000000000000000000001D
:1003E000000000000000000000000000000000000D
:1003F00000000000000000000000000000000000FD
:081838000070FF1F4118FF1FA3
:10184000024981F3088802F0EFFA00000070FF1FE0
:1018500070B500241E491F4A1F484C6308CA1B0567
:101860001B0DE4188242F9D11C4B80228B630021AE
:1018700009201B4B920519621A4B1B4DDA671B4B53
:10188000DA688243DA609A68194802409A60112047
:10189000296002F0A5F8112002F082F880226B6C1A
:1018A000112093436B64EE23DB006343114A1B0C4E
:1018B000D3800122104B9A7201F01EFC0F4B1B7853
:1018C000002B04D10E4B1021187802F075FA70BD70
:1018D000000005408805054000060540FF010000A6
:1018E00000F0004004E100E0003800403CF000401F
:1018F000FFDFFFFF3461FF1FCC61FF1FE764FF1FA5
:10190000E662FF1F10B502F0F7FA072804D012288C
:1019100008D0022808D010BD044A0420136B0133FC
:101920001363F8E70220F6E71420F4E7DC65FF1FF5
:10193000F8B507000C0026002500503630785135E8
:10194000002804D10300287058342370F8BD29788A
:10195000CA00481E8141A3183800A25C5B68C9B266
:10196000FFF7D0FF00280DD12B78DA00A218013341
:1019700050602B703378044A013B3370136A013393
:101980001362D8E70123DFE7DC65FF1F5C234343D5
:10199000074910B5C9180B0058331B78012B05D126
:1019A000FFF7C6FF034A936A0133936210BDC04636
:1019B0001066FF1FDC65FF1F10B502F085FA064AAE
:1019C0000121130010CB4942D967044B136002F088
:1019D0000BF9200010BDC04600E100E0100010002F
:1019E00010B5040002F070FA024B1C6002F0FCF823
:1019F00010BDC04600E100E0431E5A425341A02200
:101A0000F0B5D2015B421340144E154A40019B18B9
:101A10003218127E8BB00191002A19D01A000832B8
:101A2000D46F0022E5B206AFE4B294420CDC301869
:101A3000C369002B06D0019A03A8027006AA42606F
:101A4000057298470BB0F0BD1978B9540132ECE734
:101A50001A7D1A7806AB01251A70E8E79C68FF1F0B
:101A6000004000407FB5244B4101CA5C0400002ABD
:101A70002AD05A18107E002826D0907E002823D025
:101A80001079022820D11689D588701B80B2021CDB
:101A9000102800D9102292B2AE4216D15918012353
:101AA0000B710023CA69CB800B819A4206D068462D
:101AB000032103730171029301A890470820002CB1
:101AC00000D0192001F018FB7FBD013C6042444169
:101AD000A0206442C001044008485B18241808484C
:101AE000DD680633013A92B28242EDD019884E1C6D
:101AF0001E80695C2170F5E79C68FF1F0040004074
:101B0000FFFF00000F220E4B10B5986810400238FE
:101B10000A280BD802F01AF80D0A0B0A0A110A0A51
:101B20000A0A060002210020FFF766FF10BD01210E
:101B3000F9E70020FFF796FFF8E7DB6FF6E7C0460E
:101B4000004000400F220E4B10B59868104002383C
:101B50000A280BD801F0FAFF0E0A0B0A0A120A0A29
:101B60000A0A060002210120FFF746FF10BD0121ED
:101B70000800F9E70120FFF775FFF7E7DB6FF5E7EE
:101B80000090004013B5334C2378072B3DD8324BDF
:101B90001A78324B002A39D18022196852020A433E
:101BA0001A60252001F0DCFE20232D4A11680B432A
:101BB000802113606B460422C90508680733104270
:101BC00028D080210422C905C86810422ED0802167
:101BD0002020C905CA688243CA6014221A701A7884
:101BE000002A2FD18021C905C86820320243CA606B
:101BF00014221A701A78002A28D11A4B1A7D2278DA
:101C00005A601D221A705932DA6013BD1A681649DB
:101C10000A40C5E7086802430A6014221A701A785D
:101C2000002ACED01A78013AD2B2F7E7C868024348
:101C3000CA6014221A7019784A1ED2B21A7000298A
:101C4000F9D1C4E71A78013AD2B2C7E71A78013A53
:101C5000D2B2CEE76C43FF1F3444FF1F3CF000407C
:101C60006443FF1F00200040FFFFFEFF564B70B58E
:101C70001B68012B03D1554A936D0133936502F024
:101C8000E3F8534B534A1860534B544C1A600123EA
:101C9000534A1360534A13602378002B06D0062260
:101CA0005149524801F088FF00232370504A514B9C
:101CB00010681B78C1B2002B0ED14F4CC0B22378F4
:101CC0005BB2002B4FDB237824785BB264B21B0439
:101CD00024021B191B1813600B1C50294ED95023CA
:101CE000464A47491078DBB2FF2202284BD10868E8
:101CF000444C454D267890432A78964254D9227810
:101D000024782E785D10013DA31B6B435201D31A3A
:101D100010335B111843086002F066F9031F012BB2
:101D200045D83A4B1B78002B06D0394B1B78002B3B
:101D300002D0002002F030F8A122364B92009978B0
:101D4000354B4A431B689B18832292009B181B78D3
:101D5000033B012B03D8AF20400002F03DF80122E5
:101D60002E4BDA8270BD237824785BB264B2FF33E5
:101D7000FF341B0424021B190138ABE7CAB2022A44
:101D8000AED20223ACE70868254C264D2678904356
:101D90002A78964208D9227824782D785B10013B66
:101DA000641B63435201B2E72378DBB2B2E7022837
:101DB000D5D11D4B1B78013B022B03D91B4B1B7844
:101DC000022BCCD16C20C8E79809FF1FFC0FFF1F26
:101DD0002865FF1FFF3F0000141003402C65FF1F04
:101DE0000C10034000100340D50BFF1F7211FF1FA2
:101DF000B40003408C09FF1F680AFF1F490AFF1F38
:101E000094000340460AFF1F470AFF1FF908FF1FFF
:101E10002209FF1F300DFF1F3409FF1FBC0BFF1FDE
:101E2000440AFF1F450AFF1F1C09FF1F2309FF1F4C
:101E300010B501F0E9FE0022014B1A8010BDC0462A
:101E40002465FF1F10B501F077FFA121054A890025
:101E50009478054A61431268044B5218528C1A80D8
:101E600010BDC046300DFF1F3409FF1F2465FF1F42
:101E700010B50D4B0D4A9978A1239B004B43126876
:101E8000D218531DD97F0A4B1B88994209D2441C92
:101E900007D0C82805D0D2695B1A5A43054B534373
:101EA000C01801F0A9FF10BD300DFF1F3409FF1F3E
:101EB0002465FF1F7102000070B5244D2B68002BB4
:101EC00028D002F099F82B68D8402B680400002B2A
:101ED00027D001F0D9FF2B68D8401D4B1D4A9978B7
:101EE000A1239B004B431268D118D25C91239B0025
:101EF000002A20D0CA580132CA50174B17491B6814
:101F00000868834214D3D23B181A012A1AD0144B02
:101F1000186070BD02F070F8124B196802F004F8F6
:101F2000D3E701F0B1FF0F4B196801F0FDFFD4E7D3
:101F30000D495B18E8E7CA500C4B1B68DB68E418D6
:101F4000201AE4E7F530FF30E1E7C0461C08FF1F28
:101F5000300DFF1F3409FF1F9C09FF1F2865FF1F5D
:101F6000A009FF1F1808FF1F2DFF3F003065FF1F4E
:101F700070B504000D00282916D10300A433C288CF
:101F80001B889B1A0B4A9BB293420DD906006A36F6
:101F900005223100653001F0BFFF002804D1310077
:101FA000200001F0D9FE70BD2900200001F01CFFC7
:101FB000F9E7C046FE7F0000F8B50500012001F0FA
:101FC000DBFE134CA36AA26A9342FBD1114E33602D
:101FD00001F0CAFE104903000860104842689446A8
:101FE0000F4A17680022BC4501D24268BA1A0D4850
:101FF00002603268AD18A422E562606A52030243AF
:102000006262094A1278002A01D00F3B0B60F8BDCA
:1020100000F00040340AFF1FE408FF1F28100040B2
:10202000180AFF1F1C0AFF1F1C09FF1F70B5802420
:102030001025E405A3682B43A36001F0FDFEA3680F
:10204000AB43A36070BD0000F7B5160080221C00F2
:102050001023D2050191916805000B439360002283
:102060005B4BD7301A6001F0AFFD9D232F002A0093
:102070009B00EB58FC37CA32012138680092002BD4
:1020800001D00021009A01F0C7FD2900009BCB314F
:102090001A78504BD3351A604B780A781B021343D9
:1020A0008A7812041A43CB781B0613434A4A1BBA98
:1020B00013604B790A791B0213438A7912041A437D
:1020C000CB7931001B061343444A1BBA13606B786B
:1020D0002A781B021343AA7812041A43EB781B06D2
:1020E00013433F4A1BBA1360019A330213433D4A1C
:1020F00013603D4B22001B1B9C4603293FDC03233E
:1021000032009A43B3089B00F11A9BB2032946D1CF
:102110003549E018521881784078090400020143DB
:10212000E05C0433014311600022FF2B4ADDF02202
:102130002E4B12011A600F222D4B1A602D4A136884
:10214000002BFCD00023224A27491360091B321DB3
:102150000B191B68043A180A23706070180C1B0EC8
:10216000A070E3700434002AF2DC802210213B6866
:10217000D20501333B6093688B439360F7BD6346A0
:10218000D578981893782D061B042B4315780439BD
:102190002B43557804322D022B430360ADE702290F
:1021A0000AD11149E05C5218E1184978090201434B
:1021B000043311609BB2B7E70129B5D10A4952181F
:1021C000E15CF5E7084959180A600433ADE7C046F9
:1021D000000004403C000440380004403400044047
:1021E000300004400C00044000010440040004409E
:1021F0001000044014000440F0B5140080221D00BB
:10220000102385B0D2050191916806000B439360BD
:102210000023684AD730136001F0D6FC3300FC334A
:1022200058689D2337009B00F158CA373A000029AF
:1022300000D083E001F0F0FC31003A785E4BCB3106
:102240001A604B780A781B0213438A78A44612045A
:102250001A43CB781B061343584A1BBA13604B79B9
:102260000A791B0213438A7912041A43CB791B069D
:102270001343534A1BBA13604B7A0A7A1B02134367
:102280008A7A12041A43CB7A29001B0613434D4A5B
:102290001BBA1360019A230213434B4A13602A00AE
:1022A000231D18000393494B5B1B0193019BCF78BF
:1022B0005B1802938B783F061B043B430F7804386E
:1022C0003B434F7804313F023B43029F3B6003286E
:1022D000ECDCA3081C0003989900431A0134181F72
:1022E000A400072B2CD1394B2819E71883784078A4
:1022F0001B0400020343285D03433B6008310C00CC
:102300000023FF2C2EDD324B324919600F21324B56
:102310001960012327490B60304B19680029FCD054
:1023200006211B680B40042B21D080220020D205FF
:1023300093680A318B43936005B0F0BD012179E7C2
:10234000022808D1214BE0182B195B782C5D1B0269
:1023500023430360D2E70128D2D11C4B285DE31848
:102360001860CBE7194961180B600434C9E70023F2
:1023700010490B606346002B0CDC3300FC335A68B9
:10238000102101325A608022D205936801208B43CC
:102390009360D1E7019B9B181B68190A1370517059
:1023A000190C1B0ED37004235B4291709C440432C1
:1023B000E0E7C046000004403C0004403800044010
:1023C00034000440300004400C000440000104408C
:1023D00004000440080F00001000044014000440F2
:1023E00070B5061E19D002225A4B9B799343012BDC
:1023F00013D1594B1A78FF2A0FD15A78FF2A0CD1E2
:102400009A78FF2A09D1DA78FF2A06D11A79FF2AA9
:1024100003D15B79FF2B00D199E0504B0C201A7847
:10242000012A08D000224E4D1A7029780B00093B72
:10243000042B01D8212070BD4B1F012BFAD9454C2C
:10244000A37B042B00D982E0A279032A00D97EE085
:102450009A1ED2B2012A02D860881F2877D9002E8E
:1024600056D0012E73D1A0880128E3D0002907D1CE
:10247000581E032803D801F069FB121715122E709D
:102480002978481E032811D80025364B1D602823C3
:10249000237501F089FBA84227D0A580CAE7022155
:1024A0002970EDE70421FBE70321F9E7073901294A
:1024B000C0D82D490968C96A8906BBD52B49087857
:1024C0000028B7D1012A01D9002BB3D102230B7008
:1024D0008021274D263389012878237501F034FDAA
:1024E00080212878890101F067FC0123A380214B1A
:1024F0001B78002B0AD0FA2280211F4B92001B88E8
:1025000009025A431A4B187801F0A6FC002092E702
:1025100001F0DAFC2B78A680073B012B03D9174882
:102520002E7001F0A1FB114B114C1A78002A06D035
:1025300080210022207889011A7001F005FD01F048
:1025400053FB80212078090201F0FEFCDEE7122017
:1025500071E7C046A60BFF1F6B09FF1F1A09FF1F7B
:102560001C09FF1F4809FF1F3065FF1F2309FF1FBC
:102570001B09FF1F2109FF1F2C09FF1F001000402E
:1025800010B5002901D001F0FFFB10BDF7B55E4B7F
:1025900001919978A1239B004B435C4A0600146883
:1025A0001022E418D6235B00E0583623FF33E35CA7
:1025B00000279343222B3ED1554B0F3A1A600760F8
:1025C000012501F039FD019B1880E8235B00E35CE5
:1025D000002B01D0B34255DD00224E4FFA70AD32D0
:1025E000FF32A2581168002903D09288D243920783
:1025F0001AD03822FF32A25C002A15D09B2252004A
:10260000A25C002A10D1B3420EDAA4235B00E15A87
:10261000E018090A023101F0AFFA23000122FE336B
:10262000013E01351A87FA70E8235B00E35C002B5A
:102630002AD0A8B2FEBD03683D00002BC1D081881E
:102640000430090A023101F097FAD6235B00E358FF
:102650001F60B5E72300B133BA00FF339858013744
:1026600081880430090A023101F086FAE8235B0010
:10267000E35CBB42EEDCE822F61AED1800235200C0
:10268000A354A9E70027F1E7200001F055FC00283A
:102690001FD0002E1DDD7319882647190193B6003F
:1026A000200001F029FB5A308000201840680135D5
:1026B00081880430090A023101F05EFA200001F03D
:1026C000ABFCA3590133A351BD4202D0019B9D42F3
:1026D000E6D1114BE35C002BABD095239B00E35C70
:1026E000002BA6D00D4BE15A0029A2D00C4AA35CC6
:1026F000994202D90133A3549BE700231A212000F9
:10270000A35401F041FA94E7300DFF1F3409FF1F75
:1027100000140340E010FF1F5A0200007202000084
:102720005E0200000D4970B54A6E0D4CD2038B69F4
:10273000D20BA24206D80B4D0224AA4204D901F0C2
:1027400013FC70BD02246442E21815007E2425406B
:102750002242F4D0A3432B438B61F0E700F000400A
:102760000A200000FC1C0000F8B51D4B1D4F1A7814
:10277000002A10D1BA7B002A02D101321A7003E07C
:10278000032AFAD0022AF8D001F00EFA0022012022
:10279000154B1A70F8BD154B154D1C68154B9E78DE
:1027A00001232B702878C0B200F09CFBBB7B002B70
:1027B0000BD101F081FBA1239B007343E418832319
:1027C0009B00E41823782B70E4E7032B02D101F07F
:1027D000DBFBF0E70020022BDCD101F0CDFBEAE7C8
:1027E0001C09FF1FA60BFF1F2309FF1F3409FF1F32
:1027F000490AFF1F300DFF1FF0B587B00EAD2F78CF
:102800000FAD2D780593AC46634614000E4D0CAA0F
:1028100012782E7803930D9B009201932200059B62
:10282000029701F011FC2E70012C01D0042C08D16C
:10283000802206498B889343054A1278D2011343BC
:102840008B8007B0F0BDC0461C09FF1F6C11FF1F35
:102850007809FF1F0B001B3B70B504003020E02BF4
:102860000DD81300E025493BFF3B9BB2ED00AB4286
:1028700005D8034B200019825A8201F0C5FB70BDB8
:102880008410FF1F10B501F0DFFA054B00205B68D4
:10289000052B04D9034A5268D20200D4980810BD0F
:1028A00000100040FCE100E070B501F00DFB0D4BA5
:1028B0001B68FC33DC691D6AFFF7E4FF641984427E
:1028C00004D2094B01241B68002B07D004220024EA
:1028D000064B1A70064A93690133936101F084F93B
:1028E000200070BD3065FF1F9809FF1F2309FF1FDF
:1028F000FC0FFF1F70B50C4D2B68FC335C6A01F0B8
:10290000E3FAFFF7BFFF2B680025FC339B6AE3184F
:10291000834204D2054B1B68AB4200D1051B01F07A
:1029200063F9280070BDC0463065FF1F9809FF1F7E
:10293000D722044B92009B5810B5002B00D098472B
:1029400010BDC0460000FF1F10B501F0E7F8FFF70B
:10295000EFFF2749274BCA6D1A4084235B001343BE
:10296000CB65254B1B68186A01F006FA234B244AF5
:102970001A60244B244A1A60A022244B52001A6089
:10298000234B187801F020FA2249234801F0CCF9B2
:102990000023214A2149936002339360204B214850
:1029A00013600323936001F0BFF910221E4BFF2038
:1029B0001A60802252031A60802292031A608022D9
:1029C00012041A6001F0E8F9012001F025FAFA205A
:1029D000400001F0F1FA582001F0FEF9134801F02F
:1029E0005BF9012001F078F9072001F01DFB10BD13
:1029F00000F0004000FEFEFF3065FF1F00000340B6
:102A00000180063DBC00034034080000A4000340E0
:102A10004A0AFF1F7102000014100040FFFF3F0030
:102A2000C30900002810004000E100E030750000FC
:102A3000664F3B6888331B6883F3088801F034F9DC
:102A4000634A6449136800200B401360624B634A79
:102A50001B68934200D1A4E001F09EFA0221604A73
:102A600013688B431360FFF76FFF5E4B00241878E9
:102A70005D4DC0B201F018FA0223AC60AB605B4B55
:102A800001202B6001F078F90323AB6001F08CFA90
:102A9000050001F0D9F9060001F086FA544B1860E0
:102AA00001F0DAFA534B1A68AA426441AB1A802249
:102AB0001B1BD203934201D39B029B0A3A68D16A43
:102AC000C90700D470E04C491C0C09689BB24C4308
:102AD00059432402090A64184849FC3293680A6879
:102AE00003219B1A464A474812689B18464A9D187C
:102AF000464A0B401768AD08DB1905601360042BCC
:102B000003D901350B40056013602D192800404999
:102B100001F00AFA3F4F3E493B68C3183B6028006A
:102B2000019301F069F83C4D28680818384928607D
:102B3000884205D9019B01333B6001F05DF82960B3
:102B400001F08AF8354B1B78002B0DD001F07CF991
:102B5000334BA21B196812188A4232D28919091BF9
:102B6000091A304801F0E0F82F4D2B7A002B0ED0D7
:102B700001F06AF9A21BE9681218914224D9891957
:102B8000091B091A294801F0CFF800232B72284BA2
:102B900083F3088801F048F8002001F0FDF900F007
:102BA000FBFF01F0F9F95EE7DC0199000234641AD9
:102BB0005900641A09214B438033CB40A408E41820
:102BC0008AE7FA218900CCE71A49DBE73065FF1F65
:102BD0001CF00040FFFFC1FF0C0AFF1FB64121039C
:102BE00010000040490AFF1F14100040C3090000F4
:102BF000100AFF1F340AFF1F380AFF1F200AFF1F99
:102C00001C0AFF1F240AFF1FC4090000280AFF1F17
:102C1000710200006008FF1F2C0AFF1F1C09FF1F24
:102C2000E408FF1F00100040740BFF1F3C10004021
:102C300000000020DC050000A022054B92009B58FC
:102C400010B5002B01D0984710BD01F065F8FBE7E7
:102C50000000FF1FA122054B92009B5810B5002BCE
:102C600001D0984710BD01F057F8FBE70000FF1FA7
:102C7000A222054B92009B5810B5002B01D098471B
:102C800010BD01F049F8FBE70000FF1FA322054B30
:102C900092009B5810B5002B01D0984710BD01F051
:102CA0003BF8FBE70000FF1FA422054B92009B5856
:102CB00010B5002B01D0984710BD01F02DF8FBE7AF
:102CC0000000FF1F70B501F0BFF84F4B186001F016
:102CD00083F90400C30702D401F0C6F970BD0022D5
:102CE0004A4B1A604A4B18780138042829D800F05A
:102CF0002DFF0320181C2400200001F085F8012876
:102D0000ECD0444C2378042B6ED101F0C5F8002898
:102D1000E4D000F0B9FF582001F05EF802232370E0
:102D2000DCE7200001F0F0F8E9E7200000F0A4FF64
:102D3000E5E7200001F0D0F8E1E7200001F00CF910
:102D4000DDE701F051F90500012808D1324B1B786D
:102D5000053B012B03D82000FFF76EFFD1E72D4B79
:102D60001B78022B01D0052B20D1022D28D12B4B13
:102D70009B7BAB431CD12000FFF76CFF264B1878E0
:102D80000128BED16405BCD4244925224B7B0342D3
:102D900005D1233A13405A42534126331A000B7D82
:102DA0009342AED9322000F087FFAAE7022D07D167
:102DB000194B1B78052B11D12000FFF759FFDDE7D8
:102DC000012D0BD1012B03D12000FFF75FFF98E706
:102DD000062B03D12000FFF767FF92E7200000F0E9
:102DE0009BFF022D8DD1C9E7032B04D10C4B987C9E
:102DF00000F022FF72E7072B00D06FE7094B987BAA
:102E000000F062FF6AE7C0469C09FF1F9809FF1F98
:102E10009009FF1F2309FF1F1C09FF1FA60BFF1F9F
:102E2000BC0BFF1FD40BFF1FFA210A4B0A4A4900B3
:102E30001A640A4A5A500A4A04395A50094A08314F
:102E40009A64094A5A50094A5C315A50084ADA666B
:102E50007047C0460000FF1FF927FF1FF528FF1F1E
:102E6000A928FF1FE123FF1F6927FF1F711EFF1FF6
:102E7000451EFF1FF7B50B0CFF270122009300230F
:102E80003C001E001D009446019089B262469A40A3
:102E90001000084018413618B6B2FF2F02D1012E9B
:102EA00000D19FB2009802401A41AD18ADB2FF2C7C
:102EB00002D1012D00D19CB20133102BE6D10320A9
:102EC000012E07D1012D04D1019B2401E4191C70AE
:102ED0000138FEBD102EFCD10238102DF9D0023081
:102EE000F7E700008023F7B59C46264B264F019359
:102EF0002649274A274D284C284B02281AD16046DC
:102F000038600868264E304080263603304308601B
:102F100001990978002909D11660224A2A60224ABB
:102F20002260E02219689143A03A1BE08021C90287
:102F30001160F2E766463E600F68194E3E408027FA
:102F4000FF023E430E600199097800290DD11760F8
:102F500001280ED1154A2A60154A2260E02219681C
:102F60009143C03A0A431A60F7BD8021890211607B
:102F7000EEE7E0210F4A02432A600F4A22601A68F6
:102F80008A43F0E74B0AFF1FE0000340D8000340EC
:102F90009000034000000340500003404000034005
:102FA000FFFFE3FF0280063D804508220180063DC9
:102FB000806608220080069880550822F8B51E4BCE
:102FC00080261A68002014003440324232D11A6838
:102FD0001A4F32431A6001223B68063093433B602C
:102FE00000F0CAFE0122164D2B681E432E603B687E
:102FF0000A2613433B608027BF00124B1B683B42ED
:1030000011D1013EF6B2FF2E09D17E220E4B1C6873
:103010002B68E40B1440934323432B6005E0082006
:1030200000F0AAFEE9E7002EEFD180222B686008AD
:1030300093432B60F8BDC046C4F000405CF00040F4
:1030400018F0004068F0004060F0004010B500F05B
:103050004BFE01215820034A00F0A6FEFFF7AEFF09
:1030600010BDC046600AFF1F10B57822002103483A
:1030700000F002FF00F068FE002010BD2468FF1F72
:1030800070B5050000F020FF00230C20094A010064
:103090005943545C8E18002C02D0AC4205D1747890
:1030A00000F0A2FD0120204070BD01330A2BEED1BB
:1030B0000024F5E72468FF1F70B5040000F004FF4A
:1030C00000230C200B4A010059438D18515C002944
:1030D0000DD0A14208D1012300246B7000F0C4FE82
:1030E00000F082FD200070BD01330A2BEBD11224C9
:1030F000F6E7C0462468FF1F70B5040000F0E4FE48
:10310000002319001D000C4A1078002808D0A042A6
:1031100000D15570507801311B180C320A29F3D1B7
:10312000002B05D100F010FE00F05EFD002070BD08
:1031300000F09AFEF8E7C0462468FF1FF7B50400C8
:103140000C20002384460E4D019267465F43E85DE4
:103150007E19A04212D000280BD10A4B9C46624631
:103160001B7808331370019B70707C557160B360DD
:10317000FEBD01330A2BE8D10320F9E70720F7E76A
:103180002468FF1F2068FF1F8020F8B5484BC0054A
:103190001B68C1248360474BFF251A680123134332
:1031A0004361454BA4001A68444B40211A60444BCC
:1031B0001A68444B1A60444B1A59AA431A51C52243
:1031C00092009E58AE433143802699509F583F4904
:1031D000F6010F403E439E509E5880273602360A25
:1031E0003043985080201A5900020A4002431A5175
:1031F00004341A59364E3F04324080263A431A515D
:103200001A5936061202120A32431A5108341A5950
:1032100080260A4002431A51C32292009F58B446A6
:10322000AF4337439F509F58294E0F4007439F504D
:103230009F58374080263604374380269F509F583A
:1032400036063F023F0A37439F50C0221F59AF4303
:103250003A431A511A591202120A1643C6221E5133
:1032600092009C58AC4365462C439C509C580025CA
:103270000C4020439850C72080001A58154C11402C
:10328000C02212020A431A50134B1B78DB08AB42D0
:1032900001DC0020F8BD2378002B06D0A368002BAA
:1032A00000D0984701350C34EEE71220F2E7C04613
:1032B0006843FF1F6443FF1FB0F000401C68FF1FFE
:1032C000B4F000401868FF1F00E100E0FF00FFFFBE
:1032D000FFFF00FF2468FF1F2068FF1F030010B5D9
:1032E0001F2809D8072200201340072404490A7820
:1032F000A24313430B7010BD00230620F5E7C04620
:103300002068FF1F054B06491B780A6805485B07C4
:1033100002401B0B134300200B6070472068FF1F07
:103320001CF00040FFFFC1FF70B50C25FFF7EAFF5E
:103330000A4B1C780A4BE4086543ED18002C01D1B8
:10334000200070BD2B78002B06D06B68002B00D0BE
:103350009847013C0C3DF1E71220F2E72068FF1F7F
:103360001868FF1F1FB5002102220B000191009178
:10337000052000F031FC02230B490A681A42FCD1F7
:1033800020230393039B5A1E0392002BFAD1074A72
:103390001368002BFCDA0B246C442000012100F0A0
:1033A00053FC207804B010BD90C8004000C8004015
:1033B00013B504000A4B0193019B002B01D111208E
:1033C00016BDFFF7CFFF23000340044205D00520C0
:1033D00000F0D2FC019B013BEDE71800F0E7C0468E
:1033E000FFFFFF0707B500F06FFD80220821D2051F
:1033F000936A0191002B01D10739916202210C4A95
:1034000011600199481E01900029FAD10331116021
:10341000053101910199481E01900029FAD11160EE
:10342000002B02D18022D205936200F0DDFB07BDA4
:1034300000C00040F0B52D4C89B02378002B4FD14F
:10344000FEF7BAFA02232A4F03903A681A42FCD1D7
:1034500020230693069B5A1E0692002BFAD1254E76
:103460003368002BFCDA0120FFF7A2FF011E02D017
:10347000112009B0F0BD030003220190009005ADBA
:103480009F2000F0A9FB0321280000F0DDFB0223B0
:103490003A681A42FCD120230793079B5A1E0792D1
:1034A000002BFAD13368002BFCDA0120FFF780FFF4
:1034B0000028DDD10398FEF793FAAA786B781104FF
:1034C0001B020B4329780B4363601300113B0A492D
:1034D000052B07D801239340A3600B6001232370C1
:1034E0000020C6E780231B03F6E7C0465043FF1FBA
:1034F00090C8004000C800409808FF1F1E4B30B520
:103500005A6818781D4B85B0D31859424B41012198
:103510000093002300F0F8FB194B1A4A02259A6326
:1035200000221A6510325A658022C4219D65164B0F
:103530001648D202DA6789004258154B80241A4097
:1035400080231B0413434350642341200393E40569
:1035500000F006FA402000F003FA6562039D6B1E3E
:103560000393002DFAD103236362FFF73BFFA562AB
:10357000FFF760FF05B030BD5C43FF1F95FFFEF70E
:1035800000C80040050001FF04E100E000E100E0A8
:10359000FFFF00FFF0B585B00700FEF70DFA02232C
:1035A00005002D4C22681A42FCD120230093009B79
:1035B0005A1E0092002BFAD1284E3368002BFCDAF9
:1035C0000120FFF7F5FE002803D01124200005B0EC
:1035D000F0BD234B2360022322681A42FCD1202332
:1035E0000193019B5A1E0192002BFAD13368002BE4
:1035F000FCDA0120FFF7DCFE0028E6D1194B1F6042
:10360000022322681A42FCD120230293029B5A1EF5
:103610000292002BFAD13368002BFCDA0120FFF76D
:10362000C7FE0028D1D1104B2360022322681A4222
:10363000FCD120230393039B5A1E0392002BFAD143
:103640003368002BFCDA0120FFF7B2FE041EBCD168
:103650002800FEF7C5F9B9E790C8004000C800404F
:1036600001000006A8C800400180000110B500203C
:10367000FFF790FF10BD000010B5064B18705960A1
:10368000FFF73CFF00211320034AFFF757FD0020FE
:1036900010BDC0465C43FF1FFD34FF1FF0B50400A2
:1036A00085B003920291FEF787F9882263035B0BD2
:1036B00052051A438023DB059D6A8023274F009221
:1036C000BA68002601901B039A420CD9F823260001
:1036D0001B041E401C4206D08022214B52025E6217
:1036E00019680A431A60002D0BD100F0EDFB02228D
:1036F0001C4B1A608023DB055A62013A9A6200F083
:1037000073FA0023039A934220D1002D0AD100F0CE
:10371000DBFB144B03221D608023DB055A629D6294
:1037200000F062FA8023BA681B039A4208D9002E7F
:1037300006D000220A4B0C495A621A680A401A60E5
:103740000198FEF74DF9002005B0F0BD009A0299EE
:10375000D2181278CA540133D4E7C0465043FF1F31
:1037600000C8004000C00040FFFFFEFFF0B587B07A
:10377000029103920400FEF71FF9019000F0A4FBF0
:10378000802302250122234EDB0535605D629A62AB
:1037900000F02AFA204F3B682B42FCD120230493EF
:1037A000049B5A1E0492002BFAD11C4D2B68002B4F
:1037B000FCDA0120FFF7FCFD002802D0112007B041
:1037C000F0BD2000039A029900F0FEFB02230400E2
:1037D0003A681A42FCD120230593059B5A1E059294
:1037E000002BFAD12B68002BFCDA0120FFF7E0FD5B
:1037F000051EE3D100F068FB80230322DB05356062
:103800005A629D6200F0F0F90198FEF7E9F8E0B223
:10381000D5E7C04600C0004090C8004000C8004046
:10382000F0B5802489B00600FEF7C6F8E405A36A67
:1038300002250393029000F047FB0123304F3D60C7
:103840006562A36200F0D0F92E4C23682B42FCD1B4
:1038500020230593059B5A1E0592002BFAD12A4D71
:103860002B68002BFCDA0120FFF7A2FD002803D013
:103870001124200009B0F0BD244B236002232268EC
:103880001A42FCD120230693069B5A1E0692002B57
:10389000FAD12B68002BFCDA0120FFF789FD021E0C
:1038A000E6D11B4B03211E600300019000902020F5
:1038B00000F092F9022322681A42FCD120230793D8
:1038C000079B5A1E0792002BFAD12B68002BFCDABB
:1038D0000320FFF76DFD041ECAD100F0F5FA802326
:1038E0000322DB053C605A629C6200F07DF9039B79
:1038F000002B01D1FFF776FD0298FEF771F8B8E7CB
:1039000000C0004090C8004000C800400100000610
:1039100094C8004007B5000201910422000A01A9E1
:10392000FFF724FF0EBD000073B5050005240B4A08
:10393000A3005B429B1819686B46DE1D3000FFF741
:1039400099FA022804D133782B55013CEFD276BD89
:10395000052CFCD00128FAD10230F8E71409001137
:103960001F2807D8012380228340D20591680B438A
:10397000936070473F2808D8012380222038834075
:10398000D20551690B435361F3E75F28F1D8012356
:10399000802240388340D205116A0B431362E8E766
:1039A0001F2807D8012280218240C9058B689343D4
:1039B0008B6070473F2808D8012280212038824040
:1039C000C9054B6993434B61F3E75F28F1D80122A6
:1039D000802140388240C9050B6A93430B62E8E7B7
:1039E0001F2810D880230200DB05153A1968012A28
:1039F00006D820229143196019680A431A6070475B
:103A000001228240F6E73F2811D880230200DB051F
:103A1000353AD968032A06D810229143D960D9686B
:103A20000A43DA60EBE7012220388240F5E75F289D
:103A3000E5D842238022181A413B8340D205516ABF
:103A400099435162516A0B435362D8E710B50400A1
:103A5000012813D1A022184992050B685B015B096C
:103A600013430B60154B164A19681140154A0A4357
:103A70001A60402219680A431A6010BD0028FCD160
:103A800001000A2000F030FA21000B2000F02CFA8F
:103A9000C0220A4B920019680A4340211A601A6832
:103AA0008A431A60B022044912060B685B015B0965
:103AB00013430B60E1E7C04614F000401CF00040E7
:103AC0007F00FEFF80FD010072B6074A13680133D4
:103AD00013600422054B1A600023054A13608022FC
:103AE000D2055360FEE7C0467808FF1FC0F00040D3
:103AF000C4F0004005490B68002B05D1044A0A6058
:103B000004490A60044A13607047C046140AFF1F44
:103B1000841E0000380AFF1FC4F000400023034A3F
:103B20001360034A1360034A1360704754F0004067
:103B300040F1004044F1004002B471464908490098
:103B4000095649008E4402BC7047C04602B4714613
:103B500049084900095C49008E4402BC7047C046D0
:103B600003B47146490840004900095A49008E448F
:103B700003BC70470000000001B40248844601BC49
:103B8000604700BFC115010001B40248844601BC72
:103B9000604700BF53B9000001B40248844601BC2D
:103BA000604700BF8552010001B40248844601BC51
:103BB000604700BFA9D8000001B40248844601BC98
:103BC000604700BFE94C010001B40248844601BCD3
:103BD000604700BF8944000001B40248844601BC2C
:103BE000604700BF496D010001B40248844601BC32
:103BF000604700BF9DA9000001B40248844601BC93
:103C0000604700BF090E000001B40248844601BCB1
:103C1000604700BF8D82000001B40248844601BCA9
:103C2000604700BF2144000001B40248844601BC43
:103C3000604700BF7997000001B40248844601BC88
:103C4000604700BF4DF9000001B40248844601BC42
:103C5000604700BF3D71010001B40248844601BCC9
:103C6000604700BFD544010001B40248844601BC4E
:103C7000604700BFC1A5000001B40248844601BCF2
:103C8000604700BF0534010001B40248844601BC0E
:103C9000604700BF6DF6000001B40248844601BCD5
:103CA000604700BF8D11010001B40248844601BC89
:103CB000604700BFC9A9000001B40248844601BCA6
:103CC000604700BF6137010001B40248844601BC6F
:103CD000604700BFC1F7000001B40248844601BC40
:103CE000604700BFE512010001B40248844601BCF0
:103CF000604700BFED68010001B40248844601BC82
:103D0000604700BFD9B0000001B40248844601BC3E
:103D1000604700BFC56D010001B40248844601BC84
:103D2000604700BFE917010001B40248844601BCA6
:103D3000604700BF2D6C010001B40248844601BCFD
:103D4000604700BFF9ED000001B40248844601BCA1
:103D5000604700BFADAE000001B40248844601BC1C
:103D6000604700BF85C1000001B40248844601BC21
:103D7000604700BFBD5C010001B40248844601BC3D
:103D8000604700BF0189000001B40248844601BCBD
:103D9000604700BFE9D4000001B40248844601BC7A
:103DA000604700BFED6B010001B40248844601BCCE
:103DB000604700BF0167010001B40248844601BCAE
:103DC000604700BF0D52010001B40248844601BCA7
:103DD000604700BFEDA5000001B40248844601BC65
:103DE000604700BF7912010001B40248844601BC5B
:103DF000604700BF51B8000001B40248844601BCCE
:103E0000604700BF8937010001B40248844601BC05
:103E1000604700BF0134010001B40248844601BC80
:103E2000604700BF6911010001B40248844601BC2B
:103E3000604700BF15C1001101B40248844601BCAF
:103E4000604700BFDD3F000001B40248844601BC6A
:103E5000604700BFC95C010001B40248844601BC50
:103E6000604700BF8B52010001B40248844601BC88
:103E7000604700BF21A9000001B40248844601BC8C
:103E8000604700BFB70E000001B40248844601BC81
:103E9000604700BF6D0B010001B40248844601BCBD
:103EA000604700BF01D7000001B40248844601BC4E
:103EB000604700BF8914010001B40248844601BC78
:103EC000604700BFE9F6000001B40248844601BC27
:103ED000604700BF75A9000001B40248844601BCD8
:103EE000604700BFF535010001B40248844601BCBB
:103EF000604700BF39AB001101B40248844601BCE1
:103F0000604700BFE927000001B40248844601BCB5
:103F1000604700BF0934010001B40248844601BC77
:103F2000604700BFCD4C010001B40248844601BC8B
:103F3000604700BF090E000001B40248844601BC7E
:103F4000604700BF71B0000001B40248844601BC64
:103F5000604700BFB352010001B40248844601BC6F
:103F6000604700BFF935010001B40248844601BC36
:103F7000604700BFD1AE000001B40248844601BCD6
:103F8000604700BF19FA000001B40248844601BC32
:103F9000604700BF75F8000001B40248844601BCC8
:103FA000604700BF016C010001B40248844601BCB7
:103FB000604700BF156B010001B40248844601BC94
:103FC000604700BF8512010001B40248844601BC6D
:103FD000604700BF9573010001B40248844601BCEC
:103FE000604700BFBD0B010001B40248844601BC1C
:103FF000604700BFDD0C010001B40248844601BCEB
:10400000604700BFE90B010001B40248844601BCCF
:10401000604700BF116E000001B40248844601BC35
:10402000604700BF5976010001B40248844601BCD4
:10403000604700BFF90D010001B40248844601BC8D
:10404000604700BFCD0C010001B40248844601BCAA
:10405000604700BF9D6A000001B40248844601BC6D
:10406000604700BFC166010001B40248844601BC3C
:08407000604700BFDD0A0100FA
:1040780002000000F2C9001101000000E8C70011A9
:1040880002000000EEC9001101000000B840FF1F47
:1040980002000000F0C7001101000000C861FF1F06
:1040A80002000000ECC90011030000003C61FF1F82
:1040B8001200000002000000F2C900110100000017
:1040C80030C8001102000000EEC900110100000014
:1040D8002DC80011020000003AC8001103000000BA
:1040E8007761FF1F02000000ECC900110300000007
:1040F8008C61FF1F02000000EEC9001101000000E2
:104108002CC800110200000038C80011030000008C
:104118004D61FF1F02000000ECC900110300000000
:104128006E61FF1F02000000F2C9001101000000CB
:1041380090C8001102000000EEC900110100000043
:104148000142FF1F02000000A2C800110100000088
:1041580085C8001102000000EEC90011010000002E
:104168000042FF1F02000000A0C80011010000006B
:104178009461FF1F02000000EEC900110100000059
:10418800FF41FF1F020000009EC80011010000004F
:1041980061C8001102000000EEC900110100000012
:1041A800FE41FF1F020000009CC800110100000032
:1041B8005CC8001102000000EEC9001101000000F7
:1041C800FD41FF1F020000009AC800110100000015
:1041D80054C8001102000000EEC9001101000000DF
:1041E800FC41FF1F0200000098C8001101000000F8
:1041F8004CC8001102020202020200000000000086
:1042080016150000D9560011D556001100C9001125
:1042180090011D0018001800FFFF070102030405A4
:104228000602010600000000000000000000000077
:104238000000000000000000000000000000000076
:104248000300000002000000F2C900110100000094
:1042580020C9001102000000EEC900110100000091
:10426800BC42FF1F020000002AC900110100000023
:10427800C261FF1F02000000ECC90011030000002A
:104288001865FF1F02000000EEC9001101000000C0
:10429800BC42FF1F0200000028C9001101000000F5
:1042A800C461FF1F02000000ECC9001103000000F8
:1042B8001065FF1F1200000000010000000001113E
:1042C800FFFF0000504859360000000000000000C1
:1042D8000B000500F0000000B400002800280028AA
:1042E8003075A000A000A000A00000080008E001B0
:1042F800F000100010001000100010001000500016
:104308005000500010001000D0070000000000000E
:104318000F0001000500307507001000010081FF43
:1043280000000000FF0000000D7D0011157B00114A
:10433800A5780011FFFF0100FF00000045A700114C
:10434800B5A40011CDA3001100000000000000007A
:1043580000000800040000003B0001085902E001C9
:1043680088212800FF00000002000000F2C90011A7
:1043780001000000B8CA001102000000EEC90011D7
:1043880001000000ED43FF1F02000000EAC9001110
:1043980001000000DC68FF1F02000000EEC90011E8
:1043A80001000000EC43FF1F02000000E8C90011F3
:1043B80001000000EA43FF1F02000000EEC90011DF
:1043C80001000000E843FF1F02000000E6C90011D9
:1043D80001000000E043FF1F180018001D009001B5
:1043E800020000030202000002000000F2C90011EE
:1043F80001000000CCCA001102000000EEC9001143
:10440800010000003044FF1F02000000E4C9001151
:10441800000000000000000002000000ECC90011CC
:0A44280003000000FC68FF1F20FFE6
:040000051FFF184180
:00000001FF
