:020000041100E9
:103000007FB50023284C294D03932800217C284AB2
:1030100001F035FA002812D103232800217C03AAED
:1030200001F0D4F900280AD1224B039A9A4206D122
:10303000214B2248E360224B636104B070BD02263D
:10304000217CFE2228001F4B009601F091F90028F8
:1030500001D00020F1E71C4BA2899A42F9D1217CD2
:10306000FF222800194B009601F082F90028F0D1C8
:10307000E389174A934203D1164B17486361DCE793
:10308000164A9342E5D1164B164A1B68934206D95D
:10309000C02304222800217C9B0001F0D2F9124BAE
:1030A00012486361C9E7C046D061FF1F2C42FF1F71
:1030B00081370000595953005959832040C10011EC
:1030C000D1410011DC61FF1F59590000DE61FF1F73
:1030D000830500008941001120C100118215000004
:1030E000F461FF1F871300002542001130C1001159
:1030F00070B5134D2B7C002B0DD0124C200001F02D
:10310000E5F8297C382907D1BA22200001F088F996
:10311000200001F019F970BDEB890B4A934206D1EA
:103120009023022220001B0201F08BF9F0E7074AEE
:103130009342EDD12000064A01F0A1F9E8E7C0462C
:10314000D061FF1F2C42FF1F830500008320000079
:10315000A23000000022024B1A825A617047C0461A
:10316000D061FF1FF7B5164B0192C318021D002056
:10317000009388235B05D3181B685C1C1AD09CB293
:10318000402C18D88D781E0CAC466746CD782D02A1
:103190003D43AE4206D1019800280ED110000C70BC
:1031A000240A4C7003249BB20733A343D218009B1C
:1031B0009A42DED3FEBD4432F9E71000FAE7C0467A
:1031C000FC0F0000802213B503000324019189B293
:1031D000520107319B18A14304305A1A88235B051A
:1031E000C3181B68591C03D190429241104016BD70
:1031F00099B2402907D80B000733A343C018904267
:10320000ECD30020F3E74430F9E7134B134A1B6873
:10321000126810B5FA24934201D81A00F824104B12
:10322000E4021B689A4210D813000E4A12689A42B0
:103230000ED3013307D1F823DB029C4203D10A49A4
:10324000054808F029FC200010BDFC24E402ECE74E
:10325000FE24E402F7E7C04600C0071100D00711C2
:1032600000E0071100F00711FFFFFF7FF0B59BB0F2
:10327000150003900491402A5CD806AC618022803E
:10328000FFF7C3FF002221000600FFF76BFF0528B0
:103290000FD92388AB420CD1002D07D0504B2A0008
:1032A0000399C01808F0B0FE002802D101201BB01D
:1032B000F0BD258030000699FFF784FF041E79D108
:1032C000069B0793FFF7A1FF80235B01C6188023AD
:1032D00007001B039E4201D1F826F60288235B05F6
:1032E000F31801931B68013302D0019808F02CFCFD
:1032F0003C49019808F0D0FB3B1D0293331D059318
:103300008822029B52059B181B6808935A1C13D1F4
:1033100088235B05FF1839680198013908F0BCFB68
:10332000380008F011FC30000799FFF74BFF04004C
:10333000002C41D10020BAE744219AB20091402AE2
:1033400004D80320D11D814389B2009104991B0C3C
:103350008B4224D0402A22D80122300008A9FFF74E
:1033600001FF021E1BD1380008A9FFF7FBFE040075
:103370000428DDD9009A059B9B1880225201B218BF
:1033800093422AD288235B05C118009A09A808F045
:103390004BFD134B009A09A9F01808F025FB009A81
:1033A000029B9446634402930F4B029AFB189A4285
:1033B000A6D3ADE70428BDD088235B05E0180699A5
:1033C00008F06AFB0323EA1C9A4300D16EE7044B22
:1033D0000399E01808F008FB68E70424ECE7C0460E
:1033E00004000011FFFFFF7FF80F000073B5040019
:1033F0001600402A1ED801AD6980FFF706FF0022A3
:1034000029002A80FFF7AEFE042810D92D88002E4F
:103410000BD0002C09D0321CAE4200D92A1C074B1D
:1034200092B2C118200008F0FFFC28B276BDC0435C
:1034300000B2FBE703204042F8E7C0460400001159
:1034400037B5042204000D0001A81649FFF7CEFF8E
:10345000020004280BD1019BA34208D3AB4204D045
:10346000104901A80195FFF701FF01203EBD0E4C58
:1034700023682000019308F067FB019920000139BF
:10348000019108F009FB80235B01E418074B9C4283
:10349000EED10422034901A80195FFF7E7FE0020C1
:1034A000E4E7C0465555000000C0071100000811B0
:1034B000F0B589B010226946234808F015FD234B6A
:1034C000009A6C469A4211D1019B0F2B35D8069970
:1034D000029A8C4618001100002604AD013808D26B
:1034E000002E01D00A00A160013229D10023A3607F
:1034F00023E04F1CF2D161460126EFE7103610227F
:103500002900300008F0F0FCA368A868013300D15E
:10351000A060882329685B05C9186B6829601A03B5
:10352000120B6A60814203D03B4201D108F07CFC5F
:103530006368013B6360002BE0D1A06809B0F0BD77
:10354000E027014E3F03F6E70000011150485936CD
:1035500007B508F021FBFFF7ABFF002803D001906F
:1035600001984168084707BD10B508F015FBFFF743
:103570009FFF040008F080FC200010BD13B504007C
:1035800008F00AFB002C03D0019401984168084719
:1035900013BDC0468022F8B5964C974BD20000214F
:1035A00020001C6008F0F0FC2300944A88331A6065
:1035B000934B1A786A23002A00D01133E3620A235E
:1035C0002365904B37221B780820A3638E4B21186C
:1035D000E361102323628D4B3B256361C823DB002D
:1035E000A36123008C331A602823013AE26320642C
:1035F0006364CA67043A211DCA672100BC310D60AB
:103600002100C03108602100C4310B602100063563
:10361000CC310D602100083DC8310D602100D03152
:103620000A602200D43210602200D83213602200D7
:103630000227E032210017604222DC310A602100BB
:103640001B3DE4310D602100E83108602100EC31C0
:103650000B6023000521F43319602300F0331A6056
:103660002300183290331A6023009433186023002B
:103670001E3A98331A60AF23DB002360644BFA26AE
:103680002363644B644DE360644BF031A364230017
:10369000FF31FC33B600A16021611E60A562732575
:1036A000E5656D3D6565A56596255D4AAD00E264FD
:1036B000666258606766A56600270925A767E56604
:1036C000584F594D606720002567E2673A6015271B
:1036D0009C30676007001A2038602000A030070087
:1036E000212038602000A83007004C4838602000B6
:1036F000F830066026006427A436376026005F3F56
:10370000AC3637602600033FB03637602600C63738
:10371000B436376026000027B836376038269E60FA
:10372000424E96205E64424E5A66DE61414E9A6475
:103730005E62F53EFF3E9E621E269A67354A800015
:10374000DE661F675F67DD651D661862DA67BE2388
:10375000394A5B00E250394BD838235004302250AC
:10376000C4225200A350C623E4205B00E15004337E
:10377000334AE1503349344BD16034498000195009
:103780003349E938FF381950324904301950324969
:103790003248D16132491163324951631900F43121
:1037A0000860CE203049400011603049195019009E
:1037B0002F48F83108602F49D16582212E4A8900AF
:1037C0005A501A002D490832D1671A002C49B432D8
:1037D000116088212B4A89005A501A002A498832E0
:1037E00011602A4ADA6408F0EFF9012008F09CF928
:1037F000F8BDC0460004FF1F0465FF1FD06FFF1F08
:103800005C44FF1F4A0AFF1F3A07000080C3C9013A
:103810009A020000DC0500006A18000050C3000096
:1038200088130000F009FF1F204E00006509FF1FEC
:1038300068100000C409000040420F00102700007B
:10384000FC00FF1F6D1CFF1F0000FF1FC52CFF1F8A
:103850004D30FF1FE52EFF1F2D20FF1F2527FF1FC7
:103860004920FF1FF921FF1FB91FFF1F4929FF1F13
:10387000312AFF1F8D19FF1F5528FF1F8125FF1FAC
:103880008D25FF1FB91EFF1F711FFF1F311EFF1F58
:103890000223F0B5012500245B4E91B033705B4BE1
:1038A0005B4F1D703A6803935A4B29005A700420ED
:1038B000594A2300009408F05FF98023DB059D62DC
:1038C000FFF752FE554BC218C0239B029A4201D209
:1038D000FFF754FE3C60052007F0E8F808F0F4F923
:1038E000FFF758FE08F0D0F91F2201254C4B1A7043
:1038F0004C4B1D704C4B1C704C4B05AC19689143E4
:10390000163A0A431A60602219689143403A0A4302
:103910001A6008F051F908F02FFB454B9847C12079
:10392000FF21444B80001A588A431A50C522920046
:1039300098588843BF390143995098583E490840E8
:103940008021C9010143802099509958C00509027E
:10395000090A0143995080213848490108F01CFBAD
:1039600003232A00364900933648019508F01CFBD2
:103970002C22354905A808F057FA6178207806F01E
:1039800021FD023410ABA342F7D1304C304B2268FA
:1039900003201A40A023DB02134323608023226804
:1039A0009B041343236022682A4B1A4080239B0305
:1039B00013432360284A294B934200D8012008F082
:1039C000CBFA08F051FA80232268DB04134323600A
:1039D000307808F019F9039B1878C0B208F084F920
:1039E00008F0CAF90C49042008F0AEFA06F0E0FE2F
:1039F00000F036F800F05CFD00F0F4FD00F0F0F9A6
:103A0000002011B0F0BDC0464A0AFF1F5C44FF1FF2
:103A100034F000400062FF1F3B000108000001E09D
:103A2000480AFF1F490AFF1F680AFF1FBCF0004039
:103A3000E1A2000000E100E0FF00FFFF6044FF1F83
:103A4000E456FF1F6054FF1F28C0001114F000400F
:103A5000FF7FF8FFFFFF9FFF0080FF1FD06FFF1F5A
:103A6000002210B51100112008F0B6F810BD0000BA
:103A7000F8B500230926374F374C3B62E368112025
:103A8000B343E36008F058F9112008F095FA1120CB
:103A900008F07AF8402322688025134323608023AE
:103AA0006268DB0213436360A3682C4A2B43A36064
:103AB000A36802211340A3608023A2689B011343E3
:103AC0001022A360236C072093432364236C0F3AD6
:103AD0001343236480235B003B62226B204B1A401C
:103AE0002263626B1A406263A26B1A40A263E26BAC
:103AF0001340E363E3681B4A1340E36006F062FC93
:103B00000121072006F072FD174B11205A6C154356
:103B10005D6408F009F9FD21144B154A89005A50DB
:103B20008023C720626B5B0313436363E3688000F9
:103B30003343E3600F4B104A1958114080221202A0
:103B40000A431A50802292051A6008220B4B5A63CE
:103B5000F8BDC04600F000403CF00040FFFFDFFF32
:103B6000EFFFEFFFFFFF7FFF003800400000FF1F67
:103B70005118FF1F00E100E0FF00FFFF00000540BB
:103B800070B5174CE088002823D02368A688C01899
:103B90008023711C89B2134D2060A1809B00994243
:103BA00018D3420A93B2C21AEB802260A6800E4A52
:103BB000642093420AD8FA220020D200934205D909
:103BC0000A21180008F088F9C838C0B2002328720A
:103BD000E38070BD08F068F883B2EB80E7E7C04689
:103BE0005C61FF1FE861FF1FB70B000030B503A841
:103BF00004880B20002C0ED14968074D08784978BD
:103C0000090201430A20A94205D10121200019809F
:103C1000024B1B7A137030BD192A0000E861FF1FA8
:103C2000F7B5150008AA16884A680F4F147852781D
:103C3000120222430A24BA4214D10122DBB20192B9
:103C400000962A0007F04AFE041E0BD1074B1B68A2
:103C5000002B07D068782A78000210434242504176
:103C6000013098472000FEBD022900006C61FF1F53
:103C700030B5012503790400BFB02B4211D00A49A9
:103C8000408807F09BF928420BD0084B01A95B8DB7
:103C90004D800B80064B00221B7A60880B7104F06C
:103CA00087F93FB030BDC0466461FF1FA040FF1FD1
:103CB000E861FF1F10B50549054807F035F90421F3
:103CC000044A054807F0F2F810BDC0466461FF1FC2
:103CD000FFFF000054C00011A040FF1F10B50248B4
:103CE00004F0EAFF10BDC046713C00110122144BE4
:103CF0000270197A4170022181709978C170D97867
:103D0000017103214171197981715979C1710C21B6
:103D1000017299794172DB7983720A4B1978CBB2BF
:103D2000002904D03A230273C3720D207047037335
:103D30004373F2221823C27283730F20F6E7C04642
:103D4000E861FF1FB962FF1F022310B50370013B3A
:103D500043700533837010330371443B43712A333E
:103D600083714433C37100230372064B04001B8824
:103D700043720A30FFF7BAFF831D0A30C0B2E37006
:103D800010BDC046E861FF1F10B5142008F024F8EC
:103D9000124B14220021186008F0F6F8002008F0F9
:103DA0005BF8012008F0C0F8022008F005F80320B5
:103DB00004F024FA042006F03DFA052003F05CFC30
:103DC000062004F02FF9072001F092FC082007F0EC
:103DD0004DF8092001F018FA10BDC0467061FF1FB0
:103DE00007F022FF012008F027F807F01DFE000071
:103DF000094B10B50400984205D0012904D12000D8
:103E0000064907F091F810BD0229FCD1013904F0F0
:103E10000DFF0028F3D0F6E7FEFF00009661FF1FBC
:103E200070B50D7A100004AA2C00168810221440D8
:103E3000154220D1002E20D10A78022A18D14A68D2
:103E4000517815780E4A09022943914205D00D4A4E
:103E5000914209D01C800A2404E014220A491A80E5
:103E600007F0E2FF200070BD0C2208491A80F7E736
:103E70001C800124F6E70824F4E70B24F2E7C0468F
:103E8000F3FF0000F4FF0000E842FF1F5CC10011D7
:103E900010B504000749084807F046F8074804F041
:103EA00047FE0020E40704D50721054A054806F02F
:103EB000FDFF10BD9661FF1FFFFF0000F13D0011E7
:103EC00098C00011E440FF1F10B50B4BBEB01A782C
:103ED0000A4902A800F05AFE01AC80B260800028B6
:103EE00008D0074B00221B8821002380054B18882F
:103EF00004F05EF83EB010BD7461FF1F7561FF1FD6
:103F00003E41FF1F4842FF1F10B50B4BBEB01A7851
:103F10000A4902A801F090FF01AC80B2608000283D
:103F200008D0074B00225B8D21002380054B1888A9
:103F300004F03EF83EB010BD9E61FF1F9F61FF1F61
:103F4000E440FF1F4842FF1FF0B585B00390029286
:103F50000A7A1C000AAB15001F8820230E001D40A2
:103F60001A4241D106F09CFD3378022B3ED1736892
:103F70001A785B781B0213431F4A934211D01F4AE1
:103F8000934220D01E4A0A25934219D101223100C2
:103F900001920398029AE3B2009707F09FFC050094
:103FA0000EE0002F24D1142C24D82200F0680299AE
:103FB00007F03AFF134B1C70012C01D9FFF7A4FF47
:103FC000280005B0F0BD002F12D1202C12D8029984
:103FD0002200F06807F028FF0B4B04211C700B4BEC
:103FE000187807F019FDEBE70825E9E70125E7E771
:103FF0000B25E5E70D25E3E7F3FF0000F4FF0000E4
:10400000022900009E61FF1F7461FF1FBA62FF1F3B
:10401000332310B5040003700A220749013007F06A
:1040200003FF064B0F201B681A0AE37222731A0C57
:104030001B0E6273A37310BDE861FF1F1062FF1FA8
:1040400030B5012503790400BFB02B4213D00B49D2
:10405000408806F0B3FF28420DD0094B01AD1B8804
:1040600002A82B80FFF7D4FF0F236B8000222900CA
:10407000608803F09DFF3FB030BDC0469661FF1FD2
:104080003E41FF1F10B5024804F016FE10BDC046A9
:104090004140001170B5160004AA148805AA1578CD
:1040A0004A685078117800022A4A08438018052887
:1040B0004BD807F029FD03131E29343F07221000B7
:1040C000062C0AD8121BAA4200D92A0022491A80BB
:1040D0003000091907F0A8FE002070BD0720112C40
:1040E000FBD81222121BAA4200D92A001B491A80AF
:1040F000EEE70720222CF0D82322121BAA4200D977
:104100002A0017491A80E3E70720032CE5D8042288
:10411000121BAA4200D92A0012491A80D8E70722A6
:104120001000062CD9D8121BAA4200D92A000E4929
:104130001A80CDE707221000062CCED8121BAA4207
:1041400000D92A0009491A80C2E700220A201A80F1
:10415000C3E7C046DCD5FFFFFDC00011BC61FF1FF7
:10416000D9C00011D4C00011CCC00011C4C00011CE
:1041700010B50D21024A034806F098FE10BDC04656
:10418000B8C000115441FF1F37B50F4C01AD0423D7
:104190002A00217C00F01AF9002813D1298823680D
:1041A00049BA89B24B4321891B0C5B18074A6988BD
:1041B000538049BA636889B24B4361891B0C5B1811
:1041C00093803EBD0120FCE7D061FF1FE861FF1F27
:1041D00037B5124C06236A46217C6D4600F0F6F88E
:1041E000002818D12988236849BA89B24B4321890C
:1041F0000B4A1B0C5B1853806B4603335B78E978E2
:104200001B020B435BBA61689BB24B4361891B0C79
:104210005B1893803EBD0120FCE7C046D061FF1FC4
:10422000E861FF1FF0B5022785B0154C03AD217C76
:104230002B0000220097060000F09AF8002802D018
:10424000012005B0F0BD0E23217C01223000009733
:104250006B4400F08DF80028F2D129882368C9BA90
:104260004B4321891B145B18064A6988538049BA5D
:10427000636889B24B4361891B0C5B189380E0E74C
:10428000D061FF1FE861FF1F10B500F071FB034A0A
:10429000002013880133138010BDC046E861FF1F62
:1042A00010B500F045FB10BD10B58024064AA400EF
:1042B0001168436B234205D113685B1A032BF8D9AD
:1042C000012010BD0020FCE76008FF1F70B5C17918
:1042D00005000C00631E9C411A4BE402E4184900DF
:1042E0000460C9B2007906F0B7F9E9796879490044
:1042F0000131C9B206F0B0F9E8790930C0B207F06F
:1043000043FC0023E36661332360AA795B3B002A08
:104310000ED022689A43023B134323600A23E361D1
:104320000733236200232363A3630133E36370BD78
:1043300022689A43022313432360462363610633B2
:10434000A361EFE70050004070B50025040003684A
:10435000DD66C0790930C0B207F0EEFC2900207993
:1043600006F016F92900607906F012F970BD000018
:10437000F8B51E0006AB1D78002304681700E3663D
:10438000616007F009FC01238022E3662B002761AE
:104390005200013B08D207F06FFD08200A4A11685D
:1043A000002D03D12800F8BD2261F2E7236F0342FC
:1043B00003D02369013D3370013613685B1A032B68
:1043C000EED90125EEE7C0466008FF1F70B51C005E
:1043D000002305681600EB66696007F0DDFB01232A
:1043E0008022EB6623005200013B08D207F044FD17
:1043F00008200A4A1168002C03D1200070BD2A61F0
:10440000F2E72B6F034203D02B69013C3370013676
:1044100013685B1A032BEED90124EEE76008FF1F37
:10442000002370B504681500E366616007F0B4FB13
:104430000123E366256107F01FFD2000FFF734FF2D
:1044400070BD70B51D00002304681600E36661604E
:1044500007F0A2FB0123E36626610F33626B1A4269
:10446000FCD02B0A23611023626B1A42FCD0EDB200
:10447000256107F001FD2000FFF716FF70BD002346
:1044800070B504681500E366616007F085FB0123E1
:10449000E3662B0A23611023626B1A42FCD0EDB253
:1044A000256107F0E9FC2000FFF7FEFE70BD00006B
:1044B00010B5084CE368002B08D18022064B52024D
:1044C0001B689B186360054B1B68236007F014FD95
:1044D000A06010BD1062FF1FC8F00040CCF000408B
:1044E000F0B5164A916A936A8B42FBD114490127B1
:1044F0008A688B609A1A134B48681C6893B26343AE
:104500001B0A1B18D002C00E6043020208689B18E9
:10451000002402000C4D4B60561CAB4208D8002C06
:1045200001D010000CC1094A1360094B1860F0BD9E
:10453000084A3C009B183200EEE7C04600F00040FD
:104540001062FF1F140AFF1F40420F00C8F0004016
:10455000CCF00040C0BDF0FF70B5194C23793F2B63
:1045600001D93F232371174A13701078C0B207F0A6
:104570001BFC1823144A15491380154A0B8013801D
:104580004B80A0790C3B421C534380221201934282
:1045900013D81A00CB80A0230E4D888028800E48A7
:1045A00063719F3B028023720C4A0D4B1A60E379C2
:1045B000052B01D81023E37170BD1300EAE7C04654
:1045C0000462FF1F480AFF1F4642FF1F0844FF1FE7
:1045D0004442FF1F4242FF1F4042FF1F10270000BE
:1045E000F461FF1FF8B521210020FEF729FF114CCF
:1045F000011E114D09D10C22104BC1CBC1C42800A2
:1046000007F0C2FCFFF7A8FFF8BD0C2220000C4900
:10461000FEF7ECFE0C2802D0084B43CB43C40C221F
:1046200028000849FEF7E2FE0C28EBD00C220021FE
:10463000E5E7C0460462FF1FD061FF1F50C10011B3
:10464000FC0C0000F50C000010B50C2202480349D8
:10465000FEF70CFE10BDC0460462FF1FFC0C0000FC
:10466000F0B51D4C8022A544040088206946520103
:10467000400507F0E1F9902212016A44130020007E
:1046800032C832C316C816C38023144C144FA66810
:104690009B033343A3603B6007F03EFB8823A06885
:1046A0005B05C01807F050FA0025882329008022F6
:1046B000A0685B05C01840196944520007F094F9DE
:1046C00080230135FF355B019D42EED1A6603E603F
:1046D000044B9D44F0BDC046FCEFFFFF7843FF1F35
:1046E0009808FF1F04100000F8B503780500013B8F
:1046F0000026012B02D82B7A9E4200DBF8BD6B68A6
:10470000594C9A5DA3690133A361584B19783F292D
:1047100005D81878411CC9B21970554B1A54A37B9F
:10472000002B0BD1522A05D1013322706373A3737E
:104730000136E0E7636901336361F9E7617B4B1C94
:10474000DBB2637362540C2BF2D9237B452B3ED131
:104750000921484801F02AFB6289030060789A42E7
:1047600035D10023A3736373A38B012201339BB262
:10477000A38323000833DA772379E2781B021343FB
:104780001BB2E3836379E11C9C466746A379621DF3
:104790001B023B431BB22384C877A178231DD97722
:1047A000637A2100D377E279A31DDA77237AE21DB9
:1047B000D37722002A3108782B32002825D01178AF
:1047C0008B4225D01370E36A0133E36220E0238A31
:1047D00001339BB223820123E25C522A0FD1453A76
:1047E000D01A21000022C0B2CF5C0132D2B20F70C9
:1047F00001318242F8D10D22D31A637398E7013355
:104800000D2BE9D10023A373F7E701200870137083
:10481000194B154C1A78002A04D0002208201A706F
:1048200007F02AFA154A136811688B42FBD122005F
:10483000383211781B021B0A00290FD07D21226B10
:104840009A1A1202120A4A43120B626380212363EE
:104850000B4B4901187807F0DFF869E7012149425D
:10486000616302311170F1E73062FF1F7062FF1F58
:104870007162FF1F3162FF1F5862FF1F28F0004066
:10488000BA62FF1FF0B5204D89B0402200212800F8
:1048900007F07AFB402200211C4807F075FB00223C
:1048A0001B4B00211A701B4B0A326B87FA23AB8714
:1048B00002ABD01807F068FB174B04AC238096239B
:1048C0009B010593012321002372144B144A079383
:1048D000C1C9C1C213600022049800920599069ACA
:1048E00006F08AF804002B006242624129331A70F4
:1048F000002805D1082007F017FA012328352B706E
:10490000200009B0F0BDC0463062FF1F7162FF1F7A
:104910007062FF1F96280000FF060000E9460011A4
:104920002062FF1F014BD86A7047C0463062FF1FEC
:1049300037B50C4B0C4C1B78002B11D02834237846
:10494000DDB2002B0CD1280006F092F8074B009541
:104950000FCB06F051F8082007F0E6F90123237089
:1049600037BDC0465962FF1F3062FF1F2062FF1F24
:104970000E4A0F4BD27F0F49002A05D0DA8B4A80AE
:104980001B8C1BB28B8070479A8B002A0AD09A8BA3
:10499000524292B24A801A8A002A05D01B8A5B4290
:1049A0009BB2EEE7044AF5E7034BEAE73862FF1FE4
:1049B0003062FF1FE861FF1FFFFF00008021F8B594
:1049C0001D4CC901207807F0B7F81C4B20781A005D
:1049D00000243F325E6B1470194AB118194A914293
:1049E00026D803275D8F998F761BF2173A409219CC
:1049F0009210AD185D871D003E352A780132D2B283
:104A0000072A0CD82A70998F5B8F143101229942A2
:104A100000D25A1A8021890107F09EF9F8BD2C7046
:104A2000772902D949089987EDE73C229A87EAE776
:104A30001A003E321470E6E7BA62FF1F3062FF1FB1
:104A4000C0E0FFFF8813000010B5FFF771FF094AAF
:104A5000094B12781878094B012A07D95B8F9A08FD
:104A6000D2188021C90107F077F910BD9A8F0A3258
:104A70005200F6E76F62FF1FBA62FF1F3062FF1F2E
:104A800070B51C4B1C4C1A78002A21D00025082038
:104A90001D7007F0F1F8230038331D70230021004A
:104AA0003E33A28F3F311D700B78FF2B04D00133B2
:104AB000DBB20B70052B07D9104A8021104B8901FE
:104AC000187807F049F903E0012B02D0FFF7BCFF8B
:104AD00070BDFA20400003005100814200D88BB223
:104AE0001432618FA387D31801228B42E5D2CA1AF0
:104AF000E3E7C0465862FF1F3062FF1FE0930400E7
:104B0000BA62FF1FF0B587B0051E6C4627D0684615
:104B100006F0BAFF1B4D022806D10622694628007E
:104B200007F072FA002818D00F222100002301207C
:104B300094460600EA5C013317091037BE4037007F
:104B4000664632400600964032003A434A610439D4
:104B5000062BEED12000FFF783FD07B0F0BD182231
:104B60006946094806F068FFAB00E358013305D0F9
:104B70001822FF21200007F007FAEBE70135062D88
:104B8000F2D1EAE76509FF1F00090011F0B5002620
:104B900004000F00150085B0B24200D187E08A788A
:104BA0004B1C01934B7812021A43CB7808781B04F4
:104BB00013430A79207012061A430092039266701A
:104BC000252800D193E033D8112813D807F01CF919
:104BD00066001801180118011801A700B500AE0001
:104BE00018011801180118011801180118011801FD
:104BF000F2001201232800D1CAE0DB2800D0CBE16B
:104C0000042D00D8AEE0052D00D197E16E1F3200D3
:104C10000098791D07F008F905223900200007F0F7
:104C200003F932000099601D07F0FEF82E003EE007
:104C3000562856D00FD8332800D1A4E0552839D0B3
:104C40002628DAD1BF4D13223100280007F09CF945
:104C5000FEF780FA5AE0712800D175E0722800D181
:104C600087E0DC28C9D1022D00D87BE04B78637047
:104C70008B78A3706B461E88032D05D0033DC81C9E
:104C8000AAB23100FEF7F2FA31001022E01CFEF762
:104C9000ADFBC61C00280ADA607070E00C260C22FE
:104CA0002000A94907F0C0F8A64B5B7CE3803000E8
:104CB00005B0F0BD6A1EA54D0C2A10D8002A07D0F9
:104CC0002800019907F0B0F8FFF746FCFFF7BCFC9D
:104CD0000C222900601C07F0A7F80D26E7E70C223C
:104CE000EEE79A4D9A4B2A0043CB43C2ECE76A1E8B
:104CF000944D0C2A11D8002A08D00199280007F0F9
:104D000093F80C2228009349FEF7B0FA13222900E9
:104D1000601C07F089F81426C9E70C22EDE706228B
:104D20008D49601C07F080F80626C0E712228B49E7
:104D3000601C07F079F81326B9E708228849601C3F
:104D400007F072F80926B2E7012D0ED04978F02954
:104D500008D8844D288801F0C9FC834B2A8852006A
:104D6000D35A00E0FF23637009E07E4A7E4B12882D
:104D7000F5E77E4B012D04D04A781A706270022646
:104D800095E71B78EFE72000FFF742F906008EE772
:104D9000042D05D9764D009B2B6007F0ADF8A86077
:104DA000FFF79EFB0422039003A9601C07F03CF868
:104DB00005267CE76F4E062D15D906223000019995
:104DC00007F022F900280ED006220199300007F0E2
:104DD0002BF8062268493000FEF748FA0123634A9F
:104DE00011780B43137031000622601C07F01CF889
:104DF00007265CE7012DB5D04878FFF783FEBEE7B4
:104E000001281FD15D4AAB1E0092132B06D84B78A8
:104E1000002B0BD100F066F900F09CF9584B00997B
:104E20001E78601C721E06F0FFFF40E7013D2A005D
:104E30000199009806F0F8FF52490098AAB2FEF7CF
:104E400015FAE9E7032800D0D7E6012D2DD120700F
:104E50000C234D4A637012784C4BA2701A00083232
:104E6000D27F1026E2709A6922719A69120A6271E1
:104E70009A69120CA2719A69120EE2719A8B2272CF
:104E80009A8B120A62721A8AA2721A8A120AE27241
:104E9000DA8B2273DA8B12B2121262731A8CA2733B
:104EA0001B8C1BB21B12E37301E74B782070002BA5
:104EB000CED0012B1FD10B336370344B0B26DA8B12
:104EC000A270DA8B12B21212E2701A8C22711A8C52
:104ED00012B212126271DA1CD27FA2711A1DD27F35
:104EE000E2715A1DD27F22729A1DD27F07336272FD
:104EF000DB7FA372DBE6032B00D033E7022D00D16A
:104F000030E70C22224B897818780426A070187894
:104F10006270E170884200D8C9E61B785B1A1E1CDB
:104F2000DBB2934200D9161C1A4BF6B23200201D98
:104F3000C918043606F078FFF6B2B8E61525102633
:104F40006AE6C046D061FF1F5CC100110462FF1F0A
:104F500050C10011F50C0000DC61FF1FBC61FF1F98
:104F60007C43FF1F4842FF1F0865FF1F0062FF1FB1
:104F70001062FF1F6509FF1FADAC00009964FF1FA1
:104F80009764FF1FAEDE00005962FF1F3062FF1FF3
:104F90007062FF1F7162FF1FDA2800D0E2E6042D65
:104FA00000D8DFE6082D17D9BB797A791B021343A5
:104FB000FA7912041A433B7A1B061343009A1360D2
:104FC000009B05221B6839002000039306F02CFF8C
:104FD0000422601D03A9B3E6FE236370F0E7C04618
:104FE00070470000013870B5042809D8254C06F038
:104FF0008BFD0308292910000221207806F00CFD02
:1050000070BD0821207806F097FD00221E4B1A7211
:10501000F6E7802200251C4B520060201A81DD72C9
:1050200006F082FE194B1D70194B1D70FFF780FCB6
:1050300008212078174A06F08FFE2900207806F014
:10504000B3FDDDE70821207806F076FD602006F04C
:1050500013FE1148FEF778FE104B114A9B7993809E
:10506000104A13800022084BDA720132FF321A8193
:105070000D4B1B78002BC3D00C4A136006F06CFD5F
:10508000BEE7C046BA62FF1FF461FF1FB962FF1F8F
:10509000B862FF1F102700005142FF1F0462FF1F6C
:1050A0000844FF1F4242FF1F0062FF1F34F0004010
:1050B0000300F0B50A4D8E18B14202D1520080189B
:1050C000F0BD0C782F6824093C5D0F271C700C780C
:1050D00001313C402F683C5D5C700233ECE7C04618
:1050E0003C42FF1F1022124B10B51A700F23114CB7
:1050F00011492370093A063B1048637006F094FE8C
:105100002D2301220E490F486372FFF7D1FF0122C0
:105110000D49FFF7CDFF01220C49FFF7C9FF03003E
:1051200000200B4902001870FEF7A0F810BDC04621
:10513000B664FF1F9764FF1FFDC000119964FF1F35
:105140006709FF1FA164FF1F6609FF1F6509FF1F95
:10515000AEDE000070B5134C142220001249FEF799
:1051600045F9431E114D132B19D8AB78002B16D0DF
:10517000431C2B7009236B700023001903702878DF
:105180000B4B01302900C0B2187006F095FC29784D
:1051900022000139C9B2002005F0A6FD70BDFFF75D
:1051A000A1FFECE79964FF1FAEDE00009764FF1FCC
:1051B000B664FF1F10B5114B1A781870002A0ED074
:1051C00000280BD10E4B1A78062A07D85423D34057
:1051D000DB0703D50B4B187802F0ECF810BD002864
:1051E000FCD0074B1B78012B02D0033B022BF5D8D8
:1051F000044B0121187806F00FFCEFE7BB64FF1F9A
:10520000E164FF1FE264FF1F70B54A4D2D24287032
:10521000FDF7A0FFFFF736FB8021474AC901287838
:1052200006F09AFD06F0E0FD032244494448FFF7EA
:105230003FFF030004221C7042490130FFF738FF92
:1052400030230470404E414C437083702E3B062245
:1052500020003F49F387FEF7C9F8062813D0200045
:1052600006F012FC022809D00321200006F07CFC85
:105270008D23E3706E3B2371193363710622200086
:105280003349FDF7F3FF334B1B68FC335C64FFF7D6
:1052900061FF0020FFF78EFF2F4C304A0121304B79
:1052A0001278207802F048F82E4A2F4B127800210D
:1052B000207802F041F801222C4B1A702C4B5A78BE
:1052C0003C23552A00D0163B2A4A202153722A4BF0
:1052D0002A4AF381B28132827382287806F074FB05
:1052E0000120404205F04CFD0120404205F0E8FD60
:1052F000FEF73EFFFEF7DEFC00F036FD01204042E7
:10530000FEF7C6FD012006F067FEF02001F0D2F99D
:105310000121287806F080FB287802F0A7F91848C8
:1053200006F06AFCFEF7A4FB00226020110006F0E4
:1053300053FC70BDBA62FF1F983A00007C43FF1F08
:10534000BC61FF1FDC61FF1F0643FF1F6509FF1FD4
:10535000ADAC00000465FF1FE264FF1F7042FF1F39
:105360005142FF1FB664FF1F9764FF1F8864FF1F31
:105370000062FF1FF461FF1FCE090000C409000096
:10538000BC62FF1FF8B50D008B0600D497E005F056
:1053900087FB844B1B78002B19D0FFF7A1F8FFF790
:1053A000C1FA814B814A1968884213D0804918603C
:1053B0000B8801330B8001217E4B1970062313707B
:1053C0007D4C2000FEF7C0FC210006F025FC2020CB
:1053D0006840F8BD1378002B0BD0013BDBB2137093
:1053E000002BF4D1734A1370714A13880133138070
:1053F000E6E7724B724C734E99686268737A8A1A48
:10540000DB039A4202D36160FEF732FB327A217AE3
:10541000531EDBB299423ED1FEF742FF637A002B66
:1054200035D0013BDBB26372002B30D1664B5B7829
:10543000552B01D106F090FBE37A002B12D000230C
:10544000A27AE3729A4202D0A372FEF799FB584AFD
:10545000594F1388380001331380FEF775FC39006B
:1054600006F0DAFB64227379584E5343584A190008
:105470009381138201230A31D18151823370554BBC
:10548000187801F097FF002801D000233370237AA9
:10549000013323729BE79142C0D300272772FEF7A6
:1054A000F3FEA37ABB4202D0A772FEF769FB424F1C
:1054B0003800FEF749FC390006F0AEFBAEE70BB250
:1054C000002B0ADA444B187806F0BEFB002801D006
:1054D00006F012FB802000027AE70224214209D064
:1054E000384A374B127A0120023A1A72FFF762FEED
:1054F00020006DE780246401214202D0FFF75EFAAC
:10550000F6E78024A401214202D0FFF79DFAEFE7DD
:105510008024E401214202D0FFF7B2FAE8E70B074A
:1055200021D5FEF7DDFF254B2549264C98684A68B2
:10553000637A821ADB039A4202D34860FEF798FA34
:10554000FEF7A2FEFEF7ACFE234B08211878234A93
:1055500006F002FC00F022FC2368DB0701D5FEF711
:1055600091FD082034E7CB0609D5FEF709FB0D4B6A
:105570001B78002B01D1FEF7B1FB102028E7012496
:10558000214205D0164800F077F806F0C5FAAFE7DB
:10559000042408002040214200D11AE7FEF794FCC1
:1055A000A6E7C046BB64FF1FB462FF1FB862FF1FBF
:1055B000E861FF1FB962FF1F5142FF1F1062FF1F0A
:1055C000F461FF1F0462FF1F0062FF1FBA64FF1F28
:1055D0000643FF1FE264FF1FBA62FF1F102700008F
:1055E0003442FF1FF0B51A4B1A4F1B883A8804004B
:1055F000194E1A4D85B09A420DD832889A420AD374
:10560000174B1A882B889A4205D1164A164B1288D6
:105610001B889A421AD0052001F0A2F83B8802A903
:105620000B80338801904B802B88104D8B800E4B64
:105630002A781B88CB800E4B188802F0C3FD0D4BD7
:1056400008212878019A1C7006F086FB05B0F0BD91
:105650008664FF1F4642FF1F4442FF1F4242FF1F56
:105660008464FF1F8264FF1F4042FF1FE264FF1F2C
:105670004842FF1F8064FF1F13B50C4B1C78002CA1
:1056800011D1002801D00A4B18600A4A0A4B117840
:105690000A4A10780A4A01920A4A0092002205F04A
:1056A0001BFA200016BD1124FBE7C046E164FF1F72
:1056B0007C64FF1FE064FF1FD064FF1FE264FF1FD4
:1056C000BC64FF1FC064FF1F10B5064B12201B787F
:1056D000052B06D1044B13221988044B187801F0CE
:1056E0001BFA10BDE164FF1F4842FF1FE264FF1F69
:1056F00010B500240122114B52421870104B1C703F
:10570000104B1A8001F0B2FF04220F4B21001A70D7
:105710000E480C3206F070FC102221000C4806F0F6
:105720006BFC07220B4B1C600B4B1C700B4B1C7053
:105730000B4B1A700B4B1C7010BDC046E264FF1F70
:10574000E164FF1F4842FF1FE064FF1FD064FF1F9A
:10575000C064FF1FBC64FF1F9664FF1F9564FF1F9A
:105760004A42FF1F9464FF1FF8B5174C06002578C6
:1057700006A814240078052D23D1B41F134FA5B219
:105780001824BD421DD88D1FADB2BD4219D8FA25CF
:105790006D00AA4215D21D000D4F0A3DADB2BD42AB
:1057A0000FD80C4C26800C4C21800C4900240A8018
:1057B0000B4A1380FFF716FF0A4B0421187806F0F6
:1057C000BBF92000F8BDC046E164FF1F790C000062
:1057D000750C00004642FF1F4442FF1F4242FF1F5C
:1057E0004042FF1FE264FF1FF0B50BB20E0089B00C
:1057F000002B00DB9BE1B44D287806F025FA041E4F
:105800005ED00378A22B00D14CE1D02B1AD0912B83
:1058100053D143780E2B50D1AC4B82889A424CD155
:10582000AB4B1B78052B48D18368032018567F2883
:1058300043D0A84B1B68002B3FD05B68002B3CD0AB
:1058400098473AE08078072837D806F0DDFA080054
:10585000360026004D004D009000D2000201637812
:10586000002B0CD007229A4B1A709A4B1B68002B06
:1058700023D01B68002B20D0954A1078E0E7012147
:10588000934B1970944B1A78002AEED0934B2878DA
:1058900001F052FD0028E5D1E7E761780029E1D168
:1058A000E378002B11D08E4A8E4B1278287801F0C5
:1058B00043FD60706378002BD4D1200006F01CF902
:1058C00080200002704009B0F0BD814B1B78022B94
:1058D000F3D00121287806F0AFF90028EAD10121A0
:1058E000287806F099F8E5E76278794F002A39D1EF
:1058F000032807D13B78052B02D101333B70B4E775
:105900000223FBE7784B197800290BD01A703B78FB
:10591000053B012BD1D90121744B2878197006F071
:105920007BF8CAE7724B1A88704B0293002A0BD09F
:105930001B78002B03D00121287806F00DFA3B7864
:10594000062B04D1013BD9E7029B1A70F7E7042B21
:1059500006D10121029B2878197006F05DF884E7D2
:105960000323CBE70022604B1A700723C6E7637856
:105970005E4A574F0292002B28D10622211D5D4816
:1059800006F052FA62895C4B5C491A80A2895C4B32
:105990001A80E3890B80052139705A490A805A4AD6
:1059A0001380228A594B1A80594B1B78012B09D13D
:1059B0001F2000F0D5FEFA229200424304212878ED
:1059C00006F0CAF90023029A13704EE72878312BAB
:1059D00005D10121029B197003233B70BDE707230A
:1059E000FA2201213B70029B9200197006F0B4F973
:1059F0003BE7062200213F4806F0FEFA0023414A19
:105A000004211380404A28781380404A138006F00E
:105A100093F80821287806F08FF8A379083B5A42BA
:105A200053412B4A033313702B4B1B78002B06D0AA
:105A30002E4B28781A78002A06D001F0BBFC0122F0
:105A40002D4B52421A8010E70121197005F0E4FF36
:105A5000F5E70821287806F06FF86378002B00D06E
:105A60002BE7284B294F0293E388029A04211380E5
:105A7000254B287803932389039A138063893B80FD
:105A800006F0DAF8002800D017E7224B1B68002B3D
:105A900000D112E7039902983A88098800881B68A8
:105AA00098470AE74379132B00D006E70389012BB7
:105AB00034D1194B1B78022B30D10821287806F0FD
:105AC0003BF8FFF701FEF8E6E264FF1F0514000053
:105AD000E164FF1F7C64FF1F7042FF1F5142FF1FE4
:105AE000B664FF1F9764FF1FBA64FF1FBB64FF1FEC
:105AF000B864FF1F8964FF1F4842FF1F9064FF1FA7
:105B00009264FF1F8664FF1F8464FF1F8264FF1F6F
:105B10008864FF1F7864FF1F8064FF1F052000F06A
:105B20001FFE08210200287806F016F9C5E680203D
:105B3000C001014200D0C5E6CB0738D5354B1B78F4
:105B4000002B24D0344D05AC2B78052B21D1023B02
:105B50002370324B324F1B7821002372314B38783F
:105B60001B78637201F08CFB002810D0FA22072307
:105B70000121387892002B7006F0EEF82A4B1B6852
:105B8000002B04D01B68002B01D0287898470120F7
:105B900098E60E20254B06221B7825492370254BBD
:105BA0001B78637002ABC01806F03EF9D1E7022300
:105BB00008001840194209D0174B1B78052B03D158
:105BC0001D4B188806F078F902207BE60424214258
:105BD00003D0FFF707FD200074E6082308001840F3
:105BE000194200D16FE6154B1C78012C03D0022C12
:105BF0000DD0082066E6124B124A134913481B8841
:105C00001288098800880094FFF7AEFDF1E7FFF7DE
:105C10005BFDEEE7BB64FF1FE164FF1F4A42FF1F0D
:105C2000E264FF1F9464FF1F7C64FF1F9664FF1FE4
:105C30004B42FF1F9564FF1F4842FF1F8064FF1FF8
:105C40004042FF1F4242FF1F4442FF1F4642FF1FC8
:105C500010B502A804880B20002C10D149680878E0
:105C60004978090201430C48814209D10221198077
:105C70000A4B59881170DB7800205BB2537010BD5D
:105C8000074C0A20A142FAD102211980034B9988BE
:105C900011705B79F0E7C0466E2A0000E861FF1FD3
:105CA0006F2A0000F7B5150008AA16884A680F4F3A
:105CB00014785278120222430A24BA4214D10122E3
:105CC000DBB2019200962A0005F008FE041E0BD1FB
:105CD000074B1B68002B07D068782A780002104316
:105CE00042425041013098472000FEBD0229000089
:105CF000F464FF1F30B5012503790400BFB02B42C7
:105D000025D01449408805F059F928420CD0124B8F
:105D100001A95B8D60880B8002234B800F4B002212
:105D20005B888B8002F044F90D49608805F046F9E4
:105D3000C0070CD50B4B01A91B8800220B80022346
:105D40004B80064B9B888B80608802F031F93FB016
:105D500030BDC046EC64FF1F7442FF1FE861FF1FA7
:105D6000E464FF1FCE42FF1F10B50749074805F046
:105D7000DBF80749054805F0D7F80721054A06482A
:105D800005F094F810BDC046EC64FF1FFFFF000053
:105D9000E464FF1F7CC100117442FF1F10B502486C
:105DA00002F08AFF10BDC046F55C00110200F0B59C
:105DB00001270A480A4E51188B1A002B00DCF0BD4F
:105DC000082415784308684038404000805B013C57
:105DD00058406D08002CF5D10132EDE7FFFF0000BF
:105DE00096C10011F0B500250F269D4200DBF0BDE5
:105DF0004C5D070944403440A400A0580135784068
:105E0000F3E7000070B50C0088B06B460F26103425
:105E10000A7801311500120935401D705A7002339D
:105E2000A142F5D120236946024AFFF7DBFF08B003
:105E300070BDC0469CC10011F0B54E780B7889B09A
:105E400036020C00170001901E43012A61D9954BC0
:105E50009E4200D877E001339E421CD1062A17D11A
:105E6000CA788B7812021A430B791B0413434A79C0
:105E700012061A438C4B5A6100221A705A808B4AC0
:105E80005A608B4A9A608B4ADA60002009B0F0BDF4
:105E900088225205EEE7884B9E423CD182498B789E
:105EA000002B00D0F6E00C2A31D10F22A3789343C7
:105EB000E278120213432279120413436279120624
:105EC00013434B60E279A07912020243207A000466
:105ED0001043627A12060243CA60E27AA07A120282
:105EE000024376484A81834208D804236E4914222B
:105EF00001980B7005F098FF1420C7E71201D21823
:105F000089235B059A42F0D801238B70BDE7022AF2
:105F1000FAD00523EAE76A4A01239642E6D1FFF761
:105F2000D3FB052F0CD9E378A2781B021343227907
:105F300012041A4363791B061343624A03931360E6
:105F400005F00AFEA1E7584D2B78002B9DD1AB78C8
:105F5000002B00D1A0E02B8901339BB20093B34208
:105F600000D091E0132AD4D9CF7C8B7C3F02122140
:105F700020001F43FFF71AFF874200D08EE0002E5B
:105F80003DD1E378A2781B0213432279E968120419
:105F90001A4363791B06134303930A228B4212D1DF
:105FA000FF23A370E370237163716B89002B09D108
:105FB000E37B227C1B0212041343A27B13431B09C5
:105FC00001336B8100226B89002B8ED0002A67D1B0
:105FD000686837013818000B6B690003039098421A
:105FE00005D9686105F0B0FDEB780133EB706868A6
:105FF0001022A11C381805F0F7FC2E8145E76F89A7
:10600000009A7B1E9BB293423AD1E278A3781202A7
:106010001A43237905A81B04134362796C6812069E
:106020001A43EB6800920392211D0C22049305F0A1
:10603000FBFE0120260004A940421036FFF7E2FED5
:10604000013F012F17D1009A0B232861824200D013
:106050004CE704221C49200005F0C6FC042203A9D9
:10606000686805F0E9FCE968039AFF23914200D1D2
:106070003CE7F73B3AE73100FFF7C4FE1036DFE7B5
:106080000923B742A4D831E7009BB34200D9FCE60C
:1060900007232BE7022329E7032327E7062325E726
:1060A0000A2323E7FFFE0000E842FF1F0000011162
:1060B000FFFF00005048593601FF0000FFFF0011AC
:1060C00002FF000034F00040F442FF1F10B5034C03
:1060D0000B000122210000F06BFA10BD8D6200114F
:1060E0000B8870B506000D000224162B11D92B0069
:1060F0000322094900F05CFA041E0AD1074B2A88E2
:106100001B88191C934200D9111C300089B200F081
:10611000EDFA200070BDC046B96200110A65FF1F8C
:1061200010B54A780400013A0B000220012A07D872
:106130000A78002A04D005222000024900F038FA2B
:1061400010BDC046E76200110A7810B50B000400CC
:106150000220002A04D007222000024900F028FA79
:1061600010BDC046936300110A7810B50B000400FF
:106170000220002A04D009222000024900F018FA67
:1061800010BDC046F963001110B5034C0B000B2283
:10619000210000F00DFA10BD2964001110B5034C68
:1061A0000B000D22210000F003FA10BD9B640011CA
:1061B00010B5034C0B000F22210000F0F9F910BDBF
:1061C000F56400110A7810B50B0004000220002AC3
:1061D00004D011222000024900F0EAF910BDC046A7
:1061E00005650011002310B51322190000F0E0F935
:1061F00010BD000010B5034C0B001722210000F069
:10620000D7F910BD57650011002310B519221900E8
:1062100000F0CEF910BD000010B5034C0B001B229E
:10622000210000F0C5F910BD91650011F7B5848912
:106230000D0006000121002C22D000238268D356D5
:106240001778002B1EDA0C2C1AD90C3CA4B21319A7
:1062500040880093230002F090FE431E98410130D5
:106260007B06DB0F6B703F23013C1F40A4B22870FC
:10627000AF70AC80002C07D0B3680133AB60002155
:106280000800FEBD0020EBE7AC60F8E70B78037078
:106290004B8843704B881B0A83700B79C3700420B2
:1062A00070470420022B06D10020537811781B027E
:1062B000009A0B43138070470B8803700B881B0AEE
:1062C0004370022070470420009983420AD153781A
:1062D00010781B0203430B80D37890781B02034392
:1062E00000204B807047F8B50D004B780124002149
:1062F000461C03702B788B4201D82000F8BD6B78C8
:10630000B01C4F1C012B10D1890069184B88022248
:1063100033704B88B9001B0A7370691805F07CFE56
:1063200004360434A4B2F9B2E4E7122359436B18DB
:106330005A88043132705B8810221B0A7370691806
:1063400005F06AFE12361234ECE770B5049D1400B5
:106350001E00052B01D8042070BD637812781B0243
:1063600013432B80E378A2781B02134302226B8035
:106370002A71211D681D063E05F04EFEB2B22A812B
:10638000E92AE8D82800A11D0A3005F045FE0020C2
:10639000E2E7002310B50A789A4201D8900010BDB8
:1063A0009A008A185488013304705488DBB2240A96
:1063B0004470948884709288120AC2700430EAE7AC
:1063C00010B51100029C062B04D004201022142BBF
:1063D00001D010BD022222714B7808781B020343C2
:1063E0002380CB7888781B02034363800431601DCF
:1063F00005F012FE0020ECE710B50C788B78043124
:106400005C43E4B203702200013005F005FE601C1D
:1064100010BD0420022B06D10020537811781B02F6
:10642000009A0B431380704710B50C000A880231A4
:1064300005F0F2FD208810BD70B504000D00049831
:106440001100012B01D8042070BD16785278120279
:10645000324302800200F13255701470E125002CA5
:1064600000D10C35023B9AB24280AA42EBD80231ED
:10647000043005F0D1FD0020E6E7042000998342B6
:106480000AD1537810781B0203430B80D37890789D
:106490001B02034300204B80704710B50C000A8894
:1064A000023105F0B9FD208810BD000070B5012152
:1064B0001E000420049C0E400B4218D1CB40DDB2DC
:1064C0008D4214D90A49DBB2098899420FD32300BF
:1064D000EE331D703300580011184978165C09021C
:1064E000314301332152D9B28D42F4D8002070BD1E
:1064F0000043FF1F10B50C000A88023105F08CFD27
:10650000208810BD10B50C788B7804315C43E4B260
:1065100003702200013005F07FFD601C10BD10B536
:1065200011000298032B01D8042010BD1478527872
:10653000043B120222430280CA788C781202224362
:1065400042809AB28280EB2AEED80431063005F000
:1065500063FD0020E9E710B50C000B8803700B8881
:106560001B0A43704B8883704B881B0AC3708A8850
:106570000430063105F050FDA088043080B210BD13
:106580000420012B03D100201378009A1370704768
:1065900010B50C000B8803700B881B0A43704A88E7
:1065A0000230043105F038FD6088023080B210BD41
:1065B000F0B589B003931D4B029242000700D05AF8
:1065C000019102F022F81325061E2CD0029B012413
:1065D0000370019B002B04D0001903999847001900
:1065E00084B26B461B7A5BB2002B0FDA10213800A5
:1065F00002F01CFB1925002812D130003219E1B23B
:1066000002F070FC051E0BD10C34A4B2042305A9C2
:1066100038000B800C814E6001F0B2FD051E02D0E7
:10662000300005F059FB280009B0F0BD0865FF1FD8
:1066300070B505000C0000280CD00020814209D064
:1066400010222000044905F0E7FC01202B78237379
:106650006B78637370BDC046DCC10011F0B50600F5
:106660000D0017001C0085B002291BD00020102946
:1066700007D1022B07D0102B03D115E00020102CDE
:1066800008D005B0F0BD69463800FFF7D1FF2A00F9
:1066900069460BE069463000FFF7CAFF22006946F1
:1066A000380004E0022BE9D12A003900300005F05F
:1066B000DBFAE6E7031CF02800D9F02303200849A1
:1066C0009AB2013A0B80D317034006499B189B10DE
:1066D0000B80D30F04499B185B100B807047C0469A
:1066E0000443FF1F0243FF1F0043FF1F034B1B8890
:1066F0008B4202D3024B4000C15270470443FF1F3C
:106700000865FF1F014B4000185A70470865FF1FBE
:106710001722014B1A8070470865FF1F70B50500EE
:106720000E2005F0E1F9041E13D0D02303700023DE
:106730000622837007494570033005F06DFC064B57
:106740002100DA8A62811B7E2373044B187805F0DE
:106750008BF970BD2465FF1F1465FF1F5443FF1F95
:10676000262803D8024B4000C05A70470148FCE776
:106770000643FF1FFFFF000070B506000C00094D27
:106780001C220021280005F037FC074B1E70074B28
:106790001C7005F081FB0123002801D0002312208A
:1067A0002B7070BD1465FF1F5443FF1F3565FF1F1D
:1067B00070B505000D4C0800E260A16010220021B8
:1067C000656005F0E1FA012803D11021A06802F00C
:1067D00061FD10220021280005F0D6FA012803D11E
:1067E0001021606802F056FD70BDC0461465FF1FA1
:1067F00070B5041E05D1002903D006220D4805F00E
:106800000BFC0D4B1D78012D11D1002C05D102225E
:106810001A7005F049FB280070BD00221A70074B62
:106820001B78FF2BF7D02000FFF778FFF3E7002558
:10683000F1E7C0462465FF1F1465FF1F5443FF1F87
:10684000030010B5002801D1002010BD00780B4ACC
:10685000002803D15988D1821B7913761378022B33
:10686000F2D10023984200D103331370044B1B78FC
:10687000FF2B01D0FFF752FF0120E6E71465FF1F51
:106880005443FF1F002911D000280CD04B79012858
:1068900003D140225242134303E03F221340032816
:1068A00002D001204B7170474022F4E70800FAE75C
:1068B00070B5094D0100287800280BD0074C06223E
:1068C000200005F0A9FB21002878FFF7DBFF20005E
:1068D00005F062FA70BDC0463465FF1F0E65FF1FEC
:1068E00000290AD0012808D13F224B799343C02BBD
:1068F00003D0403B5A425341981C704770B5174D26
:1069000006002B78FF2B15D00A2005F0EDF8041EA9
:1069100010D0D0230370C83B8370114B11491B78F2
:106920004670C3700622043005F076FB21002878FB
:1069300005F09AF80C4B1B78012B0DD10B4B1B6803
:10694000002B03D09B68002B00D09847084B0421F4
:106950001878084A05F0E0FA70BDC0465443FF1F9E
:106960003465FF1F0E65FF1F3065FF1F5C65FF1F4D
:106970006065FF1F60EA0000014B98687047C046E1
:106980001465FF1F014BDB68186870471465FF1F13
:10699000074B10B5DA68136801331360054B18789C
:1069A000FF2803D08021C90105F036F810BDC0468C
:1069B0001465FF1F5443FF1FF7B50E0002F0CAF81D
:1069C000051E1CD00E4B06621F78002F00D10778E1
:1069D000AB791020019305F087F8041E0FD0D02367
:1069E0000380C73B8370019BE91DC37006220430FE
:1069F00005F012FB21003800E66005F035F8F7BD20
:106A00005243FF1F014B18787047C0463465FF1F83
:106A1000054B002805D1054B1A78054B002A00D1FB
:106A2000014B18007047C0462465FF1F3465FF1FE7
:106A30000E65FF1F014B58687047C0461465FF1F65
:106A4000024B1868431E9841C0B270473865FF1F5B
:106A5000421E03000120152A03D9FF3B5A4253412D
:106A6000D8B27047F0B51C0000230E0085B003902B
:106A700002920B70029A934201D3002019E0E55C68
:106A80005A1CD2B2002DF8D0029851198142F4DC80
:106A90000233DFB2A35C18000193FFF7D9FF00288F
:106AA00007D0013D019A0399EBB233708A4202D1BB
:106AB000E01905B0F0BDDB19DBB2DBE710B50C0067
:106AC00002F0A0F803001220002B03D02100588808
:106AD00004F09AFF10BD000070B50E4D840063599C
:106AE000002B15D0186A002801D005F02DF92B597C
:106AF000586A002801D005F027F92B59986A002818
:106B000001D005F021F9285905F01EF900232B5179
:106B100070BDC0464465FF1F1C4B70B504000E00DD
:106B2000150099420AD11A4B1B68002B01D1122083
:106B300070BD1B68002BFAD09847F9E7154B9942B6
:106B400015D1134B1B68002B0AD01B68002B07D0F4
:106B50009847002804D1104B1C70104B1D70E7E7BC
:106B600029002000FFF7AAFF0028E1D1F3E7080081
:106B700001F0F0FF0028DAD003780320A342D7D138
:106B80002900300004F040FFD2E7C046FEFF0000BD
:106B90004065FF1FFFFF00003D65FF1F3C65FF1FB5
:106BA000F7B50400808801F0D5FF0025A84203D086
:106BB0000578A08802F00AF81C4E3378002B1FD00D
:106BC000AB421DD11A4B28001978FFF777FF002838
:106BD00018D000233370A3790820A778A6880193E2
:106BE00004F082FF011E0DD0D0230370CA3B8370D6
:106BF000019B477086808371280004F035FF01E017
:106C0000002DE8D1A0880B4B8200D358002B01D077
:106C1000FFF762FF1721A088FFF768FDA08801F049
:106C20002BFDA08801F002FEF7BDC0463D65FF1FA9
:106C30003C65FF1F4465FF1FF0B587B01D000CAB1E
:106C40001B88070001930DAB1B88142002930EAB29
:106C50001B88160003930FAB1B880091049310ABA5
:106C60001B88059304F040FF041E1AD0D023037044
:106C7000CB3B47708370C670062229000430002D7C
:106C800011D005F0C9F9019B21006381029B009896
:106C9000A381039BE381049B2382059BA37404F0DF
:106CA000E3FE07B0F0BD05F0A7F9ECE7F7B50093F8
:106CB00008AB1B8807000C200D001600019304F0A0
:106CC00013FF041E13D0280001F044FF00280FD04A
:106CD0000078D0232370C93BA370009B210023813F
:106CE000019B6770A580E680638104F0BDFEF7BD5F
:106CF000014B1878EDE7C0465443FF1F13B504005D
:106D000064890389C2888188C0780094FFF7CEFF28
:106D100013BD000010B5044C2068002803D005F016
:106D200013F80023236010BD4865FF1FA122F0B5B2
:106D3000818892004A43384B384F1B6889B09B18B2
:106D40009D2292009B18827904001A603B68002BF8
:106D50005FD01D78324B1B68002B04D05B68002B82
:106D600001D000209847260008363100E079FFF76F
:106D7000B7FD237DE0710200E0780493638A290067
:106D80000393238A0293E3890193A388009333003A
:106D9000FFF752FFE378002B0BD1E289A379A1889A
:106DA00002920196E27928000092012201F0DCFEB5
:106DB000E0703B68002B20D0FFF7ACFF194D28781E
:106DC00000281AD0184B1978FFF778FE002814D045
:106DD0002B780820A788E678079304F085FE011E2B
:106DE00009D0D0230370CA3B4670837087808671B8
:106DF000079804F039FE00232B701721A088FFF7B5
:106E000075FCA08801F038FCA08801F00FFD09B0E6
:106E1000F0BD064B9DE7C0463409FF1F4865FF1FC4
:106E20005C65FF1F3D65FF1F3C65FF1F5443FF1F4F
:106E3000F8B5070008000E0001F08CFE041E18D003
:106E40002620FFF78DFC051E00D12578062004F0D2
:106E50004BFE041E0DD00021062205F0CDF8D023F4
:106E60002370C23B21006770A370A680E8B204F0D3
:106E7000FBFDF8BDF0B585B001930AAB1B780700A8
:106E800002930BAB1B7808000D000092039301F0F6
:106E900061FE061E22D0102004F026FE041E1DD026
:106EA0001022002105F0A8F82620FFF759FC002841
:106EB00000D13078D0232370C13BA370009B210008
:106EC0002372019B67706372029BA580A372039B70
:106ED000C0B2E3720C9BE36004F0C6FD05B0F0BDE8
:106EE000F7B50D00019001F035FE071E1FD00E20F2
:106EF00004F0FAFD041E1AD02620FFF731FC061E0E
:106F000000D13E78D0232380C53BA370F91D062213
:106F1000E01C05F081F8019B2100638101232B40D7
:106F2000AD07ED0F23736573F0B204F09DFDF7BD5F
:106F3000F0B585B0029010000D0017000A9E039373
:106F400001F008FE041E31D0029B002B2ED1039BC2
:106F500002795B0724D5122313430422002E08D1A3
:106F60000B99002905D10C99002902D10D9900290E
:106F70001AD01A430D9B2271002B00D0C9E0002EBD
:106F800000D1CFE0002D00D0CCE0606A002801D015
:106F900004F0DAFE1C21300004F05EFD606205E0C2
:106FA00002239A430E33D7E793432371654BBA000C
:106FB000D458002C00D1AAE0002E10D0236A002B58
:106FC00003D11C2004F008FF20625E4BBA00D358A6
:106FD000186A002803D01C22310005F01DF80C9B14
:106FE000002B12D0574CBB001D596B6A002B03D1EC
:106FF000162004F0F1FE6862BB00E358586A0028CE
:1070000003D016220C9905F007F80D9B002B11D028
:107010004C4DBC006659B36A002B03D1142004F018
:10702000DBFEB0622B59986A002803D014220D9918
:1070300004F0F2FF380001F08DFD051E67D0414BD2
:10704000BA00D358002B62D01A6A3420002A00D12B
:107050001C389A6A002A01D0143080B20B9A002A98
:1070600001D01C3080B25B6A002B01D0163080B298
:1070700004F03AFD041E4AD01822002104F0BCFF9F
:107080002620FFF76DFB0190002801D12B7801939A
:10709000D0232370029B200063700A23294EA37023
:1070A000039BBD00A371AB59A780196A1830002952
:1070B00005D01C22A06004F0AFFF200034307359CB
:1070C000996A002907D0030014221433E060029368
:1070D00004F0A2FF02980B9B002B08D003001C2297
:1070E0001C330B992061029304F096FF02987359A8
:1070F000596A002903D01622606104F08DFF6B46A7
:107100002100187904F0B0FC3800FFF7E5FC05B069
:10711000F0BD10220D9B0D991B69A018236204F08D
:107120007BFF2CE70B9B002B00D13FE7012D00D00C
:107130003CE7606A002801D004F006FE1C210B9891
:107140002AE7C0464465FF1F10B5044C206800289C
:1071500003D004F0F9FD0023236010BD3865FF1F44
:107160000B4B07B51A68002A01D100200EBD6946F5
:10717000531C012012780731FFF774FC0028F4D06B
:1071800002780123100018401A42EED0EEE7C04604
:107190005465FF1FF0B51F4F01203B6887B0002BDF
:1071A00025D09B78059300F0B3FB002821D00A205E
:1071B000FFF7D6FA04000B20FFF7D2FA164B0500B2
:1071C0001E78731E9E413B68F6B2191DD878FFF7F2
:1071D00059FB3B682900DA7A043303929A790193C8
:1071E0000292009033002000059A04F04DFE07B093
:1071F000F0BDFFF7B5FF002805D00620FFF7B0FA75
:1072000004000720D8E70820FFF7AAFA04000920A5
:10721000D2E7C0463865FF1F3465FF1F70B50A4EC0
:10722000040033780D00FF2B0DD0042004F05CFC2B
:10723000011E08D0D0230370CE3B45708370C4700C
:10724000307804F011FC70BD6443FF1F70B504007A
:1072500006200D0004F048FC011E0AD0D023037064
:10726000CD3B8370054B44701B688580187804F013
:10727000FBFB002C01D0FFF767FF70BD3865FF1FD7
:10728000F8B5264F06003B680D001124002B05D1F0
:107290000522234B1B78134202D112242000F8BD93
:1072A000204A10241268002AF8D01278002AF5D05B
:1072B000DB0719D52B789A1E012A1AD80C2004F066
:1072C0008BFD132438600028E8D000230A22437085
:1072D00029000670023004F09FFEFFF75BFF041EDA
:1072E0000AD0FFF731FFD9E700F012FB0028E1D107
:1072F000E4E7002BE2D0D0E70B4B1B78032BCDD17A
:107300001D20FFF72DFA094B18800028C6D0084B26
:1073100004211878074A04F0FFFDBFE73865FF1F16
:107320003565FF1F5465FF1F3465FF1F3265FF1F62
:107330006065FF1F60EA0000F7B50193194B140068
:107340001A78052306000F0012201A4221D00129C5
:1073500020D1154B1D68002D1BD002201F2C18D8E2
:10736000002C02D0019B002B13D0104B1F221E704B
:107370006E1C0021300004F03FFE01992200300015
:1073800004F04AFE310020002C70002F06D004F0DB
:10739000BBFCFEBD064B12201D68DCE704F08CFB35
:1073A000F7E7C0463565FF1F5465FF1F6443FF1FA5
:1073B0005065FF1FF8B50F4E12243368002B17D00D
:1073C0001B780F3C834213D100250B4F02213878E4
:1073D00004F0B2FB094B042138781D8004F0ACFBAB
:1073E000074B28001D8033685C7004F02DFD0400FD
:1073F0002000F8BD3865FF1F6065FF1F4C65FF1F4B
:107400003265FF1F70B5012823D11B4C2388002B48
:1074100003D01A4A1578002D07D0194B1B68002B92
:1074200002D01878FFF7C6FF70BD3B2B02D93C3B5A
:107430002380F9E7134E0221307804F07DFBFA2215
:107440002388920002215A43307804F085FC25807D
:10745000EAE70B4B1B68002BE6D00B4B1B785B0756
:10746000E2D5084B0221187804F066FB0022024B9B
:107470001A80FFF769FED7E74C65FF1F3065FF1FD5
:107480003865FF1F6065FF1F3565FF1FF8B51E4D8E
:107490002868002803D004F057FC00232B601B4E03
:1074A0003068002803D004F04FFC00233360184FED
:1074B00005243B7818002040234221D0154800F0D5
:1074C0002BFA3B78234213D0202004F085FC28605F
:1074D000002813D02022002104F08EFD202004F08B
:1074E0007BFC041E306005D02022002104F084FDC6
:1074F000002004E0286804F027FC2C601320F8BD6D
:1075000000F00AFAF4E7C0465465FF1F5065FF1FFC
:107510003565FF1F5843FF1F10B50A4C23681A1E1C
:107520000ED0002808D10130587004F08DFC0028DE
:1075300005D02368002B02D00021FFF787FE01222F
:10754000100010BD3865FF1FF7B5274E05003368E2
:107550000191181E21D05C78244F012C30D1FFF707
:10756000FFFD002825D02000FFF7FAF8040041288D
:1075700014D91F4B022118781E4A04F0CDFC1E4B73
:107580003C3C1C80022233685A703B78002B14D19B
:1075900028000199FFF75AFE0120FEBDFA22920051
:1075A0004243002AEED0124B0221187804F0D4FB9B
:1075B000E8E7FFF7D5F80200F3E700233B70EBE7BD
:1075C0003B78002BE8D1032004F08EFA011E08D08E
:1075D000D0230370CC3B457083703368187804F077
:1075E00043FAFFF7B1FDD7E73865FF1F3065FF1F8E
:1075F0006065FF1F60EA00004C65FF1F10B517496A
:10760000838802008B4220D011D815498B4217D0B5
:10761000144900205B1899B2012907D892681178A3
:107620005A425341D8B2FFF7F9FD012010BD0E4A6E
:1076300000209B1807229BB29A424041C0B2F5E756
:1076400083681878FFF768FFF0E7836899785A78BD
:10765000090218781143FFF777FFE7E70A200000D7
:1076600006200000F8DFFFFFAFDFFFFF014B1870BF
:107670007047C0466543FF1F10B5064C207001F0EF
:1076800045FA207804F0A8F90521207800F068FD7B
:1076900010BDC0466065FF1F0BB273B50D00002B17
:1076A00000DBC4E0884B187804F0CEFA041E0ED03C
:1076B0000378912B0FD0A22B00D1A1E0834B187837
:1076C000FF2852D0210004F0CFF900284DD18020AE
:1076D0000002684076BD43780F2B76D013D8052B77
:1076E00070D00E2BEAD18088794B98422BD8794BF9
:1076F00098421BD8784B9842E0D1A3681878591C5F
:10770000FFF776F838E03E2BD8D18378032B74D07E
:107710006CD8012B6ED0022BD0D1704B1B68002B84
:1077200023D05B68002B20D098471EE06C4BC0181C
:107730000C28C3D804F0D0F91DC2C2150BC20B0B24
:107740000B3223C23C00674BC0180728B6D8664BE3
:107750001B68002B09D01B68002B06D0200098471F
:107760000AE0A3681878FFF7C9F8200004F0C4F90C
:10777000ADE7A068FFF764F800289FD0F5E7A3689D
:107780001B78002BF1D0554B1B68002BEDD01B68EC
:10779000002BEAD0210055489847EDE74F4B1B6876
:1077A000002BE2D01B68002BDFD021005048F3E70C
:1077B000504B1B68002BD8D05B68002BD5D0210024
:1077C0004348E9E7FFF7ECF9CFE780884A4B984256
:1077D00003D04A4B984200D070E7464B1B68002B01
:1077E000C3D05B68002BC0D02100D5E7153B012B2F
:1077F000BBD963E7FFF79AFAB7E7FFF77FFAB4E779
:107800003F4B1B78042B07D100236A461380017974
:10781000408800F0CBFCA8E7364B1B68002BA4D0B7
:107820005B68002BA1D00100364898479DE70124F2
:1078300021420AD0294B1B68002B04D05B68002B27
:1078400001D000209847012043E78B070AD5264B3B
:107850001B68002B04D05B68002B01D020009847E8
:10786000022036E70421280008400D4200D131E70C
:10787000254E3388002B21D0013B9BB23380002B57
:107880001AD1FFF7DDF800280AD0204B1C70164BE8
:107890001B68002B04D05B68002B01D020009847A8
:1078A000FFF7C8F8694601F00CFD6846FFF700F8DD
:1078B0001D20FEF755FF308004200AE7024B1878A0
:1078C00004F03AF9F8E7C0466065FF1F6543FF1F03
:1078D0000E20000001200000091000005865FF1F65
:1078E000FEDFFFFFAFDFFFFF5C65FF1F0C20000026
:1078F0000B2000004065FF1F0D200000132000003A
:107900003565FF1FFFFF00003265FF1F3065FF1F59
:1079100010B501F09FF910BD014B18607047C046CB
:107920005C65FF1F0B880020162B01D8172304204D
:10793000014A13807047C0460A65FF1F0020704748
:10794000074A03001188814207D09188002099429C
:1079500002D101308000101870470020FAE7C046BD
:107960006865FF1FF0B58F7806000D00C5B01E2FAB
:1079700015D1FFF7E5FF051E03D10024200045B017
:10798000F0BD00223B003100C078009200F0B8FB4F
:107990000400A81C00F0D8FBFF23EB70EEE7264B99
:1079A000062403931B78FF2BE8D0182FE6D87B081A
:1079B000224A013BDB0002929A589446002ADDD00D
:1079C000029AD3185B68002BD8D00878002802D11F
:1079D0004B78012B02D10624122FCFD107AFAB88F1
:1079E000697800976446AA68A047041EC6D1AB78A0
:1079F000029A5B08013BDB00D318390030005B685A
:107A00009847041E0BD1AB78042BB6D0039A3100F3
:107A100010782200009700F073FB0400AEE76A784C
:107A2000002AABD1AA7805A93B88087130000A70FA
:107A30004B80FEF74BFBA0E76843FF1FECC1001132
:107A40001D4B37B5050098420BD000290AD1FFF72E
:107A500077FF002805D11948FFF772FF002800D0F2
:107A6000058037BD01291AD1FFF76AFF041EF8D03F
:107A700001235B420380A378FF2BF2D0FE2B07D0BB
:107A80000023E0781422009329001E3300F038FB15
:107A9000A01C00F059FB01235B426380E1E702294F
:107AA000DFD1013901F0C2F80028DAD12800FFF750
:107AB00047FF041EDFD1D4E7FEFF0000FFFF0000F8
:107AC000022210B5074B52421A80074801325A80F1
:107AD0009A80DA8000F084FA044801F029F8002046
:107AE00010BDC0466865FF1F65790011417A00111D
:107AF0000388F7B50400002B02D102252800FEBD43
:107B000042680221137825485268FEF7A7FD002835
:107B10002ED0234F01253A88002AEFD080232188D8
:107B20005B0201259B1A9942E8DC0C2004F054F911
:107B3000061E31D03B8822889C4600231800019500
:107B400061469DB2491989B2AA421BD8002801D0CA
:107B500062443A8000233000082208C0210004F06B
:107B60005BFA104A1368002B13D100251660C5E795
:107B70006268022113780C485268FEF76FFD0028F6
:107B8000C7D1BAE760681D014019418101330198EE
:107B9000D6E71A001B68E6E71325AFE75AC20011C3
:107BA0006643FF1F6465FF1F58C20011014B187028
:107BB0007047C0466843FF1F14230A0010B51A40DF
:107BC000194204D00122102101F04CF810BD4B06DF
:107BD000F9D4C843022340001840F7E710B5140059
:107BE0008B0604D50122102101F03CF810BD0823BA
:107BF0000A001A40194202D14BB2002B0FDA1021B1
:107C000001F030F8002808D02300F2331B78002B55
:107C1000ECD0F1342378012BE8D10020E6E70320F3
:107C20008907FAD4E2E70000F0B51F00184B85B0D1
:107C30001C68019002910392002C27D1200005B00E
:107C4000F0BDA5683301ED186B89019A934211D3F9
:107C5000029A93420ED8002F04D10A9B002B10D118
:107C60002C00EBE73B002978039A6868FEF7F6FCE6
:107C70000028F2D10136B6B2A388B342E1D8246815
:107C8000DAE7A3680A9A5B891380E9E70026F3E73D
:107C90006465FF1F37B50C000A88498801239142AB
:107CA00017D3002A15D0651D23792A0002210A481E
:107CB000FEF7D4FC102300280BD02379618820889C
:107CC00000242A000094FFF7AFFF0A23A04200D04F
:107CD000230018003EBDC0465AC2001113B50A0069
:107CE00008884988012388420BD8002809D000243D
:107CF000137905320094FFF797FF0A23A04200D0C2
:107D00002300180016BD13B50A000888498801230E
:107D100088420BD8002809D000241379053200943A
:107D2000FFF782FF0A23A04200D02300180016BDEF
:107D3000F0B58BB003904A8808880E000123824278
:107D400013D3002811D00023012704AC2370002294
:107D5000718813000092FFF767FF05002078002D5F
:107D600006D122780A23002A41D118000BB0F0BDB9
:107D7000002835D12B78022B18D167706A898300CF
:107D80000130E31880005A8069680222201804F04C
:107D900043F923780133DBB22370042B19D93B005C
:107DA0006889013080B2002BD1D0DAE702236370FA
:107DB000122358436A89231804305A8069681022B4
:107DC000201804F029F923780133DBB22370002B4B
:107DD000E5D10A4A6B899B185A425341DBB2DFE76F
:107DE0006378012BE4D12B78022BC7D0B9E72100AF
:107DF0000398FEF795F90023B7E7C0460100FFFF9F
:107E00000F4BF0B504001868002816D083685D8910
:107E1000A54207D88288AE18B44203DA12019A1834
:107E2000934201D10068EFE71E005F891036A74238
:107E300004D1002900D00D801800F0BD3300EFE719
:107E40006465FF1F70B505000C0008880021FFF76E
:107E5000D7FF03000120002B04D022002800197A4C
:107E6000FFF7BCFE70BDF7B50C00002501902300A4
:107E7000EE331B78AB4201D800200AE06B00E65AD3
:107E800000213000E718FFF7BBFF002802D1268051
:107E90000130FEBD017A0198FFF78EFE002802D066
:107EA0003B882380F5E70135EDB2E0E710B504002B
:107EB00008880021FFF7A4FF03000120002B03D056
:107EC0002000197AFFF778FE10BD0000054B1B68F3
:107ED000002B01D1180004E09A6852898242F6D141
:107EE000988870476465FF1FF0B50E27002687B09D
:107EF000039302ABFF183E8005001F4B408914001E
:107F0000984207D02B78013000976A6880B2FFF75B
:107F10008BFE060002212B7818486A68FEF79EFB4C
:107F200000280FD06C892000FFF7D0FF002802D076
:107F3000013C0419A4B2039B002B00D01C8030002C
:107F400007B0F0BD02212B780D486A68FEF786FB6A
:107F50000028E7D102212B780A486A68FEF77EFBE9
:107F6000002807D0002EDED03B88A342DBD17489E5
:107F7000013CDFE76C89DEE7FFFF00005AC2001119
:107F800058C2001156C2001110B50C00FFF7D8FC02
:107F900003000220002B0AD0002C00D023609B7825
:107FA0001720FE2B03D00138FF2B00D1002010BD7D
:107FB00073B50D0001A904001600FFF7E5FF1728AF
:107FC00005D0002E04D129002000FEF725F976BD4A
:107FD00001221021200000F045FE0028F3D0F6E732
:107FE000014B18607047C0467465FF1F37B56B467C
:107FF0009D1D010004000222280003F015FF2B88BC
:10800000B02B0ED12379122B09D12300FA331B7820
:10801000012B06D10121608800F0E0F801E01B2B64
:10802000F8D037BD10B5054B0421187000F098F852
:10803000FFF746FDFEF76CFB10BDC0467865FF1FDD
:108040000020F0B50BB20F0087B0834234DA274B23
:10805000187803F0F9FD051E2BD00378A02B25D14D
:1080600003AE3100FEF7E2F8041E0BD1B378DB0754
:1080700024D51F4B06341B68002B03D031006888C1
:1080800098470400A868002801D003F025FE002CC2
:1080900008D1184A039B1340174A934206D0B3787D
:1080A0001B2B03D00121688800F098F8280003F00A
:1080B00023FD80200002784007B0F0BD0F4B1B6805
:1080C000002B10D0310068889847041EDAD07378EE
:1080D000002BD7D1B27801A90A704B800C71688847
:1080E000FDF7F4FFCEE70624F1E7C0467865FF1FF1
:1080F0007065FF1F00FFFF00000112007465FF1F85
:10810000F7B50190FC200D0017001E0003F0ECFCF9
:1081100004001320002C12D0B02320002370089BF1
:10812000F4226770658026710830002B08D0190092
:1081300003F072FF2100019803F096FC0020FEBDC1
:10814000089903F059FFF5E710B5041E06D0007832
:10815000FD2803D803F038FEFF23237010BD000074
:108160000A1F93B210B504000220032B05D88240E9
:108170000020024BD1529B189C7010BD9865FF1FC8
:108180000B8870B5043B04000D000220032B0BD8B4
:108190000121200000F04AFD03001420002B03D031
:1081A0002900200000F0DEFB70BD000007B51300C1
:1081B000034A00920A00012100F02CFC0EBDC046CB
:1081C000E983001107B5019203220092024B0A00D5
:1081D000122100F047FC0EBD6784001107B56B4605
:1081E00001AA11800449D88008780633012802D1F9
:1081F000190003F001FC07BD7965FF1F0C4B10B59A
:1082000018700023FF210B4A138013819381938000
:10821000094A53801370517293819372D174D3823F
:108220001375517703F0E8FD00F0FCF910BDC0466E
:10823000A865FF1F9865FF1F7A65FF1FF0B58DB019
:108240006B46002003910C229B5E834200DBB1E071
:108250005D4B187803F0F8FC051E00D1A5E003780B
:10826000902B00D09EE006AF01004688380000F059
:1082700013FA79680400002900D19DE03B88052BA2
:108280006FD13B89032B1CD905AC200000F0A2F86C
:108290006288172A60D83989131D994231D17968CB
:1082A000237804310291D90738D5607800F08EF92F
:1082B000071E06D0002303712378012B08D0132B4F
:1082C00023D0A868002800D179E003F005FD76E00E
:1082D0006288029909A800F0A6F80290380000F020
:1082E0008BF909AA2378387A019200223100009292
:1082F000029A00F012F9380000F064F9029B002B9A
:10830000DFD0300000F080F9DBE70378032BD8D111
:108310006288029909A800F0D6F8DEE709AF122BAF
:1083200012D13800029900F0B4F8021EE9D12749B1
:108330008B88002BC5D088792378019761780091CC
:10834000310000F0EAF8BCE700233A003B80617896
:108350003000FFF72BFFB4E71D4B09AA09936178A2
:10836000F6E7042B02D09A1F012AAAD8174A043B29
:108370009B00995A0029A4D0D218907831003A0075
:1083800000F0ADF800289CD13B88042B03D00121DC
:108390003000FFF723FF012C04D1A868002801D08A
:1083A00003F09AFC280003F0A7FB8020039B000247
:1083B000434018000DB0F0BD012800D181E7012134
:1083C0003000FFF70BFFEDE7A865FF1F9865FF1F63
:1083D000010017000B7803704B784370CB788A78D4
:1083E0001B021343438070470A88030002700A8807
:1083F000120A42700A88012A06D14A8882704A8885
:10840000120AC2700420704702208242FBD14A88BF
:1084100004309A704A88120ADA708A881A718A8837
:10842000120A5A71EFE710B50400012082420CD9FC
:108430004B780A781B0213432380834206D1CB7802
:108440008A781B0213436380002010BD022BFBD1EE
:10845000CB788A781B02134363804B790A791B021D
:108460001343A380F0E70B8803700B881B0A43704B
:108470004B8883704B881B0AC3708B8803718B8871
:108480001B0A4371CB888371CB881B0AC3710820F8
:10849000704703000120082A14D14A780878120294
:1084A00002431A80CA788878120202435A804A79B5
:1084B0000879120202439A80CA798879120202432B
:1084C0000020DA80704710B504000120022A05D18F
:1084D00000204B780A781B021343238010BDF8B5A7
:1084E000060010200F00150003F0FEFA0400012022
:1084F000002C0ED0A0230C22290023806780201D91
:10850000002D07D003F088FD2100300003F0ACFA05
:108510000020F8BD03F070FDF6E7F7B51E000090EF
:1085200008AB142017001D78019103F0DDFA041E3A
:1085300012D0A2230370019B47704380099B0571F1
:1085400046710C220830002B07D0190003F064FD9F
:108550002100009803F088FAF7BD099903F04CFD5B
:10856000F6E737B5041E0FD04388002B0CD000254A
:10857000C1881323007A172201950095FFF7CDFFDC
:10858000FF2365806372257037BD000010B50C496C
:1085900004004A88002A09D08B89002B05D00020CE
:1085A000CB8A0222834201D010BD012213000A208F
:1085B000434300204032C854C81842800472F3E795
:1085C0007A65FF1F0023438003707047094B002129
:1085D0001A0010B55C88002C06D01C79844203D1A7
:1085E0000A234B43D01810BD01310A330329F1D1BE
:1085F0000020F8E77A65FF1F10B50400407A03F009
:10860000E3FBFF23637210BD7047043010B580B2E6
:1086100003F04AFA002803D00421494203F054FC35
:1086200010BD000070B50025104CA0682580A58104
:10863000A580A84202D003F04FFBA56000250C4C9A
:108640000C4B606D1D80230058331D70A84202D072
:1086500003F042FB656500256068002801D003F047
:108660003BFB013508340A2DF6D170BD4066FF1F73
:10867000E465FF1F3466FF1F70B5041E09D1054D68
:108680002880A881A880A868002802D003F024FBD5
:10869000AC6070BD4066FF1FF0B54B8885B001939C
:1086A000002343600A7905000F00022A00D07BE016
:1086B000CA88032A17D98B685E7819783602DC7865
:1086C000D8790E4399781B7A24021B020C4303438A
:1086D00053495BBA0B80331D93421ED1042C04D046
:1086E000631F022B0ED9012015E0019A4D4B120198
:1086F000D35A002B06D00198FFF7BEFF4A4A1369F0
:10870000013313610421B8682E812C80494203F0A3
:10871000DBFB6860002005B0F0BD434D042C06D0A3
:10872000631F022B0FD9EB680133EB60DBE7019A83
:108730003C4B1201D35A002B05D00198FFF79CFF48
:108740002B6901332B61374B30000293019B029A56
:108750001B010193002301998C468B521300634443
:108760009C8003939E81FFF750FF039B041E98603B
:1087700016D00421B868494203F0A6FBFA8801002C
:10878000043A200003F048FC0199029AFB888A5AB7
:10879000043B9B18029A8B522B6801332B60A2E793
:1087A000AB690133AB619EE71E4B0293019B1E0137
:1087B000029BF35A002B2DD002998C19A068002837
:1087C00028D0012A26D1FA889B189BB27352A1891E
:1087D000994217D39B1AC018B96803F01DFC029B7D
:1087E000A289F35A934200D07DE700222B81A3880F
:1087F0002B80A3686B60029BF2520B4A53680133D3
:10880000536070E7084A9368013393600198FFF75B
:1088100033FF68E7044A536901335361F6E7C04602
:10882000AA65FF1F4066FF1FB065FF1F70B5051EDC
:1088300015D10B4C0B4B1880230058331870606D0A
:10884000002802D003F048FA6565250050356068BD
:10885000002801D003F040FA0834AC42F7D170BDD3
:10886000E465FF1F3466FF1FF0B51700A12285B035
:10887000920001934243394B06001B680C009B1881
:10888000D933FF331D78FDF73DFF0430854204DD09
:108890003000FDF737FF0430C5B2BD4207D33A00C0
:1088A00000213000019B03F05FFA05B0F0BD290004
:1088B000380003F0F9F92300C6B250331E70039359
:1088C000019B29006365380003F076F8CBB2029370
:1088D000002B02D0039B01361E700026230050336C
:1088E00003931B78B34204D8606D002831D1002077
:1088F000DBE7029A2800002A04D0013B1000B342B3
:1089000000D02800F700E719387003F085FA786086
:1089100000280ED03A78019903F07EFB019A3B784B
:108920000136D3180E4A0193D369F6B20133D361ED
:10893000D4E7039B18706065A74205D1084A13204D
:10894000D36A0133D362B0E7606803F0C5F9083435
:10895000F2E703F0C1F900236365C8E73409FF1F9C
:10896000B065FF1FF7B50D0007000421686803F02C
:10897000ABFA2B89040003702B891B0A43702B88E8
:1089800083702B881B0AC3702E8902250436F6B229
:10899000F42E15D81B4B9F4214D10C2003F0A4F8E1
:1089A0001135011E0CD0902303708E3B0371043BE4
:1089B0004380154B8460C680187803F055F8002575
:1089C0002800FEBD5C237B43104AD3180093583324
:1089D00001931B78002B0FD103003200380000995F
:1089E000FFF742FF019B05001B78002BE8D1380000
:1089F000009903F0F9FAE3E7054A0725536A0133C2
:108A00005362DDE7FEFF0000A865FF1FE465FF1F5E
:108A1000B065FF1FF0B587B0009017200F0016005B
:108A20000193FFF7F2FD1325041E18D00C98031EC6
:108A300002D00199201D9847030AE370052303A97A
:108A4000A070043008812770009866700B804C601D
:108A5000FFF788FF051E02D0200003F03DF9280033
:108A600007B0F0BDF0B587B01F000CAB1B780391C9
:108A7000059301210DAB06001C78049200F0D6F896
:108A80001425002821D02000FFF780FD0135041EA9
:108A90001BD01149059B0A7803700132D2B2131E14
:108AA000C68001D101231A000B7022713000049B93
:108AB00003990097FFF7AEFF051E09D1230021009F
:108AC0000648074A093303F0F7F8280007B0F0BD5D
:108AD000002363802370F8E7AC65FF1F63850011F6
:108AE00030750000F8B505000E00064C064F2368EF
:108AF000002B02D03100280098470434BC42F6D144
:108B0000F8BDC0465066FF1F6466FF1F0123064A7A
:108B10005B425380002313715362044A1360536015
:108B20009360D360136170476466FF1F5066FF1F38
:108B30000200002310B506499C000859002801D105
:108B4000625010BD0133052BF6D11320F9E7C04662
:108B50005066FF1F034A5388181A43425841404247
:108B6000104070476466FF1FF0B585B002930AABF2
:108B70001F780CAB1B88009008000E000192039335
:108B8000FFF7E8FF05001120002D1BD10E48FFF76D
:108B9000E1FF04001520002C14D006220B99A771C8
:108BA000E01D03F039FA019B30002371029B29007C
:108BB0006371009B66802370039B6562E381FFF70E
:108BC00091FF280005B0F0BDFFFF000010B5FFF7D2
:108BD000C1FF04000220002C12D060880121FFF7A1
:108BE00081FF606A002801D003F0AEF8282200213E
:108BF000200003F001FA012300205B426380207112
:108C000010BD000030B5074A074C558801001378A5
:108C10000020A54204D05B1A59424B4158421040F3
:108C200030BDC0466466FF1FFFFF0000084A10B554
:108C300001230C00904208D0FFF78CFF031E04D0E4
:108C4000037923405A1E9341DBB2180010BDC04681
:108C5000FEFF0000024B1879431E9841C0B27047D6
:108C60006466FF1F70B504000D001600FFF772FF69
:108C7000002804D10F4B9C4200D0143070BD10234B
:108C80000279416A134000290AD10520002BF5D052
:108C9000897E0C20A9428941494249420840EDE7BA
:108CA0000F20002BEAD09207F2D40A38002EEFD022
:108CB000E4E7C046FEFF0000030010B5002800D125
:108CC00010BD0348034A41889142F9D09847F7E71D
:108CD0006466FF1FFFFF0000002330B5C45CCD5C5D
:108CE0006C40D4540133102BF8D130BD0F23002237
:108CF00010B5C45C64002243CA54C25CD209013B73
:108D0000F7D210BD0200010010B52032103102F080
:108D10009BFE10BDF0B58DB0059010200793170095
:108D2000069103F059F80190102003F055F8019BCB
:108D300013240290002B05D000280CD11324019895
:108D400003F002F8029B002B02D0180002F0FCFF97
:108D500020000DB0F0BD102003F03EF806001020FA
:108D600003F03AF813240500002E00D1B3E00028E8
:108D700019D01022002103F03FF932002900059894
:108D800002F062FE041E0ED133787F2B56D83000DD
:108D90000199FFF7ABFF019B1B787F2B58D80299F5
:108DA0000198FFF7A3FF300002F0CEFF002D02D0A4
:108DB000280002F0C9FF002CC1D1102003F00CF8EC
:108DC0000600102003F008F80390002E00D180E088
:108DD00000287CD03A0001210F32230012110491A7
:108DE00006D013B204930F233B405A4253411BB2A7
:108DF000049A013A1201002B34D0069BD2B2981883
:108E00000199039AFFF768FF10220021300003F058
:108E1000F3F8049D069F013DADB22D017D19AF42CF
:108E200042D0002C33D0300002F08EFF039B002B89
:108E300000D184E7180002F087FF80E729003000A6
:108E4000FFF754FF28002649019AFFF745FFA2E7E4
:108E500029000198FFF74AFF28002149029AFFF7ED
:108E60003BFFA0E70F2506993D408A1808A8D9B214
:108E70008D4207D9D15C19540133102BF7D1039AD5
:108E80000299BFE7691A4F427941C901F3E73900F6
:108E9000300008AAFFF720FF3200059808A902F069
:108EA000D3FD10370400BAE7002CBCD13000039981
:108EB00008AAFFF711FF320008A9059802F0C4FDC7
:108EC000082204003100079803F0A6F8ABE713244A
:108ED000A9E71324AAE7002800D069E72EE7C046D7
:108EE00060C20011F0B58BB00F0016000225009093
:108EF00000283FD0002A3DD00B1DDBB218000293A2
:108F000002F06AFF1135041E34D0FDF73BFD050069
:108F10003A000099201D02F09FFEEBB20393E3702C
:108F20002B0CDBB22F0A00936370FFB22B0E237061
:108F3000A7700193FDF720FD1022010006A802F0A2
:108F40008BFE2100029A04AB06A8FFF7E3FE051E84
:108F50000DD1039B08223370009B04A9B370019BC1
:108F60007770F370301D02F077FEFDF711FD2000E1
:108F700002F0EAFE28000BB0F0BDF0B58FB00D0096
:108F8000149E039004920593002A03D1022420002A
:108F90000FB0F0BD002EF9D00398FFF7DBFD1424CD
:108FA000071EF4D07278337812021A43B3781B0488
:108FB0001343F27812061A43036A0192934201D3D3
:108FC0000133E3D1002D03D03B7901249B07DED58B
:108FD0000822002106A803F00FF8059B1324043390
:108FE000DBB21800029302F0F7FE051ECFD0059AFF
:108FF0000499043002F030FE04223100280002F00F
:109000002BFE3900102210310AA802F025FE29009B
:10901000029A06AB0AA8FFF77DFE041E0FD10822B4
:1090200006A908A802F018FE0822311D08A802F0BF
:109030001BFE012807D101990398FDF7BDFC28000C
:1090400002F082FEA3E70124F9E7000070B51C4C92
:1090500005002368181E10D0002D14D11A78002A9C
:109060000CD1981C083202F0D7FF02F045FE013502
:10907000002808D123681D70012070BD0A33180034
:10908000082202F0C9FF2368002BF5D0122002F05D
:109090002BFD061E0DD0C1232168037045700231DF
:1090A0001022023002F0B8FF23683100587802F035
:1090B000DBFC206802F048FE00232360DCE7C046AA
:1090C0008C66FF1FF8B504002020FDF749FB0D4E0C
:1090D000A700BB590500002B0DD000280BD0D87875
:1090E000FF2809D108492A000C55F35907480333D2
:1090F000611802F0E1FDF8BD290002F075FD0028BD
:10910000F0D1F8E7A866FF1F9066FF1F15A30011B6
:1091100070B5064D84006359002B05D0D87802F055
:1091200053FEFF226359DA7070BDC046A866FF1F68
:1091300070B506008CB00C00150000213022684686
:1091400002F05AFF31001022684602F085FD1D2012
:1091500021000322684402F07FFD6846FFF7D2FD3C
:109160002D21040003222800694402F075FD20002F
:109170000CB070BDF0B50400170097B001931CABA4
:109180001D7830221EAB00910AA800211E7802F043
:1091900033FF2100102202AC0AA802F05DFD10226C
:1091A0000021200002F028FF07223900200002F0F1
:1091B00053FD07220199A01802F04EFD33005A1EFC
:1091C0009341A3732B005A1E93410021102206A83D
:1091D000E37302F011FF06221D9907A802F03CFD7F
:1091E0001A2006221F99001902F036FD102200995C
:1091F0000EA802F031FD10230EAA11782078013B51
:109200004140DBB2117001340132002BF5D10AA8C4
:10921000FFF778FD102212A904000EA802F0FCFE50
:10922000102206AB0EA908781D78013A6840D2B228
:10923000087001330131002AF5D10AA8FFF762FD59
:10924000044310222098E4B212A902F005FD200088
:1092500017B0F0BD70B50E0014008CB001001022E4
:1092600068461D0002F0F8FC3100082204A802F054
:10927000F3FC2100082206A802F0EEFC6846FFF786
:1092800041FD04001022280008A902F0E5FC20009E
:109290000CB070BDF8B506000D0000243719AC42C3
:1092A00000D3F8BD02F080FB030A3B70631CDBB205
:1092B00001379D4203D90234F054E4B2EEE71C00BA
:1092C000EDE7F7B507000C000225002818D00029AB
:1092D00016D001AE03213000FFF7DCFF3F23B27848
:1092E00031001A400133134338002200B370FFF7F6
:1092F0001FFF051E04D103223100E01C02F08CFE8A
:109300002800FEBD03785807DA08C00FD20080009D
:109310009B0710439B0F1843C0B2704707230B40B5
:10932000C908C9000B4303707047000070B5040002
:10933000FFF7EEFE134DA4006359002B21D0186AED
:10934000002801D002F000FD2B59986E002801D0B2
:1093500002F0FAFC2B59D86E002801D002F0F4FC80
:109360002B59186F002801D002F0EEFC2B59586FD2
:10937000002801D002F0E8FC285902F0E5FC0023A7
:109380002B5170BDA866FF1F0E4B8000C35870B5EF
:109390000C00002B0FD09D68002D0CD02B78201DC9
:1093A0000B706B784B70A97CFFF7B8FF2B7E237294
:1093B0006B69E36070BD10220021200002F01CFEEA
:1093C000F8E7C046A866FF1F014B18607047C0460B
:1093D000A466FF1F074A03008000825810B5002AC8
:1093E00006D0D088984203D1012901D1FFF79EFF12
:1093F00010BDC046A866FF1FF0B5254E95B087008A
:109400000B93BB590500099112200A92002B2FD013
:10941000D888FFF79FFB04001420002C28D02800D8
:1094200010A9FFF7B1FFBB591E781F6A002E21D08B
:10943000FDF7E8FA07900020FDF7EAFA0890A57911
:109440003800E61D10AF0CA900F0E2FA0EA93800B2
:1094500000F0D7FA0B9B0A990493089B0998019393
:10946000079B0396009302950EAB0CAAFFF782FEB2
:1094700015B0F0BDFDF7C6FA05003000FDF7C8FADB
:10948000A37906000793E31D089310A8DBE7C04605
:10949000A866FF1F30B50D4C85002A59030085B022
:1094A0000120002A0DD018006946FFF76DFF2B59E7
:1094B000D8881B78002B06D0054B6A46072100F0A0
:1094C000DAFB05B030BD034BF7E7C046A866FF1FC7
:1094D000039A0011119A001130B5094C85002959E1
:1094E00085B010226846253102F096FD2A591121D7
:1094F000044BD0886A4600F0BEFB05B030BDC046C4
:10950000A866FF1FAD9A001130B5094C8500295996
:1095100085B010226846353102F07EFD2A591121AE
:10952000044BD0886A4600F0A6FB05B030BDC046AB
:10953000A866FF1FEB9A0011F8B54D4F860010206A
:10954000F4590D0002F048FCF3592062186A132206
:1095500000286DD02900033A9C6802F05DFDF359A4
:10956000197800295AD1227D186A94466646027BF2
:109570000F0072400126324201D167463740227DFA
:10958000B2433A432275077BD6B27A40002792074E
:1095900001D4B607F70F0226227D7F00B2433A437B
:1095A0002275067BD7B272400026B446520702D419
:1095B0007F07FA0F9446624604269700227DB24345
:1095C0003A432275627D002794466646427B72408C
:1095D0000126324201D1674637400126627DB243FF
:1095E0003A436275477BD6B27A400027920701D48E
:1095F000B607F70F0226627D7F00B2433A436275D9
:10960000407BD6B242400020520701D47607F00FCB
:109610000426627D8000B243024362756A78002AA4
:1096200008D06278002A05D005220533DA770022B7
:109630001000F8BD04222879104205D1A07C104208
:1096400002D10533033AF1E720782C78002902D1C2
:1096500002002000140018220428E9D8042CE7D8BE
:1096600005216143034A05335218125CDEE7C04608
:10967000A866FF1F70C2001110B50A001121024B2D
:1096800000F0F9FA10BDC046479B00110B0030B541
:1096900087B001AD2B806B4604001100981D082295
:1096A00002F0BAFC2A000B212000024B00F0E3FA82
:1096B00007B030BD6F9B001110B50A001121024B9D
:1096C00000F0D9FA10BDC046C39B001137B56D46F6
:1096D0000B0004001100681C06222B7002F09CFC99
:1096E0006A4608212000024B00F0C5FA37BDC0468B
:1096F000E39B001110B50A001121024B00F0BBFAE8
:1097000010BDC046339C00117FB505000B4BAA006D
:10971000D4580800002C0FD0666F237FE288217890
:109720000396266F0296E66E0196A46E0094FDF7EE
:10973000FFFB2800FFF7FAFD7FBDC046A866FF1FAC
:1097400010B51721FFF7E0FF10BD000070B50A004B
:109750000D00064B0221040000F08DFA0600297866
:109760002000FFF7D1FF300070BDC046139B0011F1
:10977000F0B587B000236C462370836805001E781F
:10978000701E0A2857D801A902F0BEF90606313525
:10979000393D4145494D5100180000F040F906237C
:1097A000122849D000281AD16888FFF7D3F9082376
:1097B000002813D04279002A44D1254B1A78072378
:1097C00012070BD5234B1A680723002A06D0176807
:1097D000002F03D0310001AAB8470300237023787B
:1097E000002B2AD16888FFF76DFC07B0F0BD180088
:1097F00000F06CF9D6E7180000F087F9D2E71800FE
:1098000000F093F9CEE7180000F0ADF9CAE71800B0
:1098100000F0C3F9C6E7180000F0F6F9C2E7180037
:1098200000F0F6F9BEE7180000F013FABAE71800E6
:1098300000F013FAB6E70723237021006888FFF7CA
:1098400085FFD2E70523012AC8D1034BBBE7C046F9
:109850003565FF1FA066FF1FA466FF1FF8B52C4FDC
:109860008600F35904000D00002B40D0DA888242B4
:109870003DD15A78062A33D11A78002A2ED00120F9
:1098800099681A6A097D014206D0157B054203D00A
:1098900007225A700120F8BD0220014204D0157B36
:1098A000054201D00922F4E70420014204D0127BD2
:1098B000024201D00B22ECE7164B1B68002BE9D0CB
:1098C0005B68002BE6D020009847BB5900215B78ED
:1098D000122BDFD12000FFF717FFDBE70E4BECE781
:1098E000112A04D1002900D032252900F2E7002DE9
:1098F00008D12000FFF72EF9002803D010230279A9
:109900001343037121002800FDF792FAC2E7C04615
:10991000A866FF1FA066FF1FA466FF1F70B50E4E4E
:109920008500AB590400002B13D01B78002B11D1FC
:109930000A4B1B68002B04D05B68002B01D0200071
:10994000984773595B78122B03D100212000FFF751
:10995000DBFE70BD024BECE7A866FF1FA466FF1F8D
:10996000A066FF1F094B8000C3581020002B0CD0AD
:109970001A6A002A09D09B68002B06D0127A1B7E37
:10998000101C9A4200D9181CC0B27047A866FF1F6D
:1099900070B503000D0014000220002A30D0002909
:1099A0002ED013700B78081D53704B789370FFF70F
:1099B000A9FCE070012002212B7A23716B7B03400C
:1099C00063716A7B0A401343042263716E7B164005
:1099D000334363716E7BF608F600334363712B7B70
:1099E0000340A371287B014000200B43A371297B16
:1099F0000A401343A3712A7BD208D2001343A371F8
:109A000070BD10B50A0001000120FFF7C1FF10BDB5
:109A100010B50A0001000220FFF7BAFF10BD70B5B3
:109A200006000C000220002E30D000292ED07378C2
:109A3000201D0B70B3784B70F178FFF76FFC01229B
:109A40003579257271794B1008001340934010400E
:109A50000343881010408000C9080343C9000B432A
:109A60006373B1794B1008001340934010400343D7
:109A7000881002409200C9081343C9000B432120FB
:109A80002373FCF76DFE854201D2122070BD2220A7
:109A9000257AFCF765FE8542F7D823781820042B39
:109AA000F4D86378012BF1D80020EFE7030010B55C
:109AB0000220002909D0002B07D00322481C0A707D
:109AC00019000D3202F0A8FA002010BD0300022296
:109AD000080010B5002B06D0002904D00E32591C06
:109AE00002F09AFA0022100010BD030010B5022007
:109AF000002909D0002B07D00422481C0A70190045
:109B00000C3202F089FA002010BD10B5FFF7DEFF1D
:109B100010BD03000220002906D0002B04D005222E
:109B200000200A701B784B70704703000220002B46
:109B300008D0002906D05B7800200B70013B082B71
:109B400000D918307047030010B50220002909D051
:109B5000002B07D00622481C0A7019000A3202F0B6
:109B60005BFA002010BD10B5FFF7B0FF10BD02007A
:109B70000B00022010B500290ED0002A0CD00721BE
:109B80001970118859701188090A997011180822E2
:109B9000D81C02F041FA002010BD03000A00022088
:109BA00010B5002B0CD000290AD0997858780902FA
:109BB00001431180901CD91C082202F02DFA0020CC
:109BC00010BD030010B50220002909D0002B07D0DA
:109BD0000822481C0A701900921802F01DFA002091
:109BE00010BD02000B00022010B500290BD0002A86
:109BF00009D009211970117818185970511C0622C2
:109C000002F00AFA002010BD10B5FFF75FFF10BD8B
:109C100002000B00022010B5002A09D0002907D04D
:109C20005178197011180622581C02F0F5F900201D
:109C300010BD030010B50220002909D0002B07D069
:109C40000A22481C0A701900063202F0E5F90020C9
:109C500010BD10B5FFF73AFF10BD02000B00022047
:109C600010B5002A06D0002904D018005178FFF75B
:109C700055FB002010BDF0B51F00062387B003ADD3
:109C800006000800298101922B80FEF7BEFC1324F8
:109C9000011E68600CD00198B847041E05D1290048
:109CA0003000FEF76DFA041E02D0686802F014F866
:109CB0003000FFF707FA200007B0F0BDF0B5040050
:109CC0008BB0019115000021102202A802F094F936
:109CD000334EA700B85900283CD0C388A34239D1DD
:109CE0000378002B36D14278062A18D102000100F1
:109CF000553235310C3006ABFFF7ACFA002829D1CC
:109D00002000FFF72FFE020006A902A802F084F946
:109D1000200002A901F0C0FF01200BB0F0BD816E50
:109D2000002917D00B8A112A28D19D420ED1019803
:109D30001231093A01F098FF012807D1BB592000E0
:109D40009D6EFFF70FFE29000200DEE732212000A2
:109D5000FFF7DAFC2000FEF7FDFE061E1BD0416A6D
:109D6000002918D00B8AAB4215D108220198123174
:109D700001F07AFF01280ED1716A0AE09D42E9D113
:109D800008220198123101F06FFF0128E2D1BB597E
:109D9000996E8A7EB9E7200001F06EFEBCE7C046EE
:109DA000A866FF1FF0B56E4D87007E5985B03378E9
:109DB00002900393002B00D085E0B368346A0193CE
:109DC0007078062817D101221B7D134202D0217B17
:109DD000114218D10222134202D0217B114251D1EB
:109DE0000422134203D0237B134200D08EE0019B58
:109DF0005A7DEB5982E007380428F8D801F084FE38
:109E0000032E42658600B36E002B03D11C2001F0A7
:109E1000E3FFB066EB599C6E002C1CD01022002191
:109E2000200002F0E9F80298FFF79CFD01002000F5
:109E3000FFF730FA01F0B8FD20822000082112302F
:109E4000FFF728FA0298FFF78DFDA076EB59210065
:109E5000D888FFF711FC0822EB591CE0B36E002BE9
:109E600005D01A00198AF0881232FFF70FFC02227F
:109E7000019B197DEB59114250D0207B10424DD0EF
:109E8000073208E0F488FCF7D5FD01002000FFF759
:109E900013FC0A22EB595A705A78073A042A12D84E
:109EA000D888FEF757FE002856D0C3895A08D21822
:109EB0002C49029B0298CB549B00EB584118043369
:109EC000294801F0F9FE05B0F0BDFCF79BFD030049
:109ED0000120834201D100200393EB59DE88FCF777
:109EE00097FD039902003000FFF7F0FB019AEB5950
:109EF000117D0422114218D1019A527D01210A429A
:109F000018D0607B084215D00C22C4E7F688FCF715
:109F100033FD01003000FFF7EDFB68E7042211423A
:109F2000EAD0217B1142E7D0AAE7217B1142E3D09E
:109F30000B22B0E702210A4204D0607B084201D024
:109F40000E22A8E704210A4204D0627B0A4201D013
:109F50001022A0E712229EE7FA225200A8E7C0468C
:109F6000A866FF1FAC66FF1F1FA3001110B5064BAC
:109F70001A780423100018401A4200D00348FFF753
:109F800023FA002010BDC0463565FF1F6C43FF1F3C
:109F900070B50400FFF7D0FA051E43D12000FFF78B
:109FA00079FA234EA400A0598268937CDB0708D578
:109FB0000321036A1B790B40012B02D1017F0B4364
:109FC0000377431DD97F8B1E022B0DD8022900D0A9
:109FD0000121C088FCF784FF042133591A7F59708E
:109FE0000A431A77280070BD01290CD102231022E0
:109FF000437000210C3001F0FFFF30591021353043
:10A00000FFF748F9EEE70529ECD10223D118437098
:10A0100010220C3002F000F804233259117F0B4358
:10A020001377EAE708251828DCD1053DDAE7C046B2
:10A03000A866FF1FF0B58BB0059143887C4F9E004A
:10A04000F45915000493002C15D1012902D00020E9
:10A050000BB0F0BD101D57781678FFF753F9EB6879
:10A06000320002932B7A0499019300903B00200068
:10A07000FCF700FFEBE7E388049A934201D0082045
:10A08000E6E72378012B00D1D0E0059B581E092874
:10A0900000D9CBE001F038FD05CA0A29C8506C850B
:10A0A0009AB229000498FFF773FFD1E72000290036
:10A0B0001022453001F0B0FFB9594B78042B02D182
:10A0C000013B4B70C3E70B000A00253335320C31DE
:10A0D0000498FFF791F90498FFF7FEF90522431E53
:10A0E0009841BB59C0005A70B2E7200029001022E5
:10A0F000553001F091FF049B4D4C9D002959049867
:10A100000A0006AB55320C31FFF776F929591022B7
:10A11000453106A801F0A8FD012808D10498FFF7F1
:10A12000F3F90590002804D106222B595A7005989E
:10A130008EE708230593FAE763780C2B76D1E36E5C
:10A14000002B03D11C2001F047FEE066BB59D86EFE
:10A1500000286BD01022290001F05EFFBB59049843
:10A16000DC6EFFF7FFFB0D22A076BB595A706EE73D
:10A17000E06E00285AD063780D2B57D12B88082227
:10A180000382A91C123001F047FFBB599A68517D28
:10A190000222114226D0186A407B104222D00C3293
:10A1A000E4E763780E2B41D1236F002B03D11620F7
:10A1B00001F012FE2067BB59186F002803D010224F
:10A1C000290001F029FF0F22BB59CFE763780F2B3D
:10A1D0002CD1206F0622691C103001F01DFFBB59E5
:10A1E0009A68517D0422114203D0196A497B1142B9
:10A1F000D5D100210498FFF787FA28E7606F00287F
:10A2000008D1143001F0E8FDBB596067586F002891
:10A2100000D134E71022290001F0FEFE0122BB59D3
:10A2200052425B6F1A61E4E72978E3E707200FE702
:10A23000A866FF1F10B5064C207001F0C5FE062170
:10A240002078FDF78DFF0348FEF772FC10BDC04675
:10A25000BB66FF1FD593001100200BB270B50D0037
:10A26000834216DA264B187801F0EEFC041E0DD05E
:10A270000378922B0ED0A02B37D0224B1878FF28D2
:10A280003AD0210001F0F0FB002835D180200002F7
:10A29000684070BD43780E2B0BD03E2BEDD18378F8
:10A2A000052B12D0082BE8D181798088FFF7D6FAE8
:10A2B00008E0154B82889A42DFD183681878591CD0
:10A2C000FEF7C4FE0028D8D016E0104B1B785B07C1
:10A2D00012D50F4B1B68002B0ED09B68002B0BD0A8
:10A2E000C289811D80889847ECE7FFF741FAA06892
:10A2F000002801D001F0F0FC200001F0FDFBC5E7D3
:10A30000BB66FF1F6543FF1F182000003565FF1F58
:10A31000A466FF1F10B50078FFF712FA10BD10B544
:10A320000078FFF7FBFA10BD0C234343084A10B531
:10A330009B185A68002A03D0012901D1904710BD0B
:10A340009B68002BFBD00029F9D19847F7E7C0465E
:10A35000D866FF1F01238340094A10B5946B1C4344
:10A360009463506B98435063D46B20009843012949
:10A3700001D120001843D063116B0B43136310BD50
:10A3800000800040064B01215A68C2400A4204D0B6
:10A390001B68C3401800084070471B6DF9E7C046B2
:10A3A000008000400122064B8240002903D0D9687A
:10A3B0000A43DA607047D9689143D960FAE7C0462A
:10A3C000003800400322424370B50F4DAB189C7813
:10A3D0005E780123361B0136B340013BA340A14008
:10A3E000DB430C00122808D8525D0849920052182D
:10A3F000116819402143116070BD054A11680B4076
:10A4000023431360F8E7C046B7C2001108F00040CC
:10A4100014F00040C21F70B5D4B20623092C0BD82B
:10A420000125084C9540002908D00021FFF7CAFFFC
:10A4300023682B4323600023180070BD2368AB43BF
:10A44000F8E7C04600380040214BF0B51B185B7898
:10A45000022B21D1032444431E4A1F4EA35C121930
:10A460009478012215008540B76B013CE4B23D436E
:10A47000A240B563194C122815D89B0000290CD1B5
:10A4800017495B1899680A439A600123205C154AB2
:10A49000834011680B431360F0BD11495B18996844
:10A4A00091439960F1E70E4B00290DD159690A4398
:10A4B0005A61225C1328E8D00123203A93400A49CC
:10A4C000086803430B60E7E7596991435961F0E776
:10A4D000BC66FF1FB7C2001100800040FCC2001123
:10A4E00000F00040A0F00040A4F00040F8B50024C7
:10A4F0001B4E1C4D1C4B1B5D012B1FD1194A926931
:10A50000E2401A420BD00122B25693402200143A84
:10A51000D2B2022A09D815494A6913434B61013462
:10A5200002360C35172CE5D1F8BD0022B2560F4982
:10A530009200521891680B439360F0E7022BEED122
:10A54000E7B23800FFF71EFF01235840C1B23800C0
:10A55000FFF77AFF3800FFF715FF6877DFE7C0469F
:10A5600089C20011BC66FF1FBD66FF1F00F00040DE
:10A57000012202388240054B002903D059690A4361
:10A580005A617047596991435961FAE700380040B0
:10A59000F8B50E0001210F008740114A0400D3686E
:10A5A000FD43BB43D360831E8B4201D8FFF7E0FF1E
:10A5B00000212000FFF72EFF0A4A0B4B5168012EA5
:10A5C00005D139431B1951605E700020F8BD294048
:10A5D000516002221C1962709A6915409D61F4E76E
:10A5E0000038004000800040BC66FF1F012210B50B
:10A5F0008240074B002906D019680A431A600121DE
:10A60000FFF7C6FF10BD196891431960F7E7C04610
:10A61000008000400C2370B5002543430A4A2900FE
:10A620009B181D70094B04001B185D70FFF7B0FFED
:10A630000123A340064928000A681A430A60054915
:10A640000A689A430A6070BDD866FF1FBC66FF1F88
:10A65000348000403080004070B504000E00FF28B8
:10A6600013D003250540FFF7D5FF084AA3089B0038
:10A670009B183F22ED00AA40AE401968200091438C
:10A68000314319600121FFF78DFE70BD183800407D
:10A69000F8B50C244443134B0500E4186368002B01
:10A6A00003D1A3681220002B1AD0022201270E4BDF
:10A6B00000215B195A7028002770FFF769FF636853
:10A6C0001E1E08D0A3683E00002B04D02800FFF710
:10A6D00059FE4640F6B228003100FFF73BFE00204D
:10A6E000F8BDC046D866FF1FBC66FF1FF7B5C42083
:10A6F000FF222A4B80001958002591433F3A0A4314
:10A700001A508022264E5202264F1A60264B5C5D5C
:10A71000002C22D0AB1E012B03D80121E8B2FFF799
:10A7200027FF012C19D11E4B9B69EB40234214D00B
:10A73000EBB218000193FFF725FE01000198FFF727
:10A7400055FF0123FB569C40EBB2143BE443022B24
:10A750001AD8164A536923405361337F002B0DD01A
:10A76000ECB22000FFF794FF2000FFF70BFE737F91
:10A770000100834202D02000FFF7D6FD01350C36E0
:10A780000237172DC2D1F7BD0023FB56074A9B00A5
:10A790009B189A6814409C60DFE7C04600E100E027
:10A7A000BC66FF1F89C20011BD66FF1F00F000409C
:10A7B00070B5134D07202C78002C1FD19822210052
:10A7C0005200280001F0E0FB0123C420FF222B707F
:10A7D0000C4B80001C635C630B4B1C605C600B4B80
:10A7E000195891433F3A0A431A50802252021A6084
:10A7F0000D20074A074901F0EFF9200070BDC0465F
:10A80000BC66FF1F00800040A0F0004000E100E0B7
:10A81000EDA60011EDA40011F8B50600012826D020
:10A820000B220827164C01239340164A164DD36776
:10A830007301ED18287C0021FFF7B4FD0021687C2E
:10A84000FFF7B0FD002580233800237325712570A4
:10A8500025732572656001F0AFFB380001F06CFADA
:10A860000A4BAE4207D1EB2292009E50F8BD112256
:10A870001927074CD7E7F12292009D50F6E7C04612
:10A880000040004004E100E07068FF1F0000FF1F6F
:10A8900000900040F0B587B0050001F015F9049074
:10A8A0002800FFF7B9FF012D00D17DE00523042723
:10A8B00008260393444C06330193444B6A019B18CA
:10A8C0001A7CFF2A02D15B7CFF2B6BD0300001F099
:10A8D0005BF9300001F070FB3C4B6A0102936B01A5
:10A8E0000593029B02219E18307CFFF76BFD02212D
:10A8F000707CFFF767FD39000027307CFFF7ACFE66
:10A90000707C0399FFF7A8FE27737169049B1811E7
:10A910004B08C01801F0C8F9802327612373030A8C
:10A92000DBB22371F37EC0B22070BB4244D01B2344
:10A930002373029B6A019B181A7E0123002A3DD0D3
:10A9400087222272636062687F3313436A019446F0
:10A950006360029B63449B7E002B03D002236268EA
:10A96000134363601A4A002D2AD1EB21194B890049
:10A970005350019B184A9B089B009B180322019C83
:10A98000C0202240FF24D200944080001958A143E7
:10A990008024944022000A431A500123019A9340D4
:10A9A0000D4A136007B0F0BD092308270393DB1994
:10A9B00019260A4C019380E70323B9E72272C5E701
:10A9C000F121074BD3E7C046004000407068FF1FED
:10A9D0000000FF1F051BFF1F00E100E0009000408A
:10A9E000451BFF1F10B50020FFF754FF10BD10B529
:10A9F0000120FFF74FFF10BDF0B587B005930CABFA
:10AA00001D78174F6E01F35D029002AC1120039187
:10AA10000492002B1ED1637A0C380193002B19D1BC
:10AA200019002022F01901F0AFFA0E4BF31807CCF1
:10AA300007C39C466246236828001360FFF72AFF7D
:10AA40000123F355002D07D129000820064A01F003
:10AA5000C3F8002007B0F0BD1920044A0199F6E7B9
:10AA60007068FF1F8068FF1FE5A90011EFA90011A2
:10AA700070B50400FFF7D0FE084D660120220021CA
:10AA8000701901F081FA0023082073559C4200D010
:10AA9000192001F069FA002070BDC0467068FF1FE0
:10AAA0007622014BDA60704700200040030010B5A9
:10AAB0000620072B09D8054A137001F025FAD72183
:10AAC0000020034B034A89005A5010BD9443FF1FD6
:10AAD0000000FF1F851BFF1F70B51D0002240C29FD
:10AAE00010D8094ACA40D2070CD5FBF745FE041E10
:10AAF00008D1059A04992800FBF75AFEFCF7C6FC1A
:10AB0000FFF734FA200070BD1210000030B50D7848
:10AB100002232C009C43184201D02B431C00082523
:10AB20002300AB43284201D02B00234320241D00E7
:10AB3000A543204201D01C4325002A230D70184252
:10AB400004D011781E3B0B43137030BD0028FCD19C
:10AB50000C2113788B43F7E7F8B51D0006AB1B8873
:10AB6000140007AA0E000B201778002B27D10A78B3
:10AB7000022A49D14A68507811780002244A0843D1
:10AB80008018042840D800F0BFFF03121D1B2300CB
:10AB9000F06801F0D1F9021CC0B2B84200D93A1CE9
:10ABA000D2B22000F1682A8001F036FA06E00222D3
:10ABB000F3681B882A8023701B0A63700020F8BD8D
:10ABC0000622EEE701232B80F3681B782370F5E75C
:10ABD000F368002B16D008222A801A8822701A885F
:10ABE000120A62705A88A2705A88120AE2709A8811
:10ABF00022719A88120A6271DA88A271DB881B0AB4
:10AC0000E371DBE72B80D9E701202B80D7E7C04633
:10AC100000D6FFFFF7B516000A781D0008AB1F88A5
:10AC20000C000123022A18D14A68507811780002DA
:10AC30002B4A0843801803280FD800F065FF02252F
:10AC40004439E06801F078F9C0B20723B84204D370
:10AC50007B190193152B02DD0D231800FEBDE06862
:10AC60002A003100C01901F0D7F96B4600209B88FB
:10AC7000E268D0541B4B1B68834203D01B6883429D
:10AC800000D098470023E8E70B23002FE5D1022DE1
:10AC9000E2D1737832781B021343E2681380114BC0
:10ACA0001B68002BEED01B68002BEBD00120E8E7DF
:10ACB0000B23002FD1D1062DCED12A003100E06820
:10ACC00001F0AAF9DEE70B23002FC6D1012DC3D175
:10ACD00032787533012AC0D8E3681A70D2E7C046CB
:10ACE00000D6FFFFC868FF1F70B50C0015000728CD
:10ACF00037D800F009FF041436361B36242E1820EE
:10AD000015290BD8184E16220021300001F074F9D5
:10AD100022002900300001F07FF9002070BD1820CA
:10AD20000229FBD11288114B1A80F6E71820082956
:10AD3000F4D10A000E48290001F076F8EDE718205A
:10AD40000129EBD10B4B10780B49DA69FFF7DEFED6
:10AD5000E3E718200129E1D1064B10780749DA6BA7
:10AD6000F4E70220DAE7C046B068FF1F1244FF1F75
:10AD70000844FF1F9843FF1FC043FF1FE043FF1F0E
:10AD8000030010B50020DB0704D50721024A034861
:10AD900000F08CF810BDC04614C300119843FF1F8B
:10ADA000054A03001068002803D082889A4201D126
:10ADB000806870470068F6E7C06AFF1F0A880300D2
:10ADC00008009A4204D08A8804309A4200D00020B9
:10ADD0007047000073B506006846150001960180B3
:10ADE000FCF786FE041E11D1002D0FD07689002EAF
:10ADF00011D00C2000F0F0FF00280ED0084A0460AB
:10AE0000136886808560002B02D11060200076BD1B
:10AE10001A001B68F7E70224F8E71324F6E7C04698
:10AE2000C06AFF1FF8B5F22200230D4F0D4E79685E
:10AE3000050042433370994200D07B600A4C0021E8
:10AE4000200001F0D9F800231A007C609D4201D156
:10AE50003570F8BD01332280DBB2F234F6E7C0462C
:10AE6000B86BFF1FB66BFF1FC46AFF1F01210022D2
:10AE70000A4B10B549420A4C198099809A719A7010
:10AE8000084B2070012019805A60FFF7CBFF207813
:10AE9000FCF78CFE0448FDF74BFE10BDD068FF1F89
:10AEA000C06BFF1FB86BFF1F59AF0011022310B515
:10AEB000002802D0FFF78EFF0300180010BD00002D
:10AEC000030010B50020DB0704D50421024A034823
:10AED000FFF780FF10BDC04628C300111844FF1FB4
:10AEE000F0B50E2687B003930CAB1F8802ABF618A3
:10AEF0000500080031000292FCF782FF04000120E7
:10AF0000002C0FD03088FFF74BFF03000E20002BE2
:10AF100008D05E68002E05D021002800039B029A0D
:10AF20000097B04707B0F0BD0A4B10B5984207D163
:10AF30000122002352420A808B708A808B7110BDDF
:10AF4000FFF73CFF0028FAD001235B420380002377
:10AF50008370F4E7FFFF0000F8B5050001290AD16E
:10AF6000134E00243388F227AB4219D02800114930
:10AF7000FFF7DAFF06E0022904D10139FDF756FE9A
:10AF80000028EDD0F8BD3B0063437268D018D35A57
:10AF9000002B09D03A00002101F02EF80134E4B270
:10AFA000054B1B78A342EED801235B423380DDE7DB
:10AFB000B86BFF1FD068FF1FB66BFF1F10B5FFF700
:10AFC000FDFE03000020834200D0987810BD0000F1
:10AFD000F0B589B01C000EAB80CB03901E8810AB7F
:10AFE0001B78049202930B7A0D00DB0616D42B78A3
:10AFF0000593022B24D00498FFF7D2FE002812D02C
:10B0000003689C46002B0ED0029B2200019329006E
:10B010003B00644603980096A04705E00498FFF7BC
:10B02000BFFE002802D10E2009B0F0BD8368002BBE
:10B03000F9D00A222900039898470028D7D0F3E7CF
:10B040006B6858781A786A4B000210439842D2D83D
:10B05000043B984210D2674B984242D015D8664BB9
:10B06000C0180128C7D80B20002EDDD1EB681A7854
:10B0700059683A80200028E0604BC018032800D9A6
:10B0800078E000F041FD836A779D5D4B9842B2D134
:10B090000B20002EC8D101233B80EB6831001B78C8
:10B0A00023706889013080B2FCF7AAFE3A88031E3B
:10B0B0000ED0017802328A183A8042896270428941
:10B0C000120AA27059680278E01C00F0A5FF06E0A1
:10B0D00004323A8031000422601C00F08DFF002011
:10B0E000A2E70B20002E9FD1EB6807A91E8804233E
:10B0F0003B80330A300026706370FCF781FE051E2A
:10B1000028D004AB9A890E2304A95B183D49C66870
:10B11000FCF7EAFE00280BD12B783B486A680599BA
:10B12000FBF79CFA002803D1012304AA5B42D381D8
:10B130003278022A06D17168201D00F06DFF3B882D
:10B1400002333B800E2304AA9B181B88A3701B0AA2
:10B15000E370C4E704ABDE81F4E70B20002E00D0DF
:10B1600062E7E9680398FFF729FF02233B8020701C
:10B170006670B4E70B20002E00D055E70222EB6882
:10B180001B883A8023701B0A6370A8E7E86800F008
:10B19000D3FEC2B203000720B24200D244E70DD072
:10B1A0000299DBB27118994202DB921BD3B202936F
:10B1B000029BE9681A003B8089195BE70023F6E7E8
:10B1C0000B20002E00D02FE70722EB683A801A7878
:10B1D00022705A7862705A88A2705A88120AE270F5
:10B1E0001A792271DA886271DB881B0AA37176E70B
:10B1F000042900000228000000D8FFFFFFD6FFFF4F
:10B2000003280000FFFF000058C20011F0B58DB008
:10B210006B460020089120229B5E83423DDAA54BBD
:10B22000187800F011FD071E32D00378B02B2CD116
:10B230000079023816281FD800F0E6FD17001E001E
:10B240001E001E0031001E0094001E001B011E0087
:10B2500050011E0071011E00CB011E0050021E0095
:10B260001E001E008E021E00B902934B93491B88DC
:10B2700078880B80FAF734FF3800FCF7B7FE904B64
:10B280001B68002B01D038009847380000F034FCD0
:10B290008020089B0002434018000DB0F0BDEE2254
:10B2A0000021864800F0A8FE0BAA3B7B79893889EB
:10B2B00000923A000D32FCF7B7FC04007F4B1B787C
:10B2C000002C3DD144E07F4B7888059306AB9A8AE9
:10B2D0007D4B4100CB5A7D4E073BDBB202930023EE
:10B2E000210001930096059BFFF772FE734D002825
:10B2F0000FD133883A8A9A420BD13800059912301F
:10B3000000F0B2FC002804D02B7862899B00EB1877
:10B310005A80162606ABF6189A8A200033007989DF
:10B32000FCF7E2FD2B7804009A00AA185188002946
:10B33000C4D00133DBB22B70002806D03188918055
:10B34000634A12889A42BED802E0012149429180A4
:10B35000002B04D059497888FAF7F6FE8CE73E892D
:10B360000A2479E000253E89574B06937B88069A8C
:10B370005B009B5A033B9D4202DB002DF0D05BE05B
:10B38000162206A812183B7B798900923A003000F9
:10B390000D32FCF749FC0590002858D04689017A07
:10B3A0007888FCF709FC041E44D1464B7888079343
:10B3B000069B4100C95A454B0439C9B206AAD28A34
:10B3C00006930291019400930599079BFFF700FEF5
:10B3D000041E2FD1069B39491A88931C002D26D1B3
:10B3E0004B807988384B4900CB5A5119033B8B422B
:10B3F00020DD059B31485B8941190B71A91C013582
:10B40000C9B2EDB2059145191B0A2B71059B2D4957
:10B410000433181800F000FE2C4B059A1B88D31833
:10B42000DDB22C4B9E4205D00136B6B29CE749886E
:10B430009942D6D0002D0CD0204C2800618800F015
:10B440004BFD207021007888FAF78EFE14E7059CEA
:10B45000F0E7002C00D183E77B78142B00D10BE7B9
:10B4600016493B794E800B700C717888FAF72EFEE6
:10B4700002E7162406ABE41821003889FCF7C0FC6B
:10B48000011E00D18FE1788822880F4C45002C5B8B
:10B490000A4D013CE4B2029400240F4B0194009544
:10B4A000FFF796FD041E00D016E129007888FAF710
:10B4B0006BFEE1E6C06BFF1F0443FF1FD868FF1F50
:10B4C000CC68FF1FCC69FF1F0865FF1FBC6AFF1F08
:10B4D0000243FF1FFFFF0000DA68FF1F162406ABC0
:10B4E000E41821003889FCF78BFC011E00D15AE1D9
:10B4F00078882288B24C45002C5BB24D013CE4B206
:10B5000002947C89B04B01940095FFF761FD041E05
:10B5100000D0E1E029007888FAF740FEACE600258B
:10B52000A84B1D803B00F6331B78A64A788807920B
:10B53000AB4208D9A24B12880693069943005B5A86
:10B54000013B9A4203DB0799FAF732FE94E6162490
:10B550006B00FB18059306ABE418059B21001889C6
:10B56000FCF74EFC011E03D1059B01241E8973E7E5
:10B570007888964B2288069C099343001B5B944E67
:10B58000013BDBB20293002300960193099BFFF776
:10B590001FFD041E02D0059B1E895DE77B88069A6D
:10B5A0005B009B5A079A1088328881188B4203DC13
:10B5B0001B1A013B9AB23280824C02300999001961
:10B5C00000F02AFD2388328801359B182380EDB2D4
:10B5D000A8E70BAA3B7B7989388900923A000D32A3
:10B5E000FCF722FB00250600002E04D10A24002DC2
:10B5F00000D171E063E0317A7888FCF7DDFA010070
:10B60000041E67D16E4C714B788805940793059B97
:10B610004400E45A6E4B063CE4B206AA928A0693B2
:10B620000294019100933100079BFFF7D1FC041EA7
:10B6300050D1069B634A1B88002D34D104335380BC
:10B64000604C728963191A716B1C9BB2E318120A61
:10B650001A7106AB9A8A162306A81B18798930003E
:10B66000FCF742FCFF212B1DAA1C9BB2033505935E
:10B6700006000B0092B2ADB2002803D006ABDB8A05
:10B68000D9B21B0AA218651911712B71059B504D77
:10B69000181D2A884D49201800F0BEFC2B88059AF9
:10B6A000D3189DB2A0E751881A1D914207D17A881C
:10B6B00005995200525AEB18053A9A42C0DC414CA7
:10B6C0002800618800F0F0FA207021007888FAF7ED
:10B6D00079FDD1E5002DF2D13E89BDE6162606ABF7
:10B6E000F61831003889FCF78BFB3D000400FA3571
:10B6F00000282DD0037A9B060CD400227B8939893F
:10B70000788800923A000C32FFF7EAFB041E10D052
:10B710003E8915E03088FFF743FB00281AD0836884
:10B72000002B17D02100122278889847041EE4D0FD
:10B73000EEE72B78002B02D17888FAF753FD00262C
:10B740002B78002B00D097E5002C00D194E583E600
:10B750000124DDE70E24DBE7162506ABED182900F2
:10B760003889FCF74DFB041E1DD0037A9B0609D4D3
:10B77000184B7A8819888A4263D0174881425FD073
:10B780000924A9E72888FFF70BFB00280DD0836860
:10B79000002B0AD02100122278889847041EE7D097
:10B7A0009AE7100053E0012496E70E2494E7094B32
:10B7B0007A881B889A423FD07888FAF725FD5BE5A6
:10B7C0000865FF1FD868FF1FDA68FF1FCC69FF1FDD
:10B7D000BC6AFF1FB86BFF1FFFFF0000F223059834
:10B7E00051684343CD18C95A00291FD03B7A012B19
:10B7F0000BD16C88AB887888AA1D0094FFF770FB8A
:10B80000041E02D000233B722E88F2220021280061
:10B8100000F0F2FB00232B80059B0133DBB2059384
:10B82000144B05991B78144A8B42D7D801235B42ED
:10B830001380002CC0D00FE6002634000596EFE7F9
:10B840001A8058680B4B1A78F22353431B189842FE
:10B8500096D002000188F2320029A2D13C000834BF
:10B860002100F22200F0D8FB21007888FAF7C2FC10
:10B8700002E5C046B66BFF1FB86BFF1F70B5040032
:10B880000E001500FFF79AFA031E08D13100054893
:10B89000FFF794FA03001120002B02D01C80002037
:10B8A0009D7070BDFFFF0000F8B50B4F06003B78A0
:10B8B0000D001400FF2B0ED00A2000F015F9011E18
:10B8C00009D0B1230380002346800371C580048121
:10B8D000387800F0C9F8F8BD5944FF1FF8B50F00DB
:10B8E00006A90600088807A90B25098800281FD18A
:10B8F0000235022B1CD15478137824021C432300F8
:10B9000073358B4314D1FD6830002900FFF756FBD7
:10B9100084420CD0290022003000FFF7AFFF112530
:10B92000002805D1220030007989FFF7BDFF0025EE
:10B930002800F8BDF0B50E7885B003900AA80588F8
:10B940000120022E0DD14C682778647824023C43F4
:10B95000054FBC4205D10398DBB201960095FFF775
:10B96000BDFF05B0F0BDC04602290000034B10B575
:10B970001B68002B00D09847FEE7C046C46BFF1F32
:10B9800007B501A8FFF7F2FF044A05480021121A83
:10B9900000F0FAFAF7F77CFFFEE7C046C86BFF1F1E
:10B9A0005C44FF1F0000000001B40248844601BC53
:10B9B000604700BF2951010001B40248844601BC20
:10B9C000604700BF090E000001B40248844601BC74
:10B9D000604700BF0124000001B40248844601BC56
:10B9E000604700BF5D17000001B40248844601BCF7
:10B9F000604700BF8537FF1F01B40248844601BC81
:10BA0000604700BFE117000001B40248844601BC52
:10BA1000604700BF8D12000001B40248844601BC9B
:10BA2000604700BF0D52010001B40248844601BCCA
:10BA3000604700BF8552010001B40248844601BC42
:10BA4000604700BFB536FF1F01B40248844601BC01
:10BA5000604700BFE548000001B40248844601BCCD
:10BA6000604700BFF94C010001B40248844601BCA4
:10BA7000604700BF594F010001B40248844601BC31
:10BA8000604700BF091B000001B40248844601BCA6
:10BA9000604700BF4139FF1F01B40248844601BC22
:10BAA000604700BF2D39FF1F01B40248844601BC26
:10BAB000604700BFE928000001B40248844601BC89
:10BAC000604700BF5522000001B40248844601BC13
:10BAD000604700BFD1A5000001B40248844601BC04
:10BAE000604700BF513BFF1F01B40248844601BCC0
:10BAF000604700BF1D4D010001B40248844601BCEF
:10BB0000604700BF434D010001B40248844601BCB8
:10BB1000604700BF653BFF1F01B40248844601BC7B
:10BB2000604700BFC51D000001B40248844601BC47
:10BB3000604700BF456B010001B40248844601BC68
:10BB4000604700BFB352010001B40248844601BC03
:10BB5000604700BF3938FF1F01B40248844601BC6A
:10BB6000604700BFE13AFF1F01B40248844601BCB0
:10BB7000604700BF055E000001B40248844601BC76
:10BB8000604700BFC56D010001B40248844601BC96
:10BB9000604700BF7939FF1F01B40248844601BCE9
:10BBA000604700BF75A9000001B40248844601BC8B
:10BBB000604700BF2124000001B40248844601BC54
:10BBC000604700BF0D3BFF1F01B40248844601BC23
:10BBD000604700BFADAE000001B40248844601BC1E
:10BBE000604700BF0531FF1F01B40248844601BC15
:10BBF000604700BF5147010001B40248844601BCC0
:10BC0000604700BF3555000001B40248844601BCBE
:10BC1000604700BFEDA5000001B40248844601BCA6
:10BC2000604700BF056A000001B40248844601BCB9
:10BC3000604700BFED4A010001B40248844601BCE0
:10BC4000604700BFC94A010001B40248844601BCF4
:10BC5000604700BFF54E010001B40248844601BCB4
:10BC6000604700BF4551010001B40248844601BC51
:10BC7000604700BFCD4C010001B40248844601BCBE
:10BC8000604700BFC130FF1F01B40248844601BCB9
:10BC9000604700BF292EFF1F01B40248844601BC43
:10BCA000604700BF311B000001B40248844601BC5C
:10BCB000604700BF090E000001B40248844601BC81
:10BCC000604700BFA946010001B40248844601BC98
:10BCD000604700BFC9A9000001B40248844601BC06
:10BCE000604700BFD949010001B40248844601BC45
:10BCF000604700BF653AFF1F01B40248844601BC9B
:10BD0000604700BFD91B000001B40248844601BC53
:10BD1000604700BF4D1F000001B40248844601BCCB
:10BD2000604700BF8536FF1F01B40248844601BC4E
:10BD3000604700BF8130FF1F01B40248844601BC48
:10BD4000604700BFB939FF1F01B40248844601BCF7
:10BD5000604700BF014C010001B40248844601BCA9
:10BD6000604700BF8B52010001B40248844601BC09
:10BD7000604700BF0519FF1F01B40248844601BC9B
:10BD8000604700BF6930FF1F01B40248844601BC10
:10BD9000604700BF1D4B010001B40248844601BC4E
:10BDA000604700BFC521000001B40248844601BCC1
:10BDB000604700BFDD66010001B40248844601BC53
:10BDC000604700BF2146010001B40248844601BC1F
:10BDD000604700BF1147010001B40248844601BC1E
:10BDE000604700BF3D4B010001B40248844601BCDE
:10BDF000604700BF4D34FF1F01B40248844601BCB8
:10BE0000604700BF7918000001B40248844601BCB5
:10BE1000604700BF793BFF1F01B40248844601BC64
:10BE2000604700BF017F000001B40248844601BCA6
:10BE3000604700BF810E000001B40248844601BC87
:10BE4000604700BFA54F010001B40248844601BC11
:10BE5000604700BF691F000001B40248844601BC6E
:10BE6000604700BFB14E000001B40248844601BCE7
:10BE7000604700BF1D33FF1F01B40248844601BC68
:10BE8000604700BF9DA9000001B40248844601BC80
:10BE9000604700BF851F000001B40248844601BC12
:10BEA000604700BF5125000001B40248844601BC30
:10BEB000604700BF291C000001B40248844601BC51
:10BEC000604700BF2526000001B40248844601BC3B
:10BED000604700BF5549010001B40248844601BCD7
:10BEE000604700BF350E000001B40248844601BC23
:10BEF000604700BF6571010001B40248844601BC7F
:10BF0000604700BF156B010001B40248844601BCC4
:10BF1000604700BF851BFF1F01B40248844601BC77
:10BF2000604700BF5952010001B40248844601BC79
:10BF3000604700BF3D18000001B40248844601BCC0
:10BF4000604700BFDD52010001B40248844601BCD5
:10BF5000604700BF9136FF1F01B40248844601BC10
:10BF6000604700BFF532FF1F01B40248844601BCA0
:10BF7000604700BF5131FF1F01B40248844601BC35
:10BF8000604700BF353BFF1F01B40248844601BC37
:10BF9000604700BFB70E000001B40248844601BCF0
:10BFA000604700BFB54C010001B40248844601BCA3
:10BFB000604700BF4550000001B40248844601BC00
:10BFC000604700BFF939FF1F01B40248844601BC35
:10BFD000604700BFC926000001B40248844601BC86
:10BFE000604700BF6DBC000001B40248844601BC3C
:10BFF000604700BF3119FF1F01B40248844601BCED
:10C00000604700BF154D010001B40248844601BCE1
:10C01000604700BFF30E000001B40248844601BC33
:08C02000604700BFE94C01007C
:10C0280000030103020303030403050306020702D6
:10C03800080309030A030B030C030D030E030F0384
:10C04800100311031303140315031603ED3B00112A
:10C05800213C001100000000020000006AC000112D
:10C06800192A0F180A000000F1590000FD240000E9
:10C07800414601003D82001159A200119976001134
:10C0880041800011E95700110DB2001185530011CC
:10C09800213E0011493F0011000000001616000063
:10C0A80002000000B4C00011F4FFF3FFD2FC00004E
:10C0B800954000110000000000000000496E6B620E
:10C0C800697264004942532D5632340030303031A1
:10C0D800006769746875622E636F6D2F6366626CA2
:10C0E8006165622F696E6B626972645F6962735F12
:10C0F80074683270004942535448325000000000BE
:10C10800020000001CC10011292A282A272A262AF1
:10C11800252A242A0A18000074400000102700006D
:10C1280060F000000400000006640000204E0000DB
:10C1380000000000060000005C440000102700001A
:10C148006CEE000007000000050000001F501D10E5
:10C15800023CB40000012C00210000008100000016
:10C168003031323334353637383941424344454625
:10C1780000000000515C0011A55C001100000000E7
:10C188000200000094C100116F2A6E2A1A180000DC
:10C1980001A00000000000006410B71DC8206E3B1D
:10C1A800AC30D9269041DC76F4516B6B5861B24DB6
:10C1B8003C7105502083B8ED44930FF0E8A3D6D620
:10C1C8008CB361CBB0C2649BD4D2D38678E20AA088
:10C1D8001CF2BDBDFB349B5F800000800010000096
:10C1E80000000000A362001125790011C762001148
:10C1F800317D00114B630011077D0011C1630011EF
:10C20800DD7C001113640011AD7E00117B64001108
:10C21800AD7E0011AD640011677E0011C16300118D
:10C22800957C001139640011457E00110000000062
:10C23800000000001F650011457E00118165001196
:10C248003D790011052A042A012A002A0229032817
:10C258000128002801180018000000000000000054
:10C268000000000000000087010102010201010234
:10C278000102030304010301010101010303020197
:10C2880003000D000E001000110013001401070137
:10C2980008010A010B011C011D0204020502070224
:10C2A800080219021A021C021D03010302031700E7
:10C2B8000201000504000807000B0A001716001DFC
:10C2C8001C010201010504010E0D011110011413D6
:10C2D800011716011A19020201020B0A020E0D02B9
:10C2E8001110021413021716030504030807030BA1
:10C2F8000A030E0D0001020307090A0B0E0F1011A5
:10C3080012141718191A1B1F2021220059AB0011EB
:10C3180015AC001100000000020000005EC2001110
:10C328000000000035B90011000000000200000004
:04C338005CC20011D2
:020000041FFFDC
:1000000000000000893D001170C000116CC000119B
:100010007061FF1F000000000000000000000000F1
:1000200000000000000000000000000000000000D0
:1000300000000000000000000000000000000000C0
:1000400000000000000000000000000000000000B0
:1000500000000000000000000000000000000000A0
:100060000000000000000000000000000000000090
:100070000000000000000000000000000000000080
:100080000000000000000000000000000000000070
:100090000000000000000000000000000000000060
:1000A0000000000000000000000000000000000050
:1000B0000000000000000000000000000000000040
:1000C0000000000000000000000000000000000030
:1000D0000000000000000000000000000000000020
:1000E0000000000000000000000000000000000010
:1000F0000000000000000000000000000000000000
:1001000000000000000000000000000000000000EF
:1001100000000000000000000000000000000000DF
:1001200000000000000000000000000000000000CF
:1001300000000000000000000000000000000000BF
:1001400000000000000000000000000000000000AF
:10015000000000000000000000000000000000009F
:10016000000000000000000000000000000000008F
:10017000000000000000000000000000000000007F
:10018000000000000000000000000000000000006F
:100190004133FF1FA131FF1FC166010000000000B5
:1001A000000000000000000000000000000000004F
:1001B000000000000000000000000000000000003F
:1001C000000000000000000000000000000000002F
:1001D000000000000000000000000000000000001F
:1001E000000000000000000000000000000000000F
:1001F00000000000000000000000000000000000FF
:1002000000000000000000000000000000000000EE
:1002100000000000000000000000000000000000DE
:1002200000000000000000000000000000000000CE
:1002300000000000000000000000000000000000BE
:1002400000000000000000000000000000000000AE
:10025000000000000000000000000000000000009E
:10026000000000000000000000000000000000008E
:10027000000000000000000000000000000000007E
:10028000000000000000000000000000000000006E
:10029000000000000000000000000000000000005E
:1002A000000000000000000000000000000000004E
:1002B000000000000000000000000000000000003E
:1002C000000000000000000000000000000000002E
:1002D000000000000000000000000000000000001E
:1002E000000000000000000000000000000000000E
:1002F00000000000000000000000000000000000FE
:1003000000000000000000000000000000000000ED
:1003100000000000000000000000000000000000DD
:1003200000000000000000000000000000000000CD
:1003300000000000000000000000000000000000BD
:1003400000000000000000000000000000000000AD
:10035000000000000000000000000000000000009D
:10036000000000000000000000000000000000008D
:1003700081B9001100000000000000000000000032
:10038000000000000000000000000000000000006D
:10039000000000000000000000000000000000005D
:1003A000000000000000000000000000051BFF1F0F
:1003B000000000000000000000000000000000003D
:1003C000000000000000000000000000000000002D
:1003D000000000000000000000000000000000001D
:1003E000000000000000000000000000000000000D
:1003F00000000000000000000000000000000000FD
:08183800D06FFF1F4118FF1FD4
:10184000024981F3088802F023FA0000D06FFF1FDD
:1018500070B500241E491F4A1F484C6308CA1B0567
:101860001B0DE4188242F9D11C4B80228B630021AE
:1018700009201B4B920519621A4B1B4DDA671B4B53
:10188000DA688243DA609A68194802409A60112047
:10189000296002F0B1F8112002F08EF880226B6C02
:1018A000112093436B64EE23DB006343114A1B0C4E
:1018B000D3800122104B9A7201F002FC0F4B1B786F
:1018C000002B04D10E4B1021187802F099FA70BD4C
:1018D000000005408805054000060540FF010000A6
:1018E00000F0004004E100E0003800403CF000401F
:1018F000FFDFFFFF5C61FF1FF461FF1FBB64FF1F81
:10190000BA62FF1F10B502F0A3FB072804D012280B
:1019100008D0022808D010BD044A0420136B0133FC
:101920001363F8E70220F6E71420F4E7B065FF1F21
:10193000F8B507000C0026002500503630785135E8
:10194000002804D10300287058342370F8BD29788A
:10195000CA00481E8141A3183800A25C5B68C9B266
:10196000FFF7D0FF00280DD12B78DA00A218013341
:1019700050602B703378044A013B3370136A013393
:101980001362D8E70123DFE7B065FF1F5C23434301
:10199000074910B5C9180B0058331B78012B05D126
:1019A000FFF7C6FF034A936A0133936210BDC04636
:1019B000E465FF1FB065FF1F10B502F0F9F9064A94
:1019C0000121130010CB4942D967044B136002F088
:1019D000E7FA200010BDC04600E100E01000100052
:1019E00010B5040002F0E4F9024B1C6002F0D8FAD2
:1019F00010BDC04600E100E0431E5A425341A02200
:101A0000F0B5D2015B421340144E154A40019B18B9
:101A10003218127E8BB00191002A19D01A000832B8
:101A2000D46F0022E5B206AFE4B294420CDC301869
:101A3000C369002B06D0019A03A8027006AA42606F
:101A4000057298470BB0F0BD1978B9540132ECE734
:101A50001A7D1A7806AB01251A70E8E77068FF1F37
:101A6000004000407FB5244B4101CA5C0400002ABD
:101A70002AD05A18107E002826D0907E002823D025
:101A80001079022820D11689D588701B80B2021CDB
:101A9000102800D9102292B2AE4216D15918012353
:101AA0000B710023CA69CB800B819A4206D068462D
:101AB000032103730171029301A890470820002CB1
:101AC00000D0192001F0FCFA7FBD013C6042444186
:101AD000A0206442C001044008485B18241808484C
:101AE000DD680633013A92B28242EDD019884E1C6D
:101AF0001E80695C2170F5E77068FF1F00400040A0
:101B0000FFFF00000F220E4B10B5986810400238FE
:101B10000A280BD802F026F80D0A0B0A0A110A0A45
:101B20000A0A060002210020FFF766FF10BD01210E
:101B3000F9E70020FFF796FFF8E7DB6FF6E7C0460E
:101B4000004000400F220E4B10B59868104002383C
:101B50000A280BD802F006F80E0A0B0A0A120A0A23
:101B60000A0A060002210120FFF746FF10BD0121ED
:101B70000800F9E70120FFF775FFF7E7DB6FF5E7EE
:101B80000090004013B5334C2378072B3DD8324BDF
:101B90001A78324B002A39D18022196852020A433E
:101BA0001A60252001F0E8FE20232D4A11680B431E
:101BB000802113606B460422C90508680733104270
:101BC00028D080210422C905C86810422ED0802167
:101BD0002020C905CA688243CA6014221A701A7884
:101BE000002A2FD18021C905C86820320243CA606B
:101BF00014221A701A78002A28D11A4B1A7D2278DA
:101C00005A601D221A705932DA6013BD1A681649DB
:101C10000A40C5E7086802430A6014221A701A785D
:101C2000002ACED01A78013AD2B2F7E7C868024348
:101C3000CA6014221A7019784A1ED2B21A7000298A
:101C4000F9D1C4E71A78013AD2B2C7E71A78013A53
:101C5000D2B2CEE79443FF1F5C44FF1F3CF000402C
:101C60008C43FF1F00200040FFFFFEFF564B70B566
:101C70001B68012B03D1554A936D0133936502F024
:101C80004FF9534B534A1860534B544C1A6001237D
:101C9000534A1360534A13602378002B06D0062260
:101CA0005149524802F0DCF900232370504A514B4D
:101CB00010681B78C1B2002B0ED14F4CC0B22378F4
:101CC0005BB2002B4FDB237824785BB264B21B0439
:101CD00024021B191B1813600B1C50294ED95023CA
:101CE000464A47491078DBB2FF2202284BD10868E8
:101CF000444C454D267890432A78964254D9227810
:101D000024782E785D10013DA31B6B435201D31A3A
:101D100010335B111843086002F0E2F8031F012B37
:101D200045D83A4B1B78002B06D0394B1B78002B3B
:101D300002D0002001F0B4FFA122364B9200997826
:101D4000354B4A431B689B18832292009B181B78D3
:101D5000033B012B03D8AF20400001F091FF01228B
:101D60002E4BDA8270BD237824785BB264B2FF33E5
:101D7000FF341B0424021B190138ABE7CAB2022A44
:101D8000AED20223ACE70868254C264D2678904356
:101D90002A78964208D9227824782D785B10013B66
:101DA000641B63435201B2E72378DBB2B2E7022837
:101DB000D5D11D4B1B78013B022B03D91B4B1B7844
:101DC000022BCCD16C20C8E79809FF1FFC0FFF1F26
:101DD000FC64FF1FFF3F0000141003400065FF1F5D
:101DE0000C10034000100340D50BFF1F7211FF1FA2
:101DF000B40003408C09FF1F680AFF1F490AFF1F38
:101E000094000340460AFF1F470AFF1FF908FF1FFF
:101E10002209FF1F300DFF1F3409FF1FBC0BFF1FDE
:101E2000440AFF1F450AFF1F1C09FF1F2309FF1F4C
:101E300010B501F09DFF0022014B1A8010BDC04675
:101E4000F864FF1F10B502F053F8A121054A89007C
:101E50009478054A61431268044B5218528C1A80D8
:101E600010BDC046300DFF1F3409FF1FF864FF1F6F
:101E700010B50D4B0D4A9978A1239B004B43126876
:101E8000D218531DD97F0A4B1B88994209D2441C92
:101E900007D0C82805D0D2695B1A5A43054B534373
:101EA000C01802F0F5F810BD300DFF1F3409FF1FF8
:101EB000F864FF1F7102000070B5244D2B68002BE1
:101EC00028D001F045FF2B68D8402B680400002B78
:101ED00027D002F07DF82B68D8401D4B1D4A997819
:101EE000A1239B004B431268D118D25C91239B0025
:101EF000002A20D0CA580132CA50174B17491B6814
:101F00000868834214D3D23B181A012A1AD0144B02
:101F1000186070BD01F01CFF124B196801F040FF02
:101F2000D3E702F055F80F4B196801F039FFD4E7F9
:101F30000D495B18E8E7CA500C4B1B68DB68E418D6
:101F4000201AE4E7F530FF30E1E7C0461C08FF1F28
:101F5000300DFF1F3409FF1F9C09FF1FFC64FF1F8A
:101F6000A009FF1F1808FF1F2DFF3F000465FF1F7A
:101F700070B504000D00282916D10300A433C288CF
:101F80001B889B1A0B4A9BB293420DD906006A36F6
:101F900005223100653001F0B3FF002804D1310083
:101FA000200001F0D5FF70BD2900200001F0F0FEF7
:101FB000F9E7C046FE7F0000F8B50500012001F0FA
:101FC000CFFE134CA36AA26A9342FBD1114E336039
:101FD00001F0AEFF104903000860104842689446C3
:101FE0000F4A17680022BC4501D24268BA1A0D4850
:101FF00002603268AD18A422E562606A52030243AF
:102000006262094A1278002A01D00F3B0B60F8BDCA
:1020100000F00040340AFF1FE408FF1F28100040B2
:10202000180AFF1F1C0AFF1F1C09FF1F70B5802420
:102030001025E405A3682B43A36001F0F9FEA36813
:10204000AB43A36070BD0000F7B5160080221C00F2
:102050001023D2050191916805000B439360002283
:102060005B4BD7301A6001F0ABFE9D232F002A0096
:102070009B00EB58FC37CA32012138680092002BD4
:1020800001D00021009A01F00BFF2900009BCB3109
:102090001A78504BD3351A604B780A781B021343D9
:1020A0008A7812041A43CB781B0613434A4A1BBA98
:1020B00013604B790A791B0213438A7912041A437D
:1020C000CB7931001B061343444A1BBA13606B786B
:1020D0002A781B021343AA7812041A43EB781B06D2
:1020E00013433F4A1BBA1360019A330213433D4A1C
:1020F00013603D4B22001B1B9C4603293FDC03233E
:1021000032009A43B3089B00F11A9BB2032946D1CF
:102110003549E018521881784078090400020143DB
:10212000E05C0433014311600022FF2B4ADDF02202
:102130002E4B12011A600F222D4B1A602D4A136884
:10214000002BFCD00023224A27491360091B321DB3
:102150000B191B68043A180A23706070180C1B0EC8
:10216000A070E3700434002AF2DC802210213B6866
:10217000D20501333B6093688B439360F7BD6346A0
:10218000D578981893782D061B042B4315780439BD
:102190002B43557804322D022B430360ADE702290F
:1021A0000AD11149E05C5218E1184978090201434B
:1021B000043311609BB2B7E70129B5D10A4952181F
:1021C000E15CF5E7084959180A600433ADE7C046F9
:1021D000000004403C000440380004403400044047
:1021E000300004400C00044000010440040004409E
:1021F0001000044014000440F0B5140080221D00BB
:10220000102385B0D2050191916806000B439360BD
:102210000023684AD730136001F0D2FD3300FC334D
:1022200058689D2337009B00F158CA373A000029AF
:1022300000D083E001F034FE31003A785E4BCB31C0
:102240001A604B780A781B0213438A78A44612045A
:102250001A43CB781B061343584A1BBA13604B79B9
:102260000A791B0213438A7912041A43CB791B069D
:102270001343534A1BBA13604B7A0A7A1B02134367
:102280008A7A12041A43CB7A29001B0613434D4A5B
:102290001BBA1360019A230213434B4A13602A00AE
:1022A000231D18000393494B5B1B0193019BCF78BF
:1022B0005B1802938B783F061B043B430F7804386E
:1022C0003B434F7804313F023B43029F3B6003286E
:1022D000ECDCA3081C0003989900431A0134181F72
:1022E000A400072B2CD1394B2819E71883784078A4
:1022F0001B0400020343285D03433B6008310C00CC
:102300000023FF2C2EDD324B324919600F21324B56
:102310001960012327490B60304B19680029FCD054
:1023200006211B680B40042B21D080220020D205FF
:1023300093680A318B43936005B0F0BD012179E7C2
:10234000022808D1214BE0182B195B782C5D1B0269
:1023500023430360D2E70128D2D11C4B285DE31848
:102360001860CBE7194961180B600434C9E70023F2
:1023700010490B606346002B0CDC3300FC335A68B9
:10238000102101325A608022D205936801208B43CC
:102390009360D1E7019B9B181B68190A1370517059
:1023A000190C1B0ED37004235B4291709C440432C1
:1023B000E0E7C046000004403C0004403800044010
:1023C00034000440300004400C000440000104408C
:1023D00004000440080F00001000044014000440F2
:1023E00070B5061E19D002225A4B9B799343012BDC
:1023F00013D1594B1A78FF2A0FD15A78FF2A0CD1E2
:102400009A78FF2A09D1DA78FF2A06D11A79FF2AA9
:1024100003D15B79FF2B00D199E0504B0C201A7847
:10242000012A08D000224E4D1A7029780B00093B72
:10243000042B01D8212070BD4B1F012BFAD9454C2C
:10244000A37B042B00D982E0A279032A00D97EE085
:102450009A1ED2B2012A02D860881F2877D9002E8E
:1024600056D0012E73D1A0880128E3D0002907D1CE
:10247000581E032803D801F075FB121715122E7091
:102480002978481E032811D80025364B1D602823C3
:10249000237501F0F5FCA84227D0A580CAE70221E8
:1024A0002970EDE70421FBE70321F9E7073901294A
:1024B000C0D82D490968C96A8906BBD52B49087857
:1024C0000028B7D1012A01D9002BB3D102230B7008
:1024D0008021274D263389012878237501F088FB58
:1024E00080212878890101F08BFC0123A380214BF6
:1024F0001B78002B0AD0FA2280211F4B92001B88E8
:1025000009025A431A4B187801F06AFD002092E73D
:1025100001F04EFC2B78A680073B012B03D917480E
:102520002E7001F08DFC114B114C1A78002A06D048
:1025300080210022207889011A7001F059FB01F0F6
:102540002FFD80212078090201F052FBDEE71220E6
:1025500071E7C046A60BFF1F6B09FF1F1A09FF1F7B
:102560001C09FF1F4809FF1F0465FF1F2309FF1FE8
:102570001B09FF1F2109FF1F2C09FF1F001000402E
:1025800010B5002901D001F043FB10BDF7B55E4B3B
:1025900001919978A1239B004B435C4A0600146883
:1025A0001022E418D6235B00E0583623FF33E35CA7
:1025B00000279343222B3ED1554B0F3A1A600760F8
:1025C000012501F025FD019B1880E8235B00E35CF9
:1025D000002B01D0B34255DD00224E4FFA70AD32D0
:1025E000FF32A2581168002903D09288D243920783
:1025F0001AD03822FF32A25C002A15D09B2252004A
:10260000A25C002A10D1B3420EDAA4235B00E15A87
:10261000E018090A023101F02BFB23000122FE33EE
:10262000013E01351A87FA70E8235B00E35C002B5A
:102630002AD0A8B2FEBD03683D00002BC1D081881E
:102640000430090A023101F013FBD6235B00E35882
:102650001F60B5E72300B133BA00FF339858013744
:1026600081880430090A023101F002FBE8235B0093
:10267000E35CBB42EEDCE822F61AED1800235200C0
:10268000A354A9E70027F1E7200001F071FC00281E
:102690001FD0002E1DDD7319882647190193B6003F
:1026A000200001F0A5FB5A30800020184068013559
:1026B00081880430090A023101F0DAFA200001F0C1
:1026C0005FFCA3590133A351BD4202D0019B9D423F
:1026D000E6D1114BE35C002BABD095239B00E35C70
:1026E000002BA6D00D4BE15A0029A2D00C4AA35CC6
:1026F000994202D90133A3549BE700231A212000F9
:10270000A35401F03DFB94E7300DFF1F3409FF1F78
:1027100000140340E010FF1F5A0200007202000084
:102720005E0200000D4970B54A6E0D4CD2038B69F4
:10273000D20BA24206D80B4D0224AA4204D901F0C2
:102740003FFA70BD02246442E21815007E24254041
:102750002242F4D0A3432B438B61F0E700F000400A
:102760000A200000FC1C0000F8B51D4B1D4F1A7814
:10277000002A10D1BA7B002A02D101321A7003E07C
:10278000032AFAD0022AF8D001F07AFB00220120B5
:10279000154B1A70F8BD154B154D1C68154B9E78DE
:1027A00001232B702878C0B200F09CFBBB7B002B70
:1027B0000BD101F09DFAA1239B007343E4188323FE
:1027C0009B00E41823782B70E4E7032B02D101F07F
:1027D00017FCF0E70020022BDCD101F0E9FBEAE76F
:1027E0001C09FF1FA60BFF1F2309FF1F3409FF1F32
:1027F000490AFF1F300DFF1FF0B587B00EAD2F78CF
:102800000FAD2D780593AC46634614000E4D0CAA0F
:1028100012782E7803930D9B009201932200059B62
:10282000029701F01DFB2E70012C01D0042C08D161
:10283000802206498B889343054A1278D2011343BC
:102840008B8007B0F0BDC0461C09FF1F6C11FF1F35
:102850007809FF1F0B001B3B70B504003020E02BF4
:102860000DD81300E025493BFF3B9BB2ED00AB4286
:1028700005D8034B200019825A8201F029FA70BD55
:102880008410FF1F10B501F04BFB054B00205B6867
:10289000052B04D9034A5268D20200D4980810BD0F
:1028A00000100040FCE100E070B501F081FA0D4B32
:1028B0001B68FC33DC691D6AFFF7E4FF641984427E
:1028C00004D2094B01241B68002B07D004220024EA
:1028D000064B1A70064A93690133936101F060FB5D
:1028E000200070BD0465FF1F9809FF1F2309FF1F0B
:1028F000FC0FFF1F70B50C4D2B68FC335C6A01F0B8
:1029000057FAFFF7BFFF2B680025FC339B6AE318DB
:10291000834204D2054B1B68AB4200D1051B01F07A
:102920003FFB280070BDC0460465FF1F9809FF1FCC
:10293000D722044B92009B5810B5002B00D098472B
:1029400010BDC0460000FF1F10B501F0F3F8FFF7FF
:10295000EFFF2749274BCA6D1A4084235B001343BE
:10296000CB65254B1B68186A01F0FAF9234B244A02
:102970001A60244B244A1A60A022244B52001A6089
:10298000234B187801F054F92249234801F068F9E3
:102990000023214A2149936002339360204B214850
:1029A00013600323936001F05BF910221E4BFF209C
:1029B0001A60802252031A60802292031A608022D9
:1029C00012041A6001F06CF9012001F021FAFA20DA
:1029D000400001F0B5F9582001F052F9134801F018
:1029E000D7F8012001F034F9072001F091FA10BD69
:1029F00000F0004000FEFEFF0465FF1F00000340E2
:102A00000180063DBC00034034080000A4000340E0
:102A10004A0AFF1F7102000014100040FFFF3F0030
:102A2000C30900002810004000E100E030750000FC
:102A3000664F3B6888331B6883F3088801F040FACF
:102A4000634A6449136800200B401360624B634A79
:102A50001B68934200D1A4E001F0D2F80221604A41
:102A600013688B431360FFF76FFF5E4B00241878E9
:102A70005D4DC0B201F064FA0223AC60AB605B4B09
:102A800001202B6001F06CF90323AB6001F0C8F961
:102A9000050001F045FA060001F0C2F9544B186038
:102AA00001F016FA534B1A68AA426441AB1A80220D
:102AB0001B1BD203934201D39B029B0A3A68D16A43
:102AC000C90700D470E04C491C0C09689BB24C4308
:102AD00059432402090A64184849FC3293680A6879
:102AE00003219B1A464A474812689B18464A9D187C
:102AF000464A0B401768AD08DB1905601360042BCC
:102B000003D901350B40056013602D192800404999
:102B100001F046F93F4F3E493B68C3183B6028002F
:102B2000019301F065FA3C4D28680818384928607F
:102B3000884205D9019B01333B6001F059FA2960B5
:102B400001F0B6F9354B1B78002B0DD001F0E8F9F8
:102B5000334BA21B196812188A4232D28919091BF9
:102B6000091A304801F07CF82F4D2B7A002B0ED03B
:102B700001F0D6F9A21BE9681218914224D98919EB
:102B8000091B091A294801F06BF800232B72284B06
:102B900083F3088801F01CF8002001F031F801F0FF
:102BA000F7F901F02DF85EE7DC0199000234641AB0
:102BB0005900641A09214B438033CB40A408E41820
:102BC0008AE7FA218900CCE71A49DBE70465FF1F91
:102BD0001CF00040FFFFC1FF0C0AFF1FB64121039C
:102BE00010000040490AFF1F14100040C3090000F4
:102BF000100AFF1F340AFF1F380AFF1F200AFF1F99
:102C00001C0AFF1F240AFF1FC4090000280AFF1F17
:102C1000710200006008FF1F2C0AFF1F1C09FF1F24
:102C2000E408FF1F00100040740BFF1F3C10004021
:102C300000000020DC050000A022054B92009B58FC
:102C400010B5002B01D0984710BD01F001F9FBE74A
:102C50000000FF1FA122054B92009B5810B5002BCE
:102C600001D0984710BD01F0F3F8FBE70000FF1F0B
:102C7000A222054B92009B5810B5002B01D098471B
:102C800010BD01F0E5F8FBE70000FF1FA322054B94
:102C900092009B5810B5002B01D0984710BD01F051
:102CA000D7F8FBE70000FF1FA422054B92009B58BA
:102CB00010B5002B01D0984710BD01F0C9F8FBE713
:102CC0000000FF1F70B501F02BF94F4B186001F0A9
:102CD00017F80400C30702D401F0A2F970BD002266
:102CE0004A4B1A604A4B18780138042829D800F05A
:102CF00039FF0320181C2400200000F0F1FF0128F8
:102D0000ECD0444C2378042B6ED101F0C1F800289C
:102D1000E4D000F04DFF582000F0B2FF02232370F2
:102D2000DCE7200001F0A4F9E9E7200001F080F9D8
:102D3000E5E7200000F0C4FFE1E7200000F0F8FF25
:102D4000DDE701F0CDF80500012808D1324B1B78F2
:102D5000053B012B03D82000FFF76EFFD1E72D4B79
:102D60001B78022B01D0052B20D1022D28D12B4B13
:102D70009B7BAB431CD12000FFF76CFF264B1878E0
:102D80000128BED16405BCD4244925224B7B0342D3
:102D900005D1233A13405A42534126331A000B7D82
:102DA0009342AED9322000F0BBFFAAE7022D07D133
:102DB000194B1B78052B11D12000FFF759FFDDE7D8
:102DC000012D0BD1012B03D12000FFF75FFF98E706
:102DD000062B03D12000FFF767FF92E7200001F0E8
:102DE00037F8022D8DD1C9E7032B04D10C4B987C09
:102DF00000F016FF72E7072B00D06FE7094B987BB6
:102E000001F0DEF86AE7C0469C09FF1F9809FF1F22
:102E10009009FF1F2309FF1F1C09FF1FA60BFF1F9F
:102E2000BC0BFF1FD40BFF1FFA210A4B0A4A4900B3
:102E30001A640A4A5A500A4A04395A50094A08314F
:102E40009A64094A5A50094A5C315A50084ADA666B
:102E50007047C0460000FF1FF927FF1FF528FF1F1E
:102E6000A928FF1FE123FF1F6927FF1F711EFF1FF6
:102E7000451EFF1FF7B50B0CFF270122009300230F
:102E80003C001E001D009446019089B262469A40A3
:102E90001000084018413618B6B2FF2F02D1012E9B
:102EA00000D19FB2009802401A41AD18ADB2FF2C7C
:102EB00002D1012D00D19CB20133102BE6D10320A9
:102EC000012E07D1012D04D1019B2401E4191C70AE
:102ED0000138FEBD102EFCD10238102DF9D0023081
:102EE000F7E700008023F7B59C46264B264F019359
:102EF0002649274A274D284C284B02281AD16046DC
:102F000038600868264E304080263603304308601B
:102F100001990978002909D11660224A2A60224ABB
:102F20002260E02219689143A03A1BE08021C90287
:102F30001160F2E766463E600F68194E3E408027FA
:102F4000FF023E430E600199097800290DD11760F8
:102F500001280ED1154A2A60154A2260E02219681C
:102F60009143C03A0A431A60F7BD8021890211607B
:102F7000EEE7E0210F4A02432A600F4A22601A68F6
:102F80008A43F0E74B0AFF1FE0000340D8000340EC
:102F90009000034000000340500003404000034005
:102FA000FFFFE3FF0280063D804508220180063DC9
:102FB000806608220080069880550822F8B51E4BCE
:102FC00080261A68002014003440324232D11A6838
:102FD0001A4F32431A6001223B68063093433B602C
:102FE00000F0BEFE0122164D2B681E432E603B688A
:102FF0000A2613433B608027BF00124B1B683B42ED
:1030000011D1013EF6B2FF2E09D17E220E4B1C6873
:103010002B68E40B1440934323432B6005E0082006
:1030200000F09EFEE9E7002EEFD180222B686008B9
:1030300093432B60F8BDC046C4F000405CF00040F4
:1030400018F0004068F0004060F0004010B500F05B
:10305000A7FD01215820034A01F012F8FFF7AEFF47
:1030600010BDC046600AFF1F10B57822002103483A
:1030700000F0E6FD00F074FF002010BDF867FF1FB0
:1030800070B5040000F094FE00230C200B4A0100F0
:1030900059438D18515C00290DD0A14208D101235C
:1030A00000246B7000F0E4FE00F07AFF200070BD99
:1030B00001330A2BEBD11224F6E7C046F867FF1F55
:1030C00070B5040000F074FE002319001D000C4AC6
:1030D0001078002808D0A04200D1557050780131F6
:1030E0001B180C320A29F3D1002B05D100F038FF50
:1030F00000F056FF002070BD00F0BAFEF8E7C046B1
:10310000F867FF1FF7B504000C20002384460E4D1E
:10311000019267465F43E85D7E19A04212D0002805
:103120000BD10A4B9C4662461B7808331370019BF7
:1031300070707C557160B360FEBD01330A2BE8D11D
:103140000320F9E70720F7E7F867FF1FF467FF1F81
:1031500070B500240C26104B32006243D5189A5CDF
:10316000824211D10D4A1378F833137000F020FE1B
:1031700009222900121B72430C31280000F0C8FDFF
:1031800000F00EFF002070BD002A02D001340A2C8E
:10319000E2D11220F7E7C046F867FF1FF467FF1F70
:1031A0008020F8B5484BC0051B68C1248360474B9D
:1031B000FF251A68012313434361454BA4001A6895
:1031C000444B40211A60444B1A68444B1A60444BEC
:1031D0001A59AA431A51C52292009E58AE43314350
:1031E000802699509F583F49F6010F403E439E501C
:1031F0009E5880273602360A3043985080201A594C
:1032000000020A4002431A5104341A59364E3F0450
:10321000324080263A431A511A5936061202120ACF
:1032200032431A5108341A5980260A4002431A516F
:10323000C32292009F58B446AF4337439F509F58D4
:10324000294E0F4007439F509F5837408026360431
:10325000374380269F509F5836063F023F0A374328
:103260009F50C0221F59AF433A431A511A591202B4
:10327000120A1643C6221E5192009C58AC43654662
:103280002C439C509C5800250C4020439850C7204C
:1032900080001A58154C1140C02212020A431A50DD
:1032A000134B1B78DB08AB4201DC0020F8BD237810
:1032B000002B06D0A368002B00D0984701350C34B2
:1032C000EEE71220F2E7C0469043FF1F8C43FF1F3A
:1032D000B0F00040F067FF1FB4F00040EC67FF1F44
:1032E00000E100E0FF00FFFFFFFF00FFF867FF1FA6
:1032F000F467FF1F030010B51F2809D8072200201C
:103300001340072404490A78A24313430B7010BDED
:1033100000230620F5E7C046F467FF1F054B06496A
:103320001B780A6805485B0702401B0B134300200B
:103330000B607047F467FF1F1CF00040FFFFC1FFE8
:1033400070B50C25FFF7EAFF0A4B1C780A4BE4081E
:103350006543ED18002C01D1200070BD2B78002BA7
:1033600006D06B68002B00D09847013C0C3DF1E77C
:103370001220F2E7F467FF1FEC67FF1F1FB5002163
:1033800002220B0001910091052000F021FD022393
:103390000B490A681A42FCD120230393039B5A1E4F
:1033A0000392002BFAD1074A1368002BFCDA0B2496
:1033B0006C442000012100F013FC207804B010BD03
:1033C00090C8004000C8004013B504000A4B0193A8
:1033D000019B002B01D1112016BDFFF7CFFF230069
:1033E0000340044205D0052000F0BAFC019B013BDC
:1033F000EDE71800F0E7C046FFFFFF0707B500F054
:10340000D7FC80220821D205936A0191002B01D1BB
:103410000739916202210C4A11600199481E0190FE
:103420000029FAD103311160053101910199481E3B
:1034300001900029FAD11160002B02D18022D2051F
:10344000936200F0ADFD07BD00C00040F0B52D4C0B
:1034500089B02378002B4FD1FEF7AEFA02232A4F12
:1034600003903A681A42FCD120230693069B5A1E09
:103470000692002BFAD1254E3368002BFCDA01208E
:10348000FFF7A2FF011E02D0112009B0F0BD03001A
:1034900003220190009005AD9F2000F099FC0321CC
:1034A000280000F09DFB02233A681A42FCD1202339
:1034B0000793079B5A1E0792002BFAD13368002B03
:1034C000FCDA0120FFF780FF0028DDD10398FEF72A
:1034D00087FAAA786B7811041B020B4329780B43F7
:1034E00063601300113B0A49052B07D80123934061
:1034F000A3600B60012323700020C6E780231B0319
:10350000F6E7C0467843FF1F90C8004000C800405F
:103510009808FF1F1E4B30B55A6818781D4B85B0B0
:10352000D31859424B4101210093002300F088FD3C
:10353000194B1A4A02259A6300221A6510325A65FD
:103540008022C4219D65164B1648D202DA67890095
:103550004258154B80241A4080231B0413434350C8
:10356000642341200393E40500F006FA402000F0B4
:1035700003FA6562039D6B1E0393002DFAD10323AA
:103580006362FFF73BFFA562FFF760FF05B030BD48
:103590008443FF1F95FFFEF700C80040050001FFB0
:1035A00004E100E000E100E0FFFF00FFF0B585B0BE
:1035B0000700FEF701FA022305002D4C22681A428B
:1035C000FCD120230093009B5A1E0092002BFAD1BD
:1035D000284E3368002BFCDA0120FFF7F5FE0028A7
:1035E00003D01124200005B0F0BD234B236002233B
:1035F00022681A42FCD120230193019B5A1E01929A
:10360000002BFAD13368002BFCDA0120FFF7DCFE37
:103610000028E6D1194B1F60022322681A42FCD110
:1036200020230293029B5A1E0292002BFAD1336888
:10363000002BFCDA0120FFF7C7FE0028D1D1104B88
:103640002360022322681A42FCD120230393039BA8
:103650005A1E0392002BFAD13368002BFCDA0120AA
:10366000FFF7B2FE041EBCD12800FEF7B9F9B9E796
:1036700090C8004000C8004001000006A8C80040F3
:103680000180000110B50020FFF790FF10BD000081
:1036900010B5064B18705960FFF73CFF002113204E
:1036A000034AFFF72FFD002010BDC0468443FF1FD3
:1036B0001535FF1FF0B5040085B003920291FEF7A7
:1036C0007BF9882263035B0B52051A438023DB05D9
:1036D0009D6A8023274F0092BA68002601901B0341
:1036E0009A420CD9F82326001B041E401C4206D027
:1036F0008022214B52025E6219680A431A60002D33
:103700000BD100F055FB02221C4B1A608023DB0515
:103710005A62013A9A6200F043FC0023039A9342F2
:1037200020D1002D0AD100F043FB144B03221D6071
:103730008023DB055A629D6200F032FC8023BA6868
:103740001B039A4208D9002E06D000220A4B0C49CE
:103750005A621A680A401A600198FEF741F900207F
:1037600005B0F0BD009A0299D2181278CA540133FC
:10377000D4E7C0467843FF1F00C8004000C00040A7
:10378000FFFFFEFFF0B587B0029103920400FEF741
:1037900013F9019000F00CFB802302250122234E37
:1037A000DB0535605D629A6200F0FAFB204F3B68F2
:1037B0002B42FCD120230493049B5A1E0492002B1D
:1037C000FAD11C4D2B68002BFCDA0120FFF7FCFD21
:1037D000002802D0112007B0F0BD2000039A029902
:1037E00000F066FA022304003A681A42FCD1202352
:1037F0000593059B5A1E0592002BFAD12B68002BCE
:10380000FCDA0120FFF7E0FD051EE3D100F0D0FA5D
:1038100080230322DB0535605A629D6200F0C0FB05
:103820000198FEF7DDF8E0B2D5E7C04600C00040E1
:1038300090C8004000C80040F0B5802489B0060060
:10384000FEF7BAF8E405A36A02250393029000F09C
:10385000AFFA0123304F3D606562A36200F0A0FB28
:103860002E4C23682B42FCD120230593059B5A1E26
:103870000592002BFAD12A4D2B68002BFCDA01208F
:10388000FFF7A2FD002803D01124200009B0F0BDED
:10389000244B2360022322681A42FCD12023069382
:1038A000069B5A1E0692002BFAD12B68002BFCDADD
:1038B0000120FFF789FD021EE6D11B4B03211E608C
:1038C000030001900090202000F082FA0223226879
:1038D0001A42FCD120230793079B5A1E0792002B04
:1038E000FAD12B68002BFCDA0320FFF76DFD041ED4
:1038F000CAD100F05DFA80230322DB053C605A62E6
:103900009C6200F04DFB039B002B01D1FFF776FD7D
:103910000298FEF765F8B8E700C0004090C8004084
:1039200000C800400100000694C8004007B500022E
:1039300001910422000A01A9FFF724FF0EBD000037
:1039400073B5050005240B4AA3005B429B18196858
:103950006B46DE1D3000FFF78DFA022804D1337864
:103960002B55013CEFD276BD052CFCD00128FAD1B5
:103970000230F8E7140900111F2807D8012380221C
:103980008340D20591680B43936070473F2808D865
:103990000123802220388340D20551690B435361B3
:1039A000F3E75F28F1D80123802240388340D20515
:1039B000116A0B431362E8E71F2807D80122802110
:1039C0008240C9058B6893438B6070473F2808D8B5
:1039D0000122802120388240C9054B6993434B6105
:1039E000F3E75F28F1D80122802140388240C905E1
:1039F0000B6A93430B62E8E71F2810D8802302006C
:103A0000DB05153A1968012A06D82022914319606E
:103A100019680A431A60704701228240F6E73F287E
:103A200011D880230200DB05353AD968032A06D86D
:103A300010229143D960D9680A43DA60EBE701228A
:103A400020388240F5E75F28E5D842238022181A03
:103A5000413B8340D205516A99435162516A0B43FD
:103A60005362D8E710B50400012813D1A0221849E9
:103A700092050B685B015B0913430B60154B164AFB
:103A800019681140154A0A431A60402219680A430E
:103A90001A6010BD0028FCD101000A2000F0A0F936
:103AA00021000B2000F09CF9C0220A4B92001968FB
:103AB0000A4340211A601A688A431A60B0220449F6
:103AC00012060B685B015B0913430B60E1E7C0461C
:103AD00014F000401CF000407F00FEFF80FD01005C
:103AE00072B6074A1368013313600422054B1A604B
:103AF0000023054A13608022D2055360FEE7C046CA
:103B00007808FF1FC0F00040C4F0004005490B6872
:103B1000002B05D1044A0A6004490A60044A136074
:103B20007047C046140AFF1F841E0000380AFF1F9A
:103B3000C4F000400023034A1360034A1360034AA1
:103B40001360704754F0004040F1004044F10040E1
:103B500002B4714649084900095649008E4402BC26
:103B60007047C04602B4714649084900095C4900E3
:103B70008E4402BC7047C04603B4714649084000F9
:103B80004900095A49008E4403BC704700000000F8
:103B900001B40248844601BC604700BF8D1101009A
:103BA00001B40248844601BC604700BFED680100D3
:103BB00001B40248844601BC604700BF6DF60000B6
:103BC00001B40248844601BC604700BFD1AE00008A
:103BD00001B40248844601BC604700BF79970000E9
:103BE00001B40248844601BC604700BF3D7101003A
:103BF00001B40248844601BC604700BFB3520100D3
:103C000001B40248844601BC604700BF016C01005A
:103C100001B40248844601BC604700BFE9D40000FB
:103C200001B40248844601BC604700BF4DF9000062
:103C300001B40248844601BC604700BFEDA5000006
:103C400001B40248844601BC604700BFB70E0000C3
:103C500001B40248844601BC604700BFE512010080
:103C600001B40248844601BC604700BF2D6C0100CE
:103C700001B40248844601BC604700BFC115010081
:103C800001B40248844601BC604700BF79120100BC
:103C900001B40248844601BC604700BF89B90011E5
:103CA00001B40248844601BC604700BFED6B0100CF
:103CB00001B40248844601BC604700BF957301000F
:103CC00001B40248844601BC604700BFF5350100DD
:103CD00001B40248844601BC604700BF116E000079
:103CE00001B40248844601BC604700BF01340100B2
:103CF00001B40248844601BC604700BFE9F60000F9
:103D000001B40248844601BC604700BFBD0B0100FE
:103D100001B40248844601BC604700BF810E000028
:103D200001B40248844601BC604700BF613701000E
:103D300001B40248844601BC604700BFF935010068
:103D400001B40248844601BC604700BF85120100EF
:103D500001B40248844601BC604700BFE90B010082
:103D600001B40248844601BC604700BF01890000DD
:103D700001B40248844601BC604700BF8D82000048
:103D800001B40248844601BC604700BF53B900003B
:103D900001B40248844601BC604700BF51B800002E
:103DA00001B40248844601BC604700BF090E000010
:103DB00001B40248844601BC604700BF75A90000F9
:103DC00001B40248844601BC604700BF894400003A
:103DD00001B40248844601BC604700BF496D010040
:103DE00001B40248844601BC604700BFC5A300116E
:103DF00001B40248844601BC604700BFD9B000004E
:103E000001B40248844601BC604700BF0D52010066
:103E100001B40248844601BC604700BF691101003B
:103E200001B40248844601BC604700BF156B010025
:103E300001B40248844601BC604700BFDD3F00007A
:103E400001B40248844601BC604700BFC1A5000020
:103E500001B40248844601BC604700BFE917010075
:103E600001B40248844601BC604700BF9D6A00005F
:103E700001B40248844601BC604700BF21A900008C
:103E800001B40248844601BC604700BFA9D80000C5
:103E900001B40248844601BC604700BF01D700005E
:103EA00001B40248844601BC604700BF21440000C1
:103EB00001B40248844601BC604700BFD5440100FC
:103EC00001B40248844601BC604700BFC9A9000094
:103ED00001B40248844601BC604700BFC1660100CE
:103EE00001B40248844601BC604700BFDD0C0100FC
:103EF00001B40248844601BC604700BFF9ED0000F0
:103F000001B40248844601BC604700BFCD4C0100AB
:103F100001B40248844601BC604700BFF90D0100AE
:103F200001B40248844601BC604700BFC95C01007F
:103F300001B40248844601BC604700BFBD5C01007B
:103F400001B40248844601BC604700BF89140100E7
:103F500001B40248844601BC604700BF85C100002F
:103F600001B40248844601BC604700BFADAE00000A
:103F700001B40248844601BC604700BF71B0000034
:103F800001B40248844601BC604700BF5976010075
:103F900001B40248844601BC604700BF855201005D
:103FA00001B40248844601BC604700BF9DA90000DF
:103FB00001B40248844601BC604700BF19FA000002
:103FC00001B40248844601BC604700BFC1F700004D
:103FD00001B40248844601BC604700BF6D0B01007C
:103FE00001B40248844601BC604700BF8B52010007
:103FF00001B40248844601BC604700BF090E0000BE
:1040000001B40248844601BC604700BF75F8000057
:1040100001B40248844601BC604700BFCD0C0100DA
:1040200001B40248844601BC604700BFDD0A0100BC
:1040300001B40248844601BC604700BF053401005A
:1040400001B40248844601BC604700BFC56D010051
:1040500001B40248844601BC604700BFE927000064
:1040600001B40248844601BC604700BFE94C01002E
:1040700001B40248844601BC604700BF0934010016
:1040800001B40248844601BC604700BF01670100DB
:1040900001B40248844601BC604700BF8937010073
:1040A000020000005AC200110100000060C00011AF
:1040B0000200000056C2001101000000E040FF1F96
:1040C0000200000068C0001101000000F061FF1F45
:1040D0000200000054C20011030000006461FF1FD1
:1040E00012000000020000005AC20011010000008E
:1040F000A8C000110200000056C20011010000001B
:10410000A5C0001102000000B2C0001103000000B1
:104110009F61FF1F0200000054C200110300000055
:10412000B461FF1F0200000056C200110100000030
:10413000A4C0001102000000B0C000110300000084
:104140007561FF1F0200000054C20011030000004F
:104150009661FF1F020000005AC20011010000001A
:1041600008C100110200000056C200110100000049
:104170002942FF1F020000001AC1001101000000C7
:10418000FDC000110200000056C200110100000035
:104190002842FF1F0200000018C1001101000000AA
:1041A000BC61FF1F0200000056C2001101000000A8
:1041B0002742FF1F0200000016C10011010000008D
:1041C000D9C000110200000056C200110100000019
:1041D0002642FF1F0200000014C100110100000070
:1041E000D4C000110200000056C2001101000000FE
:1041F0002542FF1F0200000012C100110100000053
:10420000CCC000110200000056C2001101000000E5
:104210002442FF1F0200000010C100110100000035
:10422000C4C00011020202020202000000000000ED
:1042300016150000E54F0011E14F001168C1001193
:1042400090011D0018001800FFFF0701020304057C
:10425000060201060000000000000000000000004F
:10426000000000000000000000000000000000004E
:1042700003000000020000005AC20011010000000B
:1042800088C100110200000056C2001101000000A8
:10429000E442FF1F0200000092C100110100000073
:1042A000EA61FF1F0200000054C200110300000079
:1042B000EC64FF1F0200000056C200110100000064
:1042C000E442FF1F0200000090C100110100000045
:1042D000EC61FF1F0200000054C200110300000047
:1042E000E464FF1F12000000000100000000011143
:1042F000FFFF000050485936000000000000000099
:104300000B000500F0000000B40000280028002881
:104310003075A000A000A000A00000080008E00187
:10432000F0001000100010001000100010005000ED
:104330005000500010001000D007000000000000E6
:104340000F0001000500307507001000010081FF1B
:1043500000000000FF000000FD7500110574001151
:1043600095710011FFFF0100FF00000035A0001152
:10437000A59D0011BD9C0011000000000000000080
:1043800000000800040000003B0001085902E001A1
:1043900088212800FF000000020000005AC200111E
:1043A0000100000020C300110200000056C20011ED
:1043B000010000001544FF1F0200000052C200115E
:1043C00001000000B068FF1F0200000056C200118B
:1043D000010000001444FF1F0200000050C2001141
:1043E000010000001244FF1F0200000056C200112D
:1043F000010000001044FF1F020000004EC2001127
:10440000010000000844FF1F180018001D00900163
:104410000200000302020000020000005AC2001164
:104420000100000034C300110200000056C2001158
:10443000010000005844FF1F020000004CC20011A0
:1044400000000000000000000200000054C2001143
:0A44500003000000D068FF1F20FFEA
:040000051FFF184180
:00000001FF
