:020000041100E9
:103000007FB50023284C294D03932800217C284AB2
:1030100001F03BFA002812D103232800217C03AAE7
:1030200001F0DAF900280AD1224B039A9A4206D11C
:10303000214B2248E360224B636104B070BD02263D
:10304000217CFE2228001F4B009601F097F90028F2
:1030500001D00020F1E71C4BA2899A42F9D1217CD2
:10306000FF222800194B009601F088F90028F0D1C2
:10307000E389174A934203D1164B17486361DCE793
:10308000164A9342E5D1164B164A1B68934206D95D
:10309000C02304222800217C9B0001F0D8F9124BA8
:1030A00012486361C9E7C0460862FF1F6442FF1F00
:1030B00081370000595953005959832020CB001102
:1030C000DD4100111462FF1F595900001662FF1FF5
:1030D000830500009541001100CB0011821500000E
:1030E0002C62FF1F871300003142001110CB00112A
:1030F00070B5134D2B7C002B0DD0124C200001F02D
:10310000EBF8297C382907D1BA22200001F08EF98A
:10311000200001F01FF970BDEB890B4A934206D1E4
:103120009023022220001B0201F091F9F0E7074AE8
:103130009342EDD12000064A01F0A7F9E8E7C04626
:103140000862FF1F6442FF1F830500008320000008
:10315000A23000000022024B1A825A617047C0461A
:103160000862FF1FF7B5164B0192C318021D00201D
:10317000009388235B05D3181B685C1C1AD09CB293
:10318000402C18D88D781E0CAC466746CD782D02A1
:103190003D43AE4206D1019800280ED110000C70BC
:1031A000240A4C7003249BB20733A343D218009B1C
:1031B0009A42DED3FEBD4432F9E71000FAE7C0467A
:1031C000FC0F0000802213B503000324019189B293
:1031D000520107319B18A14304305A1A88235B051A
:1031E000C3181B68591C03D190429241104016BD70
:1031F00099B2402907D80B000733A343C018904267
:10320000ECD30020F3E74430F9E7134B134A1B6873
:10321000126810B5FA24934201D81A00F824104B12
:10322000E4021B689A4210D813000E4A12689A42B0
:103230000ED3013307D1F823DB029C4203D10A49A4
:10324000054809F061F9200010BDFC24E402ECE718
:10325000FE24E402F7E7C04600C0071100D00711C2
:1032600000E0071100F00711FFFFFF7FF0B59BB0F2
:10327000150003900491402A5CD806AC618022803E
:10328000FFF7C3FF002221000600FFF76BFF0528B0
:103290000FD92388AB420CD1002D07D0504B2A0008
:1032A0000399C01809F0C8F8002802D101201BB00A
:1032B000F0BD258030000699FFF784FF041E79D108
:1032C000069B0793FFF7A1FF80235B01C6188023AD
:1032D00007001B039E4201D1F826F60288235B05F6
:1032E000F31801931B68013302D0019809F0D4F957
:1032F0003C49019809F008F93B1D0293331D0593E1
:103300008822029B52059B181B6808935A1C13D1F4
:1033100088235B05FF1839680198013909F0F4F832
:10332000380009F0B9F930000799FFF74BFF0400A6
:10333000002C41D10020BAE744219AB20091402AE2
:1033400004D80320D11D814389B2009104991B0C3C
:103350008B4224D0402A22D80122300008A9FFF74E
:1033600001FF021E1BD1380008A9FFF7FBFE040075
:103370000428DDD9009A059B9B1880225201B218BF
:1033800093422AD288235B05C118009A09A809F044
:10339000FBF8134B009A09A9F01809F085FA009A76
:1033A000029B9446634402930F4B029AFB189A4285
:1033B000A6D3ADE70428BDD088235B05E0180699A5
:1033C00009F0A2F80323EA1C9A4300D16EE7044BEC
:1033D0000399E01809F068FA68E70424ECE7C046AE
:1033E00004000011FFFFFF7FF80F000073B5040019
:1033F0001600402A1ED801AD6980FFF706FF0022A3
:1034000029002A80FFF7AEFE042810D92D88002E4F
:103410000BD0002C09D0321CAE4200D92A1C074B1D
:1034200092B2C118200009F0AFF828B276BDC043AF
:1034300000B2FBE703204042F8E7C0460400001159
:1034400037B5042204000D0001A81649FFF7CEFF8E
:10345000020004280BD1019BA34208D3AB4204D045
:10346000104901A80195FFF701FF01203EBD0E4C58
:1034700023682000019309F00FF901992000013918
:10348000019109F041F880235B01E418074B9C424D
:10349000EED10422034901A80195FFF7E7FE0020C1
:1034A000E4E7C0465555000000C0071100000811B0
:1034B000F0B589B010226946234809F06DF9234B15
:1034C000009A6C469A4211D1019B0F2B35D8069970
:1034D000029A8C4618001100002604AD013808D26B
:1034E000002E01D00A00A160013229D10023A3607F
:1034F00023E04F1CF2D161460126EFE7103610227F
:103500002900300009F048F9A368A868013300D108
:10351000A060882329685B05C9186B6829601A03B5
:10352000120B6A60814203D03B4201D109F02CF8B2
:103530006368013B6360002BE0D1A06809B0F0BD77
:10354000E027014E3F03F6E70000011150485936CD
:1035500007B509F099F8FFF7ABFF002803D00190F9
:1035600001984168084707BD10B509F08DF8FFF7CD
:103570009FFF040009F0A8F9200010BD13B5040056
:1035800009F082F8002C03D00194019841680847A3
:1035900013BDC0468022F8B5964C974BD20000214F
:1035A00020001C6008F070FF2300944A88331A60E2
:1035B000934B1A786A23002A00D01133E3620A235E
:1035C0002365904B37221B780820A3638E4B21186C
:1035D000E361102323628D4B3B256361C823DB002D
:1035E000A36123008C331A602823013AE26320642C
:1035F0006364CA67043A211DCA672100BC310D60AB
:103600002100C03108602100C4310B602100063563
:10361000CC310D602100083DC8310D602100D03152
:103620000A602200D43210602200D83213602200D7
:103630000227E032210017604222DC310A602100BB
:103640001B3DE4310D602100E83108602100EC31C0
:103650000B6023000521F43319602300F0331A6056
:103660002300183290331A6023009433186023002B
:103670001E3A98331A60AF23DB002360644BFA26AE
:103680002363644B644DE360644BF031A364230017
:10369000FF31FC33B600A16021611E60A562732575
:1036A000E5656D3D6565A56596255D4AAD00E264FD
:1036B000666258606766A56600270925A767E56604
:1036C000584F594D606720002567E2673A6015271B
:1036D0009C30676007001A2038602000A030070087
:1036E000212038602000A83007004C4838602000B6
:1036F000F830066026006427A436376026005F3F56
:10370000AC3637602600033FB03637602600C63738
:10371000B436376026000027B836376038269E60FA
:10372000424E96205E64424E5A66DE61414E9A6475
:103730005E62F53EFF3E9E621E269A67354A800015
:10374000DE661F675F67DD651D661862DA67BE2388
:10375000394A5B00E250394BD838235004302250AC
:10376000C4225200A350C623E4205B00E15004337E
:10377000334AE1503349344BD16034498000195009
:103780003349E938FF381950324904301950324969
:103790003248D16132491163324951631900F43121
:1037A0000860CE203049400011603049195019009E
:1037B0002F48F83108602F49D16582212E4A8900AF
:1037C0005A501A002D490832D1671A002C49B432D8
:1037D000116088212B4A89005A501A002A498832E0
:1037E00011602A4ADA6409F04FF8012008F0F4FF6A
:1037F000F8BDC0460004FF1F9C65FF1F6070FF1FDF
:103800009444FF1F4A0AFF1F3A07000080C3C90102
:103810009A020000DC0500006A18000050C3000096
:1038200088130000F009FF1F204E00006509FF1FEC
:1038300068100000C409000040420F00102700007B
:10384000FC00FF1F6D1CFF1F0000FF1FC52CFF1F8A
:103850004D30FF1FE52EFF1F2D20FF1F2527FF1FC7
:103860004920FF1FF921FF1FB91FFF1F4929FF1F13
:10387000312AFF1F8D19FF1F5528FF1F8125FF1FAC
:103880008D25FF1FB91EFF1F711FFF1F311EFF1F58
:103890000223F0B5012500245B4E91B033705B4BE1
:1038A0005B4F1D703A6803935A4B29005A700420ED
:1038B000594A2300009409F077F88023DB059D62C4
:1038C000FFF752FE554BC218C0239B029A4201D209
:1038D000FFF754FE3C60052007F0D2FD08F084FF9E
:1038E000FFF758FE08F0C0FD1F2201254C4B1A704F
:1038F0004C4B1D704C4B1C704C4B05AC19689143E4
:10390000163A0A431A60602219689143403A0A4302
:103910001A6008F031FF08F047FE454B9847C12078
:10392000FF21444B80001A588A431A50C522920046
:1039300098588843BF390143995098583E490840E8
:103940008021C9010143802099509958C00509027E
:10395000090A0143995080213848490108F0BCFF09
:1039600003232A00364900933648019508F07CFF6E
:103970002C22354905A808F007FE6178207807F069
:10398000E7F9023410ABA342F7D1304C304B226838
:1039900003201A40A023DB02134323608023226804
:1039A0009B041343236022682A4B1A4080239B0305
:1039B00013432360284A294B934200D8012008F082
:1039C00003FE08F021FF80232268DB0413432360F9
:1039D000307808F039FD039B1878C0B208F094FFE6
:1039E00008F062FD0C49042008F016FF07F0C8FB40
:1039F00000F036F800F062FD00F0FAFD00F0F6F994
:103A0000002011B0F0BDC0464A0AFF1F9444FF1FBA
:103A100034F000403862FF1F3B000108000001E065
:103A2000480AFF1F490AFF1F680AFF1FBCF0004039
:103A3000E1A2000000E100E0FF00FFFF9844FF1F4B
:103A40001C57FF1F9854FF1F08CA001114F00040B4
:103A5000FF7FF8FFFFFF9FFF0080FF1F6070FF1FC9
:103A6000002210B51100112008F066FF10BD000003
:103A7000F8B500230926374F374C3B62E368112025
:103A8000B343E36008F0C8FD112008F00DFE1120DB
:103A900008F092FF4023226880251343236080238F
:103AA0006268DB0213436360A3682C4A2B43A36064
:103AB000A36802211340A3608023A2689B011343E3
:103AC0001022A360236C072093432364236C0F3AD6
:103AD0001343236480235B003B62226B204B1A401C
:103AE0002263626B1A406263A26B1A40A263E26BAC
:103AF0001340E363E3681B4A1340E36007F028F9CF
:103B00000121072007F038FA174B11205A6C154392
:103B10005D6408F051FEFD21144B154A89005A508E
:103B20008023C720626B5B0313436363E3688000F9
:103B30003343E3600F4B104A1958114080221202A0
:103B40000A431A50802292051A6008220B4B5A63CE
:103B5000F8BDC04600F000403CF00040FFFFDFFF32
:103B6000EFFFEFFFFFFF7FFF003800400000FF1F67
:103B70005118FF1F00E100E0FF00FFFF00000540BB
:103B800070B5174CE088002823D02368A688C01899
:103B90008023711C89B2134D2060A1809B00994243
:103BA00018D3420A93B2C21AEB802260A6800E4A52
:103BB000642093420AD8FA220020D200934205D909
:103BC0000A21180008F038FEC838C0B20023287255
:103BD000E38070BD08F048FD83B2EB80E7E7C046A4
:103BE0009461FF1F2062FF1FB70B000030B503A8D0
:103BF00004880B20002C0ED14968074D08784978BD
:103C0000090201430A20A94205D10121200019809F
:103C1000024B1B7A137030BD192A00002062FF1F6F
:103C2000F7B5150008AA16884A680F4F147852781D
:103C3000120222430A24BA4214D10122DBB20192B9
:103C400000962A0008F034FB041E0BD1074B1B68BA
:103C5000002B07D068782A78000210434242504176
:103C6000013098472000FEBD02290000A461FF1F1B
:103C700030B5012503790400BFB02B4211D00A49A9
:103C8000408807F085FE28420BD0084B01A95B8DC8
:103C90004D800B80064B00221B7A60880B7104F06C
:103CA0001BFE3FB030BDC0469C61FF1FD840FF1FC8
:103CB0002062FF1F10B50549054807F01FFE0421CB
:103CC000044A054807F0DCFD10BDC0469C61FF1F9B
:103CD000FFFF000034CA0011D840FF1F10B5024892
:103CE00005F07EFC10BDC046713C00110122164B50
:103CF0000270197A4170022181709978C170D97867
:103D0000017103214171197981715979C1710921B9
:103D100001720E49097841720C2181729979C17240
:103D2000DB7903730A4B1978CBB2002904D03A230C
:103D3000827343730F2070478373C373F222192376
:103D4000427303741120F6E72062FF1F7862FF1FA1
:103D50005163FF1F022310B50370013B437005330D
:103D6000837010330371443B43712A3383714433AE
:103D7000C37100230372064B04001B8843720A3090
:103D8000FFF7B4FF831D0A30C0B2E37010BDC04618
:103D90002062FF1F10B5142008F0B6FC124B14224D
:103DA0000021186008F070FB002008F0BDFD012024
:103DB00008F0D2FC022008F01FFB032004F0B2FE42
:103DC000042006F0CBFE052004F0EAF8062004F0FB
:103DD000BDFD072002F020F9082007F031FD092081
:103DE00001F094FE10BDC046A861FF1F08F0F4FA70
:103DF000012008F079FB08F05FFD0000094B10B5C9
:103E00000400984205D0012904D12000064907F09A
:103E100075FD10BD0229FCD1013905F09BFB00287E
:103E2000F3D0F6E7FEFF0000CE61FF1F70B50D7AFC
:103E3000100004AA2C00168810221440154220D12C
:103E4000002E20D10A78022A18D14A6851781578B4
:103E50000E4A09022943914205D00D4A914209D0E8
:103E60001C800A2404E014220A491A8008F08CFB02
:103E7000200070BD0C2208491A80F7E71C8001243D
:103E8000F6E70824F4E70B24F2E7C046F3FF00004E
:103E9000F4FF00002043FF1F3CCB001110B50400CD
:103EA0000749084807F02AFD074805F0D5FA002021
:103EB000E40704D50721054A054807F0E1FC10BDD9
:103EC000CE61FF1FFFFF0000FD3D001178CA001109
:103ED0001C41FF1F10B50B4BBEB01A780A4902A84F
:103EE00001F01CFA01AC80B26080002808D0074BBA
:103EF00000221B8821002380054B188804F0ECFC6D
:103F00003EB010BDAC61FF1FAD61FF1F7641FF1FCA
:103F10008042FF1F10B50B4BBEB01A780A4902A8A9
:103F200002F01EFC01AC80B26080002808D0074B74
:103F300000225B8D21002380054B188804F0CCFC07
:103F40003EB010BDD661FF1FD761FF1F1C41FF1F90
:103F50008042FF1FF0B585B0039002920A7A1C00E0
:103F60000AAB15001F8820230E001D401A4241D1C4
:103F700007F080FA3378022B3ED173681A785B78A9
:103F80001B0213431F4A934211D01F4A934220D071
:103F90001E4A0A25934219D1012231000192039849
:103FA000029AE3B2009708F083F905000EE0002FB3
:103FB00024D1142C24D82200F068029908F0E4FAE5
:103FC000134B1C70012C01D9FFF7A4FF280005B08A
:103FD000F0BD002F12D1202C12D802992200F068D7
:103FE00008F0D2FA0B4B04211C700B4B187808F028
:103FF0009BFBEBE70825E9E70125E7E70B25E5E76C
:104000000D25E3E7F3FF0000F4FF000002290000A4
:10401000D661FF1FAC61FF1F5263FF1F332310B532
:10402000040003700A220749013008F0ADFA064B7C
:104030000F201B681A0AE37222731A0C1B0E62739C
:10404000A37310BD2062FF1F4862FF1F30B501251A
:1040500003790400BFB02B4213D00B49408807F00E
:1040600097FC28420DD0094B01AD1B8802A82B807C
:10407000FFF7D4FF0F236B8000222900608804F033
:104080002BFC3FB030BDC046CE61FF1F7641FF1F05
:1040900010B5024805F0A4FA10BDC0464D4000110D
:1040A00070B5160004AA148805AA15784A685078D5
:1040B000117800022A4A0843801805284BD808F0D6
:1040C000CBFB03131E29343F07221000062C0AD80D
:1040D000121BAA4200D92A0022491A80300009196D
:1040E00008F052FA002070BD0720112CFBD81222D4
:1040F000121BAA4200D92A001B491A80EEE70720AA
:10410000222CF0D82322121BAA4200D92A001749D8
:104110001A80E3E70720032CE5D80422121BAA42E9
:1041200000D92A0012491A80D8E707221000062C6D
:10413000D9D8121BAA4200D92A000E491A80CDE70D
:1041400007221000062CCED8121BAA4200D92A0042
:1041500009491A80C2E700220A201A80C3E7C04634
:10416000DCD5FFFFDDCA0011F461FF1FB9CA0011E1
:10417000B4CA0011ACCA0011A4CA001110B50D21B7
:10418000024A034807F07CFB10BDC04698CA0011E4
:104190008C41FF1F37B50F4C01AD04232A00217C51
:1041A00000F01AF9002813D12988236849BA89B286
:1041B0004B4321891B0C5B18074A6988538049BA15
:1041C000636889B24B4361891B0C5B1893803EBDC9
:1041D0000120FCE70862FF1F2062FF1F37B5124C69
:1041E00006236A46217C6D4600F0F6F8002818D1B7
:1041F0002988236849BA89B24B4321890B4A1B0C91
:104200005B1853806B4603335B78E9781B020B43E2
:104210005BBA61689BB24B4361891B0C5B1893804E
:104220003EBD0120FCE7C0460862FF1F2062FF1F61
:10423000F0B5022785B0154C03AD217C2B00002280
:104240000097060000F09AF8002802D0012005B07F
:10425000F0BD0E23217C0122300000976B4400F05A
:104260008DF80028F2D129882368C9BA4B432189E7
:104270001B145B18064A6988538049BA636889B27F
:104280004B4361891B0C5B189380E0E70862FF1FBA
:104290002062FF1F10B500F0D7FF034A00201388EB
:1042A0000133138010BDC0462062FF1F10B500F01F
:1042B000C9FF10BD10B58024064AA4001168436BE5
:1042C000234205D113685B1A032BF8D9012010BDD6
:1042D0000020FCE76008FF1F70B5C17905000C00E5
:1042E000631E9C411A4BE402E41849000460C9B201
:1042F000007906F077FEE979687949000131C9B2A1
:1043000006F070FEE8790930C0B208F055FB0023D2
:10431000E36661332360AA795B3B002A0ED02268F2
:104320009A43023B134323600A23E361073323626A
:1043300000232363A3630133E36370BD22689A43C0
:10434000022313432360462363610633A361EFE72F
:104350000050004070B5002504000368DD66C07998
:104360000930C0B208F058F92900207906F0D6FDCE
:104370002900607906F0D2FD70BD0000F8B51E007E
:1043800006AB1D78002304681700E366616008F03F
:104390007BF901238022E3662B0027615200013B59
:1043A00008D208F091FA08200A4A1168002D03D1BA
:1043B0002800F8BD2261F2E7236F034203D023698E
:1043C000013D3370013613685B1A032BEED90125CA
:1043D000EEE7C0466008FF1F70B51C0000230568AB
:1043E0001600EB66696008F04FF901238022EB6646
:1043F00023005200013B08D208F066FA08200A4A5E
:104400001168002C03D1200070BD2A61F2E72B6FE8
:10441000034203D02B69013C3370013613685B1AE9
:10442000032BEED90124EEE76008FF1F002370B5CF
:1044300004681500E366616008F026F90123E3666D
:10444000256108F041FA2000FFF734FF70BD70B518
:104450001D00002304681600E366616008F014F98B
:104460000123E36626610F33626B1A42FCD02B0AEC
:1044700023611023626B1A42FCD0EDB2256108F073
:1044800023FA2000FFF716FF70BD002370B5046803
:104490001500E366616008F0F7F80123E3662B0A74
:1044A00023611023626B1A42FCD0EDB2256108F043
:1044B0000BFA2000FFF7FEFE70BD000010B5084C9F
:1044C000E368002B08D18022064B52021B689B1820
:1044D0006360054B1B68236008F02EF9A06010BDD7
:1044E0004862FF1FC8F00040CCF00040F0B5164A0B
:1044F000916A936A8B42FBD1144901278A688B60C9
:104500009A1A134B48681C6893B263431B0A1B1822
:10451000D002C00E6043020208689B18002402000B
:104520000C4D4B60561CAB4208D8002C01D010003B
:104530000CC1094A1360094B1860F0BD084A3C00E1
:104540009B183200EEE7C04600F000404862FF1FB3
:10455000140AFF1F40420F00C8F00040CCF000409A
:10456000C0BDF0FF70B5194C23793F2B01D93F2313
:104570002371174A13701078C0B208F00DFA18238F
:10458000144A15491380154A0B8013804B80A0797B
:104590000C3B421C534380221201934213D81A0051
:1045A000CB80A0230E4D888028800E4863719F3BEE
:1045B000028023720C4A0D4B1A60E379052B01D857
:1045C0001023E37170BD1300EAE7C0463C62FF1F91
:1045D000480AFF1F7E42FF1F4044FF1F7C42FF1F0F
:1045E0007A42FF1F7842FF1F102700002C62FF1F36
:1045F000F8B521210020FEF723FF114C011E114DBB
:1046000009D10C22104BC1CBC1C4280007F03CFFDC
:10461000FFF7A8FFF8BD0C2220000C49FEF7E6FECC
:104620000C2802D0084B43CB43C40C222800084975
:10463000FEF7DCFE0C28EBD00C220021E5E7C0469B
:104640003C62FF1F0862FF1F30CB0011FC0C000012
:10465000F50C000010B50C2202480349FEF706FED7
:1046600010BDC0463C62FF1FFC0C000010B57D244D
:10467000084B4443CA18084B240B9A4207D8074BEF
:104680004800C0186043064908F0D6F80419200015
:1046900010BDC04603E3FFFF0E030000F7C2FFFF9B
:1046A000093D0000034B1A6818689042FBD10002D4
:1046B000000A704728F0004001708BB2090C1B0AF9
:1046C0008170090A4370C17070470000F0B51D4C3D
:1046D0008022A5440400882069465201400507F065
:1046E000F3FF902212016A441300200032C832C343
:1046F00016C816C38023144C144FA6689B0333437B
:10470000A3603B6007F0B8FF8823A0685B05C01872
:1047100007F0C2FF0025882329008022A0685B05DE
:10472000C01840196944520008F0BEF880230135D2
:10473000FF355B019D42EED1A6603E60044B9D4477
:10474000F0BDC046FCEFFFFFB043FF1F9808FF1FFE
:10475000041000000378FF2B03D003780133DBB291
:1047600003707047224B70B51E68FFF79BFF214B0B
:10477000214CDD6A2D1A2D022D0A093D002E03D091
:10478000A369002B00D1A6611C4B1B78012B05D01F
:10479000033B012B02D9A379002B04D01848FFF763
:1047A000D9FF0123E371E379002B05D08021154B5C
:1047B0008900187807F0B8FF134B9D4217D8A38AD9
:1047C00001339BB2A38207F05FFF2379002B0CD14A
:1047D0000E4B80211B681B021B0A2360012363719F
:1047E0002371084B187807F09FFF08F06DF870BD33
:1047F000B0F0004000F000405862FF1F7C62FF1FD5
:104800007562FF1F5263FF1FF6FF7F00100AFF1F34
:10481000F7B51A4F0600BB79DDB2002B05D018485A
:10482000FFF798FF0120404215E0062006F0B8FB94
:10483000144B154C9D735D733D7200952068616843
:10484000A268E36806F0C2FD002805D10123BB7110
:10485000002E0ED10020FEBD0948FFF77BFF280087
:1048600006F0F0FD00950FCC06F0B0FD0028EDD06D
:10487000D8E7082007F0A0FFECE7C0465862FF1F0A
:104880007662FF1FD862FF1FC862FF1F0D4B10B575
:104890001B780D4C012B0FD0033B012B0CD9A379B6
:1048A000002B09D1082007F0E7FF002804D1613070
:1048B00007F0E2FF002804D00448FFF74BFF012374
:1048C000E37110BD7C62FF1F5862FF1F7462FF1FFF
:1048D00070B50C4C2369013323612379DDB2002BC1
:1048E00008D1FFF7DFFE084B206080211878657142
:1048F00007F01AFF2379FF2B03D023790133DBB2B2
:10490000237170BD5862FF1F5263FF1F70B5124CB8
:10491000411E88412300626C43335200104360649F
:1049200019781F2902D80131C9B219700023012654
:104930001A00DDB28D4208D3642050434B08C018E2
:1049400007F092FE4834207070BD0500DD40354010
:1049500052190133EDE7C0467C62FF1FF0B50B68CA
:1049600085B00293029A3A4B3A4C13430B60037D95
:104970000E0062784568032B64D98368C768019389
:10498000002A52D1638C0133638403690393631C4F
:10499000DB7F002B1AD0E369019AD31AC82B15D8F4
:1049A000A378002B12D0A0690399381A0002000ADC
:1049B000FFF75CFE284BC218284B9A4226D82300EA
:1049C000022280B2A08042331A70A0870122019B8C
:1049D000E81BE361631CDA770223029A2370204B01
:1049E000000213430399A760A761E5602561000AEF
:1049F0003360FFF73BFEE388A2881818411D0523AA
:104A0000914200D2131A736005B0F0BDE378012B18
:104A1000DCD9144B144AC3189342D7D8230040085A
:104A200080B20322A0804233CEE70122E38CA7614B
:104A30000133E384019BE361631CDA770223237073
:104A4000E560E1E7A38C22700133A384F8E7C04658
:104A5000081000007C62FF1FA8E4FFFF571B000046
:104A60000814000050C9FFFFAF3600000378F7B507
:104A7000013B05000026012B02D82B7A9E4200DB69
:104A8000F7BD6B68544C9A5DA3690133A361534B26
:104A900019783F2905D81878411CC9B21970504BB4
:104AA0001A54278AA37BBFB2002B13D1522A0DD1EF
:104AB000013322706373A373238A9F4200D188E07D
:104AC000FFF7F0FD474B0022D8607BE063690133BC
:104AD0006361F1E7617B4B1CDBB2637362540C2BA7
:104AE000EAD9237B452B3DD109213F4801F0F2FD56
:104AF00063789C466389834234D10023A373637334
:104B0000A38B012001339BB2A38323000833D87702
:104B10002379E2781B0213431BB2E383A3796779FD
:104B20001B023B431BB223846346E11CCB77A17875
:104B3000231DD977637A621DD377E279A31D210003
:104B4000DA77237AE21DD37722002A310F782B32CD
:104B5000002F27D011788B4226D01370E36A0133DF
:104B6000E36221E0238A01339BB223820123E25CCA
:104B7000522A11D1453AD01AC2B201922100002224
:104B8000C85C013208700198D2B201318242F7D17B
:104B90000D22D31A63738FE701330D2BE7D1002366
:104BA000A373F7E708701370104B1A78002A04D02B
:104BB000002208201A7007F027FCFFF773FD01227E
:104BC000084BD86080211A72094B4901187807F008
:104BD000ABFD013651E7C046D862FF1F0863FF1FD7
:104BE0000963FF1F5862FF1FD962FF1F0063FF1F89
:104BF0005263FF1FF0B505008FB0039314AB1B7811
:104C00000F0001931400FFF771FC04AB1D74002F1B
:104C100002D1FFF747FD07002422BE4B0B941B680F
:104C2000BD4C02930A9304AB9B18039A09971A7020
:104C3000252204AB9B18019A1A70B84B1B6800938D
:104C40000C93002B02D0009AA31CDA872078072D42
:104C50001BD122003A321378FF2B01D0013313709D
:104C60000026631CDE7704280AD100263500E760A1
:104C7000AB4F8021AB4B0901187807F08DFBDBE0CF
:104C8000E7603500A84F2670F3E7052D1CD10428F6
:104C900008D1238E013323860026350037007B0799
:104CA0004BD530E1220038321378FF2B01D001338D
:104CB0001370032802D1A38E0133A3860022631C44
:104CC000DA7704232370D0E7062D10D10428E0D131
:104CD000220039321378FF2B01D0013313700022E8
:104CE000631CDA770025E7602570904F11E00428F7
:104CF000D2D8894E07F0B0FB050090000500CB002C
:104D00004E01002D07D10123E760C027607023709A
:104D1000BF002E0011E0022D00D076E00228B8D1AD
:104D20000323E760676188270025E6882370238DC9
:104D30000F360133238576003F013B0702D5612002
:104D400007F062FBFB060DD5082007F05DFB784BF2
:104D500000939B79002B05D0002006F073FB002305
:104D6000009A9371BB0600D518E1002300937B06DF
:104D700005D50020FFF74CFD009B034300933B0645
:104D800005D50120FFF744FD009B03430093FB057D
:104D900002D5612007F010FDBB0506D58021614BCF
:104DA00014221878090107F0A7FD7B0506D580219C
:104DB0005C4B2A001878890107F09EFD3B0506D55B
:104DC0008021584B32001878C90107F095FDFF0487
:104DD00006D507F059FC0022554B1A7107F074FDF7
:104DE000009B002B0BD0524BDA79002A07D180218F
:104DF0000132DA714B4B8900187807F095FC483482
:104E000022784C4B1A700FB0F0BD042D00D040E753
:104E1000638E013363863FE7012D17D1002605AD70
:104E2000290008A8059606960796FFF797FD059FA7
:104E3000069DFB0700D51CE7BB0700D42FE78021A8
:104E4000384B8901187807F0A7FA28E7022D00D01F
:104E50001FE77378022B00D01BE7013B059300236B
:104E600005AD290008A806930793FFF777FD0323F4
:104E7000F760776188273370338D059A0133338566
:104E8000F6883F010F36069D17437600D1E7042DC3
:104E90005AD1638D01336385019B002B02D1A38D11
:104EA0000133A3857D2263690198FB1A1B021B0A4B
:104EB00053431B0BE387FFF729FDA0680099381ABD
:104EC0000002000AFFF7D2FB1B4BC2181B4B9A4291
:104ED00007D823000122123880B24233A0801A7012
:104EE000A08701220025164B2E00FB181B021B0A6F
:104EF000A361029BE760E361631CDA776423114FCF
:104F00006580E38025708021064BC901187807F081
:104F100043FA12E74862FF1F7C62FF1F140AFF1F5B
:104F20005F1000005263FF1F3F10000030100000B0
:104F30005862FF1F7862FF1F96E4FFFF571B0000B7
:104F4000B3FDFFFF34100000032D00D0A1E6E38D78
:104F500000200133E385FFF7D9FC039B002B02D02F
:104F6000E38E0133E3860123A370E378FF2B0DD09A
:104F70000133DBB2E37064225B0809D0013BDBB292
:104F80009218002B04D0C832012B01D0C822520045
:104F9000F280A7E6042D00D07BE67DE60620022104
:104FA00005F0D6FE062006F039F8002800D1DCE630
:104FB0000548FFF7CFFB00210620044A06F0BEF8A3
:104FC000431E98414342D1E67762FF1FD14800114A
:104FD00013B507F059FB064B1C685B7907F074FCAE
:104FE00000202200030001000090FFF703FE13BD24
:104FF0005862FF1F37B507F047FB074B1D681C7948
:1050000007F062FC0021E4B22A0023000120009195
:10501000FFF7F0FD37BDC0465862FF1F37B507F0F8
:1050200033FB074B1D681C7907F04EFC0021E4B2EE
:105030002A00230002200091FFF7DCFD37BDC046A7
:105040005862FF1F07B5064B00219B7B03205A1EA9
:10505000934100910A00DBB2FFF7CCFD07BDC046CB
:10506000D862FF1F37B507F00FFB084BDC681D7ACD
:1050700007F02AFCEDB2211E00D10131002300957A
:105080001A000420FFF7B6FD37BDC0465862FF1F67
:1050900007B50021044B0A00D97107200B000091CD
:1050A000FFF7A8FD07BDC0465862FF1F07B50021E6
:1050B0000B000A0005200091FFF79CFD07BD07B516
:1050C00000210B000A0006200091FFF793FD07BDA9
:1050D000034B1878043843425841C0B27047C04669
:1050E0007C62FF1F13B5FFF7DDFA144B1A78022A12
:1050F00005D0DC68032A1AD0012A1BD013BD1C6915
:105100000F497D22001B0002000A4243120B8A4213
:10511000F4D93B331A78FF2A01D001321A700021EA
:1051200007200B000A000091FFF764FDE6E7FA2173
:10513000C900E6E7FA218900E3E7C0467C62FF1F69
:10514000204E0000F0B500252B4B87B01800302210
:105150000021019307F098F940220021274807F029
:1051600093F902AC264B29000A22A01C1D7007F0FF
:105170008BF9244B012623809623234A9B0103931A
:10518000224B0592267283CC83C3214F1A602900DB
:105190002022380007F078F91E4C4C22290020000C
:1051A00007F072F91C4B612063601C4B1C4A1D7098
:1051B000019B1C4929331E7007F0BEFBA84202D098
:1051C0001948FFF7C7FA0221062005F0C1FD0021AA
:1051D0000620164A05F0B2FF00280AD01448FFF74F
:1051E000B9FA01238021FB71124B8900187807F06E
:1051F0009BFA002007B0F0BDD862FF1F0963FF1FB4
:105200000863FF1FFF0600006D4A0011C862FF1F00
:105210005862FF1F7C62FF1F962864007862FF1FA0
:10522000654700118D4800117462FF1FD1480011BD
:105230007762FF1F5263FF1F014BD86A7047C04659
:10524000D862FF1F704700000E4A0F4BD27F0F49F4
:10525000002A05D0DA8B4A801B8C1BB28B807047EA
:105260009A8B002A0AD09A8B524292B24A801A8AAA
:10527000002A05D01B8A5B429BB2EEE7044AF5E7A1
:10528000034BEAE7E062FF1FD862FF1F2062FF1FA7
:10529000FFFF0000F0B587B0051E6C4627D06846BA
:1052A00007F0FAFA1B4D022806D1062269462800AB
:1052B00007F0C2F8002818D00F2221000023012097
:1052C00094460600EA5C013317091037BE403700E8
:1052D000664632400600964032003A434A6104393D
:1052E000062BEED12000FFF7F1F907B0F0BD182230
:1052F0006946094807F0E8F9AB00E358013305D0E7
:105300001822FF21200007F0BFF8EBE70135062D3A
:10531000F2D1EAE76509FF1F00090011F0B5002688
:1053200004000F00150087B0B24200D187E08A78F0
:105330004B1C02934B7812021A43CB7808781B045B
:1053400013430A79207012061A430192059266707F
:10535000252800D193E033D8112813D807F07CF822
:1053600066001801180118011801A700B500AE0069
:105370001801180118011801180118011801180165
:10538000F1001101232800D1C9E0DB2800D084E21C
:10539000042D00D87CE2052D00D17BE26E1F320087
:1053A0000198791D07F0F0F805223900200007F078
:1053B000EBF832000199601D07F0E6F82E003EE0A0
:1053C000562856D00FD8332800D1A3E0552839D01D
:1053D0002628DAD1C14D13223100280007F054F8F5
:1053E000FDF7B8FE5AE0712800D175E0722800D1AF
:1053F00086E0DC28C9D1022D00D849E24B786370E1
:105400008B78A3706B469E88032D05D0033DC81C86
:10541000AAB23100FDF72AFF31001022E01CFDF78F
:10542000E5FFC61C00280ADA60706FE00C260C222B
:105430002000AB4907F0A8F8A84B5B7CE380300064
:1054400007B0F0BD6A1EA74D0C2A10D8002A07D05D
:105450002800029907F098F8FFF784F8FFF7FAF8A8
:105460000C222900601C07F08FF80D26E7E70C22BC
:10547000EEE79C4D9C4B2A0043CB43C2ECE76A1EEF
:10548000964D0C2A11D8002A08D00299280007F05E
:105490007BF80C2228009549FDF7E8FE132229002D
:1054A000601C07F071F81426C9E70C22EDE706220C
:1054B0008F49601C07F068F80626C0E712228D4964
:1054C000601C07F061F81326B9E708228A49601CBE
:1054D00007F05AF80926B2E7012D0DD04978F029D6
:1054E00000D9D5E1854D288801F094FD844B2A88A8
:1054F0005200D35A637009E0804A814B1288F7E763
:10550000804B012D04D04A781A706270022696E70B
:105510001B78EFE72000FEF781FD06008FE7042DE2
:1055200005D9794D019B2B6007F006F9A860FEF7BD
:10553000DDFF0422059005A9601C07F025F805266B
:105540007DE7724E062D15D906223000029906F02D
:1055500073FF00280ED006220299300007F014F8DD
:1055600006226B493000FDF781FE0123654A117860
:105570000B43137031000622601C07F005F8072664
:105580005DE7012D00D183E14878FFF783FEBDE799
:1055900001281FD15F4AAB1E0192132B06D84B780E
:1055A000002B0BD100F020FA00F056FA5A4B01996B
:1055B0001E78601C721E06F0E7FF40E7013D2A00DE
:1055C0000299019806F0E0FF54490198AAB2FDF74C
:1055D0004DFEE9E7032800D0D7E6012D2DD120703C
:1055E0000C234F4A637012784E4BA2701A00083297
:1055F000D27F1026E2709A6922719A69120A62714A
:105600009A69120CA2719A69120EE2719A8B227237
:105610009A8B120A62721A8AA2721A8A120AE272A9
:10562000DA8B2273DA8B12B2121262731A8CA273A3
:105630001B8C1BB21B12E37301E74B782070002B0D
:10564000CED0012B1FD10B336370364B0B26DA8B78
:10565000A270DA8B12B21212E2701A8C22711A8CBA
:1056600012B212126271DA1CD27FA2711A1DD27F9D
:10567000E2715A1DD27F22729A1DD27F0733627265
:10568000DB7FA372DBE6032B1FD1022D00D1FFE0ED
:105690000C22254B897818780426A070187862703F
:1056A000E170884200D8CAE61B785B1A1E1CDBB288
:1056B000934200D9161C1D4BF6B23200201DC918AA
:1056C000043606F061FFF6B2B9E6581F032800D988
:1056D000DEE0174D07F0C0F82E5999BF0862FF1F92
:1056E0003CCB00113C62FF1F30CB0011F50C0000D9
:1056F0001462FF1FF461FF1FB443FF1F8042FF1FAE
:10570000A065FF1F3862FF1F4862FF1F6509FF1F6A
:10571000ADAC00003165FF1F2F65FF1FAEDE00003E
:105720000163FF1FD862FF1F0863FF1F0963FF1F8C
:105730007C62FF1F5A2363702B78A3702B004233C7
:105740001B78E370AB8823711B0A63716B8CA371A8
:105750001B0AE371AB8C23721B0A63722B8DA3723D
:105760001B0AE3726B8D23731B0A6373EB8DA373A8
:105770001B0AE373EB8C23741B0A63742B004833FE
:105780001B78A374EB78E3748DE606F07DFF534B32
:105790001F7F5A7FFFB2D2B201929A7FD2B2029299
:1057A000DA7FD2B203929E8A07F08EF85B23637091
:1057B000AB8DB6B2A3701B0AE3702B8E0A21237146
:1057C0001B0A6371AB8EA3711B0AE3712B00383384
:1057D0001B7823722B0039331B7863722B003A330A
:1057E0001B78E673A372019B360A2373029BE77250
:1057F0006373039B2674A373EB8F63741B0AA374F8
:10580000E88806F031FFE0744DE606F03DFF334BCB
:105810001E699F6907F058F85C2331006370A01C73
:10582000FEF74AFF3900A01DFEF746FF2000696C15
:105830000A30FEF741FF2B0043331B78A373AB8F75
:10584000E3731B0A2374AB1CDB8F3B3563741B0AA9
:10585000A3742B7897E75D2363706B8EA01DA370F4
:105860001B0AE370EB8E23711B0A6371A968FEF7B4
:1058700023FF2000A9690A30FEF71EFF20006B1CE1
:10588000DB7F0F30A3736969FEF716FF00237AE709
:10589000FF232FE61525102686E5DA28F8D1042DFA
:1058A000F6D9082D17D9BB797A791B021343FA79F7
:1058B00012041A433B7A1B061343019A1360019B9F
:1058C00005221B6839002000059306F05DFE0422C6
:1058D000601D05A9FCE5FE236370F0E75862FF1F19
:1058E00070470000013870B5042809D8264C06F02E
:1058F000B3FF0308292910000221207806F014FFC5
:1059000070BD0821207806F047FD00221F4B1A7257
:10591000F6E7802200251D4B520060201A81DD72BF
:1059200006F04AFF1A4B1D701A4B1D70FFF7BEFBA5
:1059300008212078184A06F0DFFF2900207806F0B9
:10594000EBFFDDE70821207806F026FDFFF7B7FB27
:10595000602006F059FD1148FEF7FCF9104B114A82
:105960009B799380104A13800022084BDA7201322F
:10597000FF321A810D4B1B78002BC1D00C4A1360EB
:1059800007F002F8BCE7C0465263FF1F2C62FF1FFE
:105990005163FF1F5063FF1F102700008942FF1F44
:1059A0003C62FF1F4044FF1F7A42FF1F3862FF1F07
:1059B00034F000400300F0B50A4D8E18B14202D118
:1059C00052008018F0BD0C782F6824093C5D0F2729
:1059D0001C700C7801313C402F683C5D5C700233D8
:1059E000ECE7C0467442FF1F1022124B10B51A702C
:1059F0000F23114C11492370093A063B104863707C
:105A000006F0C2FD2D2301220E490F486372FFF7F5
:105A1000D1FF01220D49FFF7CDFF01220C49FFF70D
:105A2000C9FF030000200B4902001870FDF71EFC9F
:105A300010BDC0464E65FF1F2F65FF1FDDCA001158
:105A40003165FF1F6709FF1F3965FF1F6609FF1FCB
:105A50006509FF1FAEDE000070B5134C1422200054
:105A60001249FDF7C3FC431E114D132B19D8AB7817
:105A7000002B16D0431C2B7009236B7000230019D8
:105A8000037028780B4B01302900C0B2187006F063
:105A9000CBFD297822000139C9B2002005F00EFEA5
:105AA00070BDFFF7A1FFECE73165FF1FAEDE000020
:105AB0002F65FF1F4E65FF1F10B5114B1A78187028
:105AC000002A0ED000280BD10E4B1A78062A07D8D0
:105AD0005423D340DB0703D50B4B187802F0FEF8B4
:105AE00010BD0028FCD0074B1B78012B02D0033BD4
:105AF000022BF5D8044B0121187806F015FEEFE7CC
:105B00005365FF1F7965FF1F7A65FF1F70B5474E0C
:105B10002D243070FDF71EFBFFF714FB06F00CFD83
:105B2000032243494348FFF745FF030004221C704A
:105B300041490130FFF73EFF302304703F4D404C98
:105B4000437083702E3B062220003E49EB87FDF711
:105B50004DFC062813D0200006F09EFE022809D036
:105B60000321200006F038FD8D23E3706E3B237186
:105B700019336371062220003249FDF777FB324B5F
:105B80001B68FC335C64FFF767FF0020FFF794FF9E
:105B90002E4C2F4A01212F4B1278207802F060F80A
:105BA0002D4A2E4B12780021207802F059F801225C
:105BB0002B4B1A702B4B5A783C23552A00D0163B9E
:105BC000294A20215372294B294AEB81AA812A8232
:105BD0006B82307806F0D8FB0120404205F0BAFD18
:105BE0000120404205F056FEFEF7C8FAFEF762F8C3
:105BF00000F04EFD01204042FEF750F9012006F072
:105C0000ABFEF02001F0EAF90121307806F08CFDBE
:105C1000307802F0BFF9174806F0BEFCFDF728FF08
:105C200000226020110006F087FE70BD5263FF1F46
:105C3000B443FF1FF461FF1F1462FF1F3E43FF1FA9
:105C40006509FF1FADAC00009C65FF1F7A65FF1F53
:105C5000A842FF1F8942FF1F4E65FF1F2F65FF1FD0
:105C60002065FF1F3862FF1F2C62FF1FCE09000056
:105C7000C40900005463FF1FF8B50D008B0600D463
:105C800099E005F0F7FB914B1B78002B1BD0FEF73A
:105C90002DFCFFF727FAFFF7CFFA8D4B8D4A1968D5
:105CA000884213D08C4918600B8801330B80012186
:105CB0008A4B197006231370894C2000FEF74AF8AE
:105CC000210006F0C9FC20246C40DFE01378002B93
:105CD0000BD0013BDBB21370002BF4D17F4A137061
:105CE0007D4A138801331380E6E77E4B7E4C7F4E5E
:105CF00099686268737A8A1ADB039A4202D36160F8
:105D0000FDF7B6FE327A217A531EDBB299423ED1BC
:105D1000FEF7CCFA637A002B35D0013BDBB263721D
:105D2000002B30D1724B5B78552B01D106F02CFE45
:105D3000E37A002B12D00023A27AE3729A4202D0B7
:105D4000A372FDF71DFF644A654F138838000133C5
:105D50001380FDF7FFFF390006F07EFC64227379A3
:105D6000644E5343644A19009381138201230A311C
:105D7000D18151823370614B187801F0AFFF002858
:105D800001D000233370237A013323729BE79142C1
:105D9000C0D300272772FEF77DFAA37ABB4202D058
:105DA000A772FDF7EDFE4E4F3800FDF7D3FF390027
:105DB00006F052FCAEE70BB2002B0ADA504B187813
:105DC00006F0F2FA002801D006F066FB80242402D7
:105DD0007AE70224214208D0444A434B127A012038
:105DE000023A1A72FFF768FE6EE78024A40021428F
:105DF00002D0FFF74DF967E780246401214202D009
:105E0000FFF730F960E78024E401214202D0FFF778
:105E100019F959E780242401214202D0FFF7EAF85A
:105E200052E78024A401214202D0FFF7F7F84BE7A4
:105E30008024214202D0FFF7CBF845E70824214215
:105E400026D0FFF745F96C4000281FD0FEF74EFB27
:105E5000244B2549254D98684A686B7A821ADB03E2
:105E60009A4202D34860FDF703FEFEF713FAFEF7ED
:105E70001DFA234B08211878224A06F03DFD00F058
:105E800021FC2B68DB0701D5FEF702F92000F8BDE5
:105E9000CB0609D5FDF774FE0C4B1B78002B01D106
:105EA000FDF71CFF10240FE70124214205D01648FE
:105EB00000F076F806F088FA06E704260C00344075
:105EC0003142E3D0FEF706F83400FDE65365FF1FCC
:105ED0004C63FF1F5063FF1F2062FF1F5163FF1FB2
:105EE0008942FF1F4862FF1F2C62FF1F3C62FF1F99
:105EF0003862FF1F5265FF1F3E43FF1F7A65FF1F79
:105F00005263FF1F102700006C42FF1FF0B51A4BB1
:105F10001A4F1B883A880400194E1A4D85B09A42D0
:105F20000DD832889A420AD3174B1A882B889A4286
:105F300005D1164A164B12881B889A421AD00520A2
:105F400001F0A2F83B8802A90B80338801904B80B6
:105F50002B88104D8B800E4B2A781B88CB800E4BE4
:105F6000188802F0C3FD0D4B08212878019A1C7097
:105F700006F0C2FC05B0F0BD1E65FF1F7E42FF1F8C
:105F80007C42FF1F7A42FF1F1C65FF1F1A65FF1F1F
:105F90007842FF1F7A65FF1F8042FF1F1865FF1FB1
:105FA00013B50C4B1C78002C11D1002801D00A4BE2
:105FB00018600A4A0A4B11780A4A10780A4A019274
:105FC0000A4A0092002205F071FA200016BD112441
:105FD000FBE7C0467965FF1F1465FF1F7865FF1F4B
:105FE0006865FF1F7A65FF1F5465FF1F5865FF1F17
:105FF00010B5064B12201B78052B06D1044B13223B
:106000001988044B187801F01BFA10BD7965FF1F41
:106010008042FF1F7A65FF1F10B500240122114B3B
:1060200052421870104B1C70104B1A8001F0B2FFD6
:1060300004220F4B21001A700E480C3206F09CFC13
:10604000102221000C4806F097FC07220B4B1C6025
:106050000B4B1C700B4B1C700B4B1A700B4B1C70BA
:1060600010BDC0467A65FF1F7965FF1F8042FF1F84
:106070007865FF1F6865FF1F5865FF1F5465FF1F88
:106080002E65FF1F2D65FF1F8242FF1F2C65FF1F1E
:10609000F8B5174C0600257806A814240078052DBD
:1060A00023D1B41F134FA5B21824BD421DD88D1F94
:1060B000ADB2BD4219D8FA256D00AA4215D21D0015
:1060C0000D4F0A3DADB2BD420FD80C4C26800C4C92
:1060D00021800C4900240A800B4A1380FFF716FF29
:1060E0000A4B0421187806F057F92000F8BDC04685
:1060F0007965FF1F790C0000750C00007E42FF1FC0
:106100007C42FF1F7A42FF1F7842FF1F7A65FF1F04
:10611000F0B50BB20E0089B0002B00DB9BE1B44D53
:10612000287806F041F9041E5ED00378A22B00D136
:106130004CE1D02B1AD0912B53D143780E2B50D158
:10614000AC4B82889A424CD1AB4B1B78052B48D183
:106150008368032018567F2843D0A84B1B68002B68
:106160003FD05B68002B3CD098473AE08078072806
:1061700037D806F071F90800360026004D004D00B2
:106180009000D20002016378002B0CD007229A4BBA
:106190001A709A4B1B68002B23D01B68002B20D051
:1061A000954A1078E0E70121934B1970944B1A78C7
:1061B000002AEED0934B287801F052FD0028E5D15B
:1061C000E7E761780029E1D1E378002B11D08E4A0E
:1061D0008E4B1278287801F043FD60706378002BB5
:1061E000D4D1200006F058F980200002704009B098
:1061F000F0BD814B1B78022BF3D00121287806F0EB
:10620000BBF90028EAD10121287806F08DFAE5E7EC
:106210006278794F002A39D1032807D13B78052BC2
:1062200002D101333B70B4E70223FBE7784B1978C6
:1062300000290BD01A703B78053B012BD1D90121E5
:10624000744B2878197006F06FFACAE7724B1A88F7
:10625000704B0293002A0BD01B78002B03D0012136
:10626000287806F049FB3B78062B04D1013BD9E79F
:10627000029B1A70F7E7042B06D10121029B2878B4
:10628000197006F051FA84E70323CBE70022604B34
:106290001A700723C6E763785E4A574F0292002BB5
:1062A00028D10622211D5D4806F06EF962895C4BFB
:1062B0005C491A80A2895C4B1A80E3890B80052116
:1062C00039705A490A805A4A1380228A594B1A80D7
:1062D000594B1B78012B09D11F2000F0D5FEFA2263
:1062E000920042430421287806F006FB0023029A1C
:1062F00013704EE72878312B05D10121029B1970CC
:1063000003233B70BDE70723FA2201213B70029B68
:106310009200197006F0F0FA3BE7062200213F4890
:1063200006F02AFB0023414A04211380404A2878C2
:106330001380404A138006F02FF80821287806F0D1
:106340002BF8A379083B5A4253412B4A033313706D
:106350002B4B1B78002B06D02E4B28781A78002A5E
:1063600006D001F0BBFC01222D4B52421A8010E7EF
:106370000121197006F0D8F9F5E70821287806F010
:106380000BF86378002B00D02BE7284B294F0293A2
:10639000E388029A04211380254B287803932389EC
:1063A000039A138063893B8006F0E6F8002800D04A
:1063B00017E7224B1B68002B00D112E703990298C4
:1063C0003A88098800881B6898470AE74379132BA5
:1063D00000D006E70389012B34D1194B1B78022B1F
:1063E00030D10821287805F0D7FFFFF701FEF8E645
:1063F0007A65FF1F051400007965FF1F1465FF1FF4
:10640000A842FF1F8942FF1F4E65FF1F2F65FF1F18
:106410005265FF1F5365FF1F5065FF1F2165FF1F5A
:106420008042FF1F2865FF1F2A65FF1F1E65FF1F93
:106430001C65FF1F1A65FF1F2065FF1F1065FF1FEA
:106440001865FF1F052000F01FFE082102002878B4
:1064500006F052FAC5E68020C001014200D0C5E630
:10646000CB0738D5354B1B78002B24D0344D05ACE9
:106470002B78052B21D1023B2370324B324F1B78F6
:1064800021002372314B38781B78637201F08CFB4A
:10649000002810D0FA2207230121387892002B70AF
:1064A00006F02AFA2A4B1B68002B04D01B68002B2D
:1064B00001D028789847012098E60E20254B062227
:1064C0001B7825492370254B1B78637002ABC018DD
:1064D00006F05AF8D1E7022308001840194209D003
:1064E000174B1B78052B03D11D4B188806F07CFA3F
:1064F00002207BE60424214203D0FFF707FD2000A1
:1065000074E6082308001840194200D16FE6154BC5
:106510001C78012C03D0022C0DD0082066E6124B0B
:10652000124A134913481B8812880988008800946E
:10653000FFF7AEFDF1E7FFF75BFDEEE75365FF1FE9
:106540007965FF1F8242FF1F7A65FF1F2C65FF1FC1
:106550001465FF1F2E65FF1F8342FF1F2D65FF1F60
:106560008042FF1F1865FF1F7842FF1F7A42FF1FFE
:106570007C42FF1F7E42FF1F10B502A804880B203B
:10658000002C10D1496808784978090201430C4869
:10659000814209D1022119800A4B59881170DB7898
:1065A00000205BB2537010BD074C0A20A142FAD103
:1065B00002211980034B998811705B79F0E7C0467E
:1065C0006E2A00002062FF1F6F2A0000F7B5150039
:1065D00008AA16884A680F4F14785278120222438C
:1065E0000A24BA4214D10122DBB2019200962A0099
:1065F00005F05EFE041E0BD1074B1B68002B07D075
:1066000068782A780002104342425041013098478E
:106610002000FEBD022900008C65FF1F30B501255A
:1066200003790400BFB02B4225D01449408805F0FF
:10663000AFF928420CD0124B01A95B8D60880B800A
:1066400002234B800F4B00225B888B8002F044F9C1
:106650000D49608805F09CF9C0070CD50B4B01A9CA
:106660001B8800220B8002234B80064B9B888B806B
:10667000608802F031F93FB030BDC0468465FF1F2D
:10668000AC42FF1F2062FF1F7C65FF1F0643FF1FF8
:1066900010B50749074805F031F90749054805F0E5
:1066A0002DF90721054A064805F0EAF810BDC04655
:1066B0008465FF1FFFFF00007C65FF1F5CCB00119E
:1066C000AC42FF1F10B5024802F08AFF10BDC04661
:1066D0001D6600110200F0B501270A480A4E511844
:1066E0008B1A002B00DCF0BD0824157843086840A5
:1066F00038404000805B013C58406D08002CF5D1CB
:106700000132EDE7FFFF000076CB0011F0B5002568
:106710000F269D4200DBF0BD4C5D0709444034402C
:10672000A400A05801357840F3E7000070B50C00D4
:1067300088B06B460F2610340A7801311500120913
:1067400035401D705A700233A142F5D120236946AD
:10675000024AFFF7DBFF08B070BDC0467CCB0011DA
:10676000F0B54E780B7889B036020C001700019016
:106770001E43012A61D9954B9E4200D877E0013330
:106780009E421CD1062A17D1CA788B7812021A436E
:106790000B791B0413434A7912061A438C4B5A6136
:1067A00000221A705A808B4A5A608B4A9A608B4A30
:1067B000DA60002009B0F0BD88225205EEE7884B70
:1067C0009E423CD182498B78002B00D0F6E00C2A07
:1067D00031D10F22A3789343E27812021343227936
:1067E000120413436279120613434B60E279A079D5
:1067F00012020243207A00041043627A1206024316
:10680000CA60E27AA07A1202024376484A81834241
:1068100008D804236E49142201980B7005F0B4FEC9
:106820001420C7E71201D21889235B059A42F0D8D9
:1068300001238B70BDE7022AFAD00523EAE76A4AF2
:1068400001239642E6D1FFF7D3FB052F0CD9E3785D
:10685000A2781B021343227912041A4363791B06A0
:106860001343624A0393136006F08EF8A1E7584D74
:106870002B78002B9DD1AB78002B00D1A0E02B8989
:1068800001339BB20093B34200D091E0132AD4D9D4
:10689000CF7C8B7C3F02122120001F43FFF71AFFA1
:1068A000874200D08EE0002E3DD1E378A2781B0213
:1068B00013432279E96812041A4363791B061343D0
:1068C00003930A228B4212D1FF23A370E37023713A
:1068D00063716B89002B09D1E37B227C1B021204BC
:1068E0001343A27B13431B0901336B8100226B8985
:1068F000002B8ED0002A67D1686837013818000B4A
:106900006B6900030390984205D9686105F0C4FEE5
:10691000EB780133EB7068681022A11C381805F081
:10692000C3FF2E8145E76F89009A7B1E9BB293427D
:106930003AD1E278A37812021A43237905A81B04FE
:10694000134362796C6812061A43EB680092039253
:10695000211D0C22049305F017FE0120260004A936
:1069600040421036FFF7E2FE013F012F17D1009A97
:106970000B232861824200D04CE704221C492000EE
:1069800005F092FF042203A9686805F09DFEE968FE
:10699000039AFF23914200D13CE7F73B3AE73100ED
:1069A000FFF7C4FE1036DFE70923B742A4D831E76A
:1069B000009BB34200D9FCE607232BE7022329E71B
:1069C000032327E7062325E70A2323E7FFFE00002A
:1069D0002043FF1F00000111FFFF000050485936FF
:1069E00001FF0000FFFF001102FF000034F0004033
:1069F0002C43FF1F10B5034C0B000122210000F0B7
:106A00006BFA10BDB56B00110B8870B506000D0058
:106A10000224162B11D92B000322094900F05CFA3D
:106A2000041E0AD1074B2A881B88191C934200D9DF
:106A3000111C300089B200F0EDFA200070BDC04694
:106A4000E16B0011A265FF1F10B54A780400013AFE
:106A50000B000220012A07D80A78002A04D0052258
:106A60002000024900F038FA10BDC0460F6C00113A
:106A70000A7810B50B0004000220002A04D0072277
:106A80002000024900F028FA10BDC046BB6C00117E
:106A90000A7810B50B0004000220002A04D0092255
:106AA0002000024900F018FA10BDC046216D001107
:106AB00010B5034C0B000B22210000F00DFA10BDA5
:106AC000516D001110B5034C0B000D22210000F098
:106AD00003FA10BDC36D001110B5034C0B000F225B
:106AE000210000F0F9F910BD1D6E00110A7810B5F3
:106AF0000B0004000220002A04D0112220000249C9
:106B000000F0EAF910BDC0462D6E0011002310B54B
:106B10001322190000F0E0F910BD000010B5034C7D
:106B20000B001722210000F0D7F910BD7F6E001175
:106B3000002310B51922190000F0CEF910BD000095
:106B400010B5034C0B001B22210000F0C5F910BD4D
:106B5000B96E0011F7B584890D0006000121002CE3
:106B600022D000238268D3561778002B1EDA0C2C13
:106B70001AD90C3CA4B2131940880093230002F0E8
:106B800090FE431E984101307B06DB0F6B703F2364
:106B9000013C1F40A4B22870AF70AC80002C07D01D
:106BA000B3680133AB6000210800FEBD0020EBE7B5
:106BB000AC60F8E70B7803704B8843704B881B0A76
:106BC00083700B79C370042070470420022B06D118
:106BD0000020537811781B02009A0B4313807047F2
:106BE0000B8803700B881B0A437002207047042037
:106BF000009983420AD1537810781B0203430B801B
:106C0000D37890781B02034300204B807047F8B57F
:106C10000D004B7801240021461C03702B788B4219
:106C200001D82000F8BD6B78B01C4F1C012B10D18F
:106C3000890069184B88022233704B88B9001B0AFF
:106C40007370691805F0C8FE04360434A4B2F9B2B2
:106C5000E4E7122359436B185A88043132705B8879
:106C600010221B0A7370691805F0B6FE1236123432
:106C7000ECE770B5049D14001E00052B01D804201C
:106C800070BD637812781B0213432B80E378A278DF
:106C90001B02134302226B802A71211D681D063ED0
:106CA00005F09AFEB2B22A81E92AE8D82800A11D8F
:106CB0000A3005F091FE0020E2E7002310B50A78C3
:106CC0009A4201D8900010BD9A008A185488013366
:106CD00004705488DBB2240A4470948884709288CB
:106CE000120AC2700430EAE710B51100029C062BAC
:106CF00004D004201022142B01D010BD02222271D6
:106D00004B7808781B0203432380CB7888781B02DA
:106D1000034363800431601D05F05EFE0020ECE754
:106D200010B50C788B7804315C43E4B20370220018
:106D3000013005F051FE601C10BD0420022B06D16D
:106D40000020537811781B02009A0B431380704780
:106D500010B50C000A88023105F03EFE208810BDF7
:106D600070B504000D0004981100012B01D8042017
:106D700070BD167852781202324302800200F1325E
:106D800055701470E125002C00D10C35023B9AB2ED
:106D90004280AA42EBD80231043005F01DFE0020EB
:106DA000E6E70420009983420AD1537810781B0249
:106DB00003430B80D37890781B02034300204B8061
:106DC000704710B50C000A88023105F005FE2088D6
:106DD00010BD000070B501211E000420049C0E406F
:106DE0000B4218D1CB40DDB28D4214D90A49DBB237
:106DF000098899420FD32300EE331D7033005800E9
:106E000011184978165C0902314301332152D9B275
:106E10008D42F4D8002070BD3843FF1F10B50C0020
:106E20000A88023105F0D8FD208810BD10B50C7815
:106E30008B7804315C43E4B203702200013005F02A
:106E4000CBFD601C10BD10B511000298032B01D8BA
:106E5000042010BD14785278043B120222430280B1
:106E6000CA788C781202224342809AB28280EB2A3E
:106E7000EED80431063005F0AFFD0020E9E710B58B
:106E80000C000B8803700B881B0A43704B888370BF
:106E90004B881B0AC3708A880430063105F09CFDBC
:106EA000A088043080B210BD0420012B03D1002043
:106EB0001378009A1370704710B50C000B8803709C
:106EC0000B881B0A43704A880230043105F084FDA8
:106ED0006088023080B210BDF0B589B003931D4BBD
:106EE000029242000700D05A019102F022F81325C5
:106EF000061E2CD0029B01240370019B002B04D0A2
:106F0000001903999847001984B26B461B7A5BB24B
:106F1000002B0FDA1021380002F01CFB1925002885
:106F200012D130003219E1B202F070FC051E0BD113
:106F30000C34A4B2042305A938000B800C814E60E8
:106F400001F0B2FD051E02D0300005F055FC28000E
:106F500009B0F0BDA065FF1F70B505000C0000284A
:106F60000CD00020814209D010222000044905F0F5
:106F700033FD01202B7823736B78637370BDC0469B
:106F8000BCCB0011F0B506000D0017001C0085B049
:106F900002291BD00020102907D1022B07D0102B6B
:106FA00003D115E00020102C08D005B0F0BD6946D3
:106FB0003800FFF7D1FF2A0069460BE06946300030
:106FC000FFF7CAFF22006946380004E0022BE9D12E
:106FD0002A003900300005F027FCE6E7031CF02802
:106FE00000D9F023032008499AB2013A0B80D31745
:106FF000034006499B189B100B80D30F04499B1834
:107000005B100B807047C0463C43FF1F3A43FF1F95
:107010003843FF1F034B1B888B4202D3024B4000B7
:10702000C15270473C43FF1FA065FF1F014B40004A
:10703000185A7047A065FF1F1722014B1A8070472E
:10704000A065FF1F70B505000E2005F0CDF9041EE8
:1070500013D0D023037000230622837007494570A4
:10706000033005F0B9FC064B2100DA8A62811B7EF1
:107070002373044B187805F0CFF970BDBC65FF1F72
:10708000AC65FF1F8C43FF1F262803D8024B40002E
:10709000C05A70470148FCE73E43FF1FFFFF000056
:1070A00070B506000C00094D1C220021280005F0D7
:1070B00063FC074B1E70074B1C7005F07DFA012323
:1070C000002801D0002312202B7070BDAC65FF1F7B
:1070D0008C43FF1FCD65FF1F70B505000D4C0800E8
:1070E000E260A16010220021656005F0FDFA012830
:1070F00003D11021A06802F061FD102200212800B8
:1071000005F0F2FA012803D11021606802F056FD63
:1071100070BDC046AC65FF1F70B5041E05D10029C7
:1071200003D006220D4805F057FC0D4B1D78012DAC
:1071300011D1002C05D102221A7005F0BDFA2800E9
:1071400070BD00221A70074B1B78FF2BF7D0200070
:10715000FFF778FFF3E70025F1E7C046BC65FF1FA6
:10716000AC65FF1F8C43FF1F030010B5002801D141
:10717000002010BD00780B4A002803D15988D18225
:107180001B7913761378022BF2D10023984200D199
:1071900003331370044B1B78FF2B01D0FFF752FF12
:1071A0000120E6E7AC65FF1F8C43FF1F002911D0CB
:1071B00000280CD04B79012803D1402252421343BE
:1071C00003E03F221340032802D001204B71704797
:1071D0004022F4E70800FAE770B5094D010028786D
:1071E00000280BD0074C0622200005F0F5FB2100FB
:1071F0002878FFF7DBFF200005F026FB70BDC046B6
:10720000CC65FF1FA665FF1F00290AD0012808D101
:107210003F224B799343C02B03D0403B5A4253410A
:10722000981C704770B5174D06002B78FF2B15D0B2
:107230000A2005F0D9F8041E10D0D0230370C83BF3
:107240008370114B11491B784670C37006220430BD
:1072500005F0C2FB2100287805F0DEF80C4B1B7806
:10726000012B0DD10B4B1B68002B03D09B68002B0F
:1072700000D09847084B04211878084A05F0D4F844
:1072800070BDC0468C43FF1FCC65FF1FA665FF1F66
:10729000C865FF1FF465FF1FF865FF1F60EA000067
:1072A000014B98687047C046AC65FF1F014BDB6817
:1072B00018687047AC65FF1F074B10B5DA68136894
:1072C00001331360054B1878FF2803D08021C901D2
:1072D00005F02AFA10BDC046AC65FF1F8C43FF1FA6
:1072E000F7B50E0002F0CAF8051E1CD00E4B066260
:1072F0001F78002F00D10778AB791020019305F09B
:1073000073F8041E0FD0D0230380C73B8370019B0A
:10731000E91DC3700622043005F05EFB2100380031
:10732000E66005F079F8F7BD8A43FF1F014B187836
:107330007047C046CC65FF1F054B002805D1054BA3
:107340001A78054B002A00D1014B18007047C0463F
:10735000BC65FF1FCC65FF1FA665FF1F014B58686A
:107360007047C046AC65FF1F024B1868431E98412A
:10737000C0B27047D065FF1F421E03000120152ACE
:1073800003D9FF3B5A425341D8B27047F0B51C00B5
:1073900000230E0085B0039002920B70029A934274
:1073A00001D3002019E0E55C5A1CD2B2002DF8D0C0
:1073B000029851198142F4DC0233DFB2A35C180059
:1073C0000193FFF7D9FF002807D0013D019A0399E7
:1073D000EBB233708A4202D1E01905B0F0BDDB197F
:1073E000DBB2DBE710B50C0002F0A0F803001220BE
:1073F000002B03D02100588805F0A6F810BD00002E
:1074000070B50E4D84006359002B15D0186A002802
:1074100001D005F0A9FA2B59586A002801D005F0CF
:10742000A3FA2B59986A002801D005F09DFA285933
:1074300005F09AFA00232B5170BDC046DC65FF1F92
:107440001C4B70B504000E00150099420AD11A4B6E
:107450001B68002B01D1122070BD1B68002BFAD0D5
:107460009847F9E7154B994215D1134B1B68002B30
:107470000AD01B68002B07D09847002804D1104B76
:107480001C70104B1D70E7E729002000FFF7AAFFD2
:107490000028E1D1F3E7080001F0F0FF0028DAD07E
:1074A00003780320A342D7D12900300005F04CF81F
:1074B000D2E7C046FEFF0000D865FF1FFFFF0000B7
:1074C000D565FF1FD465FF1FF7B50400808801F064
:1074D000D5FF0025A84203D00578A08802F00AF85D
:1074E0001C4E3378002B1FD0AB421DD11A4B280005
:1074F0001978FFF777FF002818D000233370A3799D
:107500000820A778A688019304F06EFF011E0DD015
:10751000D0230370CA3B8370019B477086808371C0
:10752000280004F079FF01E0002DE8D1A0880B4B82
:107530008200D358002B01D0FFF762FF1721A088EB
:10754000FFF768FDA08801F02BFDA08801F002FE86
:10755000F7BDC046D565FF1FD465FF1FDC65FF1F63
:10756000F0B587B01D000CAB1B88070001930DAB75
:107570001B88142002930EAB1B88160003930FABDD
:107580001B880091049310AB1B88059304F02CFF1B
:10759000041E1AD0D0230370CB3B47708370C67093
:1075A000062229000430002D11D005F015FA019BA8
:1075B00021006381029B0098A381039BE381049BCC
:1075C0002382059BA37404F027FF07B0F0BD05F0EC
:1075D000D3F9ECE7F7B5009308AB1B8807000C2044
:1075E0000D001600019304F0FFFE041E13D02800C6
:1075F00001F044FF00280FD00078D0232370C93B4E
:10760000A370009B21002381019B6770A580E68009
:10761000638104F001FFF7BD014B1878EDE7C04628
:107620008C43FF1F13B5040064890389C2888188D5
:10763000C0780094FFF7CEFF13BD000010B5044CD6
:107640002068002803D005F08FF90023236010BDC7
:10765000E065FF1FA122F0B5818892004A43384BB4
:10766000384F1B6889B09B189D2292009B18827925
:1076700004001A603B68002B5FD01D78324B1B68FA
:10768000002B04D05B68002B01D000209847260017
:1076900008363100E079FFF7B7FD237DE071020085
:1076A000E0780493638A29000393238A0293E38991
:1076B0000193A38800933300FFF752FFE378002B78
:1076C0000BD1E289A379A18802920196E279280080
:1076D0000092012201F0DCFEE0703B68002B20D01C
:1076E000FFF7ACFF194D287800281AD0184B1978ED
:1076F000FFF778FE002814D02B780820A788E678BA
:10770000079304F071FE011E09D0D0230370CA3B19
:107710004670837087808671079804F07DFE002391
:107720002B701721A088FFF775FCA08801F038FCAA
:10773000A08801F00FFD09B0F0BD064B9DE7C046E3
:107740003409FF1FE065FF1FF465FF1FD565FF1FAC
:10775000D465FF1F8C43FF1FF8B5070008000E001B
:1077600001F08CFE041E18D02620FFF78DFC051EAC
:1077700000D12578062004F037FE041E0DD000212C
:10778000062205F0F9F8D0232370C23B2100677070
:10779000A370A680E8B204F03FFEF8BDF0B585B056
:1077A00001930AAB1B78070002930BAB1B78080010
:1077B0000D000092039301F061FE061E22D01020FE
:1077C00004F012FE041E1DD01022002105F0D4F892
:1077D0002620FFF759FC002800D13078D0232370F1
:1077E000C13BA370009B21002372019B67706372F1
:1077F000029BA580A372039BC0B2E3720C9BE36063
:1078000004F00AFE05B0F0BDF7B50D00019001F0DF
:1078100035FE071E1FD00E2004F0E6FD041E1AD010
:107820002620FFF731FC061E00D13E78D0232380AE
:10783000C53BA370F91D0622E01C05F0CDF8019BA5
:107840002100638101232B40AD07ED0F2373657386
:10785000F0B204F0E1FDF7BDF0B585B00290100084
:107860000D0017000A9E039301F008FE041E31D09C
:10787000029B002B2ED1039B02795B0724D5122398
:1078800013430422002E08D10B99002905D10C992D
:10789000002902D10D9900291AD01A430D9B22719B
:1078A000002B00D0C9E0002E00D1CFE0002D00D089
:1078B000CCE0606A002801D005F056F81C213000A9
:1078C00004F062FF606205E002239A430E33D7E7BB
:1078D00093432371654BBA00D458002C00D1AAE021
:1078E000002E10D0236A002B03D11C2004F00CFFC3
:1078F00020625E4BBA00D358186A002803D01C22BD
:10790000310005F069F80C9B002B12D0574CBB00DE
:107910001D596B6A002B03D1162004F0F5FE686236
:10792000BB00E358586A002803D016220C9905F0D2
:1079300053F80D9B002B11D04C4DBC006659B36A17
:10794000002B03D1142004F0DFFEB0622B59986A9B
:10795000002803D014220D9905F03EF8380001F0FC
:107960008DFD051E67D0414BBA00D358002B62D065
:107970001A6A3420002A00D11C389A6A002A01D0E1
:10798000143080B20B9A002A01D01C3080B25B6A9E
:10799000002B01D0163080B204F026FD041E4AD020
:1079A0001822002104F0E8FF2620FFF76DFB01906C
:1079B000002801D12B780193D0232370029B200053
:1079C00063700A23294EA370039BBD00A371AB59BA
:1079D000A780196A1830002905D01C22A06004F085
:1079E000FBFF200034307359996A002907D0030047
:1079F00014221433E060029304F0EEFF02980B9B14
:107A0000002B08D003001C221C330B992061029329
:107A100004F0E2FF02987359596A002903D0162234
:107A2000606104F0D9FF6B462100187904F0F4FC82
:107A30003800FFF7E5FC05B0F0BD10220D9B0D9955
:107A40001B69A018236204F0C7FF2CE70B9B002BD7
:107A500000D13FE7012D00D03CE7606A002801D04B
:107A600004F082FF1C210B982AE7C046DC65FF1F4B
:107A700010B5044C2068002803D004F075FF0023E3
:107A8000236010BDD065FF1F0B4B07B51A68002A95
:107A900001D100200EBD6946531C01201278073128
:107AA000FFF774FC0028F4D002780123100018407E
:107AB0001A42EED0EEE7C046EC65FF1FF0B51F4F4F
:107AC00001203B6887B0002B25D09B78059300F000
:107AD000B3FB002821D00A20FFF7D6FA04000B20C0
:107AE000FFF7D2FA164B05001E78731E9E413B68C5
:107AF000F6B2191DD878FFF759FB3B682900DA7AEE
:107B0000043303929A79019302920090330020008B
:107B1000059A04F071FD07B0F0BDFFF7B5FF00282E
:107B200005D00620FFF7B0FA04000720D8E70820A8
:107B3000FFF7AAFA04000920D2E7C046D065FF1F6C
:107B4000CC65FF1F70B50A4E040033780D00FF2B83
:107B50000DD0042004F048FC011E08D0D02303708F
:107B6000CE3B45708370C470307804F055FC70BD16
:107B70009C43FF1F70B5040006200D0004F034FC88
:107B8000011E0AD0D0230370CD3B8370054B447097
:107B90001B688580187804F03FFC002C01D0FFF7AB
:107BA00067FF70BDD065FF1FF8B5264F06003B6824
:107BB0000D001124002B05D10522234B1B78134205
:107BC00002D112242000F8BD204A10241268002A95
:107BD000F8D01278002AF5D0DB0719D52B789A1E39
:107BE000012A1AD80C2004F08FFD132438600028D5
:107BF000E8D000230A22437029000670023004F006
:107C0000EBFEFFF75BFF041E0AD0FFF731FFD9E759
:107C100000F012FB0028E1D1E4E7002BE2D0D0E72E
:107C20000B4B1B78032BCDD11D20FFF72DFA094BF1
:107C300018800028C6D0084B04211878074A04F0A1
:107C4000F3FBBFE7D065FF1FCD65FF1FEC65FF1F8E
:107C5000CC65FF1FCA65FF1FF865FF1F60EA0000C3
:107C6000F7B50193194B14001A78052306000F008D
:107C700012201A4221D0012920D1154B1D68002D58
:107C80001BD002201F2C18D8002C02D0019B002BE7
:107C900013D0104B1F221E706E1C0021300004F008
:107CA0006BFE01992200300004F096FE31002000A6
:107CB0002C70002F06D004F057FDFEBD064B12209D
:107CC0001D68DCE704F0B0FCF7E7C046CD65FF1F98
:107CD000EC65FF1F9C43FF1FE865FF1FF8B50F4EC3
:107CE00012243368002B17D01B780F3C834213D12A
:107CF00000250B4F0221387804F04EFB094B04217C
:107D000038781D8004F048FB074B28001D8033683D
:107D10005C7004F059FE04002000F8BDD065FF1F20
:107D2000F865FF1FE465FF1FCA65FF1F70B50128D6
:107D300023D11B4C2388002B03D01A4A1578002D21
:107D400007D0194B1B68002B02D01878FFF7C6FF2D
:107D500070BD3B2B02D93C3B2380F9E7134E022137
:107D6000307804F019FBFA222388920002215A434A
:107D7000307804F0C1FD2580EAE70B4B1B68002B2F
:107D8000E6D00B4B1B785B07E2D5084B0221187835
:107D900004F002FB0022024B1A80FFF769FED7E7CE
:107DA000E465FF1FC865FF1FD065FF1FF865FF1F53
:107DB000CD65FF1FF8B51E4D2868002803D004F0DC
:107DC000D3FD00232B601B4E3068002803D004F045
:107DD000CBFD00233360184F05243B78180020406A
:107DE000234221D0154800F02BFA3B78234213D0D0
:107DF000202004F089FC2860002813D020220021D4
:107E000004F0BAFD202004F07FFC041E306005D091
:107E10002022002104F0B0FD002004E0286804F0D6
:107E2000A3FD2C601320F8BD00F00AFAF4E7C04669
:107E3000EC65FF1FE865FF1FCD65FF1F9043FF1F27
:107E400010B50A4C23681A1E0ED0002808D1013044
:107E5000587004F0B9FD002805D02368002B02D02B
:107E60000021FFF787FE0122100010BDD065FF1F23
:107E7000F7B5274E050033680191181E21D05C78B4
:107E8000244F012C30D1FFF7FFFD002825D0200022
:107E9000FFF7FAF80400412814D91F4B0221187883
:107EA0001E4A04F0C1FA1E4B3C3C1C80022233687F
:107EB0005A703B78002B14D128000199FFF75AFE25
:107EC0000120FEBDFA2292004243002AEED0124B5E
:107ED0000221187804F010FDE8E7FFF7D5F802005A
:107EE000F3E700233B70EBE73B78002BE8D103205E
:107EF00004F07AFA011E08D0D0230370CC3B457001
:107F000083703368187804F087FAFFF7B1FDD7E77C
:107F1000D065FF1FC865FF1FF865FF1F60EA0000FE
:107F2000E465FF1F10B51749838802008B4220D0FB
:107F300011D815498B4217D0144900205B1899B20B
:107F4000012907D8926811785A425341D8B2FFF7F5
:107F5000F9FD012010BD0E4A00209B1807229BB29C
:107F60009A424041C0B2F5E783681878FFF768FF8E
:107F7000F0E7836899785A78090218781143FFF777
:107F800077FFE7E70A20000006200000F8DFFFFF88
:107F9000AFDFFFFF014B18707047C0469D43FF1FC6
:107FA00010B5064C207001F045FA207804F094FAE0
:107FB0000521207800F068FD10BDC046F865FF1F60
:107FC0000BB273B50D00002B00DBC4E0884B1878B2
:107FD00004F0EAF9041E0ED00378912B0FD0A22BE7
:107FE00000D1A1E0834B1878FF2852D0210004F083
:107FF00013FA00284DD180200002684076BD4378F6
:108000000F2B76D013D8052B70D00E2BEAD1808899
:10801000794B98422BD8794B98421BD8784B984291
:10802000E0D1A3681878591CFFF776F838E03E2BAA
:10803000D8D18378032B74D06CD8012B6ED0022B4F
:10804000D0D1704B1B68002B23D05B68002B20D055
:1080500098471EE06C4BC0180C28C3D804F064FA93
:108060001DC2C2150BC20B0B0B3223C23C00674B67
:10807000C0180728B6D8664B1B68002B09D01B68B0
:10808000002B06D0200098470AE0A3681878FFF775
:10809000C9F8200004F000FAADE7A068FFF764F823
:1080A00000289FD0F5E7A3681B78002BF1D0554B33
:1080B0001B68002BEDD01B68002BEAD0210055482F
:1080C0009847EDE74F4B1B68002BE2D01B68002B55
:1080D000DFD021005048F3E7504B1B68002BD8D06D
:1080E0005B68002BD5D021004348E9E7FFF7ECF9A6
:1080F000CFE780884A4B984203D04A4B984200D041
:1081000070E7464B1B68002BC3D05B68002BC0D0C8
:108110002100D5E7153B012BBBD963E7FFF79AFA9E
:10812000B7E7FFF77FFAB4E73F4B1B78042B07D183
:1081300000236A4613800179408800F0CBFCA8E751
:10814000364B1B68002BA4D05B68002BA1D001002C
:10815000364898479DE7012421420AD0294B1B68E5
:10816000002B04D05B68002B01D000209847012031
:1081700043E78B070AD5264B1B68002B04D05B68AE
:10818000002B01D020009847022036E70421280068
:1081900008400D4200D131E7254E3388002B21D015
:1081A000013B9BB23380002B1AD1FFF7DDF800288A
:1081B0000AD0204B1C70164B1B68002B04D05B6848
:1081C000002B01D020009847FFF7C8F8694601F05E
:1081D0000CFD6846FFF700F81D20FEF755FF3080C4
:1081E00004200AE7024B187804F0D6F8F8E7C046F6
:1081F000F865FF1F9D43FF1F0E20000001200000B7
:1082000009100000F065FF1FFEDFFFFFAFDFFFFF7B
:10821000F465FF1F0C2000000B200000D865FF1F35
:108220000D20000013200000CD65FF1FFFFF0000A0
:10823000CA65FF1FC865FF1F10B501F09FF910BD8B
:10824000014B18607047C046F465FF1F0B88002083
:10825000162B01D817230420014A13807047C0460B
:10826000A265FF1F00207047074A03001188814262
:1082700007D091880020994202D101308000101867
:1082800070470020FAE7C0460066FF1FF0B58F7800
:1082900006000D00C5B01E2F15D1FFF7E5FF051E26
:1082A00003D10024200045B0F0BD00223B00310086
:1082B000C078009200F0B8FB0400A81C00F0D8FBC6
:1082C000FF23EB70EEE7264B062403931B78FF2B6E
:1082D000E8D0182FE6D87B08224A013BDB00029247
:1082E0009A589446002ADDD0029AD3185B68002B76
:1082F000D8D00878002802D14B78012B02D106246F
:10830000122FCFD107AFAB88697800976446AA686F
:10831000A047041EC6D1AB78029A5B08013BDB0084
:10832000D318390030005B689847041E0BD1AB7836
:10833000042BB6D0039A310010782200009700F089
:1083400073FB0400AEE76A78002AABD1AA7805A9CE
:108350003B88087130000A704B80FEF74BFBA0E7AA
:10836000A043FF1FCCCB00111D4B37B50500984231
:108370000BD000290AD1FFF777FF002805D1194853
:10838000FFF772FF002800D0058037BD01291AD100
:10839000FFF76AFF041EF8D001235B420380A37835
:1083A000FF2BF2D0FE2B07D00023E078142200939D
:1083B00029001E3300F038FBA01C00F059FB0123FC
:1083C0005B426380E1E70229DFD1013901F0C2F8A5
:1083D0000028DAD12800FFF747FF041EDFD1D4E7D9
:1083E000FEFF0000FFFF0000022210B5074B5242C3
:1083F0001A80074801325A809A80DA8000F084FAA5
:10840000044801F029F8002010BDC0460066FF1F97
:108410008D820011698300110388F7B50400002BD9
:1084200002D102252800FEBD4268022113782548AA
:108430005268FEF7A7FD00282ED0234F01253A8869
:10844000002AEFD0802321885B0201259B1A9942E4
:10845000E8DC0C2004F058F9061E31D03B88228855
:108460009C4600231800019561469DB2491989B2C6
:10847000AA421BD8002801D062443A800023300071
:10848000082208C0210004F0A7FA104A1368002B44
:1084900013D100251660C5E76268022113780C48E5
:1084A0005268FEF76FFD0028C7D1BAE760681D016A
:1084B0004019418101330198D6E71A001B68E6E7AD
:1084C0001325AFE73ACC00119E43FF1FFC65FF1F49
:1084D00038CC0011014B18707047C046A043FF1FF5
:1084E00014230A0010B51A40194204D001221021A9
:1084F00001F04CF810BD4B06F9D4C84302234000EC
:108500001840F7E710B514008B0604D5012210219E
:1085100001F03CF810BD08230A001A40194202D1AC
:108520004BB2002B0FDA102101F030F8002808D0F0
:108530002300F2331B78002BECD0F1342378012B8D
:10854000E8D10020E6E703208907FAD4E2E700003B
:10855000F0B51F00184B85B01C6801900291039282
:10856000002C27D1200005B0F0BDA5683301ED181F
:108570006B89019A934211D3029A93420ED8002F2D
:1085800004D10A9B002B10D12C00EBE73B0029788B
:10859000039A6868FEF7F6FC0028F2D10136B6B2FD
:1085A000A388B342E1D82468DAE7A3680A9A5B8912
:1085B0001380E9E70026F3E7FC65FF1F37B50C00E1
:1085C0000A8849880123914217D3002A15D0651DD6
:1085D00023792A0002210A48FEF7D4FC1023002840
:1085E0000BD023796188208800242A000094FFF7AB
:1085F000AFFF0A23A04200D0230018003EBDC046B2
:108600003ACC001113B50A00088849880123884232
:108610000BD8002809D00024137905320094FFF705
:1086200097FF0A23A04200D02300180016BD13B5FF
:108630000A0008884988012388420BD8002809D0FD
:108640000024137905320094FFF782FF0A23A04229
:1086500000D02300180016BDF0B58BB003904A88F7
:1086600008880E000123824213D3002811D0002372
:10867000012704AC23700022718813000092FFF7D9
:1086800067FF05002078002D06D122780A23002AF2
:1086900041D118000BB0F0BD002835D12B78022B4A
:1086A00018D167706A8983000130E31880005A800E
:1086B00069680222201804F08FF923780133DBB2B5
:1086C0002370042B19D93B006889013080B2002B3C
:1086D000D1D0DAE702236370122358436A89231842
:1086E00004305A8069681022201804F075F9237844
:1086F0000133DBB22370002BE5D10A4A6B899B184A
:108700005A425341DBB2DFE76378012BE4D12B7887
:10871000022BC7D0B9E721000398FEF795F9002393
:10872000B7E7C0460100FFFF0F4BF0B50400186823
:10873000002816D083685D89A54207D88288AE18C4
:10874000B44203DA12019A18934201D10068EFE7AC
:108750001E005F891036A74204D1002900D00D8089
:108760001800F0BD3300EFE7FC65FF1F70B5050092
:108770000C0008880021FFF7D7FF03000120002B21
:1087800004D022002800197AFFF7BCFE70BDF7B5AF
:108790000C00002501902300EE331B78AB4201D87A
:1087A00000200AE06B00E65A00213000E718FFF7CE
:1087B000BBFF002802D126800130FEBD017A01985E
:1087C000FFF78EFE002802D03B882380F5E70135B5
:1087D000EDB2E0E710B5040008880021FFF7A4FF20
:1087E00003000120002B03D02000197AFFF778FE48
:1087F00010BD0000054B1B68002B01D1180004E0E0
:108800009A6852898242F6D198887047FC65FF1FAA
:10881000F0B50E27002687B0039302ABFF183E8009
:1088200005001F4B40891400984207D02B78013077
:1088300000976A6880B2FFF78BFE060002212B7852
:1088400018486A68FEF79EFB00280FD06C8920004C
:10885000FFF7D0FF002802D0013C0419A4B2039B0B
:10886000002B00D01C80300007B0F0BD02212B7817
:108870000D486A68FEF786FB0028E7D102212B78B5
:108880000A486A68FEF77EFB002807D0002EDED07B
:108890003B88A342DBD17489013CDFE76C89DEE7CA
:1088A000FFFF00003ACC001138CC001136CC00118B
:1088B00010B50C00FFF7D8FC03000220002B0AD0F3
:1088C000002C00D023609B781720FE2B03D00138AA
:1088D000FF2B00D1002010BD73B50D0001A90400CD
:1088E0001600FFF7E5FF172805D0002E04D1290058
:1088F0002000FEF725F976BD01221021200000F0AE
:1089000045FE0028F3D0F6E7014B18607047C046DB
:108910000C66FF1F37B56B469D1D01000400022247
:10892000280003F031FE2B88B02B0ED12379122BB7
:1089300009D12300FA331B78012B06D1012160886D
:1089400000F0E0F801E01B2BF8D037BD10B5054B67
:108950000421187000F098F8FFF746FDFEF76CFB55
:1089600010BDC0461066FF1F0020F0B50BB20F000F
:1089700087B0834234DA274B187803F015FD051EC3
:108980002BD00378A02B25D103AE3100FEF7E2F8FF
:10899000041E0BD1B378DB0724D51F4B06341B68AC
:1089A000002B03D03100688898470400A86800288D
:1089B00001D003F021FF002C08D1184A039B13407B
:1089C000174A934206D0B3781B2B03D00121688845
:1089D00000F098F8280003F05FFD80200002784046
:1089E00007B0F0BD0F4B1B68002B10D0310068881A
:1089F0009847041EDAD07378002BD7D1B27801A93A
:108A00000A704B800C716888FDF7F4FFCEE70624EE
:108A1000F1E7C0461066FF1F0866FF1F00FFFF005A
:108A2000000112000C66FF1FF7B50190FC200D003D
:108A300017001E0003F0D8FC04001320002C12D0F5
:108A4000B02320002370089BF42267706580267194
:108A50000830002B08D0190003F0BEFF2100019858
:108A600003F0DAFC0020FEBD089903F085FFF5E76E
:108A700010B5041E06D00078FD2803D803F02CFEA4
:108A8000FF23237010BD00000A1F93B210B504002D
:108A90000220032B05D882400020024BD1529B18A4
:108AA0009C7010BD3066FF1F0B8870B5043B04003E
:108AB0000D000220032B0BD80121200000F04AFDFD
:108AC00003001420002B03D02900200000F0DEFB5F
:108AD00070BD000007B51300034A00920A0001218F
:108AE00000F02CFC0EBDC046118D001107B501929F
:108AF00003220092024B0A00122100F047FC0EBD37
:108B00008F8D001107B56B4601AA11800449D880EA
:108B100008780633012802D1190003F0EDFD07BDE6
:108B20001166FF1F0C4B10B518700023FF210B4A74
:108B30001380138193819380094A5380137051727B
:108B400093819372D174D3821375517703F0B4FC7F
:108B500000F0FCF910BDC0464066FF1F3066FF1FE5
:108B60001266FF1FF0B58DB06B46002003910C22FA
:108B70009B5E834200DBB1E05D4B187803F014FC90
:108B8000051E00D1A5E00378902B00D09EE006AF33
:108B900001004688380000F013FA796804000029C3
:108BA00000D19DE03B88052B6FD13B89032B1CD95D
:108BB00005AC200000F0A2F86288172A60D8398935
:108BC000131D994231D17968237804310291D90774
:108BD00038D5607800F08EF9071E06D000230371A7
:108BE0002378012B08D0132B23D0A868002800D1AC
:108BF00079E003F001FE76E06288029909A800F0AE
:108C0000A6F80290380000F08BF909AA2378387A88
:108C10000192002231000092029A00F012F938000D
:108C200000F064F9029B002BDFD0300000F080F9E7
:108C3000DBE70378032BD8D16288029909A800F0FA
:108C4000D6F8DEE709AF122B12D13800029900F0F6
:108C5000B4F8021EE9D127498B88002BC5D088794A
:108C60002378019761780091310000F0EAF8BCE7C1
:108C700000233A003B8061783000FFF72BFFB4E718
:108C80001D4B09AA09936178F6E7042B02D09A1FBD
:108C9000012AAAD8174A043B9B00995A0029A4D05C
:108CA000D218907831003A0000F0ADF800289CD13D
:108CB0003B88042B03D001213000FFF723FF012C58
:108CC00004D1A868002801D003F096FD280003F025
:108CD000E3FB8020039B0002434018000DB0F0BD71
:108CE000012800D181E701213000FFF70BFFEDE7FC
:108CF0004066FF1F3066FF1F010017000B780370EE
:108D00004B784370CB788A781B02134343807047BB
:108D10000A88030002700A88120A42700A88012A2F
:108D200006D14A8882704A88120AC27004207047AD
:108D300002208242FBD14A8804309A704A88120A83
:108D4000DA708A881A718A88120A5A71EFE710B5A8
:108D50000400012082420CD94B780A781B0213438D
:108D60002380834206D1CB788A781B021343638029
:108D7000002010BD022BFBD1CB788A781B02134355
:108D800063804B790A791B021343A380F0E70B88B9
:108D900003700B881B0A43704B8883704B881B0A37
:108DA000C3708B8803718B881B0A4371CB888371D6
:108DB000CB881B0AC3710820704703000120082AD2
:108DC00014D14A780878120202431A80CA78887847
:108DD000120202435A804A790879120202439A80A9
:108DE000CA798879120202430020DA80704710B5F0
:108DF00004000120022A05D100204B780A781B02CA
:108E00001343238010BDF8B5060010200F00150095
:108E100003F0EAFA04000120002C0ED0A0230C225B
:108E2000290023806780201D002D07D003F0D4FD8A
:108E30002100300003F0F0FA0020F8BD03F09CFDA3
:108E4000F6E7F7B51E00009008AB142017001D7858
:108E5000019103F0C9FA041E12D0A2230370019BF2
:108E600047704380099B057146710C220830002B26
:108E700007D0190003F0B0FD2100009803F0CCFAF0
:108E8000F7BD099903F078FDF6E737B5041E0FD05A
:108E90004388002B0CD00025C1881323007A1722A9
:108EA00001950095FFF7CDFFFF2365806372257064
:108EB00037BD000010B50C4904004A88002A09D0CB
:108EC0008B89002B05D00020CB8A0222834201D05F
:108ED00010BD012213000A20434300204032C85431
:108EE000C81842800472F3E71266FF1F0023438014
:108EF00003707047094B00211A0010B55C88002CE4
:108F000006D01C79844203D10A234B43D01810BDEC
:108F100001310A330329F1D10020F8E71266FF1F5F
:108F200010B50400407A03F0D7FBFF23637210BD35
:108F30007047043010B580B203F0EEFA002803D079
:108F40000421494203F078FB10BD000070B50025F4
:108F5000104CA0682580A581A580A84202D003F00E
:108F60004BFCA56000250C4C0C4B606D1D80230054
:108F700058331D70A84202D003F03EFC6565002501
:108F80006068002801D003F037FC013508340A2D51
:108F9000F6D170BDD866FF1F7C66FF1FCC66FF1F31
:108FA00070B5041E09D1054D2880A881A880A86845
:108FB000002802D003F020FCAC6070BDD866FF1F13
:108FC000F0B54B8885B00193002343600A79050012
:108FD0000F00022A00D07BE0CA88032A17D98B68C9
:108FE0005E7819783602DC78D8790E4399781B7A46
:108FF00024021B020C43034353495BBA0B80331D0D
:1090000093421ED1042C04D0631F022B0ED90120E1
:1090100015E0019A4D4B1201D35A002B06D001984E
:10902000FFF7BEFF4A4A1369013313610421B86890
:109030002E812C80494203F0FFFA6860002005B0C1
:10904000F0BD434D042C06D0631F022B0FD9EB68F3
:109050000133EB60DBE7019A3C4B1201D35A002B42
:1090600005D00198FFF79CFF2B6901332B61374B2B
:1090700030000293019B029A1B0101930023019986
:109080008C468B52130063449C8003939E81FFF7B0
:1090900050FF039B041E986016D00421B868494213
:1090A00003F0CAFAFA880100043A200003F094FCA5
:1090B0000199029AFB888A5A043B9B18029A8B52A8
:1090C0002B6801332B60A2E7AB690133AB619EE7EC
:1090D0001E4B0293019B1E01029BF35A002B2DD0C5
:1090E00002998C19A068002828D0012A26D1FA8874
:1090F0009B189BB27352A189994217D39B1AC0182F
:10910000B96803F069FC029BA289F35A934200D02C
:109110007DE700222B81A3882B80A3686B60029BD4
:10912000F2520B4A53680133536070E7084A936860
:10913000013393600198FFF733FF68E7044A5369EE
:1091400001335361F6E7C0464266FF1FD866FF1F32
:109150004866FF1F70B5051E15D10B4C0B4B1880D0
:10916000230058331870606D002802D003F044FBD0
:109170006565250050356068002801D003F03CFB90
:109180000834AC42F7D170BD7C66FF1FCC66FF1F70
:10919000F0B51700A12285B0920001934243394BEC
:1091A00006001B680C009B18D933FF331D78FDF7B0
:1091B0003DFF0430854204DD3000FDF737FF043009
:1091C000C5B2BD4207D33A0000213000019B03F035
:1091D000F3F805B0F0BD2900380003F045FA23008C
:1091E000C6B250331E700393019B2900636538009B
:1091F00003F0AAFBCBB20293002B02D0039B0136F3
:109200001E7000262300503303931B78B34204D80A
:10921000606D002831D10020DBE7029A2800002A87
:1092200004D0013B1000B34200D02800F700E7193A
:10923000387003F099F9786000280ED03A780199D7
:1092400003F0CAFB019A3B780136D3180E4A01930A
:10925000D369F6B20133D361D4E7039B187060651C
:10926000A74205D1084A1320D36A0133D362B0E77D
:10927000606803F0C1FA0834F2E703F0BDFA002396
:109280006365C8E73409FF1F4866FF1FF7B50D0087
:1092900007000421686803F0CFF92B8904000370EC
:1092A0002B891B0A43702B8883702B881B0AC37081
:1092B0002E8902250436F6B2F42E15D81B4B9F4298
:1092C00014D10C2003F090F81135011E0CD090231E
:1092D00003708E3B0371043B4380154B8460C68052
:1092E000187803F099F800252800FEBD5C237B4325
:1092F000104AD3180093583301931B78002B0FD1D9
:109300000300320038000099FFF742FF019B05007F
:109310001B78002BE8D13800009903F0EDF8E3E763
:10932000054A0725536A01335362DDE7FEFF00005B
:109330004066FF1F7C66FF1F4866FF1FF0B587B0C1
:10934000009017200F0016000193FFF7F2FD132580
:10935000041E18D00C98031E02D00199201D9847B6
:10936000030AE370052303A9A07004300881277065
:10937000009866700B804C60FFF788FF051E02D0D6
:10938000200003F039FA280007B0F0BDF0B587B02F
:109390001F000CAB1B780391059301210DAB060058
:1093A0001C78049200F0D6F81425002821D0200063
:1093B000FFF780FD0135041E1BD01149059B0A787B
:1093C00003700132D2B2131EC68001D101231A00EC
:1093D0000B7022713000049B03990097FFF7AEFFDA
:1093E000051E09D1230021000648074A093302F06F
:1093F000C3FF280007B0F0BD002363802370F8E7A7
:109400004466FF1F8B8E001130750000F8B5050013
:109410000E00064C064F2368002B02D031002800B6
:1094200098470434BC42F6D1F8BDC046E866FF1F39
:10943000FC66FF1F0123064A5B4253800023137121
:109440005362044A136053609360D36013617047A2
:10945000FC66FF1FE866FF1F0200002310B50649E7
:109460009C000859002801D1625010BD0133052B22
:10947000F6D11320F9E7C046E866FF1F034A538878
:10948000181A43425841404210407047FC66FF1F83
:10949000F0B585B002930AAB1F780CAB1B88009027
:1094A00008000E0001920393FFF7E8FF050011206A
:1094B000002D1BD10E48FFF7E1FF04001520002C02
:1094C00014D006220B99A771E01D03F085FA019BC9
:1094D00030002371029B29006371009B668023701A
:1094E000039B6562E381FFF791FF280005B0F0BDA3
:1094F000FFFF000010B5FFF7C1FF04000220002CA1
:1095000012D060880121FFF781FF606A002801D036
:1095100003F02AFA28220021200003F02DFA01236B
:1095200000205B426380207110BD000030B5074A07
:10953000074C5588010013780020A54204D05B1A1F
:1095400059424B415842104030BDC046FC66FF1F97
:10955000FFFF0000084A10B501230C00904208D01C
:10956000FFF78CFF031E04D0037923405A1E93415A
:10957000DBB2180010BDC046FEFF0000024B187998
:10958000431E9841C0B27047FC66FF1F70B50400CF
:109590000D001600FFF772FF002804D10F4B9C420C
:1095A00000D0143070BD10230279416A13400029A5
:1095B0000AD10520002BF5D0897E0C20A9428941D3
:1095C000494249420840EDE70F20002BEAD09207BC
:1095D000F2D40A38002EEFD0E4E7C046FEFF0000C8
:1095E000030010B5002800D110BD0348034A41888C
:1095F0009142F9D09847F7E7FC66FF1FFFFF000094
:10960000002330B5C45CCD5C6C40D4540133102BC6
:10961000F8D130BD0F23002210B5C45C6400224392
:10962000CA54C25CD209013BF7D210BD020001004E
:1096300010B52032103102F08FFF10BDF0B58DB0A3
:109640000590102007931700069103F05DF8019034
:10965000102003F059F8019B13240290002B05D031
:1096600000280CD11324019803F07EF9029B002BF3
:1096700002D0180003F078F920000DB0F0BD1020E2
:1096800003F042F80600102003F03EF81324050012
:10969000002E00D1B3E0002819D01022002103F0E1
:1096A0006BF932002900059802F056FF041E0ED116
:1096B00033787F2B56D830000199FFF7ABFF019B21
:1096C0001B787F2B58D802990198FFF7A3FF300031
:1096D00003F04AF9002D02D0280003F045F9002CD0
:1096E000C1D1102003F010F80600102003F00CF890
:1096F0000390002E00D180E000287CD03A000121A8
:109700000F3223001211049106D013B204930F23D9
:109710003B405A4253411BB2049A013A1201002BBA
:1097200034D0069BD2B298180199039AFFF768FFCC
:1097300010220021300003F01FF9049D069F013D17
:10974000ADB22D017D19AF4242D0002C33D0300094
:1097500003F00AF9039B002B00D184E7180003F003
:1097600003F980E729003000FFF754FF280026495D
:10977000019AFFF745FFA2E729000198FFF74AFF8A
:1097800028002149029AFFF73BFFA0E70F25069921
:109790003D408A1808A8D9B28D4207D9D15C195426
:1097A0000133102BF7D1039A0299BFE7691A4F4290
:1097B0007941C901F3E73900300008AAFFF720FF1B
:1097C0003200059808A902F0C7FE10370400BAE776
:1097D000002CBCD13000039908AAFFF711FF32001A
:1097E00008A9059802F0B8FE082204003100079885
:1097F00003F0F2F8ABE71324A9E71324AAE7002843
:1098000000D069E72EE7C04640CC0011F0B58BB020
:109810000F0016000225009000283FD0002A3DD0FE
:109820000B1DDBB21800029302F06EFF1135041E0F
:1098300034D0FDF73BFD05003A000099201D02F0F1
:10984000D3FEEBB20393E3702B0CDBB22F0A009331
:109850006370FFB22B0E2370A7700193FDF720FDFC
:109860001022010006A802F0BFFE2100029A04ABFC
:1098700006A8FFF7E3FE051E0DD1039B08223370F7
:10988000009B04A9B370019B7770F370301D02F048
:10989000ABFEFDF711FD200003F066F828000BB0C9
:1098A000F0BDF0B58FB00D00149E039004920593A7
:1098B000002A03D1022420000FB0F0BD002EF9D001
:1098C0000398FFF7DBFD1424071EF4D07278337879
:1098D00012021A43B3781B041343F27812061A4398
:1098E000036A0192934201D30133E3D1002D03D0E7
:1098F0003B7901249B07DED50822002106A803F04E
:109900003BF8059B13240433DBB21800029302F0EA
:10991000FBFE051ECFD0059A0499043002F064FEC8
:1099200004223100280002F05FFE390010221031BD
:109930000AA802F059FE2900029A06AB0AA8FFF70E
:109940007DFE041E0FD1082206A908A802F04CFED5
:109950000822311D08A802F067FF012807D10199EC
:109960000398FDF7BDFC280002F0FEFFA3E70124E9
:10997000F9E7000070B51C4C05002368181E10D0D4
:10998000002D14D11A78002A0CD1981C083203F04B
:1099900023F802F0D9FE0135002808D123681D7094
:1099A000012070BD0A331800082203F015F823685F
:1099B000002BF5D0122002F017FD061E0DD0C1239A
:1099C00021680370457002311022023003F004F860
:1099D00023683100587802F01FFD206802F0C4FFB0
:1099E00000232360DCE7C0462467FF1FF8B50400AE
:1099F0002020FDF749FB0D4EA700BB590500002BA9
:109A00000DD000280BD0D878FF2809D108492A00AA
:109A10000C55F35907480333611802F0ADFCF8BD4B
:109A2000290002F0F1FD0028F0D1F8E74067FF1FA0
:109A30002867FF1F3DAC001170B5064D84006359C7
:109A4000002B05D0D87802F047FEFF226359DA7068
:109A500070BDC0464067FF1F70B506008CB00C009B
:109A6000150000213022684602F086FF31001022E6
:109A7000684602F0B9FD1D2021000322684402F06F
:109A8000B3FD6846FFF7D2FD2D2104000322280014
:109A9000694402F0A9FD20000CB070BDF0B50400CF
:109AA000170097B001931CAB1D7830221EAB0091BC
:109AB0000AA800211E7802F05FFF2100102202ACEC
:109AC0000AA802F091FD10220021200002F054FFAC
:109AD00007223900200002F087FD07220199A01813
:109AE00002F082FD33005A1E9341A3732B005A1ECD
:109AF00093410021102206A8E37302F03DFF0622E5
:109B00001D9907A802F070FD1A2006221F9900195E
:109B100002F06AFD102200990EA802F065FD1023E4
:109B20000EAA11782078013B4140DBB2117001345C
:109B30000132002BF5D10AA8FFF778FD102212A9F7
:109B400004000EA802F048FF102206AB0EA9087808
:109B50001D78013A6840D2B2087001330131002A01
:109B6000F5D10AA8FFF762FD044310222098E4B261
:109B700012A902F039FD200017B0F0BD70B50E003B
:109B800014008CB00100102268461D0002F02CFD6C
:109B90003100082204A802F027FD2100082206A8AF
:109BA00002F022FD6846FFF741FD04001022280064
:109BB00008A902F019FD20000CB070BDF8B5060030
:109BC0000D0000243719AC4200D3F8BD02F0FCFDB3
:109BD000030A3B70631CDBB201379D4203D9023498
:109BE000F054E4B2EEE71C00EDE7F7B507000C0017
:109BF0000225002818D0002916D001AE032130001C
:109C0000FFF7DCFF3F23B27831001A4001331343E2
:109C100038002200B370FFF71FFF051E04D1032296
:109C20003100E01C02F0D8FE2800FEBD0378580782
:109C3000DA08C00FD20080009B0710439B0F184327
:109C4000C0B2704707230B40C908C9000B4303701B
:109C50007047000070B50400FFF7EEFE134DA4003E
:109C60006359002B21D0186A002801D002F07CFE35
:109C70002B59986E002801D002F076FE2B59D86E31
:109C8000002801D002F070FE2B59186F002801D077
:109C900002F06AFE2B59586F002801D002F064FED2
:109CA000285902F061FE00232B5170BD4067FF1F51
:109CB0000E4B8000C35870B50C00002B0FD09D6870
:109CC000002D0CD02B78201D0B706B784B70A97C6D
:109CD000FFF7B8FF2B7E23726B69E36070BD102223
:109CE0000021200002F048FEF8E7C0464067FF1F51
:109CF000014B18607047C0463C67FF1F074A0300CE
:109D00008000825810B5002A06D0D088984203D12E
:109D1000012901D1FFF79EFF10BDC0464067FF1F1C
:109D2000F0B5254E95B087000B93BB5905000991FE
:109D300012200A92002B2FD0D888FFF79FFB040037
:109D40001420002C28D0280010A9FFF7B1FFBB5920
:109D50001E781F6A002E21D0FDF7E8FA0790002038
:109D6000FDF7EAFA0890A5793800E61D10AF0CA9B6
:109D700000F0E2FA0EA9380000F0D7FA0B9B0A991E
:109D80000493089B09980193079B039600930295FF
:109D90000EAB0CAAFFF782FE15B0F0BDFDF7C6FAB8
:109DA00005003000FDF7C8FAA37906000793E31D0C
:109DB000089310A8DBE7C0464067FF1F30B50D4C85
:109DC00085002A59030085B00120002A0DD0180013
:109DD0006946FFF76DFF2B59D8881B78002B06D0FA
:109DE000054B6A46072100F0DAFB05B030BD034B96
:109DF000F7E7C0464067FF1F2BA3001139A30011EE
:109E000030B5094C8500295985B0102268462531A6
:109E100002F0E2FD2A591121044BD0886A4600F075
:109E2000BEFB05B030BDC0464067FF1FD5A3001183
:109E300030B5094C8500295985B010226846353166
:109E400002F0CAFD2A591121044BD0886A4600F05D
:109E5000A6FB05B030BDC0464067FF1F13A400112C
:109E6000F8B54D4F86001020F4590D0002F04CFC5F
:109E7000F3592062186A132200286DD02900033A92
:109E80009C6802F0A9FDF359197800295AD1227D66
:109E9000186A94466646027B0F00724001263242E1
:109EA00001D167463740227DB2433A432275077B92
:109EB000D6B27A400027920701D4B607F70F0226E0
:109EC000227D7F00B2433A432275067BD7B27240AF
:109ED0000026B446520702D47F07FA0F9446624622
:109EE00004269700227DB2433A432275627D002703
:109EF00094466646427B72400126324201D1674653
:109F000037400126627DB2433A436275477BD6B241
:109F10007A400027920701D4B607F70F0226627D28
:109F20007F00B2433A436275407BD6B24240002084
:109F3000520701D47607F00F0426627D8000B243F9
:109F4000024362756A78002A08D06278002A05D038
:109F500005220533DA7700221000F8BD04222879A3
:109F6000104205D1A07C104202D10533033AF1E73B
:109F700020782C78002902D1020020001400182239
:109F80000428E9D8042CE7D805216143034A0533A6
:109F90005218125CDEE7C0464067FF1F50CC00112C
:109FA00010B50A001121024B00F0F9FA10BDC046AD
:109FB0006FA400110B0030B587B001AD2B806B464C
:109FC00004001100981D082202F006FD2A000B2152
:109FD0002000024B00F0E3FA07B030BD97A4001157
:109FE00010B50A001121024B00F0D9FA10BDC0468D
:109FF000EBA4001137B56D460B0004001100681C7E
:10A0000006222B7002F0E8FC6A4608212000024B71
:10A0100000F0C5FA37BDC0460BA5001110B50A0007
:10A020001121024B00F0BBFA10BDC0465BA5001128
:10A030007FB505000B4BAA00D4580800002C0FD0A8
:10A04000666F237FE28821780396266F0296E66E7C
:10A050000196A46E0094FDF7FFFB2800FFF7FAFDC0
:10A060007FBDC0464067FF1F10B51721FFF7E0FF17
:10A0700010BD000070B50A000D00064B022104005F
:10A0800000F08DFA060029782000FFF7D1FF30009C
:10A0900070BDC0463BA40011F0B587B000236C46EC
:10A0A0002370836805001E78701E0A2857D801A9FE
:10A0B00002F0D2FB06063135393D4145494D51008C
:10A0C000180000F040F90623122849D000281AD1C0
:10A0D0006888FFF7D3F90823002813D04279002AB3
:10A0E00044D1254B1A78072312070BD5234B1A6846
:10A0F0000723002A06D01768002F03D0310001AAD9
:10A10000B847030023702378002B2AD16888FFF713
:10A110006DFC07B0F0BD180000F06CF9D6E7180030
:10A1200000F087F9D2E7180000F093F9CEE71800A5
:10A1300000F0ADF9CAE7180000F0C3F9C6E718004F
:10A1400000F0F6F9C2E7180000F0F6F9BEE71800D3
:10A1500000F013FABAE7180000F013FAB6E7072385
:10A16000237021006888FFF785FFD2E70523012AC5
:10A17000C8D1034BBBE7C046CD65FF1F3867FF1F43
:10A180003C67FF1FF8B52C4F8600F35904000D0003
:10A19000002B40D0DA8882423DD15A78062A33D14A
:10A1A0001A78002A2ED0012099681A6A097D014286
:10A1B00006D0157B054203D007225A700120F8BD56
:10A1C0000220014204D0157B054201D00922F4E7A8
:10A1D0000420014204D0127B024201D00B22ECE7A2
:10A1E000164B1B68002BE9D05B68002BE6D02000E3
:10A1F0009847BB5900215B78122BDFD12000FFF775
:10A2000017FFDBE70E4BECE7112A04D1002900D041
:10A2100032252900F2E7002D08D12000FFF72EF9A2
:10A22000002803D010230279134303712100280072
:10A23000FDF792FAC2E7C0464067FF1F3867FF1F6D
:10A240003C67FF1F70B50E4E8500AB590400002B14
:10A2500013D01B78002B11D10A4B1B68002B04D0A4
:10A260005B68002B01D02000984773595B78122B54
:10A2700003D100212000FFF7DBFE70BD024BECE7AD
:10A280004067FF1F3C67FF1F3867FF1F094B8000B7
:10A29000C3581020002B0CD01A6A002A09D09B68E2
:10A2A000002B06D0127A1B7E101C9A4200D9181C73
:10A2B000C0B270474067FF1F70B503000D00140067
:10A2C0000220002A30D000292ED013700B78081DF0
:10A2D00053704B789370FFF7A9FCE07001200221C6
:10A2E0002B7A23716B7B034063716A7B0A401343B3
:10A2F000042263716E7B1640334363716E7BF608F4
:10A30000F600334363712B7B0340A371287B01402C
:10A3100000200B43A371297B0A401343A3712A7BBE
:10A32000D208D2001343A37170BD10B50A0001001A
:10A330000120FFF7C1FF10BD10B50A000100022087
:10A34000FFF7BAFF10BD70B506000C000220002E0A
:10A3500030D000292ED07378201D0B70B3784B704D
:10A36000F178FFF76FFC01223579257271794B1076
:10A3700008001340934010400343881010408000B1
:10A38000C9080343C9000B436373B1794B1008003C
:10A390001340934010400343881002409200C908C4
:10A3A0001343C9000B4321202373FCF76DFE854244
:10A3B00001D2122070BD2220257AFCF765FE85426D
:10A3C000F7D823781820042BF4D86378012BF1D820
:10A3D0000020EFE7030010B50220002909D0002B70
:10A3E00007D00322481C0A7019000D3202F0F4FA5B
:10A3F000002010BD03000222080010B5002B06D07B
:10A40000002904D00E32591C02F0E6FA0022100096
:10A4100010BD030010B50220002909D0002B07D081
:10A420000422481C0A7019000C3202F0D5FA0020F0
:10A4300010BD10B5FFF7DEFF10BD0300022000299C
:10A4400006D0002B04D0052200200A701B784B7028
:10A45000704703000220002B08D0002906D05B784B
:10A4600000200B70013B082B00D918307047030007
:10A4700010B50220002909D0002B07D00622481C65
:10A480000A7019000A3202F0A7FA002010BD10B5B8
:10A49000FFF7B0FF10BD02000B00022010B500292D
:10A4A0000ED0002A0CD0072119701188597011881C
:10A4B000090A997011180822D81C02F08DFA0020A0
:10A4C00010BD03000A00022010B5002B0CD000299B
:10A4D0000AD099785878090201431180901CD91C40
:10A4E000082202F079FA002010BD030010B5022006
:10A4F000002909D0002B07D00822481C0A70190037
:10A50000921802F069FA002010BD02000B00022030
:10A5100010B500290BD0002A09D009211970117833
:10A5200018185970511C062202F056FA002010BD6E
:10A5300010B5FFF75FFF10BD02000B00022010B541
:10A54000002A09D0002907D0517819701118062265
:10A55000581C02F041FA002010BD030010B5022083
:10A56000002909D0002B07D00A22481C0A701900C4
:10A57000063202F031FA002010BD10B5FFF73AFFA5
:10A5800010BD02000B00022010B5002A06D00029E1
:10A5900004D018005178FFF755FB002010BDF0B52E
:10A5A0001F00062387B003AD060008002981019231
:10A5B0002B80FEF7BEFC1324011E68600CD00198AE
:10A5C000B847041E05D129003000FEF76DFA041EBD
:10A5D00002D0686802F010F93000FFF707FA200097
:10A5E00007B0F0BDF0B504008BB00191150000215B
:10A5F000102202A802F0C0F9334EA700B859002873
:10A600003CD0C388A34239D10378002B36D142789D
:10A61000062A18D102000100553235310C3006AB44
:10A62000FFF7ACFA002829D12000FFF72FFE020027
:10A6300006A902A802F0D0F9200002A901F044FF07
:10A6400001200BB0F0BD816E002917D00B8A112AB2
:10A6500028D19D420ED101981231093A02F0E4F856
:10A66000012807D1BB5920009D6EFFF70FFE29007E
:10A670000200DEE732212000FFF7DAFC2000FEF7BF
:10A68000FDFE061E1BD0416A002918D00B8AAB4282
:10A6900015D108220198123102F0C6F801280ED116
:10A6A000716A0AE09D42E9D108220198123102F054
:10A6B000BBF80128E2D1BB59996E8A7EB9E7200028
:10A6C00002F09AF9BCE7C0464067FF1FF0B56E4D37
:10A6D00087007E5985B0337802900393002B00D019
:10A6E00085E0B368346A01937078062817D1012297
:10A6F0001B7D134202D0217B114218D1022213424A
:10A7000002D0217B114251D10422134203D0237B7A
:10A71000134200D08EE0019B5A7DEB5982E007384E
:10A720000428F8D802F098F8032E42658600B36E2C
:10A73000002B03D11C2001F0E7FFB066EB599C6EA3
:10A74000002C1CD010220021200002F015F90298E4
:10A75000FFF79CFD01002000FFF730FA02F034F80B
:10A760002082200008211230FFF728FA0298FFF714
:10A770008DFDA076EB592100D888FFF711FC082247
:10A78000EB591CE0B36E002B05D01A00198AF08833
:10A790001232FFF70FFC0222019B197DEB59114287
:10A7A00050D0207B10424DD0073208E0F488FCF7EF
:10A7B000D5FD01002000FFF713FC0A22EB595A7067
:10A7C0005A78073A042A12D8D888FEF757FE00288C
:10A7D00056D0C3895A08D2182C49029B0298CB54F0
:10A7E0009B00EB5841180433294801F0C5FD05B022
:10A7F000F0BDFCF79BFD03000120834201D1002046
:10A800000393EB59DE88FCF797FD039902003000B3
:10A81000FFF7F0FB019AEB59117D0422114218D188
:10A82000019A527D01210A4218D0607B084215D05E
:10A830000C22C4E7F688FCF733FD01003000FFF777
:10A84000EDFB68E704221142EAD0217B1142E7D0F8
:10A85000AAE7217B1142E3D00B22B0E702210A4292
:10A8600004D0607B084201D00E22A8E704210A42EE
:10A8700004D0627B0A4201D01022A0E712229EE798
:10A88000FA225200A8E7C0464067FF1F4467FF1F37
:10A8900047AC001110B5064B1A780423100018407D
:10A8A0001A4200D00348FFF723FA002010BDC0462B
:10A8B000CD65FF1FA443FF1F70B50400FFF7D0FA5A
:10A8C000051E43D12000FFF779FA234EA400A059BA
:10A8D0008268937CDB0708D50321036A1B790B4050
:10A8E000012B02D1017F0B430377431DD97F8B1EC0
:10A8F000022B0DD8022900D00121C088FCF784FF6B
:10A90000042133591A7F59700A431A77280070BD01
:10A9100001290CD102231022437000210C3002F0D7
:10A920002BF8305910213530FFF748F9EEE70529AB
:10A93000ECD10223D118437010220C3002F04CF8F5
:10A9400004233259117F0B431377EAE708251828AF
:10A95000DCD1053DDAE7C0464067FF1FF0B58BB09C
:10A96000059143887C4F9E00F45915000493002CF8
:10A9700015D1012902D000200BB0F0BD101D577871
:10A980001678FFF753F9EB68320002932B7A04999B
:10A99000019300903B002000FCF700FFEBE7E38809
:10A9A000049A934201D00820E6E72378012B00D1D6
:10A9B000D0E0059B581E092800D9CBE001F04CFFE0
:10A9C00005CA0A29C8506C859AB229000498FFF775
:10A9D00073FFD1E7200029001022453001F0FCFF71
:10A9E000B9594B78042B02D1013B4B70C3E70B00E4
:10A9F0000A00253335320C310498FFF791F9049899
:10AA0000FFF7FEF90522431E9841BB59C0005A705A
:10AA1000B2E7200029001022553001F0DDFF049B31
:10AA20004D4C9D00295904980A0006AB55320C3153
:10AA3000FFF776F929591022453106A801F0F4FEF6
:10AA4000012808D10498FFF7F3F90590002804D1F4
:10AA500006222B595A7005988EE708230593FAE7CA
:10AA600063780C2B76D1E36E002B03D11C2001F010
:10AA70004BFEE066BB59D86E00286BD0102229002F
:10AA800001F0AAFFBB590498DC6EFFF7FFFB0D2213
:10AA9000A076BB595A706EE7E06E00285AD06378F2
:10AAA0000D2B57D12B8808220382A91C123001F0EC
:10AAB00093FFBB599A68517D0222114226D0186A31
:10AAC000407B104222D00C32E4E763780E2B41D158
:10AAD000236F002B03D1162001F016FE2067BB590F
:10AAE000186F002803D01022290001F075FF0F22F3
:10AAF000BB59CFE763780F2B2CD1206F0622691C3E
:10AB0000103001F069FFBB599A68517D042211424F
:10AB100003D0196A497B1142D5D100210498FFF76F
:10AB200087FA28E7606F002808D1143001F0ECFDA7
:10AB3000BB596067586F002800D134E71022290004
:10AB400001F04AFF0122BB5952425B6F1A61E4E7F0
:10AB50002978E3E707200FE74067FF1F10B5064C91
:10AB6000207001F021FE06212078FDF78DFF0348BB
:10AB7000FEF772FC10BDC0465367FF1FFD9C00111D
:10AB800000200BB270B50D00834216DA264B187800
:10AB900001F00AFC041E0DD00378922B0ED0A02BDE
:10ABA00037D0224B1878FF283AD0210001F034FC2E
:10ABB000002835D180200002684070BD43780E2BFC
:10ABC0000BD03E2BEDD18378052B12D0082BE8D18A
:10ABD00081798088FFF7D6FA08E0154B82889A427F
:10ABE000DFD183681878591CFEF7C4FE0028D8D03E
:10ABF00016E0104B1B785B0712D50F4B1B68002B20
:10AC00000ED09B68002B0BD0C289811D808898478D
:10AC1000ECE7FFF741FAA068002801D001F0ECFD55
:10AC2000200001F039FCC5E75367FF1F9D43FF1F5C
:10AC300018200000CD65FF1F3C67FF1F10B500788E
:10AC4000FFF712FA10BD10B50078FFF7FBFA10BD40
:10AC50000C234343084A10B59B185A68002A03D0B6
:10AC6000012901D1904710BD9B68002BFBD0002922
:10AC7000F9D19847F7E7C0467067FF1F012383406B
:10AC8000094A10B5946B1C439463506B984350630E
:10AC9000D46B20009843012901D120001843D063D0
:10ACA000116B0B43136310BD00800040F0B500240E
:10ACB0000127154B85B0DA6B144E03921A6C019282
:10ACC000DA64019BE3403B4217D0039DE5403D40E1
:10ACD0000295E5B202992800FFF7BAFF316A736A5C
:10ACE000002908D03900002B01D0029979402800B2
:10ACF000FFF7C4FF01E0002BF9D101340C36172C0B
:10AD0000DFD105B0F0BDC046008000405467FF1F92
:10AD1000064B01215A68C2400A4204D01B68C34056
:10AD20001800084070471B6DF9E7C04600800040DE
:10AD30000122064B8240002903D0D9680A43DA6019
:10AD40007047D9689143D960FAE7C046003800409F
:10AD50000322424370B50F4DAB189C785E780123F7
:10AD6000361B0136B340013BA340A140DB430C003E
:10AD7000122808D8525D08499200521811681940EB
:10AD80002143116070BD054A11680B4023431360D5
:10AD9000F8E7C04697CC001108F0004014F00040DE
:10ADA000C21F70B5D4B20623092C0BD80125084C5C
:10ADB0009540002908D00021FFF7CAFF23682B43E4
:10ADC00023600023180070BD2368AB43F8E7C0463A
:10ADD00000380040214BF0B51B185B78022B21D1C5
:10ADE000032444431E4A1F4EA35C12199478012287
:10ADF00015008540B76B013CE4B23D43A240B5630A
:10AE0000194C122815D89B0000290CD117495B1842
:10AE100099680A439A600123205C154A83401168AF
:10AE20000B431360F0BD11495B1899689143996019
:10AE3000F1E70E4B00290DD159690A435A61225C92
:10AE40001328E8D00123203A93400A4908680343B5
:10AE50000B60E7E7596991435961F0E75467FF1FB9
:10AE600097CC001100800040DCCC001100F00040C5
:10AE7000A0F00040A4F00040F8B500241B4E1C4D8B
:10AE80001C4B1B5D012B1FD1194A9269E2401A42EB
:10AE90000BD00122B25693402200143AD2B2022AB9
:10AEA00009D815494A6913434B61013402360C3500
:10AEB000172CE5D1F8BD0022B2560F499200521866
:10AEC00091680B439360F0E7022BEED1E7B23800B4
:10AED000FFF71EFF01235840C1B23800FFF77AFF89
:10AEE0003800FFF715FF6877DFE7C04669CC00112F
:10AEF0005467FF1F5567FF1F00F000400122023812
:10AF00008240054B002903D059690A435A617047B2
:10AF1000596991435961FAE700380040F8B50E00CD
:10AF200001210F008740114A0400D368FD43BB4351
:10AF3000D360831E8B4201D8FFF7E0FF0021200081
:10AF4000FFF72EFF0A4A0B4B5168012E05D13943FA
:10AF50001B1951605E700020F8BD2940516002222B
:10AF60001C1962709A6915409D61F4E70038004031
:10AF7000008000405467FF1F012210B58240074B3C
:10AF8000002906D019680A431A600121FFF7C6FF9D
:10AF900010BD196891431960F7E7C0460080004072
:10AFA0000C2370B5002543430A4A29009B181D70E5
:10AFB000094B04001B185D70FFF7B0FF0123A3408D
:10AFC000064928000A681A430A6005490A689A4334
:10AFD0000A6070BD7067FF1F5467FF1F3480004018
:10AFE0003080004070B504000E00FF2813D0032508
:10AFF0000540FFF7D5FF084AA3089B009B183F2296
:10B00000ED00AA40AE401968200091433143196019
:10B010000121FFF78DFE70BD18380040F8B50C24F3
:10B020004443134B0500E4186368002B03D1A36865
:10B030001220002B1AD0022201270E4B00215B198F
:10B040005A7028002770FFF769FF63681E1E08D03A
:10B05000A3683E00002B04D02800FFF759FE4640AD
:10B06000F6B228003100FFF709FE0020F8BDC04607
:10B070007067FF1F5467FF1FF7B5C420FF222A4BDC
:10B0800080001958002591433F3A0A431A50802204
:10B09000264E5202264F1A60264B5C5D002C22D0B1
:10B0A000AB1E012B03D80121E8B2FFF727FF012CCB
:10B0B00019D11E4B9B69EB40234214D0EBB2180010
:10B0C0000193FFF725FE01000198FFF755FF0123CB
:10B0D000FB569C40EBB2143BE443022B1AD8164AB1
:10B0E000536923405361337F002B0DD0ECB2200015
:10B0F000FFF794FF2000FFF70BFE737F01008342F0
:10B1000002D02000FFF7A4FD01350C360237172DC1
:10B11000C2D1F7BD0023FB56074A9B009B189A68D3
:10B1200014409C60DFE7C04600E100E05467FF1F69
:10B1300069CC00115567FF1F00F0004070B50E008C
:10B1400015000400FFF72CFF0C236343094A20007D
:10B150009B189D605E60FFF761FFF021064B074A78
:10B160008900051E5A5002D02000FFF719FF280061
:10B1700070BDC0467067FF1F0000FF1FADAC00111F
:10B1800070B5134D07202C78002C1FD19822210078
:10B190005200280001F078F90123C420FF222B700F
:10B1A0000C4B80001C635C630B4B1C605C600B4BA6
:10B1B000195891433F3A0A431A50802252021A60AA
:10B1C0000D20074A074901F0B7FB200070BDC046BB
:10B1D0005467FF1F00800040A0F0004000E100E045
:10B1E00079B0001179AE0011F7B5050001282BD018
:10B1F0000B220827184C01239340184A184ED36796
:10B200006B010193F318187CFF2802D00021FFF78F
:10B210008FFD6B01F6180021707CFFF789FD002679
:10B220008023380023732671267026732672666089
:10B2300001F03AFA380001F0EFF90A4BB54207D1B4
:10B24000EB2292009D50F7BD11221927064CD2E740
:10B25000F12292009E50F6E70040004004E100E039
:10B260000869FF1F0000FF1F00900040F0B585B087
:10B27000060001F039FB03903000FFF7B5FF012E07
:10B2800000D17AE0052308270293013B0193434C48
:10B2900007330093424D7301EB181A7CFF2A02D149
:10B2A0005B7CFF2B67D0380001F086FB380001F093
:10B2B000FBF97301EB18187CFF2802D00221FFF77D
:10B2C00047FD7701ED190221687CFFF741FD287CDD
:10B2D0000199FFF787FE687C0299FFF783FE002340
:10B2E00023736969039A4B081011C01801F0BCF967
:10B2F0000023236180332373030ADBB22371EB7EC7
:10B30000C0B22070002B41D01B232373244BDA19C9
:10B31000117E012200293BD0872121726260616881
:10B320007F320A43DB199B7E6260002B03D002232D
:10B330006268134363601B4A002E2BD1EB211A4B2A
:10B3400089005350009B194A9B089B009B180322BD
:10B35000009CC0202240FF24D20094408000195855
:10B36000A1438024944022000A431A500123009AEA
:10B3700093400E4A136005B0F0BD09230293013BD0
:10B380000193093319270A4C009383E70323BCE791
:10B390002172C7E7F121074BD2E7C04600400040C9
:10B3A0000869FF1F0000FF1F051BFF1F00E100E0F1
:10B3B00000900040451BFF1F10B50020FFF756FF0F
:10B3C00010BD10B50120FFF751FF10BDF0B587B0DB
:10B3D00005930CAB1D78174F6E01F35D029002AC24
:10B3E000112003910492002B1ED1637A0C38019333
:10B3F000002B19D119002022F01901F045F80E4B4D
:10B40000F31807CC07C39C466246236828001360E4
:10B41000FFF72CFF0123F355002D07D12900082049
:10B42000064A01F089FA002007B0F0BD1920044A4D
:10B430000199F6E70869FF1F1869FF1FB9B30011EA
:10B44000C3B3001170B50400FFF7CEFE084D6601CE
:10B4500020220021701901F017F8002308207355ED
:10B460009C4200D0192001F0EFF8002070BDC046CA
:10B470000869FF1F7622014BDA6070470020004008
:10B48000030010B50620072B09D8054A137001F0F8
:10B4900043F9D7210020034B034A89005A5010BDBD
:10B4A000CC43FF1F0000FF1F851BFF1F70B51D0051
:10B4B00002240C2910D8094ACA40D2070CD5FBF740
:10B4C000EFFD041E08D1059A04992800FBF704FE3D
:10B4D000FCF770FCFFF7DEF9200070BD12100000D1
:10B4E00030B50D7802232C009C43184201D02B4329
:10B4F0001C0008252300AB43284201D02B00234326
:10B5000020241D00A543204201D01C4325002A23EE
:10B510000D70184204D011781E3B0B43137030BDE0
:10B520000028FCD10C2113788B43F7E7F8B51D00F8
:10B5300006AB1B88140007AA0E000B201778002BFF
:10B5400027D10A78022A49D14A6850781178000236
:10B55000244A08438018042840D801F07DF90312DA
:10B560001D1B2300F06800F087FF021CC0B2B84228
:10B5700000D93A1CD2B22000F1682A8001F02CFADE
:10B5800006E00222F3681B882A8023701B0A63707E
:10B590000020F8BD0622EEE701232B80F3681B781C
:10B5A0002370F5E7F368002B16D008222A801A884A
:10B5B00022701A88120A62705A88A2705A88120A77
:10B5C000E2709A8822719A88120A6271DA88A271EE
:10B5D000DB881B0AE371DBE72B80D9E701202B8096
:10B5E000D7E7C04600D6FFFFF7B516000A781D0062
:10B5F00008AB1F880C000123022A18D14A68507832
:10B60000117800022B4A0843801803280FD801F054
:10B6100023F902254439E06800F02EFFC0B2072369
:10B62000B84204D37B190193152B02DD0D231800BA
:10B63000FEBDE0682A003100C01901F0CDF96B466B
:10B6400000209B88E268D0541B4B1B68834203D0C8
:10B650001B68834200D098470023E8E70B23002FA4
:10B66000E5D1022DE2D1737832781B021343E268F0
:10B670001380114B1B68002BEED01B68002BEBD006
:10B680000120E8E70B23002FD1D1062DCED12A00CF
:10B690003100E06801F0A0F9DEE70B23002FC6D1EE
:10B6A000012DC3D132787533012AC0D8E3681A70EE
:10B6B000D2E7C04600D6FFFF6069FF1F70B50C00DF
:10B6C0001500072837D801F0C7F8041436361B36A2
:10B6D000242E182015290BD8184E162200213000D0
:10B6E00001F04AF922002900300001F075F900202C
:10B6F00070BD18200229FBD11288114B1A80F6E781
:10B7000018200829F4D10A000E48290000F03CFF57
:10B71000EDE718200129EBD10B4B10780B49DA69C2
:10B72000FFF7DEFEE3E718200129E1D1064B107890
:10B730000749DA6BF4E70220DAE7C0464869FF1FE1
:10B740004A44FF1F4044FF1FD043FF1FF843FF1F21
:10B750001844FF1F030010B50020DB0704D50721A4
:10B76000024A034800F08CF810BDC046F4CC00112A
:10B77000D043FF1F054A03001068002803D08288C9
:10B780009A4201D1806870470068F6E7586BFF1F46
:10B790000A88030008009A4204D08A8804309A423A
:10B7A00000D000207047000073B506006846150001
:10B7B00001960180FCF730FE041E11D1002D0FD040
:10B7C0007689002E11D00C2000F09EFF00280ED0AC
:10B7D000084A0460136886808560002B02D11060DF
:10B7E000200076BD1A001B68F7E70224F8E713244F
:10B7F000F6E7C046586BFF1FF8B5F22200230D4F45
:10B800000D4E7968050042433370994200D07B6049
:10B810000A4C0021200001F0AFF800231A007C60E0
:10B820009D4201D13570F8BD01332280DBB2F23484
:10B83000F6E7C046506CFF1F4E6CFF1F5C6BFF1F8E
:10B84000012100220A4B10B549420A4C1980998007
:10B850009A719A70084B2070012019805A60FFF786
:10B86000CBFF2078FCF736FE0448FDF7F5FD10BD50
:10B870006869FF1F586CFF1F506CFF1F2DB9001126
:10B88000022310B5002802D0FFF78EFF0300180036
:10B8900010BD0000030010B50020DB0704D5042113
:10B8A000024A0348FFF780FF10BDC04608CD0011D3
:10B8B0005044FF1FF0B50E2687B003930CAB1F88D2
:10B8C00002ABF6180500080031000292FCF72CFFCD
:10B8D00004000120002C0FD03088FFF74BFF03003D
:10B8E0000E20002B08D05E68002E05D02100280015
:10B8F000039B029A0097B04707B0F0BD0A4B10B502
:10B90000984207D10122002352420A808B708A801C
:10B910008B7110BDFFF73CFF0028FAD001235B427A
:10B92000038000238370F4E7FFFF0000F8B50500F3
:10B9300001290AD1134E00243388F227AB4219D0D3
:10B9400028001149FFF7DAFF06E0022904D1013986
:10B95000FDF700FE0028EDD0F8BD3B0063437268A0
:10B96000D018D35A002B09D03A00002101F004F876
:10B970000134E4B2054B1B78A342EED801235B42AD
:10B980003380DDE7506CFF1F6869FF1F4E6CFF1F9F
:10B9900010B5FFF7FDFE03000020834200D0987829
:10B9A00010BD0000F0B589B01C000EAB80CB039039
:10B9B0001E8810AB1B78049202930B7A0D00DB06F5
:10B9C00016D42B780593022B24D00498FFF7D2FECF
:10B9D000002812D003689C46002B0ED0029B220048
:10B9E000019329003B00644603980096A04705E0B8
:10B9F0000498FFF7BFFE002802D10E2009B0F0BD69
:10BA00008368002BF9D00A22290003989847002860
:10BA1000D7D0F3E76B6858781A786A4B0002104366
:10BA20009842D2D8043B984210D2674B984242D0F9
:10BA300015D8664BC0180128C7D80B20002EDDD1C1
:10BA4000EB681A7859683A80200028E0604BC018EB
:10BA5000032800D978E000F0FFFE836A779D5D4BF4
:10BA60009842B2D10B20002EC8D101233B80EB6855
:10BA700031001B7823706889013080B2FCF754FED6
:10BA80003A88031E0ED0017802328A183A80428921
:10BA900062704289120AA27059680278E01C00F0B4
:10BAA0009BFF06E004323A8031000422601C00F063
:10BAB00063FF0020A2E70B20002E9FD1EB6807A9AF
:10BAC0001E8804233B80330A300026706370FCF725
:10BAD0002BFE051E28D004AB9A890E2304A95B18FF
:10BAE0003D49C668FCF794FE00280BD12B783B48F3
:10BAF0006A680599FBF746FA002803D1012304AAD6
:10BB00005B42D3813278022A06D17168201D00F091
:10BB100063FF3B8802333B800E2304AA9B181B88DB
:10BB2000A3701B0AE370C4E704ABDE81F4E70B20CB
:10BB3000002E00D062E7E9680398FFF729FF02238F
:10BB40003B8020706670B4E70B20002E00D055E7D4
:10BB50000222EB681B883A8023701B0A6370A8E7F7
:10BB6000E86800F089FCC2B203000720B24200D2AC
:10BB700044E70DD00299DBB27118994202DB921BA7
:10BB8000D3B20293029BE9681A003B8089195BE7F4
:10BB90000023F6E70B20002E00D02FE70722EB68EA
:10BBA0003A801A7822705A7862705A88A2705A883D
:10BBB000120AE2701A792271DA886271DB881B0A34
:10BBC000A37176E7042900000228000000D8FFFFD7
:10BBD000FFD6FFFF03280000FFFF000038CC001154
:10BBE000F0B58DB06B460020089120229B5E834209
:10BBF0003DDAA54B187800F0D7FB071E32D003784A
:10BC0000B02B2CD10079023816281FD800F024FC64
:10BC100017001E001E001E0031001E0094001E00B2
:10BC20001B011E0050011E0071011E00CB011E00F1
:10BC300050021E001E001E008E021E00B902934B11
:10BC400093491B8878880B80FAF7DEFE3800FCF7F2
:10BC500061FE904B1B68002B01D0380098473800DC
:10BC600000F01AFC8020089B0002434018000DB031
:10BC7000F0BDEE220021864800F07EFE0BAA3B7B41
:10BC80007989388900923A000D32FCF761FC040092
:10BC90007F4B1B78002C3DD144E07F4B7888059387
:10BCA00006AB9A8A7D4B4100CB5A7D4E073BDBB2F7
:10BCB00002930023210001930096059BFFF772FE7B
:10BCC000734D00280FD133883A8A9A420BD138003D
:10BCD0000599123000F0A8FD002804D02B78628965
:10BCE0009B00EB185A80162606ABF6189A8A20009D
:10BCF00033007989FCF78CFD2B7804009A00AA1890
:10BD000051880029C4D00133DBB22B70002806D043
:10BD100031889180634A12889A42BED802E001219C
:10BD200049429180002B04D059497888FAF7A0FE47
:10BD30008CE73E890A2479E000253E89574B06931B
:10BD40007B88069A5B009B5A033B9D4202DB002DD9
:10BD5000F0D05BE0162206A812183B7B798900928E
:10BD60003A0030000D32FCF7F3FB0590002858D064
:10BD70004689017A7888FCF7B3FB041E44D1464B10
:10BD800078880793069B4100C95A454B0439C9B2CC
:10BD900006AAD28A06930291019400930599079B03
:10BDA000FFF700FE041E2FD1069B39491A88931C09
:10BDB000002D26D14B807988384B4900CB5A511938
:10BDC000033B8B4220DD059B31485B8941190B7198
:10BDD000A91C0135C9B2EDB2059145191B0A2B7199
:10BDE000059B2D490433181800F0F6FD2C4B059ADD
:10BDF0001B88D318DDB22C4B9E4205D00136B6B25B
:10BE00009CE749889942D6D0002D0CD0204C2800C0
:10BE1000618800F011FD207021007888FAF738FE63
:10BE200014E7059CF0E7002C00D183E77B78142B06
:10BE300000D10BE716493B794E800B700C71788866
:10BE4000FAF7D8FD02E7162406ABE418210038897A
:10BE5000FCF76AFC011E00D18FE1788822880F4C24
:10BE600045002C5B0A4D013CE4B2029400240F4BC8
:10BE700001940095FFF796FD041E00D016E12900FD
:10BE80007888FAF715FEE1E6586CFF1F3C43FF1F68
:10BE90007069FF1F6469FF1F646AFF1FA065FF1FB1
:10BEA000546BFF1F3A43FF1FFFFF00007269FF1F23
:10BEB000162406ABE41821003889FCF735FC011E76
:10BEC00000D15AE178882288B24C45002C5BB24DF3
:10BED000013CE4B202947C89B04B01940095FFF7D9
:10BEE00061FD041E00D0E1E029007888FAF7EAFD40
:10BEF000ACE60025A84B1D803B00F6331B78A64A14
:10BF000078880792AB4208D9A24B1288069306990B
:10BF100043005B5A013B9A4203DB0799FAF7DCFDC9
:10BF200094E616246B00FB18059306ABE418059BFA
:10BF300021001889FCF7F8FB011E03D1059B0124A1
:10BF40001E8973E77888964B2288069C09934300E4
:10BF50001B5B944E013BDBB20293002300960193DE
:10BF6000099BFFF71FFD041E02D0059B1E895DE79C
:10BF70007B88069A5B009B5A079A10883288811842
:10BF80008B4203DC1B1A013B9AB23280824C023096
:10BF90000999001900F020FD2388328801359B188B
:10BFA0002380EDB2A8E70BAA3B7B79893889009200
:10BFB0003A000D32FCF7CCFA00250600002E04D121
:10BFC0000A24002D00D171E063E0317A7888FCF713
:10BFD00087FA0100041E67D16E4C714B7888059476
:10BFE0000793059B4400E45A6E4B063CE4B206AA54
:10BFF000928A06930294019100933100079BFFF708
:10C00000D1FC041E50D1069B634A1B88002D34D1FD
:10C0100004335380604C728963191A716B1C9BB294
:10C02000E318120A1A7106AB9A8A162306A81B187F
:10C0300079893000FCF7ECFBFF212B1DAA1C9BB279
:10C040000335059306000B0092B2ADB2002803D071
:10C0500006ABDB8AD9B21B0AA218651911712B71C4
:10C06000059B504D181D2A884D49201800F0B4FC3E
:10C070002B88059AD3189DB2A0E751881A1D9142CA
:10C0800007D17A8805995200525AEB18053A9A421C
:10C09000C0DC414C2800618800F0E6FA20702100E5
:10C0A0007888FAF723FDD1E5002DF2D13E89BDE66F
:10C0B000162606ABF61831003889FCF735FB3D0033
:10C0C0000400FA3500282DD0037A9B060CD40022F8
:10C0D0007B893989788800923A000C32FFF7EAFBB5
:10C0E000041E10D03E8915E03088FFF743FB00287E
:10C0F0001AD08368002B17D0210012227888984725
:10C10000041EE4D0EEE72B78002B02D17888FAF7F2
:10C11000FDFC00262B78002B00D097E5002C00D1E9
:10C1200094E583E60124DDE70E24DBE7162506AB64
:10C13000ED1829003889FCF7F7FA041E1DD0037AA0
:10C140009B0609D4184B7A8819888A4263D017480D
:10C1500081425FD00924A9E72888FFF70BFB00285C
:10C160000DD08368002B0AD02100122278889847CE
:10C17000041EE7D09AE7100053E0012496E70E244E
:10C1800094E7094B7A881B889A423FD07888FAF75F
:10C19000CFFC5BE5A065FF1F7069FF1F7269FF1F81
:10C1A000646AFF1F546BFF1F506CFF1FFFFF0000EE
:10C1B000F223059851684343CD18C95A00291FD06E
:10C1C0003B7A012B0BD16C88AB887888AA1D009430
:10C1D000FFF770FB041E02D000233B722E88F22270
:10C1E0000021280000F0C8FB00232B80059B0133B1
:10C1F000DBB20593144B05991B78144A8B42D7D8B0
:10C2000001235B421380002CC0D00FE600263400CF
:10C210000596EFE71A8058680B4B1A78F2235343C0
:10C220001B18984296D002000188F2320029A2D150
:10C230003C0008342100F22200F0CEFB2100788877
:10C24000FAF76CFC02E5C0464E6CFF1F506CFF1FF6
:10C2500070B504000E001500FFF79AFA031E08D10E
:10C2600031000548FFF794FA03001120002B02D09B
:10C270001C8000209D7070BDFFFF0000F8B50B4FC3
:10C2800006003B780D001400FF2B0ED00A2000F0B2
:10C29000ABF8011E09D0B12303800023468003714F
:10C2A000C5800481387800F0B7F8F8BD9144FF1FCD
:10C2B000F8B50F0006A90600088807A90B2509880C
:10C2C00000281FD10235022B1CD154781378240288
:10C2D0001C43230073358B4314D1FD6830002900C3
:10C2E000FFF756FB84420CD0290022003000FFF7F4
:10C2F000AFFF1125002805D1220030007989FFF712
:10C30000BDFF00252800F8BDF0B50E7885B003907C
:10C310000AA805880120022E0DD14C682778647880
:10C3200024023C43054FBC4205D10398DBB2019681
:10C330000095FFF7BDFF05B0F0BDC0460229000023
:10C34000034B10B51B68002B00D09847FEE7C04692
:10C350005C6CFF1F07B501A8FFF7F2FF044A054810
:10C360000021121A00F090F8F7F792FAFEE7C046A3
:10C37000606CFF1F9444FF1F01B40248844601BC57
:10C38000604700BFA946010001B40248844601BCD1
:10C39000604700BF0124000001B40248844601BC8C
:10C3A000604700BFB352010001B40248844601BC9B
:10C3B000604700BFF54E010001B40248844601BC4D
:10C3C000604700BF0519FF1F01B40248844601BC45
:10C3D000604700BFC51D000001B40248844601BC8F
:10C3E000604700BFED4A010001B40248844601BC29
:10C3F000604700BF1D4D010001B40248844601BCE6
:10C40000604700BF2146010001B40248844601BCD8
:10C41000604700BFF930FF1F01B40248844601BCE9
:10C42000604700BF594F010001B40248844601BC77
:10C43000604700BF5952010001B40248844601BC64
:10C44000604700BFF30E000001B40248844601BCFF
:10C45000604700BFEDA5000001B40248844601BC5E
:10C46000604700BFB13BFF1F01B40248844601BCD6
:10C47000604700BF292EFF1F01B40248844601BC5B
:10C48000604700BFDD52010001B40248844601BC90
:10C49000604700BFB70E000001B40248844601BCEB
:10C4A000604700BF434D010001B40248844601BC0F
:10C4B000604700BF6930FF1F01B40248844601BCD9
:10C4C000604700BF7918000001B40248844601BCEF
:10C4D000604700BF311B000001B40248844601BC24
:10C4E000604700BF5D17000001B40248844601BCEC
:10C4F000604700BFA54F010001B40248844601BC5B
:10C50000604700BF3119FF1F01B40248844601BCD7
:10C51000604700BF6539FF1F01B40248844601BC73
:10C52000604700BFE928000001B40248844601BC0E
:10C53000604700BF893BFF1F01B40248844601BC2D
:10C54000604700BF8534FF1F01B40248844601BC28
:10C55000604700BF8D12000001B40248844601BC50
:10C56000604700BFE548000001B40248844601BCB2
:10C57000604700BF017F000001B40248844601BC4F
:10C58000604700BFC94A010001B40248844601BCAB
:10C59000604700BF810E000001B40248844601BC20
:10C5A000604700BF3555000001B40248844601BC15
:10C5B000604700BF6D3BFF1F01B40248844601BCC9
:10C5C000604700BF5125000001B40248844601BC09
:10C5D000604700BF2D33FF1F01B40248844601BCF1
:10C5E000604700BF055E000001B40248844601BCFC
:10C5F000604700BF4551010001B40248844601BCB8
:10C60000604700BF851F000001B40248844601BC9A
:10C61000604700BF5147010001B40248844601BC95
:10C62000604700BFF139FF1F01B40248844601BCD6
:10C63000604700BF5522000001B40248844601BC97
:10C64000604700BF5549010001B40248844601BC5F
:10C65000604700BF8931FF1F01B40248844601BC16
:10C66000604700BF056A000001B40248844601BC6F
:10C67000604700BF090E000001B40248844601BCB7
:10C68000604700BFBD36FF1F01B40248844601BCAD
:10C69000604700BF75A9000001B40248844601BC90
:10C6A000604700BF7138FF1F01B40248844601BCD7
:10C6B000604700BF313AFF1F01B40248844601BC05
:10C6C000604700BF291C000001B40248844601BC39
:10C6D000604700BFED36FF1F01B40248844601BC2D
:10C6E000604700BF1147010001B40248844601BC05
:10C6F000604700BF1D4B010001B40248844601BCE5
:10C70000604700BFE117000001B40248844601BC45
:10C71000604700BF3D4B010001B40248844601BCA4
:10C72000604700BF851BFF1F01B40248844601BC5F
:10C73000604700BF0D52010001B40248844601BCAD
:10C74000604700BF156B010001B40248844601BC7C
:10C75000604700BFD91B000001B40248844601BCF9
:10C76000604700BF3D18000001B40248844601BC88
:10C77000604700BF4D1F000001B40248844601BC61
:10C78000604700BF453BFF1F01B40248844601BC1F
:10C79000604700BFF94C010001B40248844601BC67
:10C7A000604700BF6571010001B40248844601BCC6
:10C7B000604700BFC926000001B40248844601BC9E
:10C7C000604700BFB930FF1F01B40248844601BC76
:10C7D000604700BF2951010001B40248844601BCF2
:10C7E000604700BF456B010001B40248844601BCAC
:10C7F000604700BFC9A9000001B40248844601BCDB
:10C80000604700BFD949010001B40248844601BC19
:10C81000604700BF5533FF1F01B40248844601BC86
:10C82000604700BFC936FF1F01B40248844601BCFF
:10C83000604700BFCD4C010001B40248844601BCF2
:10C84000604700BF350E000001B40248844601BCB9
:10C85000604700BFC521000001B40248844601BC06
:10C86000604700BF9D3BFF1F01B40248844601BCE6
:10C87000604700BF4550000001B40248844601BC37
:10C88000604700BF8130FF1F01B40248844601BCED
:10C89000604700BFADAE000001B40248844601BC51
:10C8A000604700BF7939FF1F01B40248844601BCCC
:10C8B000604700BFBD37FF1F01B40248844601BC7A
:10C8C000604700BF8552010001B40248844601BCA4
:10C8D000604700BF9DA9000001B40248844601BC26
:10C8E000604700BFB54C010001B40248844601BC5A
:10C8F000604700BFD1A5000001B40248844601BCD6
:10C90000604700BF8B52010001B40248844601BC5D
:10C91000604700BF9D3AFF1F01B40248844601BC36
:10C92000604700BF2124000001B40248844601BCD6
:10C93000604700BFB14E000001B40248844601BC0C
:10C94000604700BF3D31FF1F01B40248844601BC6F
:10C95000604700BF090E000001B40248844601BCD4
:10C96000604700BF6DBC000001B40248844601BCB2
:10C97000604700BF014C010001B40248844601BC7D
:10C98000604700BF154D010001B40248844601BC58
:10C99000604700BF193BFF1F01B40248844601BC39
:10C9A000604700BFDD66010001B40248844601BC57
:10C9B000604700BFC56D010001B40248844601BC58
:10C9C000604700BFB139FF1F01B40248844601BC73
:10C9D000604700BF691F000001B40248844601BCE3
:10C9E000604700BFE94C010001B40248844601BC25
:10C9F000604700BF2526000001B40248844601BC00
:08CA0000604700BF091B0000A4
:10CA080000030103020303030403050306020702EC
:10CA1800080309030A030B030C030D030E030F039A
:10CA2800100311031303140315031603ED3B001140
:10CA3800213C001100000000020000004ACA001159
:10CA4800192A0F180A000000F1590000FD240000FF
:10CA580041460100658B001181AB0011C17F0011B7
:10CA68006989001111610011E1BB0011795C0011A5
:10CA78002D3E0011553F0011000000001616000061
:10CA88000200000094CA0011F4FFF3FFD2FC00007A
:10CA9800A14000110000000000000000496E6B6218
:10CAA800697264004942532D5032350030303031BC
:10CAB800006769746875622E636F6D2F6366626CB8
:10CAC8006165622F696E6B626972645F6962735F28
:10CAD80074683270004942535448325000000000D4
:10CAE80002000000FCCA0011292A282A272A262A1F
:10CAF800252A242A0A180000744000001027000084
:10CB080060F000000400000006640000204E0000F1
:10CB180000000000060000005C4400001027000030
:10CB28006CEE000007000000050000001F501D10FB
:10CB3800023CB40000012C0021000000810000002C
:10CB4800303132333435363738394142434445463B
:10CB58000000000079650011CD650011000000009B
:10CB68000200000074CB00116F2A6E2A1A18000008
:10CB780001A00000000000006410B71DC8206E3B33
:10CB8800AC30D9269041DC76F4516B6B5861B24DCC
:10CB98003C7105502083B8ED44930FF0E8A3D6D636
:10CBA8008CB361CBB0C2649BD4D2D38678E20AA09E
:10CBB8001CF2BDBDFB349B5F8000008000100000AC
:10CBC80000000000CB6B00114D820011EF6B0011CB
:10CBD80059860011736C00112F860011E96C001141
:10CBE800058600113B6D0011D5870011A36D00115A
:10CBF800D5870011D56D00118F870011E96C0011E0
:10CC0800BD850011616D00116D87001100000000E5
:10CC180000000000476E00116D870011A96E001119
:10CC280065820011052A042A012A002A02290328FC
:10CC3800012800280118001800000000000000006A
:10CC4800000000000000008701010201020101024A
:10CC580001020303040103010101010103030201AD
:10CC680003000D000E00100011001300140107014D
:10CC780008010A010B011C011D020402050207023A
:10CC8800080219021A021C021D03010302031700FD
:10CC98000201000504000807000B0A001716001D12
:10CCA8001C010201010504010E0D011110011413EC
:10CCB800011716011A19020201020B0A020E0D02CF
:10CCC8001110021413021716030504030807030BB7
:10CCD8000A030E0D0001020307090A0B0E0F1011BB
:10CCE80012141718191A1B1F202122002DB5001124
:10CCF800E9B5001100000000020000003ECC001160
:10CD08000000000009C3001100000000020000003C
:04CD18003CCC0011FE
:020000041FFFDC
:1000000000000000953D001150CA00114CCA0011BB
:10001000A861FF1F000000000000000000000000B9
:1000200000000000000000000000000000000000D0
:1000300000000000000000000000000000000000C0
:1000400000000000000000000000000000000000B0
:1000500000000000000000000000000000000000A0
:100060000000000000000000000000000000000090
:100070000000000000000000000000000000000080
:100080000000000000000000000000000000000070
:100090000000000000000000000000000000000060
:1000A0000000000000000000000000000000000050
:1000B0000000000000000000000000000000000040
:1000C0000000000000000000000000000000000030
:1000D0000000000000000000000000000000000020
:1000E0000000000000000000000000000000000010
:1000F0000000000000000000000000000000000000
:1001000000000000000000000000000000000000EF
:1001100000000000000000000000000000000000DF
:1001200000000000000000000000000000000000CF
:1001300000000000000000000000000000000000BF
:1001400000000000000000000000000000000000AF
:10015000000000000000000000000000000000009F
:10016000000000000000000000000000000000008F
:10017000000000000000000000000000000000007F
:10018000000000000000000000000000000000006F
:100190007933FF1FD931FF1FC16601000000000045
:1001A000000000000000000000000000000000004F
:1001B000000000000000000000000000000000003F
:1001C000000000000000000000000000000000002F
:1001D000000000000000000000000000000000001F
:1001E000000000000000000000000000000000000F
:1001F00000000000000000000000000000000000FF
:1002000000000000000000000000000000000000EE
:1002100000000000000000000000000000000000DE
:1002200000000000000000000000000000000000CE
:1002300000000000000000000000000000000000BE
:1002400000000000000000000000000000000000AE
:10025000000000000000000000000000000000009E
:10026000000000000000000000000000000000008E
:10027000000000000000000000000000000000007E
:10028000000000000000000000000000000000006E
:10029000000000000000000000000000000000005E
:1002A000000000000000000000000000000000004E
:1002B000000000000000000000000000000000003E
:1002C000000000000000000000000000000000002E
:1002D000000000000000000000000000000000001E
:1002E000000000000000000000000000000000000E
:1002F00000000000000000000000000000000000FE
:1003000000000000000000000000000000000000ED
:1003100000000000000000000000000000000000DD
:1003200000000000000000000000000000000000CD
:1003300000000000000000000000000000000000BD
:1003400000000000000000000000000000000000AD
:10035000000000000000000000000000000000009D
:10036000000000000000000000000000000000008D
:1003700055C3001100000000000000000000000054
:10038000000000000000000000000000000000006D
:10039000000000000000000000000000000000005D
:1003A000000000000000000000000000051BFF1F0F
:1003B000000000000000000000000000000000003D
:1003C000000000000000000000000000000000002D
:1003D000000000000000000000000000000000001D
:1003E000000000000000000000000000000000000D
:1003F00000000000000000000000000000000000FD
:081838006070FF1F4118FF1F43
:10184000024981F3088802F06FFA00006070FF1F00
:1018500070B500241E491F4A1F484C6308CA1B0567
:101860001B0DE4188242F9D11C4B80228B630021AE
:1018700009201B4B920519621A4B1B4DDA671B4B53
:10188000DA688243DA609A68194802409A60112047
:10189000296002F0CDF8112002F0AAF880226B6CCA
:1018A000112093436B64EE23DB006343114A1B0C4E
:1018B000D3800122104B9A7201F01EFC0F4B1B7853
:1018C000002B04D10E4B1021187802F0BDFB70BD27
:1018D000000005408805054000060540FF010000A6
:1018E00000F0004004E100E0003800403CF000401F
:1018F000FFDFFFFF9461FF1F2C62FF1F5365FF1F77
:101900005263FF1F10B502F0D7FA072804D012283F
:1019100008D0022808D010BD044A0420136B0133FC
:101920001363F8E70220F6E71420F4E74866FF1F88
:10193000F8B507000C0026002500503630785135E8
:10194000002804D10300287058342370F8BD29788A
:10195000CA00481E8141A3183800A25C5B68C9B266
:10196000FFF7D0FF00280DD12B78DA00A218013341
:1019700050602B703378044A013B3370136A013393
:101980001362D8E70123DFE74866FF1F5C23434368
:10199000074910B5C9180B0058331B78012B05D126
:1019A000FFF7C6FF034A936A0133936210BDC04636
:1019B0007C66FF1F4866FF1F10B502F025F9064A36
:1019C0000121130010CB4942D967044B136002F088
:1019D000D3FA200010BDC04600E100E01000100066
:1019E00010B5040002F010F9024B1C6002F0C4FABA
:1019F00010BDC04600E100E0431E5A425341A02200
:101A0000F0B5D2015B421340144E154A40019B18B9
:101A10003218127E8BB00191002A19D01A000832B8
:101A2000D46F0022E5B206AFE4B294420CDC301869
:101A3000C369002B06D0019A03A8027006AA42606F
:101A4000057298470BB0F0BD1978B9540132ECE734
:101A50001A7D1A7806AB01251A70E8E70869FF1F9E
:101A6000004000407FB5244B4101CA5C0400002ABD
:101A70002AD05A18107E002826D0907E002823D025
:101A80001079022820D11689D588701B80B2021CDB
:101A9000102800D9102292B2AE4216D15918012353
:101AA0000B710023CA69CB800B819A4206D068462D
:101AB000032103730171029301A890470820002CB1
:101AC00000D0192001F018FB7FBD013C6042444169
:101AD000A0206442C001044008485B18241808484C
:101AE000DD680633013A92B28242EDD019884E1C6D
:101AF0001E80695C2170F5E70869FF1F0040004007
:101B0000FFFF00000F220E4B10B5986810400238FE
:101B10000A280BD802F042F80D0A0B0A0A110A0A29
:101B20000A0A060002210020FFF766FF10BD01210E
:101B3000F9E70020FFF796FFF8E7DB6FF6E7C0460E
:101B4000004000400F220E4B10B59868104002383C
:101B50000A280BD802F022F80E0A0B0A0A120A0A07
:101B60000A0A060002210120FFF746FF10BD0121ED
:101B70000800F9E70120FFF775FFF7E7DB6FF5E7EE
:101B80000090004013B5334C2378072B3DD8324BDF
:101B90001A78324B002A39D18022196852020A433E
:101BA0001A60252001F004FF20232D4A11680B4301
:101BB000802113606B460422C90508680733104270
:101BC00028D080210422C905C86810422ED0802167
:101BD0002020C905CA688243CA6014221A701A7884
:101BE000002A2FD18021C905C86820320243CA606B
:101BF00014221A701A78002A28D11A4B1A7D2278DA
:101C00005A601D221A705932DA6013BD1A681649DB
:101C10000A40C5E7086802430A6014221A701A785D
:101C2000002ACED01A78013AD2B2F7E7C868024348
:101C3000CA6014221A7019784A1ED2B21A7000298A
:101C4000F9D1C4E71A78013AD2B2C7E71A78013A53
:101C5000D2B2CEE7CC43FF1F9444FF1F3CF00040BC
:101C6000C443FF1F00200040FFFFFEFF564B70B52E
:101C70001B68012B03D1554A936D0133936502F024
:101C80008BF9534B534A1860534B544C1A60012341
:101C9000534A1360534A13602378002B06D0062260
:101CA0005149524802F0B0F800232370504A514B7A
:101CB00010681B78C1B2002B0ED14F4CC0B22378F4
:101CC0005BB2002B4FDB237824785BB264B21B0439
:101CD00024021B191B1813600B1C50294ED95023CA
:101CE000464A47491078DBB2FF2202284BD10868E8
:101CF000444C454D267890432A78964254D9227810
:101D000024782E785D10013DA31B6B435201D31A3A
:101D100010335B111843086001F0F6FF031F012B1D
:101D200045D83A4B1B78002B06D0394B1B78002B3B
:101D300002D0002002F0A8F8A122364B9200997838
:101D4000354B4A431B689B18832292009B181B78D3
:101D5000033B012B03D8AF20400002F07DF90122A4
:101D60002E4BDA8270BD237824785BB264B2FF33E5
:101D7000FF341B0424021B190138ABE7CAB2022A44
:101D8000AED20223ACE70868254C264D2678904356
:101D90002A78964208D9227824782D785B10013B66
:101DA000641B63435201B2E72378DBB2B2E7022837
:101DB000D5D11D4B1B78013B022B03D91B4B1B7844
:101DC000022BCCD16C20C8E79809FF1FFC0FFF1F26
:101DD0009465FF1FFF3F0000141003409865FF1F2C
:101DE0000C10034000100340D50BFF1F7211FF1FA2
:101DF000B40003408C09FF1F680AFF1F490AFF1F38
:101E000094000340460AFF1F470AFF1FF908FF1FFF
:101E10002209FF1F300DFF1F3409FF1FBC0BFF1FDE
:101E2000440AFF1F450AFF1F1C09FF1F2309FF1F4C
:101E300010B502F049F90022014B1A8010BDC046CE
:101E40009065FF1F10B502F0BFF8A121054A890077
:101E50009478054A61431268044B5218528C1A80D8
:101E600010BDC046300DFF1F3409FF1F9065FF1FD6
:101E700010B50D4B0D4A9978A1239B004B43126876
:101E8000D218531DD97F0A4B1B88994209D2441C92
:101E900007D0C82805D0D2695B1A5A43054B534373
:101EA000C01801F0E9FE10BD300DFF1F3409FF1FFF
:101EB0009065FF1F7102000070B5244D2B68002B48
:101EC00028D002F079F82B68D8402B680400002B4A
:101ED00027D001F0F1FE2B68D8401D4B1D4A9978A0
:101EE000A1239B004B431268D118D25C91239B0025
:101EF000002A20D0CA580132CA50174B17491B6814
:101F00000868834214D3D23B181A012A1AD0144B02
:101F1000186070BD02F050F8124B196801F0BCFF58
:101F2000D3E701F0C9FE0F4B196801F0B5FFD4E704
:101F30000D495B18E8E7CA500C4B1B68DB68E418D6
:101F4000201AE4E7F530FF30E1E7C0461C08FF1F28
:101F5000300DFF1F3409FF1F9C09FF1F9465FF1FF1
:101F6000A009FF1F1808FF1F2DFF3F009C65FF1FE2
:101F700070B504000D00282916D10300A433C288CF
:101F80001B889B1A0B4A9BB293420DD906006A36F6
:101F900005223100653001F01FFF002804D1310017
:101FA000200001F019FE70BD2900200001F04CFF57
:101FB000F9E7C046FE7F0000F8B50500012001F0FA
:101FC000DBFE134CA36AA26A9342FBD1114E33602D
:101FD00002F06AF81049030008601048426894460D
:101FE0000F4A17680022BC4501D24268BA1A0D4850
:101FF00002603268AD18A422E562606A52030243AF
:102000006262094A1278002A01D00F3B0B60F8BDCA
:1020100000F00040340AFF1FE408FF1F28100040B2
:10202000180AFF1F1C0AFF1F1C09FF1F70B5802420
:102030001025E405A3682B43A36001F0ADFEA3685F
:10204000AB43A36070BD0000F7B5160080221C00F2
:102050001023D2050191916805000B439360002283
:102060005B4BD7301A6001F0BFFD9D232F002A0083
:102070009B00EB58FC37CA32012138680092002BD4
:1020800001D00021009A01F03FFF2900009BCB31D5
:102090001A78504BD3351A604B780A781B021343D9
:1020A0008A7812041A43CB781B0613434A4A1BBA98
:1020B00013604B790A791B0213438A7912041A437D
:1020C000CB7931001B061343444A1BBA13606B786B
:1020D0002A781B021343AA7812041A43EB781B06D2
:1020E00013433F4A1BBA1360019A330213433D4A1C
:1020F00013603D4B22001B1B9C4603293FDC03233E
:1021000032009A43B3089B00F11A9BB2032946D1CF
:102110003549E018521881784078090400020143DB
:10212000E05C0433014311600022FF2B4ADDF02202
:102130002E4B12011A600F222D4B1A602D4A136884
:10214000002BFCD00023224A27491360091B321DB3
:102150000B191B68043A180A23706070180C1B0EC8
:10216000A070E3700434002AF2DC802210213B6866
:10217000D20501333B6093688B439360F7BD6346A0
:10218000D578981893782D061B042B4315780439BD
:102190002B43557804322D022B430360ADE702290F
:1021A0000AD11149E05C5218E1184978090201434B
:1021B000043311609BB2B7E70129B5D10A4952181F
:1021C000E15CF5E7084959180A600433ADE7C046F9
:1021D000000004403C000440380004403400044047
:1021E000300004400C00044000010440040004409E
:1021F0001000044014000440F0B5140080221D00BB
:10220000102385B0D2050191916806000B439360BD
:102210000023684AD730136001F0E6FC3300FC333A
:1022200058689D2337009B00F158CA373A000029AF
:1022300000D083E001F068FE31003A785E4BCB318C
:102240001A604B780A781B0213438A78A44612045A
:102250001A43CB781B061343584A1BBA13604B79B9
:102260000A791B0213438A7912041A43CB791B069D
:102270001343534A1BBA13604B7A0A7A1B02134367
:102280008A7A12041A43CB7A29001B0613434D4A5B
:102290001BBA1360019A230213434B4A13602A00AE
:1022A000231D18000393494B5B1B0193019BCF78BF
:1022B0005B1802938B783F061B043B430F7804386E
:1022C0003B434F7804313F023B43029F3B6003286E
:1022D000ECDCA3081C0003989900431A0134181F72
:1022E000A400072B2CD1394B2819E71883784078A4
:1022F0001B0400020343285D03433B6008310C00CC
:102300000023FF2C2EDD324B324919600F21324B56
:102310001960012327490B60304B19680029FCD054
:1023200006211B680B40042B21D080220020D205FF
:1023300093680A318B43936005B0F0BD012179E7C2
:10234000022808D1214BE0182B195B782C5D1B0269
:1023500023430360D2E70128D2D11C4B285DE31848
:102360001860CBE7194961180B600434C9E70023F2
:1023700010490B606346002B0CDC3300FC335A68B9
:10238000102101325A608022D205936801208B43CC
:102390009360D1E7019B9B181B68190A1370517059
:1023A000190C1B0ED37004235B4291709C440432C1
:1023B000E0E7C046000004403C0004403800044010
:1023C00034000440300004400C000440000104408C
:1023D00004000440080F00001000044014000440F2
:1023E00070B5061E19D002225A4B9B799343012BDC
:1023F00013D1594B1A78FF2A0FD15A78FF2A0CD1E2
:102400009A78FF2A09D1DA78FF2A06D11A79FF2AA9
:1024100003D15B79FF2B00D199E0504B0C201A7847
:10242000012A08D000224E4D1A7029780B00093B72
:10243000042B01D8212070BD4B1F012BFAD9454C2C
:10244000A37B042B00D982E0A279032A00D97EE085
:102450009A1ED2B2012A02D860881F2877D9002E8E
:1024600056D0012E73D1A0880128E3D0002907D1CE
:10247000581E032803D801F091FB121715122E7075
:102480002978481E032811D80025364B1D602823C3
:10249000237501F001FCA84227D0A580CAE70221DC
:1024A0002970EDE70421FBE70321F9E7073901294A
:1024B000C0D82D490968C96A8906BBD52B49087857
:1024C0000028B7D1012A01D9002BB3D102230B7008
:1024D0008021274D263389012878237501F064FD7A
:1024E00080212878890101F0AFFD0123A380214BD1
:1024F0001B78002B0AD0FA2280211F4B92001B88E8
:1025000009025A431A4B187801F0BEFD002092E7E9
:1025100001F07AFB2B78A680073B012B03D91748E3
:102520002E7001F0E9FB114B114C1A78002A06D0ED
:1025300080210022207889011A7001F035FD01F018
:102540001BFD80212078090201F02EFDDEE712201C
:1025500071E7C046A60BFF1F6B09FF1F1A09FF1F7B
:102560001C09FF1F4809FF1F9C65FF1F2309FF1F50
:102570001B09FF1F2109FF1F2C09FF1F001000402E
:1025800010B5002901D001F047FD10BDF7B55E4B35
:1025900001919978A1239B004B435C4A0600146883
:1025A0001022E418D6235B00E0583623FF33E35CA7
:1025B00000279343222B3ED1554B0F3A1A600760F8
:1025C000012501F081FC019B1880E8235B00E35C9E
:1025D000002B01D0B34255DD00224E4FFA70AD32D0
:1025E000FF32A2581168002903D09288D243920783
:1025F0001AD03822FF32A25C002A15D09B2252004A
:10260000A25C002A10D1B3420EDAA4235B00E15A87
:10261000E018090A023101F0CFFB23000122FE334A
:10262000013E01351A87FA70E8235B00E35C002B5A
:102630002AD0A8B2FEBD03683D00002BC1D081881E
:102640000430090A023101F0B7FBD6235B00E358DE
:102650001F60B5E72300B133BA00FF339858013744
:1026600081880430090A023101F0A6FBE8235B00EF
:10267000E35CBB42EEDCE822F61AED1800235200C0
:10268000A354A9E70027F1E7200001F01DFB002873
:102690001FD0002E1DDD7319882647190193B6003F
:1026A000200001F0A1FC5A3080002018406801355C
:1026B00081880430090A023101F07EFB200001F01C
:1026C000FBFCA3590133A351BD4202D0019B9D42A3
:1026D000E6D1114BE35C002BABD095239B00E35C70
:1026E000002BA6D00D4BE15A0029A2D00C4AA35CC6
:1026F000994202D90133A3549BE700231A212000F9
:10270000A35401F0D1FB94E7300DFF1F3409FF1FE4
:1027100000140340E010FF1F5A0200007202000084
:102720005E0200000D4970B54A6E0D4CD2038B69F4
:10273000D20BA24206D80B4D0224AA4204D901F0C2
:10274000D3FB70BD02246442E21815007E242540AC
:102750002242F4D0A3432B438B61F0E700F000400A
:102760000A200000FC1C0000F8B51D4B1D4F1A7814
:10277000002A10D1BA7B002A02D101321A7003E07C
:10278000032AFAD0022AF8D001F086FA00220120AA
:10279000154B1A70F8BD154B154D1C68154B9E78DE
:1027A00001232B702878C0B200F09CFBBB7B002B70
:1027B0000BD101F0D1FAA1239B007343E4188323CA
:1027C0009B00E41823782B70E4E7032B02D101F07F
:1027D0008BFAF0E70020022BDCD101F07DFBEAE769
:1027E0001C09FF1FA60BFF1F2309FF1F3409FF1F32
:1027F000490AFF1F300DFF1FF0B587B00EAD2F78CF
:102800000FAD2D780593AC46634614000E4D0CAA0F
:1028100012782E7803930D9B009201932200059B62
:10282000029701F041FA2E70012C01D0042C08D13E
:10283000802206498B889343054A1278D2011343BC
:102840008B8007B0F0BDC0461C09FF1F6C11FF1F35
:102850007809FF1F0B001B3B70B504003020E02BF4
:102860000DD81300E025493BFF3B9BB2ED00AB4286
:1028700005D8034B200019825A8201F0D5FB70BDA8
:102880008410FF1F10B501F087FB054B00205B682B
:10289000052B04D9034A5268D20200D4980810BD0F
:1028A00000100040FCE100E070B501F0ADF90D4B07
:1028B0001B68FC33DC691D6AFFF7E4FF641984427E
:1028C00004D2094B01241B68002B07D004220024EA
:1028D000064B1A70064A93690133936101F04CFB71
:1028E000200070BD9C65FF1F9809FF1F2309FF1F73
:1028F000FC0FFF1F70B50C4D2B68FC335C6A01F0B8
:1029000083F9FFF7BFFF2B680025FC339B6AE318B0
:10291000834204D2054B1B68AB4200D1051B01F07A
:102920002BFB280070BDC0469C65FF1F9809FF1F48
:10293000D722044B92009B5810B5002B00D098472B
:1029400010BDC0460000FF1F10B501F00FF9FFF7E2
:10295000EFFF2749274BCA6D1A4084235B001343BE
:10296000CB65254B1B68186A01F006FA234B244AF5
:102970001A60244B244A1A60A022244B52001A6089
:10298000234B187801F0E0FA2249234801F0A4F91A
:102990000023214A2149936002339360204B214850
:1029A00013600323936001F097F910221E4BFF2060
:1029B0001A60802252031A60802292031A608022D9
:1029C00012041A6001F060FA012001F0FDF8FA200B
:1029D000400001F0B1FA582001F03EFB134801F02D
:1029E00023FA012001F0D0F9072001F03DFA10BDD3
:1029F00000F0004000FEFEFF9C65FF1F000003404A
:102A00000180063DBC00034034080000A4000340E0
:102A10004A0AFF1F7102000014100040FFFF3F0030
:102A2000C30900002810004000E100E030750000FC
:102A3000664F3B6888331B6883F3088801F0C4F94C
:102A4000634A6449136800200B401360624B634A79
:102A50001B68934200D1A4E001F086FA0221604A8B
:102A600013688B431360FFF76FFF5E4B00241878E9
:102A70005D4DC0B201F0D0F80223AC60AB605B4B9F
:102A800001202B6001F078F90323AB6001F0E4F939
:102A9000050001F081FA060001F0DEF9544B1860E0
:102AA00001F0E2FA534B1A68AA426441AB1A802241
:102AB0001B1BD203934201D39B029B0A3A68D16A43
:102AC000C90700D470E04C491C0C09689BB24C4308
:102AD00059432402090A64184849FC3293680A6879
:102AE00003219B1A464A474812689B18464A9D187C
:102AF000464A0B401768AD08DB1905601360042BCC
:102B000003D901350B40056013602D192800404999
:102B100001F0C2F93F4F3E493B68C3183B602800B3
:102B2000019301F0A1F83C4D286808183849286045
:102B3000884205D9019B01333B6001F095F829607B
:102B400001F0F2F9354B1B78002B0DD001F024FA7F
:102B5000334BA21B196812188A4232D28919091BF9
:102B6000091A304801F0B8F82F4D2B7A002B0ED0FF
:102B700001F012FAA21BE9681218914224D98919AE
:102B8000091B091A294801F0A7F800232B72284BCA
:102B900083F3088801F070F9002001F0E5F901F0F5
:102BA00033FA01F0E1F95EE7DC0199000234641ABE
:102BB0005900641A09214B438033CB40A408E41820
:102BC0008AE7FA218900CCE71A49DBE79C65FF1FF9
:102BD0001CF00040FFFFC1FF0C0AFF1FB64121039C
:102BE00010000040490AFF1F14100040C3090000F4
:102BF000100AFF1F340AFF1F380AFF1F200AFF1F99
:102C00001C0AFF1F240AFF1FC4090000280AFF1F17
:102C1000710200006008FF1F2C0AFF1F1C09FF1F24
:102C2000E408FF1F00100040740BFF1F3C10004021
:102C300000000020DC050000A022054B92009B58FC
:102C400010B5002B01D0984710BD01F0D5F8FBE777
:102C50000000FF1FA122054B92009B5810B5002BCE
:102C600001D0984710BD01F0C7F8FBE70000FF1F37
:102C7000A222054B92009B5810B5002B01D098471B
:102C800010BD01F0B9F8FBE70000FF1FA322054BC0
:102C900092009B5810B5002B01D0984710BD01F051
:102CA000ABF8FBE70000FF1FA422054B92009B58E6
:102CB00010B5002B01D0984710BD01F09DF8FBE73F
:102CC0000000FF1F70B501F067F94F4B186001F06D
:102CD0004BF80400C30702D401F0DEF970BD0022F6
:102CE0004A4B1A604A4B18780138042829D800F05A
:102CF00055FF0320181C2400200001F0BDF9012815
:102D0000ECD0444C2378042B6ED101F025F9002837
:102D1000E4D001F001F9582001F09EF9022323705C
:102D2000DCE7200000F088FFE9E7200001F004F86C
:102D3000E5E7200001F008F8E1E7200000F08CFF53
:102D4000DDE700F0E1FF0500012808D1324B1B78D8
:102D5000053B012B03D82000FFF76EFFD1E72D4B79
:102D60001B78022B01D0052B20D1022D28D12B4B13
:102D70009B7BAB431CD12000FFF76CFF264B1878E0
:102D80000128BED16405BCD4244925224B7B0342D3
:102D900005D1233A13405A42534126331A000B7D82
:102DA0009342AED9322001F017F9AAE7022D07D1DC
:102DB000194B1B78052B11D12000FFF759FFDDE7D8
:102DC000012D0BD1012B03D12000FFF75FFF98E706
:102DD000062B03D12000FFF767FF92E7200001F0E8
:102DE0000BF8022D8DD1C9E7032B04D10C4B987C35
:102DF00001F012F872E7072B00D06FE7094B987BC0
:102E000000F042FF6AE7C0469C09FF1F9809FF1FB8
:102E10009009FF1F2309FF1F1C09FF1FA60BFF1F9F
:102E2000BC0BFF1FD40BFF1FFA210A4B0A4A4900B3
:102E30001A640A4A5A500A4A04395A50094A08314F
:102E40009A64094A5A50094A5C315A50084ADA666B
:102E50007047C0460000FF1FF927FF1FF528FF1F1E
:102E6000A928FF1FE123FF1F6927FF1F711EFF1FF6
:102E7000451EFF1FF7B50B0CFF270122009300230F
:102E80003C001E001D009446019089B262469A40A3
:102E90001000084018413618B6B2FF2F02D1012E9B
:102EA00000D19FB2009802401A41AD18ADB2FF2C7C
:102EB00002D1012D00D19CB20133102BE6D10320A9
:102EC000012E07D1012D04D1019B2401E4191C70AE
:102ED0000138FEBD102EFCD10238102DF9D0023081
:102EE000F7E700008023F7B59C46264B264F019359
:102EF0002649274A274D284C284B02281AD16046DC
:102F000038600868264E304080263603304308601B
:102F100001990978002909D11660224A2A60224ABB
:102F20002260E02219689143A03A1BE08021C90287
:102F30001160F2E766463E600F68194E3E408027FA
:102F4000FF023E430E600199097800290DD11760F8
:102F500001280ED1154A2A60154A2260E02219681C
:102F60009143C03A0A431A60F7BD8021890211607B
:102F7000EEE7E0210F4A02432A600F4A22601A68F6
:102F80008A43F0E74B0AFF1FE0000340D8000340EC
:102F90009000034000000340500003404000034005
:102FA000FFFFE3FF0280063D804508220180063DC9
:102FB000806608220080069880550822F8B51E4BCE
:102FC00080261A68002014003440324232D11A6838
:102FD0001A4F32431A6001223B68063093433B602C
:102FE00000F0CAFE0122164D2B681E432E603B687E
:102FF0000A2613433B608027BF00124B1B683B42ED
:1030000011D1013EF6B2FF2E09D17E220E4B1C6873
:103010002B68E40B1440934323432B6005E0082006
:1030200000F0AAFEE9E7002EEFD180222B686008AD
:1030300093432B60F8BDC046C4F000405CF00040F4
:1030400018F0004068F0004060F0004010B500F05B
:10305000CBFE01215820034A00F096FFFFF7AEFF98
:1030600010BDC046600AFF1F10B57822002103483A
:1030700000F042FF00F0E8FD002010BD9068FF1F47
:1030800070B5050000F0C0FD00230C20094A0100C6
:103090005943545C8E18002C02D0AC4205D1747890
:1030A00000F06AFF0120204070BD01330A2BEED1F1
:1030B0000024F5E79068FF1F70B5040000F0A4FD40
:1030C00000230C200B4A010059438D18515C002944
:1030D0000DD0A14208D1012300246B7000F0A4FDA3
:1030E00000F04AFF200070BD01330A2BEBD11224FF
:1030F000F6E7C0469068FF1F70B5040000F084FD3D
:10310000002319001D000C4A1078002808D0A042A6
:1031100000D15570507801311B180C320A29F3D1B7
:10312000002B05D100F090FD00F026FF002070BDBF
:1031300000F07AFDF8E7C0469068FF1FF7B504007D
:103140000C20002384460E4D019267465F43E85DE4
:103150007E19A04212D000280BD10A4B9C46624631
:103160001B7808331370019B70707C557160B360DD
:10317000FEBD01330A2BE8D10320F9E70720F7E76A
:103180009068FF1F8C68FF1F70B500240C26104B41
:1031900032006243D5189A5C824211D10D4A1378ED
:1031A000F833137000F030FD09222900121B72431E
:1031B0000C31280000F020FF00F0DEFE002070BD82
:1031C000002A02D001340A2CE2D11220F7E7C046CF
:1031D0009068FF1F8C68FF1F8020F8B5484BC00522
:1031E0001B68C1248360474BFF251A6801231343E2
:1031F0004361454BA4001A68444B40211A60444B7C
:103200001A68444B1A60444B1A59AA431A51C522F2
:1032100092009E58AE433143802699509F583F49B3
:10322000F6010F403E439E509E5880273602360AD4
:103230003043985080201A5900020A4002431A5124
:1032400004341A59364E3F04324080263A431A510C
:103250001A5936061202120A32431A5108341A5900
:1032600080260A4002431A51C32292009F58B44656
:10327000AF4337439F509F58294E0F4007439F50FD
:103280009F58374080263604374380269F509F58EA
:1032900036063F023F0A37439F50C0221F59AF43B3
:1032A0003A431A511A591202120A1643C6221E51E3
:1032B00092009C58AC4365462C439C509C5800257A
:1032C0000C4020439850C72080001A58154C1140DC
:1032D000C02212020A431A50134B1B78DB08AB4280
:1032E00001DC0020F8BD2378002B06D0A368002B5A
:1032F00000D0984701350C34EEE71220F2E7C046C3
:10330000C843FF1FC443FF1FB0F000408868FF1F81
:10331000B4F000408468FF1F00E100E0FF00FFFF01
:10332000FFFF00FF9068FF1F8C68FF1F030010B5B0
:103330001F2809D8072200201340072404490A78CF
:10334000A24313430B7010BD00230620F5E7C046CF
:103350008C68FF1F054B06491B780A6805485B0708
:1033600002401B0B134300200B6070478C68FF1F4B
:103370001CF00040FFFFC1FF70B50C25FFF7EAFF0E
:103380000A4B1C780A4BE4086543ED18002C01D168
:10339000200070BD2B78002B06D06B68002B00D06E
:1033A0009847013C0C3DF1E71220F2E78C68FF1FC3
:1033B0008468FF1F1FB5002102220B0001910091BC
:1033C000052000F0A9FC02230B490A681A42FCD12F
:1033D00020230393039B5A1E0392002BFAD1074A22
:1033E0001368002BFCDA0B246C442000012100F050
:1033F00003FC207804B010BD90C8004000C8004015
:1034000013B504000A4B0193019B002B01D111203D
:1034100016BDFFF7CFFF23000340044205D005206F
:1034200000F0AAFC019B013BEDE71800F0E7C04665
:10343000FFFFFF0707B500F0E7FB80220821D20558
:10344000936A0191002B01D10739916202210C4A44
:1034500011600199481E01900029FAD103311160D1
:10346000053101910199481E01900029FAD111609E
:10347000002B02D18022D205936200F07DFD07BDB2
:1034800000C00040F0B52D4C89B02378002B4FD1FF
:10349000FEF792FA02232A4F03903A681A42FCD1AF
:1034A00020230693069B5A1E0692002BFAD1254E26
:1034B0003368002BFCDA0120FFF7A2FF011E02D0C7
:1034C000112009B0F0BD030003220190009005AD6A
:1034D0009F2000F021FC0321280000F08DFB022337
:1034E0003A681A42FCD120230793079B5A1E079281
:1034F000002BFAD13368002BFCDA0120FFF780FFA4
:103500000028DDD10398FEF76BFAAA786B781104D6
:103510001B020B4329780B4363601300113B0A49DC
:10352000052B07D801239340A3600B600123237070
:103530000020C6E780231B03F6E7C046B043FF1F09
:1035400090C8004000C800409808FF1F1E4B30B5CF
:103550005A6818781D4B85B0D31859424B41012148
:103560000093002300F020FC194B1A4A02259A63AD
:1035700000221A6510325A658022C4219D65164BBF
:103580001648D202DA6789004258154B80241A4047
:1035900080231B0413434350642341200393E40519
:1035A00000F006FA402000F003FA6562039D6B1EEE
:1035B0000393002DFAD103236362FFF73BFFA5625B
:1035C000FFF760FF05B030BDBC43FF1F95FFFEF75E
:1035D00000C80040050001FF04E100E000E100E058
:1035E000FFFF00FFF0B585B00700FEF7E5F9022305
:1035F00005002D4C22681A42FCD120230093009B29
:103600005A1E0092002BFAD1284E3368002BFCDAA8
:103610000120FFF7F5FE002803D01124200005B09B
:10362000F0BD234B2360022322681A42FCD12023E1
:103630000193019B5A1E0192002BFAD13368002B93
:10364000FCDA0120FFF7DCFE0028E6D1194B1F60F1
:10365000022322681A42FCD120230293029B5A1EA5
:103660000292002BFAD13368002BFCDA0120FFF71D
:10367000C7FE0028D1D1104B2360022322681A42D2
:10368000FCD120230393039B5A1E0392002BFAD1F3
:103690003368002BFCDA0120FFF7B2FE041EBCD118
:1036A0002800FEF79DF9B9E790C8004000C8004027
:1036B00001000006A8C800400180000110B50020EC
:1036C000FFF790FF10BD000010B5064B1870596051
:1036D000FFF73CFF00211320034AFFF72FFD0020D6
:1036E00010BDC046BC43FF1F4D35FF1FF0B50400A1
:1036F00085B003920291FEF75FF9882263035B0BAA
:1037000052051A438023DB059D6A8023274F0092D0
:10371000BA68002601901B039A420CD9F8232600B0
:103720001B041E401C4206D08022214B52025E62C6
:1037300019680A431A60002D0BD100F065FA0222C5
:103740001C4B1A608023DB055A62013A9A6200F032
:1037500013FC0023039A934220D1002D0AD100F0DC
:1037600053FA144B03221D608023DB055A629D62CD
:1037700000F002FC8023BA681B039A4208D9002E8D
:1037800006D000220A4B0C495A621A680A401A6095
:103790000198FEF725F9002005B0F0BD009A0299C6
:1037A000D2181278CA540133D4E7C046B043FF1F81
:1037B00000C8004000C00040FFFFFEFFF0B587B02A
:1037C000029103920400FEF7F7F8019000F01CFA52
:1037D000802302250122234EDB0535605D629A625B
:1037E00000F0CAFB204F3B682B42FCD120230493FE
:1037F000049B5A1E0492002BFAD11C4D2B68002BFF
:10380000FCDA0120FFF7FCFD002802D0112007B0F0
:10381000F0BD2000039A029900F00EFC0223040080
:103820003A681A42FCD120230593059B5A1E059243
:10383000002BFAD12B68002BFCDA0120FFF7E0FD0A
:10384000051EE3D100F0E0F980230322DB0535609B
:103850005A629D6200F090FB0198FEF7C1F8E0B259
:10386000D5E7C04600C0004090C8004000C80040F6
:10387000F0B5802489B00600FEF79EF8E405A36A3F
:1038800002250393029000F0BFF90123304F3D6001
:103890006562A36200F070FB2E4C23682B42FCD1C2
:1038A00020230593059B5A1E0592002BFAD12A4D21
:1038B0002B68002BFCDA0120FFF7A2FD002803D0C3
:1038C0001124200009B0F0BD244B2360022322689C
:1038D0001A42FCD120230693069B5A1E0692002B07
:1038E000FAD12B68002BFCDA0120FFF789FD021EBC
:1038F000E6D11B4B03211E600300019000902020A5
:1039000000F00AFA022322681A42FCD1202307930E
:10391000079B5A1E0792002BFAD12B68002BFCDA6A
:103920000320FFF76DFD041ECAD100F06DF980235E
:103930000322DB053C605A629C6200F01DFB039B86
:10394000002B01D1FFF776FD0298FEF749F8B8E7A2
:1039500000C0004090C8004000C8004001000006C0
:1039600094C8004007B5000201910422000A01A991
:10397000FFF724FF0EBD000073B5050005240B4AB8
:10398000A3005B429B1819686B46DE1D3000FFF7F1
:1039900071FA022804D133782B55013CEFD276BD61
:1039A000052CFCD00128FAD10230F8E714090011E7
:1039B0001F2807D8012380228340D20591680B433A
:1039C000936070473F2808D8012380222038834025
:1039D000D20551690B435361F3E75F28F1D8012306
:1039E000802240388340D205116A0B431362E8E716
:1039F0001F2807D8012280218240C9058B68934384
:103A00008B6070473F2808D80122802120388240EF
:103A1000C9054B6993434B61F3E75F28F1D8012255
:103A2000802140388240C9050B6A93430B62E8E766
:103A30001F2810D880230200DB05153A1968012AD7
:103A400006D820229143196019680A431A6070470A
:103A500001228240F6E73F2811D880230200DB05CF
:103A6000353AD968032A06D810229143D960D9681B
:103A70000A43DA60EBE7012220388240F5E75F284D
:103A8000E5D842238022181A413B8340D205516A6F
:103A900099435162516A0B435362D8E710B5040051
:103AA000012813D1A022184992050B685B015B091C
:103AB00013430B60154B164A19681140154A0A4307
:103AC0001A60402219680A431A6010BD0028FCD110
:103AD00001000A2000F0B0F921000B2000F0ACF941
:103AE000C0220A4B920019680A4340211A601A68E2
:103AF0008A431A60B022044912060B685B015B0915
:103B000013430B60E1E7C04614F000401CF0004096
:103B10007F00FEFF80FD010072B6074A1368013383
:103B200013600422054B1A600023054A13608022AB
:103B3000D2055360FEE7C0467808FF1FC0F0004082
:103B4000C4F0004005490B68002B05D1044A0A6007
:103B500004490A60044A13607047C046140AFF1FF4
:103B6000841E0000380AFF1FC4F000400023034AEF
:103B70001360034A1360034A1360704754F0004017
:103B800040F1004044F1004002B471464908490048
:103B9000095649008E4402BC7047C04602B47146C3
:103BA00049084900095C49008E4402BC7047C04680
:103BB00003B47146490840004900095A49008E443F
:103BC00003BC70470000000001B40248844601BCF9
:103BD000604700BF6911010001B40248844601BC7E
:103BE000604700BF85C1000001B40248844601BCA3
:103BF000604700BF8944000001B40248844601BC0C
:103C0000604700BF3D71010001B40248844601BC19
:103C1000604700BF75A9000001B40248844601BC9A
:103C2000604700BF8914010001B40248844601BC0A
:103C3000604700BF21A9000001B40248844601BCCE
:103C4000604700BF0934010001B40248844601BC4A
:103C5000604700BFADAE000001B40248844601BC1D
:103C6000604700BFF935010001B40248844601BC39
:103C7000604700BF090E000001B40248844601BC41
:103C8000604700BF8937010001B40248844601BC87
:103C9000604700BFC1F7000001B40248844601BC80
:103CA000604700BFA9D8000001B40248844601BCA7
:103CB000604700BF9D6A000001B40248844601BC11
:103CC000604700BF6D0B010001B40248844601BC8F
:103CD000604700BF71B0000001B40248844601BCD7
:103CE000604700BF2D6C010001B40248844601BC4E
:103CF000604700BF75F8000001B40248844601BC6B
:103D0000604700BFC1A5000001B40248844601BC61
:103D1000604700BFDD0C010001B40248844601BCCD
:103D2000604700BF496D010001B40248844601BCF0
:103D3000604700BF5DC3001101B40248844601BC66
:103D4000604700BF0534010001B40248844601BC4D
:103D5000604700BFF535010001B40248844601BC4C
:103D6000604700BFE9F6000001B40248844601BC88
:103D7000604700BFBD0B010001B40248844601BC8E
:103D8000604700BF0189000001B40248844601BCBD
:103D9000604700BFE512010001B40248844601BC3F
:103DA000604700BFDD3F000001B40248844601BC0B
:103DB000604700BFC56D010001B40248844601BCE4
:103DC000604700BFC115010001B40248844601BC30
:103DD000604700BFC9A9000001B40248844601BC85
:103DE000604700BFCD4C010001B40248844601BCCD
:103DF000604700BFED68010001B40248844601BC81
:103E0000604700BFE917010001B40248844601BCC5
:103E1000604700BFE94C010001B40248844601BC80
:103E2000604700BF4DF9000001B40248844601BC60
:103E3000604700BF8D11010001B40248844601BCF7
:103E4000604700BF51AD001101B40248844601BC77
:103E5000604700BF51B8000001B40248844601BC6D
:103E6000604700BF156B010001B40248844601BCE5
:103E7000604700BFF90D010001B40248844601BC4F
:103E8000604700BF7997000001B40248844601BC36
:103E9000604700BFED6B010001B40248844601BCDD
:103EA000604700BF090E000001B40248844601BC0F
:103EB000604700BF53B9000001B40248844601BC0A
:103EC000604700BFE927000001B40248844601BCF6
:103ED000604700BFCD0C010001B40248844601BC1C
:103EE000604700BF19FA000001B40248844601BCD3
:103EF000604700BFD1AE000001B40248844601BC57
:103F0000604700BFB70E000001B40248844601BC00
:103F1000604700BF2144000001B40248844601BC50
:103F2000604700BF6DF6000001B40248844601BC42
:103F3000604700BFD544010001B40248844601BC7B
:103F4000604700BF8512010001B40248844601BCED
:103F5000604700BFEDA5000001B40248844601BCE3
:103F6000604700BF01D7000001B40248844601BC8D
:103F7000604700BF016C010001B40248844601BCE7
:103F8000604700BF9DA9000001B40248844601BCFF
:103F9000604700BF0167010001B40248844601BCCC
:103FA000604700BFC95C010001B40248844601BCFF
:103FB000604700BFB352010001B40248844601BC0F
:103FC000604700BFE90B010001B40248844601BC10
:103FD000604700BFF9ED000001B40248844601BC0F
:103FE000604700BF6137010001B40248844601BC4C
:103FF000604700BFD9B0000001B40248844601BC4C
:10400000604700BF810E000001B40248844601BC35
:10401000604700BF8552010001B40248844601BCDC
:10402000604700BFE9D4000001B40248844601BCE7
:10403000604700BF116E000001B40248844601BC15
:10404000604700BF9573010001B40248844601BC7B
:10405000604700BF0D52010001B40248844601BC14
:10406000604700BF7912010001B40248844601BCD8
:10407000604700BFC166010001B40248844601BC2C
:10408000604700BF0134010001B40248844601BC0E
:10409000604700BF8B52010001B40248844601BC56
:1040A000604700BFDD0A010001B40248844601BC3C
:1040B000604700BFBD5C010001B40248844601BCFA
:1040C000604700BF5976010001B40248844601BC34
:0840D000604700BF8D82000073
:1040D800020000003ACC00110100000040CA0011A3
:1040E8000200000036CC0011010000001841FF1F3B
:1040F8000200000048CA0011010000002862FF1FEA
:104108000200000034CC0011030000009C61FF1F76
:1041180012000000020000003ACC0011010000006B
:1041280088CA00110200000036CC0011010000000E
:1041380085CA00110200000092CA001103000000A5
:10414800D761FF1F0200000034CC001103000000FB
:10415800EC61FF1F0200000036CC001101000000D6
:1041680084CA00110200000090CA00110300000078
:10417800AD61FF1F0200000034CC001103000000F5
:10418800CE61FF1F020000003ACC001101000000C0
:10419800E8CA00110200000036CC0011010000003E
:1041A8006142FF1F02000000FACA0011010000006E
:1041B800DDCA00110200000036CC00110100000029
:1041C8006042FF1F02000000F8CA00110100000051
:1041D800F461FF1F0200000036CC0011010000004E
:1041E8005F42FF1F02000000F6CA00110100000034
:1041F800B9CA00110200000036CC0011010000000D
:104208005E42FF1F02000000F4CA00110100000016
:10421800B4CA00110200000036CC001101000000F1
:104228005D42FF1F02000000F2CA001101000000F9
:10423800ACCA00110200000036CC001101000000D9
:104248005C42FF1F02000000F0CA001101000000DC
:10425800A4CA0011020202020202000000000000CB
:1042680016150000E5580011E158001148CB00115F
:1042780090011D0018001800FFFF07010203040544
:104288000602010600000000000000000000000017
:104298000000000000000000000000000000000016
:1042A80003000000020000003ACC001101000000E9
:1042B80068CB00110200000036CC0011010000009C
:1042C8001C43FF1F0200000072CB00110100000018
:1042D8002262FF1F0200000034CC0011030000001E
:1042E8008465FF1F0200000036CC001101000000A9
:1042F8001C43FF1F0200000070CB001101000000EA
:104308002462FF1F0200000034CC001103000000EB
:104318007C65FF1F12000000000100000000011171
:10432800FFFF000050485936000000000000000060
:104338000B000500F0000000B40000280028002849
:104348003075A000A000A000A00000080008E0014F
:10435800F0001000100010001000100010005000B5
:104368005000500010001000D007000000000000AE
:104378000F0001000500307507001000010081FFE3
:1043880000000000FF000000257F00112D7D0011B6
:10439800BD7A0011FFFF0100FF0000005DA90011B8
:1043A800CDA60011E5A500110000000000000000E6
:1043B80000000800040000003B0001085902E00169
:1043C80088212800FF000000020000003ACC0011FC
:1043D8000100000000CD00110200000036CC0011E1
:1043E800010000004D44FF1F0200000032CC001104
:1043F800010000004869FF1F0200000036CC0011D0
:10440800010000004C44FF1F0200000030CC0011E6
:10441800010000004A44FF1F0200000036CC0011D2
:10442800010000004844FF1F020000002ECC0011CC
:10443800010000004044FF1F180018001D009001F3
:104448000200000302020000020000003ACC001142
:104458000100000014CD00110200000036CC00114C
:10446800010000009044FF1F020000002CCC001146
:1044780000000000000000000200000034CC001121
:0A448800030000006869FF1F20FF19
:040000051FFF184180
:00000001FF
